relative_path,absolute_path,class,split,member3_subcategory,member3_label,member3_status
Organic/coffee_tea_bags/VOTHxV2Bgg.jpg,/content/drive/MyDrive/Waste_Classification_FINAL/data/processed/stage4_standardized/Organic/coffee_tea_bags/VOTHxV2Bgg.png,Organic,train,coffee_tea_bags,2,VALID
Hazardous/e-waste/nergy-saving-bulbs-tube-spent-incandescent-halogen-cfi-fluorescent-174891297 - Copy.jpg,/content/drive/MyDrive/Waste_Classification_FINAL/data/processed/stage4_standardized/Hazardous/e-waste/nergy-saving-bulbs-tube-spent-incandescent-halogen-cfi-fluorescent-174891297 - Copy.png,Hazardous,train,e-waste,0,VALID
Hazardous/e-waste/rk-background-the-concept-of-recycling-and-disposal-of-electronic-2188810405 - Copy.jpg,/content/drive/MyDrive/Waste_Classification_FINAL/data/processed/stage4_standardized/Hazardous/e-waste/rk-background-the-concept-of-recycling-and-disposal-of-electronic-2188810405 - Copy.png,Hazardous,train,e-waste,0,VALID
Non-Recyclable/diapers/used-disposable-nappies-in-plastic-sacks-fill-a-household-waste-bin-B2EA0R.jpg,/content/drive/MyDrive/Waste_Classification_FINAL/data/processed/stage4_standardized/Non-Recyclable/diapers/used-disposable-nappies-in-plastic-sacks-fill-a-household-waste-bin-B2EA0R.png,Non-Recyclable,train,diapers,1,VALID
Hazardous/pesticides/007655891_1-545b05bd3c57e9fd46f3f49e371a5673-768x994.jpg,/content/drive/MyDrive/Waste_Classification_FINAL/data/processed/stage4_standardized/Hazardous/pesticides/007655891_1-545b05bd3c57e9fd46f3f49e371a5673-768x994.png,Hazardous,train,pesticides,0,VALID
Recyclable/plastic_bottles/Polyethylene-Terephthalate-Water-Bottles.jpg,/content/drive/MyDrive/Waste_Classification_FINAL/data/processed/stage4_standardized/Recyclable/plastic_bottles/Polyethylene-Terephthalate-Water-Bottles.png,Recyclable,train,plastic_bottles,3,VALID
Hazardous/paints/20141208-02b_tcm100-1373849.jpg,/content/drive/MyDrive/Waste_Classification_FINAL/data/processed/stage4_standardized/Hazardous/paints/20141208-02b_tcm100-1373849.png,Hazardous,train,paints,0,VALID
Hazardous/pesticides/miscellaneous-pesticides-stored-in-old-garden-shed-E672N4.jpg,/content/drive/MyDrive/Waste_Classification_FINAL/data/processed/stage4_standardized/Hazardous/pesticides/miscellaneous-pesticides-stored-in-old-garden-shed-E672N4.png,Hazardous,train,pesticides,0,VALID
Recyclable/plastic_bottles/water-bottle-reuse-feat.jpg,/content/drive/MyDrive/Waste_Classification_FINAL/data/processed/stage4_standardized/Recyclable/plastic_bottles/water-bottle-reuse-feat.png,Recyclable,train,plastic_bottles,3,VALID
Organic/coffee_tea_bags/6_e1bf33f9-cb52-45ad-a2e4-8ff8b2f6dd6d_1800x.jpg,/content/drive/MyDrive/Waste_Classification_FINAL/data/processed/stage4_standardized/Organic/coffee_tea_bags/6_e1bf33f9-cb52-45ad-a2e4-8ff8b2f6dd6d_1800x.png,Organic,train,coffee_tea_bags,2,VALID
Recyclable/glass_containers/-home-decor-lights-garden-planters-edging-organizing-DIY-apieceofrainbow-320.jpg,/content/drive/MyDrive/Waste_Classification_FINAL/data/processed/stage4_standardized/Recyclable/glass_containers/-home-decor-lights-garden-planters-edging-organizing-DIY-apieceofrainbow-320.png,Recyclable,train,glass_containers,3,VALID
Recyclable/paper_products/0688695001594027525-kraft-paper-scrap-o.jpeg.jpg,/content/drive/MyDrive/Waste_Classification_FINAL/data/processed/stage4_standardized/Recyclable/paper_products/0688695001594027525-kraft-paper-scrap-o.jpeg.png,Recyclable,train,paper_products,3,VALID
Non-Recyclable/diapers/-baby-nappies-diapers-waste-dirty-diapers-trash-bag-disposing-used-239559297.jpg,/content/drive/MyDrive/Waste_Classification_FINAL/data/processed/stage4_standardized/Non-Recyclable/diapers/-baby-nappies-diapers-waste-dirty-diapers-trash-bag-disposing-used-239559297.png,Non-Recyclable,train,diapers,1,VALID
Non-Recyclable/diapers/Screen-Shot-2017-09-18-at-14.12.32.jpg,/content/drive/MyDrive/Waste_Classification_FINAL/data/processed/stage4_standardized/Non-Recyclable/diapers/Screen-Shot-2017-09-18-at-14.12.32.png,Non-Recyclable,train,diapers,1,VALID
Recyclable/glass_containers/1.jpg,/content/drive/MyDrive/Waste_Classification_FINAL/data/processed/stage4_standardized/Recyclable/glass_containers/1.png,Recyclable,train,glass_containers,3,VALID
Recyclable/cans_all_type/preston-england-close-up-on-crushed-food-cans-drinks-cans-and-sweets-EY997A.jpg,/content/drive/MyDrive/Waste_Classification_FINAL/data/processed/stage4_standardized/Recyclable/cans_all_type/preston-england-close-up-on-crushed-food-cans-drinks-cans-and-sweets-EY997A.png,Recyclable,train,cans_all_type,3,VALID
Organic/coffee_tea_bags/green-bin-coffee-tea-bags-1500x1917px.jpg,/content/drive/MyDrive/Waste_Classification_FINAL/data/processed/stage4_standardized/Organic/coffee_tea_bags/green-bin-coffee-tea-bags-1500x1917px.png,Organic,train,coffee_tea_bags,2,VALID
Organic/egg_shells/egg-shells2.jpg,/content/drive/MyDrive/Waste_Classification_FINAL/data/processed/stage4_standardized/Organic/egg_shells/egg-shells2.png,Organic,train,egg_shells,2,VALID
Organic/food_scraps/file-20230601-15-v2l0pv.jpg,/content/drive/MyDrive/Waste_Classification_FINAL/data/processed/stage4_standardized/Organic/food_scraps/file-20230601-15-v2l0pv.png,Organic,train,food_scraps,2,VALID
Organic/food_scraps/Food_Scraps_and_Yard_Debris_Collection_in_Portland_2010_by_Tim_Jewett.JPG.jpg,/content/drive/MyDrive/Waste_Classification_FINAL/data/processed/stage4_standardized/Organic/food_scraps/Food_Scraps_and_Yard_Debris_Collection_in_Portland_2010_by_Tim_Jewett.JPG.png,Organic,train,food_scraps,2,VALID
Hazardous/e-waste/HHW_Bulbs-updated - Copy.jpg,/content/drive/MyDrive/Waste_Classification_FINAL/data/processed/stage4_standardized/Hazardous/e-waste/HHW_Bulbs-updated - Copy.png,Hazardous,train,e-waste,0,VALID
Recyclable/paper_products/open-box-newspaper-and-cup-inside-BFGY45.jpg,/content/drive/MyDrive/Waste_Classification_FINAL/data/processed/stage4_standardized/Recyclable/paper_products/open-box-newspaper-and-cup-inside-BFGY45.png,Recyclable,train,paper_products,3,VALID
Recyclable/cans_all_type/beverage-can-architecture.jpg,/content/drive/MyDrive/Waste_Classification_FINAL/data/processed/stage4_standardized/Recyclable/cans_all_type/beverage-can-architecture.png,Recyclable,train,cans_all_type,3,VALID
Hazardous/batteries/Li-Batteries-for-Disposal-or-Recycling-1024x575.jpg,/content/drive/MyDrive/Waste_Classification_FINAL/data/processed/stage4_standardized/Hazardous/batteries/Li-Batteries-for-Disposal-or-Recycling-1024x575.png,Hazardous,train,batteries,0,VALID
Hazardous/paints/hazardous-waste-l.jpg,/content/drive/MyDrive/Waste_Classification_FINAL/data/processed/stage4_standardized/Hazardous/paints/hazardous-waste-l.png,Hazardous,train,paints,0,VALID
Non-Recyclable/diapers/4-Figure5-1.jpg,/content/drive/MyDrive/Waste_Classification_FINAL/data/processed/stage4_standardized/Non-Recyclable/diapers/4-Figure5-1.png,Non-Recyclable,train,diapers,1,VALID
Hazardous/paints/How-Water-based-paints-is-better-when-wompared-with-solvent-based-paints-1024x640.jpg,/content/drive/MyDrive/Waste_Classification_FINAL/data/processed/stage4_standardized/Hazardous/paints/How-Water-based-paints-is-better-when-wompared-with-solvent-based-paints-1024x640.png,Hazardous,train,paints,0,VALID
Recyclable/cans_all_type/assorted-cans-campbell-s-brand-soup-shopping-cart-assorted-cans-campbell-s-brand-soup-151033750.jpg,/content/drive/MyDrive/Waste_Classification_FINAL/data/processed/stage4_standardized/Recyclable/cans_all_type/assorted-cans-campbell-s-brand-soup-shopping-cart-assorted-cans-campbell-s-brand-soup-151033750.png,Recyclable,train,cans_all_type,3,VALID
Recyclable/cans_all_type/recycle-aluminum-metal-crushed-can-waste-background_293060-6927.jpg,/content/drive/MyDrive/Waste_Classification_FINAL/data/processed/stage4_standardized/Recyclable/cans_all_type/recycle-aluminum-metal-crushed-can-waste-background_293060-6927.png,Recyclable,train,cans_all_type,3,VALID
Organic/yard_trimmings/Carson-City-Green-Waste-Composting-Yes-and-No-Materials.jpg,/content/drive/MyDrive/Waste_Classification_FINAL/data/processed/stage4_standardized/Organic/yard_trimmings/Carson-City-Green-Waste-Composting-Yes-and-No-Materials.png,Organic,train,yard_trimmings,2,VALID
Non-Recyclable/plastics_bags_wrappers/8a52d84c-90d4-11ec-b3a6-dc86e7882d0e_1645208753032.jpg,/content/drive/MyDrive/Waste_Classification_FINAL/data/processed/stage4_standardized/Non-Recyclable/plastics_bags_wrappers/8a52d84c-90d4-11ec-b3a6-dc86e7882d0e_1645208753032.png,Non-Recyclable,train,plastics_bags_wrappers,1,AUTO_CORRECTED
Organic/food_scraps/shutterstock_344303585.jpg,/content/drive/MyDrive/Waste_Classification_FINAL/data/processed/stage4_standardized/Organic/food_scraps/shutterstock_344303585.png,Organic,train,food_scraps,2,VALID
Recyclable/cans_all_type/CAN-BODY-03-longfit.jpg,/content/drive/MyDrive/Waste_Classification_FINAL/data/processed/stage4_standardized/Recyclable/cans_all_type/CAN-BODY-03-longfit.png,Recyclable,train,cans_all_type,3,VALID
Non-Recyclable/plastics_bags_wrappers/2j44bec.jpg,/content/drive/MyDrive/Waste_Classification_FINAL/data/processed/stage4_standardized/Non-Recyclable/plastics_bags_wrappers/2j44bec.png,Non-Recyclable,train,plastics_bags_wrappers,1,AUTO_CORRECTED
Hazardous/paints/ppe42a14c4_06.jpg,/content/drive/MyDrive/Waste_Classification_FINAL/data/processed/stage4_standardized/Hazardous/paints/ppe42a14c4_06.png,Hazardous,train,paints,0,VALID
Non-Recyclable/styrofoam_product/foam-plastic-no6.jpg,/content/drive/MyDrive/Waste_Classification_FINAL/data/processed/stage4_standardized/Non-Recyclable/styrofoam_product/foam-plastic-no6.png,Non-Recyclable,train,styrofoam_product,1,AUTO_CORRECTED
Non-Recyclable/sanitary_napkin/always-feminine-hygiene-products-on-a-store-shelf-2AB64XC.jpg,/content/drive/MyDrive/Waste_Classification_FINAL/data/processed/stage4_standardized/Non-Recyclable/sanitary_napkin/always-feminine-hygiene-products-on-a-store-shelf-2AB64XC.png,Non-Recyclable,train,sanitary_napkin,1,VALID
Non-Recyclable/styrofoam_product/recycling-05-00030-g001.jpg,/content/drive/MyDrive/Waste_Classification_FINAL/data/processed/stage4_standardized/Non-Recyclable/styrofoam_product/recycling-05-00030-g001.png,Non-Recyclable,train,styrofoam_product,1,AUTO_CORRECTED
Recyclable/paper_products/bigstock-Recyclable-Materials-A-Select-364185454-1-825x510.jpg,/content/drive/MyDrive/Waste_Classification_FINAL/data/processed/stage4_standardized/Recyclable/paper_products/bigstock-Recyclable-Materials-A-Select-364185454-1-825x510.png,Recyclable,train,paper_products,3,VALID
Recyclable/glass_containers/Bottle-9.jpg,/content/drive/MyDrive/Waste_Classification_FINAL/data/processed/stage4_standardized/Recyclable/glass_containers/Bottle-9.png,Recyclable,train,glass_containers,3,VALID
Non-Recyclable/plastics_bags_wrappers/img_20190310_161026544.jpg,/content/drive/MyDrive/Waste_Classification_FINAL/data/processed/stage4_standardized/Non-Recyclable/plastics_bags_wrappers/img_20190310_161026544.png,Non-Recyclable,train,plastics_bags_wrappers,1,AUTO_CORRECTED
Recyclable/cans_all_type/aluminum-alloy-soft-drink-cans-tin-cans-collected-for-recycling-at-DC9YBC.jpg,/content/drive/MyDrive/Waste_Classification_FINAL/data/processed/stage4_standardized/Recyclable/cans_all_type/aluminum-alloy-soft-drink-cans-tin-cans-collected-for-recycling-at-DC9YBC.png,Recyclable,train,cans_all_type,3,VALID
Hazardous/pesticides/Pesticides-Pros-Cons-2.jpg,/content/drive/MyDrive/Waste_Classification_FINAL/data/processed/stage4_standardized/Hazardous/pesticides/Pesticides-Pros-Cons-2.png,Hazardous,train,pesticides,0,VALID
Hazardous/paints/5350017_image_10_46.jpg,/content/drive/MyDrive/Waste_Classification_FINAL/data/processed/stage4_standardized/Hazardous/paints/5350017_image_10_46.png,Hazardous,train,paints,0,VALID
Hazardous/e-waste/Avv5bVd22NhcKDUGMWzvNW - Copy.jpg,/content/drive/MyDrive/Waste_Classification_FINAL/data/processed/stage4_standardized/Hazardous/e-waste/Avv5bVd22NhcKDUGMWzvNW - Copy.png,Hazardous,train,e-waste,0,VALID
Organic/kitchen_waste/Plant-based-nuggets-1024x536.jpg,/content/drive/MyDrive/Waste_Classification_FINAL/data/processed/stage4_standardized/Organic/kitchen_waste/Plant-based-nuggets-1024x536.png,Organic,train,kitchen_waste,2,VALID
Hazardous/pesticides/gardener-sprays-pesticides-or-insecticides-vector-36700021.jpg,/content/drive/MyDrive/Waste_Classification_FINAL/data/processed/stage4_standardized/Hazardous/pesticides/gardener-sprays-pesticides-or-insecticides-vector-36700021.png,Hazardous,train,pesticides,0,VALID
Non-Recyclable/plastics_bags_wrappers/20200914_140554.jpg,/content/drive/MyDrive/Waste_Classification_FINAL/data/processed/stage4_standardized/Non-Recyclable/plastics_bags_wrappers/20200914_140554.png,Non-Recyclable,train,plastics_bags_wrappers,1,AUTO_CORRECTED
Non-Recyclable/plastics_bags_wrappers/375141096_0-5_1628854090260_1660036502201_1660036502201.jpg,/content/drive/MyDrive/Waste_Classification_FINAL/data/processed/stage4_standardized/Non-Recyclable/plastics_bags_wrappers/375141096_0-5_1628854090260_1660036502201_1660036502201.png,Non-Recyclable,train,plastics_bags_wrappers,1,AUTO_CORRECTED
Recyclable/plastic_bottles/Reusable-Bottles-scaled.jpg,/content/drive/MyDrive/Waste_Classification_FINAL/data/processed/stage4_standardized/Recyclable/plastic_bottles/Reusable-Bottles-scaled.png,Recyclable,train,plastic_bottles,3,VALID
Hazardous/e-waste/ling-electronic-waste-electronics-hazardous-waste-recycle-computer-recycling - Copy.jpg,/content/drive/MyDrive/Waste_Classification_FINAL/data/processed/stage4_standardized/Hazardous/e-waste/ling-electronic-waste-electronics-hazardous-waste-recycle-computer-recycling - Copy.png,Hazardous,train,e-waste,0,VALID
Hazardous/e-waste/Five-Reasons-Why-E-Waste-Recycling-is-Important-1-1024x517 - Copy.jpg,/content/drive/MyDrive/Waste_Classification_FINAL/data/processed/stage4_standardized/Hazardous/e-waste/Five-Reasons-Why-E-Waste-Recycling-is-Important-1-1024x517 - Copy.png,Hazardous,train,e-waste,0,VALID
Non-Recyclable/styrofoam_product/stock-photo-different-types-of-food-box-made-of-foam-paper-plastic-564220360.jpg,/content/drive/MyDrive/Waste_Classification_FINAL/data/processed/stage4_standardized/Non-Recyclable/styrofoam_product/stock-photo-different-types-of-food-box-made-of-foam-paper-plastic-564220360.png,Non-Recyclable,train,styrofoam_product,1,AUTO_CORRECTED
Organic/coffee_tea_bags/5_327d531b-bc9d-43a7-b3b9-2db3c568ae2a_480x480.jpg,/content/drive/MyDrive/Waste_Classification_FINAL/data/processed/stage4_standardized/Organic/coffee_tea_bags/5_327d531b-bc9d-43a7-b3b9-2db3c568ae2a_480x480.png,Organic,train,coffee_tea_bags,2,VALID
Organic/yard_trimmings/woman-operating-heavy-duty-leaf-blower-copy.jpg,/content/drive/MyDrive/Waste_Classification_FINAL/data/processed/stage4_standardized/Organic/yard_trimmings/woman-operating-heavy-duty-leaf-blower-copy.png,Organic,train,yard_trimmings,2,VALID
Organic/coffee_tea_bags/WildlandCoffee-2.jpg,/content/drive/MyDrive/Waste_Classification_FINAL/data/processed/stage4_standardized/Organic/coffee_tea_bags/WildlandCoffee-2.png,Organic,train,coffee_tea_bags,2,VALID
Non-Recyclable/styrofoam_product/Foam20Clam20Shell.jpg,/content/drive/MyDrive/Waste_Classification_FINAL/data/processed/stage4_standardized/Non-Recyclable/styrofoam_product/Foam20Clam20Shell.png,Non-Recyclable,train,styrofoam_product,1,AUTO_CORRECTED
Non-Recyclable/plastics_bags_wrappers/71fY4tE5kxL.jpg,/content/drive/MyDrive/Waste_Classification_FINAL/data/processed/stage4_standardized/Non-Recyclable/plastics_bags_wrappers/71fY4tE5kxL.png,Non-Recyclable,train,plastics_bags_wrappers,1,AUTO_CORRECTED
Non-Recyclable/plastics_bags_wrappers/polythene-bags-1558085838-4911553.jpg,/content/drive/MyDrive/Waste_Classification_FINAL/data/processed/stage4_standardized/Non-Recyclable/plastics_bags_wrappers/polythene-bags-1558085838-4911553.png,Non-Recyclable,train,plastics_bags_wrappers,1,AUTO_CORRECTED
Hazardous/batteries/poweron-longlife-power-9v-mrp-265.jpg,/content/drive/MyDrive/Waste_Classification_FINAL/data/processed/stage4_standardized/Hazardous/batteries/poweron-longlife-power-9v-mrp-265.png,Hazardous,train,batteries,0,VALID
Organic/egg_shells/Eggshells-Lying-on-the-Ground.jpg,/content/drive/MyDrive/Waste_Classification_FINAL/data/processed/stage4_standardized/Organic/egg_shells/Eggshells-Lying-on-the-Ground.png,Organic,train,egg_shells,2,VALID
Non-Recyclable/styrofoam_product/food-packaging-tip-sheet.jpg,/content/drive/MyDrive/Waste_Classification_FINAL/data/processed/stage4_standardized/Non-Recyclable/styrofoam_product/food-packaging-tip-sheet.png,Non-Recyclable,train,styrofoam_product,1,AUTO_CORRECTED
Organic/food_scraps/iStock-172481514.jpg,/content/drive/MyDrive/Waste_Classification_FINAL/data/processed/stage4_standardized/Organic/food_scraps/iStock-172481514.png,Organic,train,food_scraps,2,VALID
Recyclable/cans_all_type/_66324968_heinz2_comp_624.jpg,/content/drive/MyDrive/Waste_Classification_FINAL/data/processed/stage4_standardized/Recyclable/cans_all_type/_66324968_heinz2_comp_624.png,Recyclable,train,cans_all_type,3,VALID
Organic/kitchen_waste/composting-kitchen-waste.jpg,/content/drive/MyDrive/Waste_Classification_FINAL/data/processed/stage4_standardized/Organic/kitchen_waste/composting-kitchen-waste.png,Organic,train,kitchen_waste,2,VALID
Non-Recyclable/ceramic_product/glass-for-recycling.jpg,/content/drive/MyDrive/Waste_Classification_FINAL/data/processed/stage4_standardized/Non-Recyclable/ceramic_product/glass-for-recycling.png,Non-Recyclable,train,ceramic_product,1,VALID
Recyclable/cans_all_type/beer-can-scrap.jpg,/content/drive/MyDrive/Waste_Classification_FINAL/data/processed/stage4_standardized/Recyclable/cans_all_type/beer-can-scrap.png,Recyclable,train,cans_all_type,3,VALID
Non-Recyclable/sanitary_napkin/pngtree-pink-cartoon-feminine-hygiene-products-elements-png-image_2362850.jpg,/content/drive/MyDrive/Waste_Classification_FINAL/data/processed/stage4_standardized/Non-Recyclable/sanitary_napkin/pngtree-pink-cartoon-feminine-hygiene-products-elements-png-image_2362850.png,Non-Recyclable,train,sanitary_napkin,1,VALID
Hazardous/pesticides/bioengineering-08-00092-g001.jpg,/content/drive/MyDrive/Waste_Classification_FINAL/data/processed/stage4_standardized/Hazardous/pesticides/bioengineering-08-00092-g001.png,Hazardous,train,pesticides,0,VALID
Non-Recyclable/ceramic_product/recycling-glass.jpg,/content/drive/MyDrive/Waste_Classification_FINAL/data/processed/stage4_standardized/Non-Recyclable/ceramic_product/recycling-glass.png,Non-Recyclable,train,ceramic_product,1,VALID
Organic/egg_shells/il_300x300.4958894282_bt9k.jpg,/content/drive/MyDrive/Waste_Classification_FINAL/data/processed/stage4_standardized/Organic/egg_shells/il_300x300.4958894282_bt9k.png,Organic,train,egg_shells,2,VALID
Recyclable/cans_all_type/soup-can-drawing-1.jpg,/content/drive/MyDrive/Waste_Classification_FINAL/data/processed/stage4_standardized/Recyclable/cans_all_type/soup-can-drawing-1.png,Recyclable,train,cans_all_type,3,VALID
Non-Recyclable/plastics_bags_wrappers/reusablekitchen-2x1-4259.jpg,/content/drive/MyDrive/Waste_Classification_FINAL/data/processed/stage4_standardized/Non-Recyclable/plastics_bags_wrappers/reusablekitchen-2x1-4259.png,Non-Recyclable,train,plastics_bags_wrappers,1,AUTO_CORRECTED
Recyclable/cans_all_type/used-food-cans-at-recycling-center-germany-europe-S1TE9M.jpg,/content/drive/MyDrive/Waste_Classification_FINAL/data/processed/stage4_standardized/Recyclable/cans_all_type/used-food-cans-at-recycling-center-germany-europe-S1TE9M.png,Recyclable,train,cans_all_type,3,VALID
Hazardous/e-waste/fluorescent-lightbulb-abstract-15600002 - Copy.jpg,/content/drive/MyDrive/Waste_Classification_FINAL/data/processed/stage4_standardized/Hazardous/e-waste/fluorescent-lightbulb-abstract-15600002 - Copy.png,Hazardous,train,e-waste,0,VALID
Non-Recyclable/plastics_bags_wrappers/stic-garbage-bag-collection-streets-city-seasonal-cleaning-service-217606056.jpg,/content/drive/MyDrive/Waste_Classification_FINAL/data/processed/stage4_standardized/Non-Recyclable/plastics_bags_wrappers/stic-garbage-bag-collection-streets-city-seasonal-cleaning-service-217606056.png,Non-Recyclable,train,plastics_bags_wrappers,1,AUTO_CORRECTED
Organic/yard_trimmings/ypark_002.jpg,/content/drive/MyDrive/Waste_Classification_FINAL/data/processed/stage4_standardized/Organic/yard_trimmings/ypark_002.png,Organic,train,yard_trimmings,2,VALID
Hazardous/pesticides/What-Are-Pesticides-8-Types-of-Pesticides-Used-in-Agriculture.jpg,/content/drive/MyDrive/Waste_Classification_FINAL/data/processed/stage4_standardized/Hazardous/pesticides/What-Are-Pesticides-8-Types-of-Pesticides-Used-in-Agriculture.png,Hazardous,train,pesticides,0,VALID
Recyclable/glass_containers/for-zero-waste-shopping-and-storage-on-grey-background-no-plastic-1388959436.jpg,/content/drive/MyDrive/Waste_Classification_FINAL/data/processed/stage4_standardized/Recyclable/glass_containers/for-zero-waste-shopping-and-storage-on-grey-background-no-plastic-1388959436.png,Recyclable,train,glass_containers,3,VALID
Non-Recyclable/diapers/1.jpg,/content/drive/MyDrive/Waste_Classification_FINAL/data/processed/stage4_standardized/Non-Recyclable/diapers/1.png,Non-Recyclable,train,diapers,1,VALID
Hazardous/batteries/battery_recycling.jpg,/content/drive/MyDrive/Waste_Classification_FINAL/data/processed/stage4_standardized/Hazardous/batteries/battery_recycling.png,Hazardous,train,batteries,0,VALID
Recyclable/cans_all_type/ith-water-drops-metallic-cans-for-beer-soda-lemonade-juice-energy-1271352472.jpg,/content/drive/MyDrive/Waste_Classification_FINAL/data/processed/stage4_standardized/Recyclable/cans_all_type/ith-water-drops-metallic-cans-for-beer-soda-lemonade-juice-energy-1271352472.png,Recyclable,train,cans_all_type,3,VALID
Hazardous/batteries/ef1c02489_0011.jpg,/content/drive/MyDrive/Waste_Classification_FINAL/data/processed/stage4_standardized/Hazardous/batteries/ef1c02489_0011.png,Hazardous,train,batteries,0,VALID
Recyclable/glass_containers/clean-glass-jars-for-reuse-or-recycling-HJBJ76.jpg,/content/drive/MyDrive/Waste_Classification_FINAL/data/processed/stage4_standardized/Recyclable/glass_containers/clean-glass-jars-for-reuse-or-recycling-HJBJ76.png,Recyclable,train,glass_containers,3,VALID
Non-Recyclable/diapers/Screen_Shot_2023-01-26_at_5.07.55_PM_480x480.jpg,/content/drive/MyDrive/Waste_Classification_FINAL/data/processed/stage4_standardized/Non-Recyclable/diapers/Screen_Shot_2023-01-26_at_5.07.55_PM_480x480.png,Non-Recyclable,train,diapers,1,VALID
Organic/egg_shells/Used-coffee-grounds-and-eggshells_Juver_shutterstock.jpg,/content/drive/MyDrive/Waste_Classification_FINAL/data/processed/stage4_standardized/Organic/egg_shells/Used-coffee-grounds-and-eggshells_Juver_shutterstock.png,Organic,train,egg_shells,2,VALID
Hazardous/batteries/TypesofBatteries.jpg,/content/drive/MyDrive/Waste_Classification_FINAL/data/processed/stage4_standardized/Hazardous/batteries/TypesofBatteries.png,Hazardous,train,batteries,0,VALID
Hazardous/paints/PaintSolvents26Thinners.jpg,/content/drive/MyDrive/Waste_Classification_FINAL/data/processed/stage4_standardized/Hazardous/paints/PaintSolvents26Thinners.png,Hazardous,train,paints,0,VALID
Recyclable/cans_all_type/sjb-4359-451.jpg,/content/drive/MyDrive/Waste_Classification_FINAL/data/processed/stage4_standardized/Recyclable/cans_all_type/sjb-4359-451.png,Recyclable,train,cans_all_type,3,VALID
Organic/food_scraps/Food_Tank_Reduce_Food_Waste.jpg,/content/drive/MyDrive/Waste_Classification_FINAL/data/processed/stage4_standardized/Organic/food_scraps/Food_Tank_Reduce_Food_Waste.png,Organic,train,food_scraps,2,VALID
Hazardous/e-waste/Electronic-waste2-scaled - Copy.jpg,/content/drive/MyDrive/Waste_Classification_FINAL/data/processed/stage4_standardized/Hazardous/e-waste/Electronic-waste2-scaled - Copy.png,Hazardous,train,e-waste,0,VALID
Hazardous/pesticides/fa17b98d63c76d6ea77920e330f9d6cf.jpg,/content/drive/MyDrive/Waste_Classification_FINAL/data/processed/stage4_standardized/Hazardous/pesticides/fa17b98d63c76d6ea77920e330f9d6cf.png,Hazardous,train,pesticides,0,VALID
Non-Recyclable/styrofoam_product/foam-alternative-packaging.jpg,/content/drive/MyDrive/Waste_Classification_FINAL/data/processed/stage4_standardized/Non-Recyclable/styrofoam_product/foam-alternative-packaging.png,Non-Recyclable,train,styrofoam_product,1,AUTO_CORRECTED
Hazardous/paints/yellowPaint2.jpg,/content/drive/MyDrive/Waste_Classification_FINAL/data/processed/stage4_standardized/Hazardous/paints/yellowPaint2.png,Hazardous,train,paints,0,VALID
Hazardous/paints/sia-paint-solvents-1.jpg,/content/drive/MyDrive/Waste_Classification_FINAL/data/processed/stage4_standardized/Hazardous/paints/sia-paint-solvents-1.png,Hazardous,train,paints,0,VALID
Hazardous/e-waste/e_waste_660_062019115620 - Copy.jpg,/content/drive/MyDrive/Waste_Classification_FINAL/data/processed/stage4_standardized/Hazardous/e-waste/e_waste_660_062019115620 - Copy.png,Hazardous,train,e-waste,0,VALID
Hazardous/paints/how-to-dispose-of-aerosol-cans-safely-header.jpg,/content/drive/MyDrive/Waste_Classification_FINAL/data/processed/stage4_standardized/Hazardous/paints/how-to-dispose-of-aerosol-cans-safely-header.png,Hazardous,train,paints,0,VALID
Non-Recyclable/plastics_bags_wrappers/AdobeStock_79900829.jpg,/content/drive/MyDrive/Waste_Classification_FINAL/data/processed/stage4_standardized/Non-Recyclable/plastics_bags_wrappers/AdobeStock_79900829.png,Non-Recyclable,train,plastics_bags_wrappers,1,AUTO_CORRECTED
Organic/yard_trimmings/garden-clearance-3.jpg,/content/drive/MyDrive/Waste_Classification_FINAL/data/processed/stage4_standardized/Organic/yard_trimmings/garden-clearance-3.png,Organic,train,yard_trimmings,2,VALID
Organic/yard_trimmings/bag-of-leaves.jpg,/content/drive/MyDrive/Waste_Classification_FINAL/data/processed/stage4_standardized/Organic/yard_trimmings/bag-of-leaves.png,Organic,train,yard_trimmings,2,VALID
Non-Recyclable/plastics_bags_wrappers/Amita-Silvassa-Dec-2020_resize_87.jpg,/content/drive/MyDrive/Waste_Classification_FINAL/data/processed/stage4_standardized/Non-Recyclable/plastics_bags_wrappers/Amita-Silvassa-Dec-2020_resize_87.png,Non-Recyclable,train,plastics_bags_wrappers,1,AUTO_CORRECTED
Organic/coffee_tea_bags/Teabags20and20coffee20filter20with20ground20coffee.jpg,/content/drive/MyDrive/Waste_Classification_FINAL/data/processed/stage4_standardized/Organic/coffee_tea_bags/Teabags20and20coffee20filter20with20ground20coffee.png,Organic,train,coffee_tea_bags,2,VALID
Hazardous/e-waste/bulbs2 - Copy.jpg,/content/drive/MyDrive/Waste_Classification_FINAL/data/processed/stage4_standardized/Hazardous/e-waste/bulbs2 - Copy.png,Hazardous,train,e-waste,0,VALID
Non-Recyclable/diapers/c21ce9a01fc0343df63f2a52d3e8457b.jpg,/content/drive/MyDrive/Waste_Classification_FINAL/data/processed/stage4_standardized/Non-Recyclable/diapers/c21ce9a01fc0343df63f2a52d3e8457b.png,Non-Recyclable,train,diapers,1,VALID
Organic/yard_trimmings/garden-worker-trimming-trees-with-scissors-yard_732190-2450.jpg,/content/drive/MyDrive/Waste_Classification_FINAL/data/processed/stage4_standardized/Organic/yard_trimmings/garden-worker-trimming-trees-with-scissors-yard_732190-2450.png,Organic,train,yard_trimmings,2,VALID
Recyclable/cans_all_type/healthy-canned-soups-campbell-s-chunky-heart-healthy-clam-chowder.jpg,/content/drive/MyDrive/Waste_Classification_FINAL/data/processed/stage4_standardized/Recyclable/cans_all_type/healthy-canned-soups-campbell-s-chunky-heart-healthy-clam-chowder.png,Recyclable,train,cans_all_type,3,VALID
Recyclable/cans_all_type/Yes-I-Can-water-cans-1.jpg,/content/drive/MyDrive/Waste_Classification_FINAL/data/processed/stage4_standardized/Recyclable/cans_all_type/Yes-I-Can-water-cans-1.png,Recyclable,train,cans_all_type,3,VALID
Hazardous/pesticides/pesticides-148331_640.jpg,/content/drive/MyDrive/Waste_Classification_FINAL/data/processed/stage4_standardized/Hazardous/pesticides/pesticides-148331_640.png,Hazardous,train,pesticides,0,VALID
Organic/egg_shells/gettyimages-115783266.jpg,/content/drive/MyDrive/Waste_Classification_FINAL/data/processed/stage4_standardized/Organic/egg_shells/gettyimages-115783266.png,Organic,train,egg_shells,2,VALID
Hazardous/paints/Water-based-paints-1024x640.jpg,/content/drive/MyDrive/Waste_Classification_FINAL/data/processed/stage4_standardized/Hazardous/paints/Water-based-paints-1024x640.png,Hazardous,train,paints,0,VALID
Hazardous/e-waste/17175 - Copy.jpg,/content/drive/MyDrive/Waste_Classification_FINAL/data/processed/stage4_standardized/Hazardous/e-waste/17175 - Copy.png,Hazardous,train,e-waste,0,VALID
Organic/food_scraps/healthy-food-eating-groceries-1296x728-header-1.jpg,/content/drive/MyDrive/Waste_Classification_FINAL/data/processed/stage4_standardized/Organic/food_scraps/healthy-food-eating-groceries-1296x728-header-1.png,Organic,train,food_scraps,2,VALID
Hazardous/pesticides/pesticide-jugs-r.jpg,/content/drive/MyDrive/Waste_Classification_FINAL/data/processed/stage4_standardized/Hazardous/pesticides/pesticide-jugs-r.png,Hazardous,train,pesticides,0,VALID
Organic/coffee_tea_bags/Progetto-senza-titolo.jpg,/content/drive/MyDrive/Waste_Classification_FINAL/data/processed/stage4_standardized/Organic/coffee_tea_bags/Progetto-senza-titolo.png,Organic,train,coffee_tea_bags,2,VALID
Recyclable/cans_all_type/Blog_02.21.2017.jpg,/content/drive/MyDrive/Waste_Classification_FINAL/data/processed/stage4_standardized/Recyclable/cans_all_type/Blog_02.21.2017.png,Recyclable,train,cans_all_type,3,VALID
Non-Recyclable/sanitary_napkin/-waste-ecological-products-menstrual-cup-pads-tampons-menstruation-224096335.jpg,/content/drive/MyDrive/Waste_Classification_FINAL/data/processed/stage4_standardized/Non-Recyclable/sanitary_napkin/-waste-ecological-products-menstrual-cup-pads-tampons-menstruation-224096335.png,Non-Recyclable,train,sanitary_napkin,1,VALID
Recyclable/plastic_bottles/ft-grass-environmental-concept-bucharest-romania-coca-cola-plastic-185142975.jpg,/content/drive/MyDrive/Waste_Classification_FINAL/data/processed/stage4_standardized/Recyclable/plastic_bottles/ft-grass-environmental-concept-bucharest-romania-coca-cola-plastic-185142975.png,Recyclable,train,plastic_bottles,3,VALID
Recyclable/paper_products/Tech_English_LG_Grade8-term2_p124.jpg,/content/drive/MyDrive/Waste_Classification_FINAL/data/processed/stage4_standardized/Recyclable/paper_products/Tech_English_LG_Grade8-term2_p124.png,Recyclable,train,paper_products,3,VALID
Organic/food_scraps/14220kg-foodscrapstrial-45.jpg,/content/drive/MyDrive/Waste_Classification_FINAL/data/processed/stage4_standardized/Organic/food_scraps/14220kg-foodscrapstrial-45.png,Organic,train,food_scraps,2,VALID
Non-Recyclable/diapers/sustainability-10-00773-g001.jpg,/content/drive/MyDrive/Waste_Classification_FINAL/data/processed/stage4_standardized/Non-Recyclable/diapers/sustainability-10-00773-g001.png,Non-Recyclable,train,diapers,1,VALID
Recyclable/cans_all_type/steel-soup-can-opened-CC8AXM.jpg,/content/drive/MyDrive/Waste_Classification_FINAL/data/processed/stage4_standardized/Recyclable/cans_all_type/steel-soup-can-opened-CC8AXM.png,Recyclable,train,cans_all_type,3,VALID
Recyclable/plastic_bottles/pet-bottle-recycling.jpg,/content/drive/MyDrive/Waste_Classification_FINAL/data/processed/stage4_standardized/Recyclable/plastic_bottles/pet-bottle-recycling.png,Recyclable,train,plastic_bottles,3,VALID
Non-Recyclable/plastics_bags_wrappers/20220816130311_9_jsfv_visualimg_2094_1.jpg,/content/drive/MyDrive/Waste_Classification_FINAL/data/processed/stage4_standardized/Non-Recyclable/plastics_bags_wrappers/20220816130311_9_jsfv_visualimg_2094_1.png,Non-Recyclable,train,plastics_bags_wrappers,1,AUTO_CORRECTED
Hazardous/pesticides/AgBusPesticideCollection.jpg,/content/drive/MyDrive/Waste_Classification_FINAL/data/processed/stage4_standardized/Hazardous/pesticides/AgBusPesticideCollection.png,Hazardous,train,pesticides,0,VALID
Recyclable/glass_containers/repurposed-glass-jars-on-a-counter-upcycling.jpg,/content/drive/MyDrive/Waste_Classification_FINAL/data/processed/stage4_standardized/Recyclable/glass_containers/repurposed-glass-jars-on-a-counter-upcycling.png,Recyclable,train,glass_containers,3,VALID
Organic/kitchen_waste/kitchen-compost.jpg,/content/drive/MyDrive/Waste_Classification_FINAL/data/processed/stage4_standardized/Organic/kitchen_waste/kitchen-compost.png,Organic,train,kitchen_waste,2,VALID
Hazardous/paints/solvent-waste-container.jpg,/content/drive/MyDrive/Waste_Classification_FINAL/data/processed/stage4_standardized/Hazardous/paints/solvent-waste-container.png,Hazardous,train,paints,0,VALID
Hazardous/e-waste/electronic-waste-hero - Copy.jpg,/content/drive/MyDrive/Waste_Classification_FINAL/data/processed/stage4_standardized/Hazardous/e-waste/electronic-waste-hero - Copy.png,Hazardous,train,e-waste,0,VALID
Organic/coffee_tea_bags/PS_ImmunityBoost_Pack-MockUp-with-Teabag_FRONT_600x.jpg,/content/drive/MyDrive/Waste_Classification_FINAL/data/processed/stage4_standardized/Organic/coffee_tea_bags/PS_ImmunityBoost_Pack-MockUp-with-Teabag_FRONT_600x.png,Organic,train,coffee_tea_bags,2,VALID
Non-Recyclable/plastics_bags_wrappers/plastic-pollution-crisis-environmental-damage-at-uk-nature-reserve-2HE3RHJ.jpg,/content/drive/MyDrive/Waste_Classification_FINAL/data/processed/stage4_standardized/Non-Recyclable/plastics_bags_wrappers/plastic-pollution-crisis-environmental-damage-at-uk-nature-reserve-2HE3RHJ.png,Non-Recyclable,train,plastics_bags_wrappers,1,AUTO_CORRECTED
Hazardous/paints/Oil-Painting-Mediums_-A-Guide.jpg,/content/drive/MyDrive/Waste_Classification_FINAL/data/processed/stage4_standardized/Hazardous/paints/Oil-Painting-Mediums_-A-Guide.png,Hazardous,train,paints,0,VALID
Recyclable/cans_all_type/Made-in-China-Low-Price-No-Impurity-Waste-Beverage-Cans-Waste-Aluminum-Cans-Ubc.jpg,/content/drive/MyDrive/Waste_Classification_FINAL/data/processed/stage4_standardized/Recyclable/cans_all_type/Made-in-China-Low-Price-No-Impurity-Waste-Beverage-Cans-Waste-Aluminum-Cans-Ubc.png,Recyclable,train,cans_all_type,3,VALID
Recyclable/glass_containers/glass-jar-uses.jpg,/content/drive/MyDrive/Waste_Classification_FINAL/data/processed/stage4_standardized/Recyclable/glass_containers/glass-jar-uses.png,Recyclable,train,glass_containers,3,VALID
Recyclable/cans_all_type/aluminum_materials_picture_ff_web_area.jpg,/content/drive/MyDrive/Waste_Classification_FINAL/data/processed/stage4_standardized/Recyclable/cans_all_type/aluminum_materials_picture_ff_web_area.png,Recyclable,train,cans_all_type,3,VALID
Hazardous/pesticides/insecticide-fertilizer-icon_202271-741.jpg,/content/drive/MyDrive/Waste_Classification_FINAL/data/processed/stage4_standardized/Hazardous/pesticides/insecticide-fertilizer-icon_202271-741.png,Hazardous,train,pesticides,0,VALID
Organic/kitchen_waste/chennai-geetha-home-compost-ready-PADMAJAJ-Jul-2022.jpg,/content/drive/MyDrive/Waste_Classification_FINAL/data/processed/stage4_standardized/Organic/kitchen_waste/chennai-geetha-home-compost-ready-PADMAJAJ-Jul-2022.png,Organic,train,kitchen_waste,2,VALID
Recyclable/paper_products/cheap-shipping-boxes-1.jpg,/content/drive/MyDrive/Waste_Classification_FINAL/data/processed/stage4_standardized/Recyclable/paper_products/cheap-shipping-boxes-1.png,Recyclable,train,paper_products,3,VALID
Recyclable/paper_products/shipping-damages.jpg,/content/drive/MyDrive/Waste_Classification_FINAL/data/processed/stage4_standardized/Recyclable/paper_products/shipping-damages.png,Recyclable,train,paper_products,3,VALID
Non-Recyclable/sanitary_napkin/Bamboo-Collection-Banner-min_2048x2048.jpg,/content/drive/MyDrive/Waste_Classification_FINAL/data/processed/stage4_standardized/Non-Recyclable/sanitary_napkin/Bamboo-Collection-Banner-min_2048x2048.png,Non-Recyclable,train,sanitary_napkin,1,VALID
Organic/egg_shells/il_fullxfull.991265431_jqg5.jpg,/content/drive/MyDrive/Waste_Classification_FINAL/data/processed/stage4_standardized/Organic/egg_shells/il_fullxfull.991265431_jqg5.png,Organic,train,egg_shells,2,VALID
Organic/yard_trimmings/bmw1dcc842511.jpg,/content/drive/MyDrive/Waste_Classification_FINAL/data/processed/stage4_standardized/Organic/yard_trimmings/bmw1dcc842511.png,Organic,train,yard_trimmings,2,VALID
Organic/coffee_tea_bags/23_1200x1200.jpg,/content/drive/MyDrive/Waste_Classification_FINAL/data/processed/stage4_standardized/Organic/coffee_tea_bags/23_1200x1200.png,Organic,train,coffee_tea_bags,2,VALID
Organic/yard_trimmings/Urban-plants-yard-waste.jpg,/content/drive/MyDrive/Waste_Classification_FINAL/data/processed/stage4_standardized/Organic/yard_trimmings/Urban-plants-yard-waste.png,Organic,train,yard_trimmings,2,VALID
Hazardous/paints/51AhrzGd8gL._AC_UF8941000_QL80_.jpg,/content/drive/MyDrive/Waste_Classification_FINAL/data/processed/stage4_standardized/Hazardous/paints/51AhrzGd8gL._AC_UF8941000_QL80_.png,Hazardous,train,paints,0,VALID
Non-Recyclable/styrofoam_product/87badfbfd09864be43a29dfc7a906b9b.jpg,/content/drive/MyDrive/Waste_Classification_FINAL/data/processed/stage4_standardized/Non-Recyclable/styrofoam_product/87badfbfd09864be43a29dfc7a906b9b.png,Non-Recyclable,train,styrofoam_product,1,AUTO_CORRECTED
Organic/kitchen_waste/maxresdefault5.jpg,/content/drive/MyDrive/Waste_Classification_FINAL/data/processed/stage4_standardized/Organic/kitchen_waste/maxresdefault5.png,Organic,train,kitchen_waste,2,VALID
Non-Recyclable/diapers/74806254.jpg,/content/drive/MyDrive/Waste_Classification_FINAL/data/processed/stage4_standardized/Non-Recyclable/diapers/74806254.png,Non-Recyclable,train,diapers,1,VALID
Organic/yard_trimmings/Yard_Waste_Collection_begins_2022_1200x1200_0.jpg,/content/drive/MyDrive/Waste_Classification_FINAL/data/processed/stage4_standardized/Organic/yard_trimmings/Yard_Waste_Collection_begins_2022_1200x1200_0.png,Organic,train,yard_trimmings,2,VALID
Hazardous/batteries/Alkaline-batteries.jpg,/content/drive/MyDrive/Waste_Classification_FINAL/data/processed/stage4_standardized/Hazardous/batteries/Alkaline-batteries.png,Hazardous,train,batteries,0,VALID
Recyclable/plastic_bottles/61vXqdLDGL.jpg,/content/drive/MyDrive/Waste_Classification_FINAL/data/processed/stage4_standardized/Recyclable/plastic_bottles/61vXqdLDGL.png,Recyclable,train,plastic_bottles,3,VALID
Organic/food_scraps/Food-Scraps-for-Your-Garden.jpg,/content/drive/MyDrive/Waste_Classification_FINAL/data/processed/stage4_standardized/Organic/food_scraps/Food-Scraps-for-Your-Garden.png,Organic,train,food_scraps,2,VALID
Non-Recyclable/plastics_bags_wrappers/PlasticBags.jpg,/content/drive/MyDrive/Waste_Classification_FINAL/data/processed/stage4_standardized/Non-Recyclable/plastics_bags_wrappers/PlasticBags.png,Non-Recyclable,train,plastics_bags_wrappers,1,AUTO_CORRECTED
Hazardous/batteries/41598_2013_Article_BFsrep01946_Fig1_HTML.jpg,/content/drive/MyDrive/Waste_Classification_FINAL/data/processed/stage4_standardized/Hazardous/batteries/41598_2013_Article_BFsrep01946_Fig1_HTML.png,Hazardous,train,batteries,0,VALID
Organic/yard_trimmings/Yard-waste-1024x532.jpg,/content/drive/MyDrive/Waste_Classification_FINAL/data/processed/stage4_standardized/Organic/yard_trimmings/Yard-waste-1024x532.png,Organic,train,yard_trimmings,2,VALID
Hazardous/e-waste/computer-electronic-waste-29637446 - Copy.jpg,/content/drive/MyDrive/Waste_Classification_FINAL/data/processed/stage4_standardized/Hazardous/e-waste/computer-electronic-waste-29637446 - Copy.png,Hazardous,train,e-waste,0,VALID
Organic/coffee_tea_bags/used_teabags_garden_featured.jpg,/content/drive/MyDrive/Waste_Classification_FINAL/data/processed/stage4_standardized/Organic/coffee_tea_bags/used_teabags_garden_featured.png,Organic,train,coffee_tea_bags,2,VALID
Organic/kitchen_waste/DemHuJ-W0AAARkM.jpg,/content/drive/MyDrive/Waste_Classification_FINAL/data/processed/stage4_standardized/Organic/kitchen_waste/DemHuJ-W0AAARkM.png,Organic,train,kitchen_waste,2,VALID
Recyclable/paper_products/800px-Box.agr.jpg,/content/drive/MyDrive/Waste_Classification_FINAL/data/processed/stage4_standardized/Recyclable/paper_products/800px-Box.agr.png,Recyclable,train,paper_products,3,VALID
Recyclable/plastic_bottles/detail-of-empty-water-bottle-collection-R166YG.jpg,/content/drive/MyDrive/Waste_Classification_FINAL/data/processed/stage4_standardized/Recyclable/plastic_bottles/detail-of-empty-water-bottle-collection-R166YG.png,Recyclable,train,plastic_bottles,3,VALID
Hazardous/batteries/maxresdefault.jpg,/content/drive/MyDrive/Waste_Classification_FINAL/data/processed/stage4_standardized/Hazardous/batteries/maxresdefault.png,Hazardous,train,batteries,0,VALID
Organic/egg_shells/Ostrich-kaiH--621x414LiveMint.JPG.jpg,/content/drive/MyDrive/Waste_Classification_FINAL/data/processed/stage4_standardized/Organic/egg_shells/Ostrich-kaiH--621x414LiveMint.JPG.png,Organic,train,egg_shells,2,VALID
Recyclable/paper_products/waste-paper-skip-half-full-for-recycling-france-S3FCJW.jpg,/content/drive/MyDrive/Waste_Classification_FINAL/data/processed/stage4_standardized/Recyclable/paper_products/waste-paper-skip-half-full-for-recycling-france-S3FCJW.png,Recyclable,train,paper_products,3,VALID
Recyclable/glass_containers/Kavi-Transparent-Wine-Bottle-Jar-Set-of-Two.jpg,/content/drive/MyDrive/Waste_Classification_FINAL/data/processed/stage4_standardized/Recyclable/glass_containers/Kavi-Transparent-Wine-Bottle-Jar-Set-of-Two.png,Recyclable,train,glass_containers,3,VALID
Organic/coffee_tea_bags/Top-5-Coffee-Producing-States-In-India.jpg,/content/drive/MyDrive/Waste_Classification_FINAL/data/processed/stage4_standardized/Organic/coffee_tea_bags/Top-5-Coffee-Producing-States-In-India.png,Organic,train,coffee_tea_bags,2,VALID
Non-Recyclable/styrofoam_product/New-Natural-Coloured-Bagasse-plates-and-burger-boxes-copy-1.jpg,/content/drive/MyDrive/Waste_Classification_FINAL/data/processed/stage4_standardized/Non-Recyclable/styrofoam_product/New-Natural-Coloured-Bagasse-plates-and-burger-boxes-copy-1.png,Non-Recyclable,train,styrofoam_product,1,AUTO_CORRECTED
Hazardous/e-waste/e-waste-2049017_1280 - Copy.jpg,/content/drive/MyDrive/Waste_Classification_FINAL/data/processed/stage4_standardized/Hazardous/e-waste/e-waste-2049017_1280 - Copy.png,Hazardous,train,e-waste,0,VALID
Recyclable/paper_products/personal_waste_diversion-_EXAMPLE__75883.1625001758.jpg,/content/drive/MyDrive/Waste_Classification_FINAL/data/processed/stage4_standardized/Recyclable/paper_products/personal_waste_diversion-_EXAMPLE__75883.1625001758.png,Recyclable,train,paper_products,3,VALID
Non-Recyclable/styrofoam_product/burgers-2.jpg,/content/drive/MyDrive/Waste_Classification_FINAL/data/processed/stage4_standardized/Non-Recyclable/styrofoam_product/burgers-2.png,Non-Recyclable,train,styrofoam_product,1,AUTO_CORRECTED
Hazardous/e-waste/electronic-waste-e-waste-167412842216x9 - Copy.jpg,/content/drive/MyDrive/Waste_Classification_FINAL/data/processed/stage4_standardized/Hazardous/e-waste/electronic-waste-e-waste-167412842216x9 - Copy.png,Hazardous,train,e-waste,0,VALID
Non-Recyclable/diapers/pampers-disposable-baby-diapers-500x500.jpg,/content/drive/MyDrive/Waste_Classification_FINAL/data/processed/stage4_standardized/Non-Recyclable/diapers/pampers-disposable-baby-diapers-500x500.png,Non-Recyclable,train,diapers,1,VALID
Recyclable/cans_all_type/iStock-882176684-recycle-cans.jpg,/content/drive/MyDrive/Waste_Classification_FINAL/data/processed/stage4_standardized/Recyclable/cans_all_type/iStock-882176684-recycle-cans.png,Recyclable,train,cans_all_type,3,VALID
Recyclable/cans_all_type/used-cans-recycling-klang-malaysia-may-separated-various-drinks-71794871.jpg,/content/drive/MyDrive/Waste_Classification_FINAL/data/processed/stage4_standardized/Recyclable/cans_all_type/used-cans-recycling-klang-malaysia-may-separated-various-drinks-71794871.png,Recyclable,train,cans_all_type,3,VALID
Organic/yard_trimmings/wheelbarrow-with-garden-waste-in-a-rural-garden-at-a-half-timbered-EBNYYX.jpg,/content/drive/MyDrive/Waste_Classification_FINAL/data/processed/stage4_standardized/Organic/yard_trimmings/wheelbarrow-with-garden-waste-in-a-rural-garden-at-a-half-timbered-EBNYYX.png,Organic,train,yard_trimmings,2,VALID
Non-Recyclable/ceramic_product/bdv-db-05.jpg,/content/drive/MyDrive/Waste_Classification_FINAL/data/processed/stage4_standardized/Non-Recyclable/ceramic_product/bdv-db-05.png,Non-Recyclable,train,ceramic_product,1,VALID
Hazardous/e-waste/20_20130315 - Copy.jpg,/content/drive/MyDrive/Waste_Classification_FINAL/data/processed/stage4_standardized/Hazardous/e-waste/20_20130315 - Copy.png,Hazardous,train,e-waste,0,VALID
Recyclable/cans_all_type/qad-blog-aluminum-cans.jpg,/content/drive/MyDrive/Waste_Classification_FINAL/data/processed/stage4_standardized/Recyclable/cans_all_type/qad-blog-aluminum-cans.png,Recyclable,train,cans_all_type,3,VALID
Organic/coffee_tea_bags/Tropical_1800x.jpg,/content/drive/MyDrive/Waste_Classification_FINAL/data/processed/stage4_standardized/Organic/coffee_tea_bags/Tropical_1800x.png,Organic,train,coffee_tea_bags,2,VALID
Organic/coffee_tea_bags/100-drip-coffee-bags-with-100-pure-arabica-coffee-powder-roast-original-imagbanvzakf9tcq.jpg,/content/drive/MyDrive/Waste_Classification_FINAL/data/processed/stage4_standardized/Organic/coffee_tea_bags/100-drip-coffee-bags-with-100-pure-arabica-coffee-powder-roast-original-imagbanvzakf9tcq.png,Organic,train,coffee_tea_bags,2,VALID
Non-Recyclable/diapers/file721vy4ur8j6z726o29i-1539625503.jpg,/content/drive/MyDrive/Waste_Classification_FINAL/data/processed/stage4_standardized/Non-Recyclable/diapers/file721vy4ur8j6z726o29i-1539625503.png,Non-Recyclable,train,diapers,1,VALID
Hazardous/batteries/Difference-Between-Alkaline-and-Lithium-Batteries-Tabular-Form.jpg,/content/drive/MyDrive/Waste_Classification_FINAL/data/processed/stage4_standardized/Hazardous/batteries/Difference-Between-Alkaline-and-Lithium-Batteries-Tabular-Form.png,Hazardous,train,batteries,0,VALID
Recyclable/plastic_bottles/02_bottle_mm9070_190418_2431-1-gif.jpg,/content/drive/MyDrive/Waste_Classification_FINAL/data/processed/stage4_standardized/Recyclable/plastic_bottles/02_bottle_mm9070_190418_2431-1-gif.png,Recyclable,train,plastic_bottles,3,VALID
Organic/egg_shells/MV5BM2M1NzZjNTQtNzliYi00NTA5LWI4NDktY2Q5NDFkMTAxYzk2XkEyXkFqcGdeQXVyMjQwMjk0NjI._V1_.jpg,/content/drive/MyDrive/Waste_Classification_FINAL/data/processed/stage4_standardized/Organic/egg_shells/MV5BM2M1NzZjNTQtNzliYi00NTA5LWI4NDktY2Q5NDFkMTAxYzk2XkEyXkFqcGdeQXVyMjQwMjk0NjI._V1_.png,Organic,train,egg_shells,2,VALID
Recyclable/cans_all_type/200114-compostable-packaging-cups-utensils-plates.pla-plastic-waste-pollution-3-salad.jpg,/content/drive/MyDrive/Waste_Classification_FINAL/data/processed/stage4_standardized/Recyclable/cans_all_type/200114-compostable-packaging-cups-utensils-plates.pla-plastic-waste-pollution-3-salad.png,Recyclable,train,cans_all_type,3,VALID
Organic/egg_shells/IMG_eggshellwaste-848x551.jpg,/content/drive/MyDrive/Waste_Classification_FINAL/data/processed/stage4_standardized/Organic/egg_shells/IMG_eggshellwaste-848x551.png,Organic,train,egg_shells,2,VALID
Organic/coffee_tea_bags/gardening_website_350x2x.jpg,/content/drive/MyDrive/Waste_Classification_FINAL/data/processed/stage4_standardized/Organic/coffee_tea_bags/gardening_website_350x2x.png,Organic,train,coffee_tea_bags,2,VALID
Recyclable/cans_all_type/empty-tin-can-isolated-on-a-white-background-metallic-food-container-2BWM655.jpg,/content/drive/MyDrive/Waste_Classification_FINAL/data/processed/stage4_standardized/Recyclable/cans_all_type/empty-tin-can-isolated-on-a-white-background-metallic-food-container-2BWM655.png,Recyclable,train,cans_all_type,3,VALID
Organic/egg_shells/Chicken-eggshell-membrane-upcycled-for-bakery-Eggbrane-alleviates-joint-stiffness-and-pain.jpg,/content/drive/MyDrive/Waste_Classification_FINAL/data/processed/stage4_standardized/Organic/egg_shells/Chicken-eggshell-membrane-upcycled-for-bakery-Eggbrane-alleviates-joint-stiffness-and-pain.png,Organic,train,egg_shells,2,VALID
Recyclable/cans_all_type/april-11-2020-halifax-canada-campbells-heinz-and-no-name-brand-canned-soups-2BK87NC.jpg,/content/drive/MyDrive/Waste_Classification_FINAL/data/processed/stage4_standardized/Recyclable/cans_all_type/april-11-2020-halifax-canada-campbells-heinz-and-no-name-brand-canned-soups-2BK87NC.png,Recyclable,train,cans_all_type,3,VALID
Recyclable/paper_products/vere-raw-material-shortage-user-industries-voice-concern-over-surging-prices.jpg,/content/drive/MyDrive/Waste_Classification_FINAL/data/processed/stage4_standardized/Recyclable/paper_products/vere-raw-material-shortage-user-industries-voice-concern-over-surging-prices.png,Recyclable,train,paper_products,3,VALID
Non-Recyclable/sanitary_napkin/metics-feminine-sanitary-supplies-soap-miscellaneous-food-cleaning-thumbnail.jpg,/content/drive/MyDrive/Waste_Classification_FINAL/data/processed/stage4_standardized/Non-Recyclable/sanitary_napkin/metics-feminine-sanitary-supplies-soap-miscellaneous-food-cleaning-thumbnail.png,Non-Recyclable,train,sanitary_napkin,1,VALID
Organic/kitchen_waste/vg2c00050_0006.jpg,/content/drive/MyDrive/Waste_Classification_FINAL/data/processed/stage4_standardized/Organic/kitchen_waste/vg2c00050_0006.png,Organic,train,kitchen_waste,2,VALID
Organic/coffee_tea_bags/71KmHGsjAQL.jpg,/content/drive/MyDrive/Waste_Classification_FINAL/data/processed/stage4_standardized/Organic/coffee_tea_bags/71KmHGsjAQL.png,Organic,train,coffee_tea_bags,2,VALID
Recyclable/plastic_bottles/60_ways_to_reuse_plastic_bottles.jpg,/content/drive/MyDrive/Waste_Classification_FINAL/data/processed/stage4_standardized/Recyclable/plastic_bottles/60_ways_to_reuse_plastic_bottles.png,Recyclable,train,plastic_bottles,3,VALID
Hazardous/e-waste/E-Waste-Management-in-India - Copy.jpg,/content/drive/MyDrive/Waste_Classification_FINAL/data/processed/stage4_standardized/Hazardous/e-waste/E-Waste-Management-in-India - Copy.png,Hazardous,train,e-waste,0,VALID
Organic/kitchen_waste/making-organic-fertilizer-from-kitchen-waste-and-vegetable-waste-2C8427C.jpg,/content/drive/MyDrive/Waste_Classification_FINAL/data/processed/stage4_standardized/Organic/kitchen_waste/making-organic-fertilizer-from-kitchen-waste-and-vegetable-waste-2C8427C.png,Organic,train,kitchen_waste,2,VALID
Non-Recyclable/ceramic_product/J-152-019-thumb-1600x900---3890.jpg,/content/drive/MyDrive/Waste_Classification_FINAL/data/processed/stage4_standardized/Non-Recyclable/ceramic_product/J-152-019-thumb-1600x900---3890.png,Non-Recyclable,train,ceramic_product,1,VALID
Recyclable/plastic_bottles/7-ways-to-upcycle-plastic-bottles-in-the-garden-pest-traps.jpg,/content/drive/MyDrive/Waste_Classification_FINAL/data/processed/stage4_standardized/Recyclable/plastic_bottles/7-ways-to-upcycle-plastic-bottles-in-the-garden-pest-traps.png,Recyclable,train,plastic_bottles,3,VALID
Organic/yard_trimmings/yard_waste.jpg,/content/drive/MyDrive/Waste_Classification_FINAL/data/processed/stage4_standardized/Organic/yard_trimmings/yard_waste.png,Organic,train,yard_trimmings,2,VALID
Non-Recyclable/sanitary_napkin/hospitalwaste2013-151112203752-lva1-app6892-thumbnail.jpg,/content/drive/MyDrive/Waste_Classification_FINAL/data/processed/stage4_standardized/Non-Recyclable/sanitary_napkin/hospitalwaste2013-151112203752-lva1-app6892-thumbnail.png,Non-Recyclable,train,sanitary_napkin,1,VALID
Hazardous/batteries/Different-Types-of-Batteries.jpg,/content/drive/MyDrive/Waste_Classification_FINAL/data/processed/stage4_standardized/Hazardous/batteries/Different-Types-of-Batteries.png,Hazardous,train,batteries,0,VALID
Non-Recyclable/sanitary_napkin/wosp-overview-1920x1080.jpg,/content/drive/MyDrive/Waste_Classification_FINAL/data/processed/stage4_standardized/Non-Recyclable/sanitary_napkin/wosp-overview-1920x1080.png,Non-Recyclable,train,sanitary_napkin,1,VALID
Recyclable/paper_products/plus-envelopes-carton-kraft-material403x-1024x682.jpg,/content/drive/MyDrive/Waste_Classification_FINAL/data/processed/stage4_standardized/Recyclable/paper_products/plus-envelopes-carton-kraft-material403x-1024x682.png,Recyclable,train,paper_products,3,VALID
Hazardous/e-waste/safe-disposal-any-logos-brand-names-have-been-removed-great-recycle-33215495 - Copy.jpg,/content/drive/MyDrive/Waste_Classification_FINAL/data/processed/stage4_standardized/Hazardous/e-waste/safe-disposal-any-logos-brand-names-have-been-removed-great-recycle-33215495 - Copy.png,Hazardous,train,e-waste,0,VALID
Hazardous/batteries/Cutaway-view-dioxide-power-cell.jpg,/content/drive/MyDrive/Waste_Classification_FINAL/data/processed/stage4_standardized/Hazardous/batteries/Cutaway-view-dioxide-power-cell.png,Hazardous,train,batteries,0,VALID
Non-Recyclable/diapers/February-Do-Good.jpg,/content/drive/MyDrive/Waste_Classification_FINAL/data/processed/stage4_standardized/Non-Recyclable/diapers/February-Do-Good.png,Non-Recyclable,train,diapers,1,VALID
Hazardous/e-waste/e-waste2 - Copy.jpg,/content/drive/MyDrive/Waste_Classification_FINAL/data/processed/stage4_standardized/Hazardous/e-waste/e-waste2 - Copy.png,Hazardous,train,e-waste,0,VALID
Non-Recyclable/sanitary_napkin/Mask_Group_1295.jpg,/content/drive/MyDrive/Waste_Classification_FINAL/data/processed/stage4_standardized/Non-Recyclable/sanitary_napkin/Mask_Group_1295.png,Non-Recyclable,train,sanitary_napkin,1,VALID
Hazardous/pesticides/Pesticides-1.jpg,/content/drive/MyDrive/Waste_Classification_FINAL/data/processed/stage4_standardized/Hazardous/pesticides/Pesticides-1.png,Hazardous,train,pesticides,0,VALID
Organic/food_scraps/IMG_1992.jpg,/content/drive/MyDrive/Waste_Classification_FINAL/data/processed/stage4_standardized/Organic/food_scraps/IMG_1992.png,Organic,train,food_scraps,2,VALID
Hazardous/paints/51V5ThxCh2L._AC_SL1035_.jpg,/content/drive/MyDrive/Waste_Classification_FINAL/data/processed/stage4_standardized/Hazardous/paints/51V5ThxCh2L._AC_SL1035_.png,Hazardous,train,paints,0,VALID
Organic/coffee_tea_bags/640px-TEDxAMS2011_044.JPG.jpg,/content/drive/MyDrive/Waste_Classification_FINAL/data/processed/stage4_standardized/Organic/coffee_tea_bags/640px-TEDxAMS2011_044.JPG.png,Organic,train,coffee_tea_bags,2,VALID
Hazardous/paints/81YecOeujXL._AC_SL1500_.jpg,/content/drive/MyDrive/Waste_Classification_FINAL/data/processed/stage4_standardized/Hazardous/paints/81YecOeujXL._AC_SL1500_.png,Hazardous,train,paints,0,VALID
Hazardous/batteries/Screen-Shot-2021-07-20-at-10.37.08-AM.jpg,/content/drive/MyDrive/Waste_Classification_FINAL/data/processed/stage4_standardized/Hazardous/batteries/Screen-Shot-2021-07-20-at-10.37.08-AM.png,Hazardous,train,batteries,0,VALID
Organic/food_scraps/arina20cooking20with20scraps.jpg,/content/drive/MyDrive/Waste_Classification_FINAL/data/processed/stage4_standardized/Organic/food_scraps/arina20cooking20with20scraps.png,Organic,train,food_scraps,2,VALID
Hazardous/paints/circle-paint-and-solvents-scaled.jpg,/content/drive/MyDrive/Waste_Classification_FINAL/data/processed/stage4_standardized/Hazardous/paints/circle-paint-and-solvents-scaled.png,Hazardous,train,paints,0,VALID
Hazardous/batteries/18650Cell.jpg,/content/drive/MyDrive/Waste_Classification_FINAL/data/processed/stage4_standardized/Hazardous/batteries/18650Cell.png,Hazardous,train,batteries,0,VALID
Recyclable/cans_all_type/ZWB_ANZ_BoxThumbnail_AluminiumCans_bfe1ab62-ced7-47d4-9b8f-251c863db01d_720x.jpg,/content/drive/MyDrive/Waste_Classification_FINAL/data/processed/stage4_standardized/Recyclable/cans_all_type/ZWB_ANZ_BoxThumbnail_AluminiumCans_bfe1ab62-ced7-47d4-9b8f-251c863db01d_720x.png,Recyclable,train,cans_all_type,3,VALID
Hazardous/e-waste/stock-photo-hazardous-waste-on-a-black-background-681808615 - Copy.jpg,/content/drive/MyDrive/Waste_Classification_FINAL/data/processed/stage4_standardized/Hazardous/e-waste/stock-photo-hazardous-waste-on-a-black-background-681808615 - Copy.png,Hazardous,train,e-waste,0,VALID
Recyclable/paper_products/45349554-cartons-waiting-to-be-picked-up-by-the-garbage-trucks-recycling-of-waste-paper.jpg,/content/drive/MyDrive/Waste_Classification_FINAL/data/processed/stage4_standardized/Recyclable/paper_products/45349554-cartons-waiting-to-be-picked-up-by-the-garbage-trucks-recycling-of-waste-paper.png,Recyclable,train,paper_products,3,VALID
Hazardous/pesticides/Pesticides2.jpg,/content/drive/MyDrive/Waste_Classification_FINAL/data/processed/stage4_standardized/Hazardous/pesticides/Pesticides2.png,Hazardous,train,pesticides,0,VALID
Organic/kitchen_waste/FoodWasteComposting_800x800_01.jpg,/content/drive/MyDrive/Waste_Classification_FINAL/data/processed/stage4_standardized/Organic/kitchen_waste/FoodWasteComposting_800x800_01.png,Organic,train,kitchen_waste,2,VALID
Hazardous/paints/HouseholdHazWaste.jpg,/content/drive/MyDrive/Waste_Classification_FINAL/data/processed/stage4_standardized/Hazardous/paints/HouseholdHazWaste.png,Hazardous,train,paints,0,VALID
Hazardous/paints/PlasticWaste_topNteaser.jpg,/content/drive/MyDrive/Waste_Classification_FINAL/data/processed/stage4_standardized/Hazardous/paints/PlasticWaste_topNteaser.png,Hazardous,train,paints,0,VALID
Recyclable/paper_products/Tech_English_LG_Grade8-term2_p123.jpg,/content/drive/MyDrive/Waste_Classification_FINAL/data/processed/stage4_standardized/Recyclable/paper_products/Tech_English_LG_Grade8-term2_p123.png,Recyclable,train,paper_products,3,VALID
Hazardous/pesticides/icide-sprayers-inappropriate-protection-rice-fields-use-pesticides-127994497.jpg,/content/drive/MyDrive/Waste_Classification_FINAL/data/processed/stage4_standardized/Hazardous/pesticides/icide-sprayers-inappropriate-protection-rice-fields-use-pesticides-127994497.png,Hazardous,train,pesticides,0,VALID
Hazardous/e-waste/lamps - Copy.jpg,/content/drive/MyDrive/Waste_Classification_FINAL/data/processed/stage4_standardized/Hazardous/e-waste/lamps - Copy.png,Hazardous,train,e-waste,0,VALID
Recyclable/cans_all_type/aluminium-steel-cans.jpg,/content/drive/MyDrive/Waste_Classification_FINAL/data/processed/stage4_standardized/Recyclable/cans_all_type/aluminium-steel-cans.png,Recyclable,train,cans_all_type,3,VALID
Non-Recyclable/plastics_bags_wrappers/1y1fa85aTElzQL94rheAIAA.jpg,/content/drive/MyDrive/Waste_Classification_FINAL/data/processed/stage4_standardized/Non-Recyclable/plastics_bags_wrappers/1y1fa85aTElzQL94rheAIAA.png,Non-Recyclable,train,plastics_bags_wrappers,1,AUTO_CORRECTED
Non-Recyclable/sanitary_napkin/flat-lay-spa-composition-with-personal-hygiene-items-bath-accessories-string-bag_169016-11414.jpg,/content/drive/MyDrive/Waste_Classification_FINAL/data/processed/stage4_standardized/Non-Recyclable/sanitary_napkin/flat-lay-spa-composition-with-personal-hygiene-items-bath-accessories-string-bag_169016-11414.png,Non-Recyclable,train,sanitary_napkin,1,VALID
Recyclable/cans_all_type/food-tin-can-on-white-CYBBCA.jpg,/content/drive/MyDrive/Waste_Classification_FINAL/data/processed/stage4_standardized/Recyclable/cans_all_type/food-tin-can-on-white-CYBBCA.png,Recyclable,train,cans_all_type,3,VALID
Organic/yard_trimmings/depositphotos_29706517-stock-photo-garden-work.jpg,/content/drive/MyDrive/Waste_Classification_FINAL/data/processed/stage4_standardized/Organic/yard_trimmings/depositphotos_29706517-stock-photo-garden-work.png,Organic,train,yard_trimmings,2,VALID
Non-Recyclable/plastics_bags_wrappers/hqdefault.jpg,/content/drive/MyDrive/Waste_Classification_FINAL/data/processed/stage4_standardized/Non-Recyclable/plastics_bags_wrappers/hqdefault.png,Non-Recyclable,train,plastics_bags_wrappers,1,AUTO_CORRECTED
Recyclable/plastic_bottles/bottleHistory.jpg,/content/drive/MyDrive/Waste_Classification_FINAL/data/processed/stage4_standardized/Recyclable/plastic_bottles/bottleHistory.png,Recyclable,train,plastic_bottles,3,VALID
Non-Recyclable/diapers/634fc803be6fde50b04f6143-diapers-size-3-168-count-pampers.jpg,/content/drive/MyDrive/Waste_Classification_FINAL/data/processed/stage4_standardized/Non-Recyclable/diapers/634fc803be6fde50b04f6143-diapers-size-3-168-count-pampers.png,Non-Recyclable,train,diapers,1,VALID
Organic/kitchen_waste/3-s2.0-B978012818353300016X-f16-01-9780128183533.jpg,/content/drive/MyDrive/Waste_Classification_FINAL/data/processed/stage4_standardized/Organic/kitchen_waste/3-s2.0-B978012818353300016X-f16-01-9780128183533.png,Organic,train,kitchen_waste,2,VALID
Organic/food_scraps/1024px-Household_food_trash_NY.jpg,/content/drive/MyDrive/Waste_Classification_FINAL/data/processed/stage4_standardized/Organic/food_scraps/1024px-Household_food_trash_NY.png,Organic,train,food_scraps,2,VALID
Hazardous/paints/ChromaGlast-Sub-Solvent-Category.jpg,/content/drive/MyDrive/Waste_Classification_FINAL/data/processed/stage4_standardized/Hazardous/paints/ChromaGlast-Sub-Solvent-Category.png,Hazardous,train,paints,0,VALID
Organic/yard_trimmings/82eaad00-a41b-4dd1-b948-b5b096341d04-012489.jpg,/content/drive/MyDrive/Waste_Classification_FINAL/data/processed/stage4_standardized/Organic/yard_trimmings/82eaad00-a41b-4dd1-b948-b5b096341d04-012489.png,Organic,train,yard_trimmings,2,VALID
Non-Recyclable/plastics_bags_wrappers/plastic-wrappers-and-other-garbage-discarded-down-bank-JXJC8A.jpg,/content/drive/MyDrive/Waste_Classification_FINAL/data/processed/stage4_standardized/Non-Recyclable/plastics_bags_wrappers/plastic-wrappers-and-other-garbage-discarded-down-bank-JXJC8A.png,Non-Recyclable,train,plastics_bags_wrappers,1,AUTO_CORRECTED
Organic/kitchen_waste/91CyPH9P6NL._AC_UF10001000_QL80_.jpg,/content/drive/MyDrive/Waste_Classification_FINAL/data/processed/stage4_standardized/Organic/kitchen_waste/91CyPH9P6NL._AC_UF10001000_QL80_.png,Organic,train,kitchen_waste,2,VALID
Organic/coffee_tea_bags/Steeped-Coffee-01-hero-sub-1170x780.jpg,/content/drive/MyDrive/Waste_Classification_FINAL/data/processed/stage4_standardized/Organic/coffee_tea_bags/Steeped-Coffee-01-hero-sub-1170x780.png,Organic,train,coffee_tea_bags,2,VALID
Non-Recyclable/plastics_bags_wrappers/NOBAGS-HEADER.jpg,/content/drive/MyDrive/Waste_Classification_FINAL/data/processed/stage4_standardized/Non-Recyclable/plastics_bags_wrappers/NOBAGS-HEADER.png,Non-Recyclable,train,plastics_bags_wrappers,1,AUTO_CORRECTED
Organic/coffee_tea_bags/set-cup-of-tea-with-bag-bag-coffee-beans-coffee-vector-46052070.jpg,/content/drive/MyDrive/Waste_Classification_FINAL/data/processed/stage4_standardized/Organic/coffee_tea_bags/set-cup-of-tea-with-bag-bag-coffee-beans-coffee-vector-46052070.png,Organic,train,coffee_tea_bags,2,VALID
Non-Recyclable/styrofoam_product/w_takeout_trash_wk1003mike_shutterstock_422191876.c86d3627.jpg,/content/drive/MyDrive/Waste_Classification_FINAL/data/processed/stage4_standardized/Non-Recyclable/styrofoam_product/w_takeout_trash_wk1003mike_shutterstock_422191876.c86d3627.png,Non-Recyclable,train,styrofoam_product,1,AUTO_CORRECTED
Recyclable/plastic_bottles/bottle-1300161_640.jpg,/content/drive/MyDrive/Waste_Classification_FINAL/data/processed/stage4_standardized/Recyclable/plastic_bottles/bottle-1300161_640.png,Recyclable,train,plastic_bottles,3,VALID
Hazardous/pesticides/agro2Binsecticide2B1.jpg,/content/drive/MyDrive/Waste_Classification_FINAL/data/processed/stage4_standardized/Hazardous/pesticides/agro2Binsecticide2B1.png,Hazardous,train,pesticides,0,VALID
Hazardous/paints/9769-DS-19-0131_Household-Hazardous-Waste.jpg,/content/drive/MyDrive/Waste_Classification_FINAL/data/processed/stage4_standardized/Hazardous/paints/9769-DS-19-0131_Household-Hazardous-Waste.png,Hazardous,train,paints,0,VALID
Hazardous/e-waste/LED20vs20Fluorescent20Image20202120Blog20Sized - Copy.jpg,/content/drive/MyDrive/Waste_Classification_FINAL/data/processed/stage4_standardized/Hazardous/e-waste/LED20vs20Fluorescent20Image20202120Blog20Sized - Copy.png,Hazardous,train,e-waste,0,VALID
Hazardous/pesticides/pesticide-muddle-1_660_032813015033.jpg,/content/drive/MyDrive/Waste_Classification_FINAL/data/processed/stage4_standardized/Hazardous/pesticides/pesticide-muddle-1_660_032813015033.png,Hazardous,train,pesticides,0,VALID
Non-Recyclable/ceramic_product/trash17_wide-9ef04671bfc0a0abd41c2950e6652fa098890b95-s1100-c50.jpg,/content/drive/MyDrive/Waste_Classification_FINAL/data/processed/stage4_standardized/Non-Recyclable/ceramic_product/trash17_wide-9ef04671bfc0a0abd41c2950e6652fa098890b95-s1100-c50.png,Non-Recyclable,train,ceramic_product,1,VALID
Non-Recyclable/styrofoam_product/Reusable-Containers-Arent-Always-Better-For-The-Environment-Than-Disposable-Ones-New-Research.jpg,/content/drive/MyDrive/Waste_Classification_FINAL/data/processed/stage4_standardized/Non-Recyclable/styrofoam_product/Reusable-Containers-Arent-Always-Better-For-The-Environment-Than-Disposable-Ones-New-Research.png,Non-Recyclable,train,styrofoam_product,1,AUTO_CORRECTED
Hazardous/pesticides/insecticide-hero.jpg,/content/drive/MyDrive/Waste_Classification_FINAL/data/processed/stage4_standardized/Hazardous/pesticides/insecticide-hero.png,Hazardous,train,pesticides,0,VALID
Hazardous/e-waste/stock-vector-led-incandescent-and-energy-saving-light-bulbs-vector-illustration-1898745574 - Copy.jpg,/content/drive/MyDrive/Waste_Classification_FINAL/data/processed/stage4_standardized/Hazardous/e-waste/stock-vector-led-incandescent-and-energy-saving-light-bulbs-vector-illustration-1898745574 - Copy.png,Hazardous,train,e-waste,0,VALID
Hazardous/pesticides/1668775196_Impact-of-agricultural-use-of-pesticides-and-insecticides-on-health.jpg,/content/drive/MyDrive/Waste_Classification_FINAL/data/processed/stage4_standardized/Hazardous/pesticides/1668775196_Impact-of-agricultural-use-of-pesticides-and-insecticides-on-health.png,Hazardous,train,pesticides,0,VALID
Recyclable/plastic_bottles/250ml-soda-pet-bottle.jpg,/content/drive/MyDrive/Waste_Classification_FINAL/data/processed/stage4_standardized/Recyclable/plastic_bottles/250ml-soda-pet-bottle.png,Recyclable,train,plastic_bottles,3,VALID
Recyclable/plastic_bottles/Featured-Image-Coca-Cola-Update-e1680790895392.jpg,/content/drive/MyDrive/Waste_Classification_FINAL/data/processed/stage4_standardized/Recyclable/plastic_bottles/Featured-Image-Coca-Cola-Update-e1680790895392.png,Recyclable,train,plastic_bottles,3,VALID
Non-Recyclable/plastics_bags_wrappers/85286799.jpg,/content/drive/MyDrive/Waste_Classification_FINAL/data/processed/stage4_standardized/Non-Recyclable/plastics_bags_wrappers/85286799.png,Non-Recyclable,train,plastics_bags_wrappers,1,AUTO_CORRECTED
Organic/yard_trimmings/FUF5hW_XsAAriOa.jpg,/content/drive/MyDrive/Waste_Classification_FINAL/data/processed/stage4_standardized/Organic/yard_trimmings/FUF5hW_XsAAriOa.png,Organic,train,yard_trimmings,2,VALID
Recyclable/paper_products/composting-paper.jpg,/content/drive/MyDrive/Waste_Classification_FINAL/data/processed/stage4_standardized/Recyclable/paper_products/composting-paper.png,Recyclable,train,paper_products,3,VALID
Non-Recyclable/diapers/IMG_9256.jpg,/content/drive/MyDrive/Waste_Classification_FINAL/data/processed/stage4_standardized/Non-Recyclable/diapers/IMG_9256.png,Non-Recyclable,train,diapers,1,VALID
Non-Recyclable/plastics_bags_wrappers/Plastic-Waste.jpg,/content/drive/MyDrive/Waste_Classification_FINAL/data/processed/stage4_standardized/Non-Recyclable/plastics_bags_wrappers/Plastic-Waste.png,Non-Recyclable,train,plastics_bags_wrappers,1,AUTO_CORRECTED
Non-Recyclable/ceramic_product/IMG_3214.JPG.jpg,/content/drive/MyDrive/Waste_Classification_FINAL/data/processed/stage4_standardized/Non-Recyclable/ceramic_product/IMG_3214.JPG.png,Non-Recyclable,train,ceramic_product,1,VALID
Non-Recyclable/styrofoam_product/Eco-friendly-Packaging-scaled.jpg,/content/drive/MyDrive/Waste_Classification_FINAL/data/processed/stage4_standardized/Non-Recyclable/styrofoam_product/Eco-friendly-Packaging-scaled.png,Non-Recyclable,train,styrofoam_product,1,AUTO_CORRECTED
Hazardous/paints/40494_2020_388_Fig1_HTML.jpg,/content/drive/MyDrive/Waste_Classification_FINAL/data/processed/stage4_standardized/Hazardous/paints/40494_2020_388_Fig1_HTML.png,Hazardous,train,paints,0,VALID
Hazardous/e-waste/impact-of-e-waste-infographic1541812360135 - Copy.jpg,/content/drive/MyDrive/Waste_Classification_FINAL/data/processed/stage4_standardized/Hazardous/e-waste/impact-of-e-waste-infographic1541812360135 - Copy.png,Hazardous,train,e-waste,0,VALID
Organic/yard_trimmings/adult-male-hand-holding-compost-consisting-household-waste-dry-leaves-grass-clippings-224470893.jpg,/content/drive/MyDrive/Waste_Classification_FINAL/data/processed/stage4_standardized/Organic/yard_trimmings/adult-male-hand-holding-compost-consisting-household-waste-dry-leaves-grass-clippings-224470893.png,Organic,train,yard_trimmings,2,VALID
Hazardous/pesticides/Pesticides-02.jpg,/content/drive/MyDrive/Waste_Classification_FINAL/data/processed/stage4_standardized/Hazardous/pesticides/Pesticides-02.png,Hazardous,train,pesticides,0,VALID
Non-Recyclable/plastics_bags_wrappers/DSC_2994.jpg,/content/drive/MyDrive/Waste_Classification_FINAL/data/processed/stage4_standardized/Non-Recyclable/plastics_bags_wrappers/DSC_2994.png,Non-Recyclable,train,plastics_bags_wrappers,1,AUTO_CORRECTED
Non-Recyclable/sanitary_napkin/polymers-14-05519-g001.jpg,/content/drive/MyDrive/Waste_Classification_FINAL/data/processed/stage4_standardized/Non-Recyclable/sanitary_napkin/polymers-14-05519-g001.png,Non-Recyclable,train,sanitary_napkin,1,VALID
Non-Recyclable/sanitary_napkin/ds-tampons-pills-on-pink-background-womens-health-concept-copy-space-2JCJ7FF.jpg,/content/drive/MyDrive/Waste_Classification_FINAL/data/processed/stage4_standardized/Non-Recyclable/sanitary_napkin/ds-tampons-pills-on-pink-background-womens-health-concept-copy-space-2JCJ7FF.png,Non-Recyclable,train,sanitary_napkin,1,VALID
Organic/food_scraps/food-waste-14654962.jpg,/content/drive/MyDrive/Waste_Classification_FINAL/data/processed/stage4_standardized/Organic/food_scraps/food-waste-14654962.png,Organic,train,food_scraps,2,VALID
Organic/yard_trimmings/YardWasteHeaderImage.jpg,/content/drive/MyDrive/Waste_Classification_FINAL/data/processed/stage4_standardized/Organic/yard_trimmings/YardWasteHeaderImage.png,Organic,train,yard_trimmings,2,VALID
Organic/food_scraps/Waste-segregation-04.jpg,/content/drive/MyDrive/Waste_Classification_FINAL/data/processed/stage4_standardized/Organic/food_scraps/Waste-segregation-04.png,Organic,train,food_scraps,2,VALID
Hazardous/e-waste/694898-electronic-waste-thinkstock - Copy.jpg,/content/drive/MyDrive/Waste_Classification_FINAL/data/processed/stage4_standardized/Hazardous/e-waste/694898-electronic-waste-thinkstock - Copy.png,Hazardous,train,e-waste,0,VALID
Non-Recyclable/diapers/piles-of-plastic-disposable-nappies-on-funafuti-tuvalu-A6T59T.jpg,/content/drive/MyDrive/Waste_Classification_FINAL/data/processed/stage4_standardized/Non-Recyclable/diapers/piles-of-plastic-disposable-nappies-on-funafuti-tuvalu-A6T59T.png,Non-Recyclable,train,diapers,1,VALID
Non-Recyclable/diapers/61ZMDwA4xzL._AC_UF8941000_QL80_.jpg,/content/drive/MyDrive/Waste_Classification_FINAL/data/processed/stage4_standardized/Non-Recyclable/diapers/61ZMDwA4xzL._AC_UF8941000_QL80_.png,Non-Recyclable,train,diapers,1,VALID
Recyclable/cans_all_type/recycling-bin-full-of-tin-cans-at-the-recycle-collection-center-in-sitka-alaska-usa-2PF5DKJ.jpg,/content/drive/MyDrive/Waste_Classification_FINAL/data/processed/stage4_standardized/Recyclable/cans_all_type/recycling-bin-full-of-tin-cans-at-the-recycle-collection-center-in-sitka-alaska-usa-2PF5DKJ.png,Recyclable,train,cans_all_type,3,VALID
Recyclable/paper_products/WhatPaperProductsRecyclable_greyoverlay.jpg,/content/drive/MyDrive/Waste_Classification_FINAL/data/processed/stage4_standardized/Recyclable/paper_products/WhatPaperProductsRecyclable_greyoverlay.png,Recyclable,train,paper_products,3,VALID
Organic/yard_trimmings/stock-photo-freshly-raked-backyard-with-rake-leaves-and-recycling-yard-waste-paper-bag-31652473.jpg,/content/drive/MyDrive/Waste_Classification_FINAL/data/processed/stage4_standardized/Organic/yard_trimmings/stock-photo-freshly-raked-backyard-with-rake-leaves-and-recycling-yard-waste-paper-bag-31652473.png,Organic,train,yard_trimmings,2,VALID
Hazardous/paints/WN_OMV_AWMO_Water_Solvent_03.jpg,/content/drive/MyDrive/Waste_Classification_FINAL/data/processed/stage4_standardized/Hazardous/paints/WN_OMV_AWMO_Water_Solvent_03.png,Hazardous,train,paints,0,VALID
Recyclable/paper_products/newspaper-bundles-for-paper-recycling.jpg,/content/drive/MyDrive/Waste_Classification_FINAL/data/processed/stage4_standardized/Recyclable/paper_products/newspaper-bundles-for-paper-recycling.png,Recyclable,train,paper_products,3,VALID
Non-Recyclable/styrofoam_product/2018_blog_EcoFriendlyRestaurants_600x400.jpg,/content/drive/MyDrive/Waste_Classification_FINAL/data/processed/stage4_standardized/Non-Recyclable/styrofoam_product/2018_blog_EcoFriendlyRestaurants_600x400.png,Non-Recyclable,train,styrofoam_product,1,AUTO_CORRECTED
Hazardous/e-waste/Electronic-Waste-E-Waste-WEEE - Copy.jpg,/content/drive/MyDrive/Waste_Classification_FINAL/data/processed/stage4_standardized/Hazardous/e-waste/Electronic-Waste-E-Waste-WEEE - Copy.png,Hazardous,train,e-waste,0,VALID
Recyclable/plastic_bottles/IMG_2192.jpg,/content/drive/MyDrive/Waste_Classification_FINAL/data/processed/stage4_standardized/Recyclable/plastic_bottles/IMG_2192.png,Recyclable,train,plastic_bottles,3,VALID
Organic/coffee_tea_bags/41F0KiwPjPL._AC_UF10001000_QL80_.jpg,/content/drive/MyDrive/Waste_Classification_FINAL/data/processed/stage4_standardized/Organic/coffee_tea_bags/41F0KiwPjPL._AC_UF10001000_QL80_.png,Organic,train,coffee_tea_bags,2,VALID
Hazardous/e-waste/ey-waste-bin-full-of-e-waste - Copy.jpg,/content/drive/MyDrive/Waste_Classification_FINAL/data/processed/stage4_standardized/Hazardous/e-waste/ey-waste-bin-full-of-e-waste - Copy.png,Hazardous,train,e-waste,0,VALID
Non-Recyclable/ceramic_product/kintsugi_2048x2048.jpg,/content/drive/MyDrive/Waste_Classification_FINAL/data/processed/stage4_standardized/Non-Recyclable/ceramic_product/kintsugi_2048x2048.png,Non-Recyclable,train,ceramic_product,1,VALID
Organic/coffee_tea_bags/moringa-dip-bags-500x500.jpg,/content/drive/MyDrive/Waste_Classification_FINAL/data/processed/stage4_standardized/Organic/coffee_tea_bags/moringa-dip-bags-500x500.png,Organic,train,coffee_tea_bags,2,VALID
Recyclable/paper_products/96223146-cardboard-boxes-for-the-waste-paper-collection.jpg,/content/drive/MyDrive/Waste_Classification_FINAL/data/processed/stage4_standardized/Recyclable/paper_products/96223146-cardboard-boxes-for-the-waste-paper-collection.png,Recyclable,train,paper_products,3,VALID
Organic/food_scraps/81333635.jpg,/content/drive/MyDrive/Waste_Classification_FINAL/data/processed/stage4_standardized/Organic/food_scraps/81333635.png,Organic,train,food_scraps,2,VALID
Organic/egg_shells/eggshells-bucket-cropped.jpg,/content/drive/MyDrive/Waste_Classification_FINAL/data/processed/stage4_standardized/Organic/egg_shells/eggshells-bucket-cropped.png,Organic,train,egg_shells,2,VALID
Recyclable/cans_all_type/soda-can-mockup-realistic-transparent-free-png.jpg,/content/drive/MyDrive/Waste_Classification_FINAL/data/processed/stage4_standardized/Recyclable/cans_all_type/soda-can-mockup-realistic-transparent-free-png.png,Recyclable,train,cans_all_type,3,VALID
Non-Recyclable/sanitary_napkin/1-selection-of-feminine-care-products-such-as-monthly-period-tampons-2E0RKGP.jpg,/content/drive/MyDrive/Waste_Classification_FINAL/data/processed/stage4_standardized/Non-Recyclable/sanitary_napkin/1-selection-of-feminine-care-products-such-as-monthly-period-tampons-2E0RKGP.png,Non-Recyclable,train,sanitary_napkin,1,VALID
Hazardous/pesticides/act-concept-vector-illustration-stop-herbicide-use-reduce-harmful-2287834549.jpg,/content/drive/MyDrive/Waste_Classification_FINAL/data/processed/stage4_standardized/Hazardous/pesticides/act-concept-vector-illustration-stop-herbicide-use-reduce-harmful-2287834549.png,Hazardous,train,pesticides,0,VALID
Hazardous/batteries/Types-of-Batteries-Featured-Image.jpg,/content/drive/MyDrive/Waste_Classification_FINAL/data/processed/stage4_standardized/Hazardous/batteries/Types-of-Batteries-Featured-Image.png,Hazardous,train,batteries,0,VALID
Organic/coffee_tea_bags/coffee_tea_bags.jpg,/content/drive/MyDrive/Waste_Classification_FINAL/data/processed/stage4_standardized/Organic/coffee_tea_bags/coffee_tea_bags.png,Organic,train,coffee_tea_bags,2,VALID
Hazardous/e-waste/e-waste-e-waste-old-mobile-phones-battery-isolated-white-background-177536164 - Copy.jpg,/content/drive/MyDrive/Waste_Classification_FINAL/data/processed/stage4_standardized/Hazardous/e-waste/e-waste-e-waste-old-mobile-phones-battery-isolated-white-background-177536164 - Copy.png,Hazardous,train,e-waste,0,VALID
Hazardous/pesticides/pesticideanalysis-180725161324-thumbnail.jpg,/content/drive/MyDrive/Waste_Classification_FINAL/data/processed/stage4_standardized/Hazardous/pesticides/pesticideanalysis-180725161324-thumbnail.png,Hazardous,train,pesticides,0,VALID
Recyclable/cans_all_type/hed-crushed-discarded-empty-soft-drink-or-soda-aluminum-beverage-cans-R3DYM6.jpg,/content/drive/MyDrive/Waste_Classification_FINAL/data/processed/stage4_standardized/Recyclable/cans_all_type/hed-crushed-discarded-empty-soft-drink-or-soda-aluminum-beverage-cans-R3DYM6.png,Recyclable,train,cans_all_type,3,VALID
Recyclable/paper_products/stack-of-newspapers-outdoors.jpg,/content/drive/MyDrive/Waste_Classification_FINAL/data/processed/stage4_standardized/Recyclable/paper_products/stack-of-newspapers-outdoors.png,Recyclable,train,paper_products,3,VALID
Hazardous/e-waste/BLOG-Which-light-bulbs-need-a-ballast - Copy.jpg,/content/drive/MyDrive/Waste_Classification_FINAL/data/processed/stage4_standardized/Hazardous/e-waste/BLOG-Which-light-bulbs-need-a-ballast - Copy.png,Hazardous,train,e-waste,0,VALID
Hazardous/e-waste/e-waste-process - Copy.jpg,/content/drive/MyDrive/Waste_Classification_FINAL/data/processed/stage4_standardized/Hazardous/e-waste/e-waste-process - Copy.png,Hazardous,train,e-waste,0,VALID
Non-Recyclable/sanitary_napkin/girl-preparing-to-spring-clean-royalty-free-image-1643238913.jpg,/content/drive/MyDrive/Waste_Classification_FINAL/data/processed/stage4_standardized/Non-Recyclable/sanitary_napkin/girl-preparing-to-spring-clean-royalty-free-image-1643238913.png,Non-Recyclable,train,sanitary_napkin,1,VALID
Recyclable/cans_all_type/garbage-tin-can-icon-cartoon-style-vector-27372731.jpg,/content/drive/MyDrive/Waste_Classification_FINAL/data/processed/stage4_standardized/Recyclable/cans_all_type/garbage-tin-can-icon-cartoon-style-vector-27372731.png,Recyclable,train,cans_all_type,3,VALID
Organic/food_scraps/l-intro-1669916430.jpg,/content/drive/MyDrive/Waste_Classification_FINAL/data/processed/stage4_standardized/Organic/food_scraps/l-intro-1669916430.png,Organic,train,food_scraps,2,VALID
Organic/egg_shells/eggshells-in-garden.jpg,/content/drive/MyDrive/Waste_Classification_FINAL/data/processed/stage4_standardized/Organic/egg_shells/eggshells-in-garden.png,Organic,train,egg_shells,2,VALID
Organic/coffee_tea_bags/Indian_coffee_beans.jpg,/content/drive/MyDrive/Waste_Classification_FINAL/data/processed/stage4_standardized/Organic/coffee_tea_bags/Indian_coffee_beans.png,Organic,train,coffee_tea_bags,2,VALID
Hazardous/pesticides/son-sprays-toxic-pesticides-insecticides-plantation-weed-control_544249-1800.jpg,/content/drive/MyDrive/Waste_Classification_FINAL/data/processed/stage4_standardized/Hazardous/pesticides/son-sprays-toxic-pesticides-insecticides-plantation-weed-control_544249-1800.png,Hazardous,train,pesticides,0,VALID
Recyclable/plastic_bottles/Antifreeze.jpg,/content/drive/MyDrive/Waste_Classification_FINAL/data/processed/stage4_standardized/Recyclable/plastic_bottles/Antifreeze.png,Recyclable,train,plastic_bottles,3,VALID
Recyclable/plastic_bottles/soda-drink-bottles-soft-drinks-in-plastic-bottle-vector-30704743.jpg,/content/drive/MyDrive/Waste_Classification_FINAL/data/processed/stage4_standardized/Recyclable/plastic_bottles/soda-drink-bottles-soft-drinks-in-plastic-bottle-vector-30704743.png,Recyclable,train,plastic_bottles,3,VALID
Non-Recyclable/ceramic_product/30322484-clay-pottery-ceramics-in-background-broken-glass-debris-design-wall.jpg,/content/drive/MyDrive/Waste_Classification_FINAL/data/processed/stage4_standardized/Non-Recyclable/ceramic_product/30322484-clay-pottery-ceramics-in-background-broken-glass-debris-design-wall.png,Non-Recyclable,train,ceramic_product,1,VALID
Hazardous/paints/m4_ss10_fig10.7.jpg,/content/drive/MyDrive/Waste_Classification_FINAL/data/processed/stage4_standardized/Hazardous/paints/m4_ss10_fig10.7.png,Hazardous,train,paints,0,VALID
Recyclable/glass_containers/-recycle-storage-container-reduce-reuse-recycle-waste-sorting-bin-1549390778.jpg,/content/drive/MyDrive/Waste_Classification_FINAL/data/processed/stage4_standardized/Recyclable/glass_containers/-recycle-storage-container-reduce-reuse-recycle-waste-sorting-bin-1549390778.png,Recyclable,train,glass_containers,3,VALID
Organic/egg_shells/10-Cool-Things-to-Do-With-Eggshells.jpg,/content/drive/MyDrive/Waste_Classification_FINAL/data/processed/stage4_standardized/Organic/egg_shells/10-Cool-Things-to-Do-With-Eggshells.png,Organic,train,egg_shells,2,VALID
Hazardous/e-waste/outlined-compact-fluorescent-light-bulbs-stock-illustrations_csp49558453 - Copy.jpg,/content/drive/MyDrive/Waste_Classification_FINAL/data/processed/stage4_standardized/Hazardous/e-waste/outlined-compact-fluorescent-light-bulbs-stock-illustrations_csp49558453 - Copy.png,Hazardous,train,e-waste,0,VALID
Non-Recyclable/ceramic_product/800px_COLOURBOX5957211.jpg,/content/drive/MyDrive/Waste_Classification_FINAL/data/processed/stage4_standardized/Non-Recyclable/ceramic_product/800px_COLOURBOX5957211.png,Non-Recyclable,train,ceramic_product,1,VALID
Hazardous/e-waste/lightbulb-recycling - Copy.jpg,/content/drive/MyDrive/Waste_Classification_FINAL/data/processed/stage4_standardized/Hazardous/e-waste/lightbulb-recycling - Copy.png,Hazardous,train,e-waste,0,VALID
Non-Recyclable/plastics_bags_wrappers/recycled-plastic-bags-1558087110-4911635.jpg,/content/drive/MyDrive/Waste_Classification_FINAL/data/processed/stage4_standardized/Non-Recyclable/plastics_bags_wrappers/recycled-plastic-bags-1558087110-4911635.png,Non-Recyclable,train,plastics_bags_wrappers,1,AUTO_CORRECTED
Non-Recyclable/diapers/61VUeyU0dbL._AC_UF8941000_QL80_.jpg,/content/drive/MyDrive/Waste_Classification_FINAL/data/processed/stage4_standardized/Non-Recyclable/diapers/61VUeyU0dbL._AC_UF8941000_QL80_.png,Non-Recyclable,train,diapers,1,VALID
Organic/food_scraps/wasted-food2.jpg,/content/drive/MyDrive/Waste_Classification_FINAL/data/processed/stage4_standardized/Organic/food_scraps/wasted-food2.png,Organic,train,food_scraps,2,VALID
Hazardous/paints/screenshot-2022-08-03-130744.jpg,/content/drive/MyDrive/Waste_Classification_FINAL/data/processed/stage4_standardized/Hazardous/paints/screenshot-2022-08-03-130744.png,Hazardous,train,paints,0,VALID
Recyclable/cans_all_type/alum-metal.jpg,/content/drive/MyDrive/Waste_Classification_FINAL/data/processed/stage4_standardized/Recyclable/cans_all_type/alum-metal.png,Recyclable,train,cans_all_type,3,VALID
Organic/egg_shells/pexels-antony-trivet-12626269-scaled.jpg,/content/drive/MyDrive/Waste_Classification_FINAL/data/processed/stage4_standardized/Organic/egg_shells/pexels-antony-trivet-12626269-scaled.png,Organic,train,egg_shells,2,VALID
Organic/egg_shells/broken-egg-shells.jpg,/content/drive/MyDrive/Waste_Classification_FINAL/data/processed/stage4_standardized/Organic/egg_shells/broken-egg-shells.png,Organic,train,egg_shells,2,VALID
Non-Recyclable/plastics_bags_wrappers/plastic-bag-seller.jpg,/content/drive/MyDrive/Waste_Classification_FINAL/data/processed/stage4_standardized/Non-Recyclable/plastics_bags_wrappers/plastic-bag-seller.png,Non-Recyclable,train,plastics_bags_wrappers,1,AUTO_CORRECTED
Non-Recyclable/ceramic_product/depositphotos_234468602-stock-photo-collage-tile-decoration-broken-glass.jpg,/content/drive/MyDrive/Waste_Classification_FINAL/data/processed/stage4_standardized/Non-Recyclable/ceramic_product/depositphotos_234468602-stock-photo-collage-tile-decoration-broken-glass.png,Non-Recyclable,train,ceramic_product,1,VALID
Hazardous/e-waste/LED-vs-fluorescent-2022-section-1 - Copy.jpg,/content/drive/MyDrive/Waste_Classification_FINAL/data/processed/stage4_standardized/Hazardous/e-waste/LED-vs-fluorescent-2022-section-1 - Copy.png,Hazardous,train,e-waste,0,VALID
Hazardous/pesticides/Pesticide-use-herbicides-insecticides-fungicides-and-others-ie-sulfur-and-oils.jpg,/content/drive/MyDrive/Waste_Classification_FINAL/data/processed/stage4_standardized/Hazardous/pesticides/Pesticide-use-herbicides-insecticides-fungicides-and-others-ie-sulfur-and-oils.png,Hazardous,train,pesticides,0,VALID
Recyclable/cans_all_type/depositphotos_151711104-stock-photo-canned-food-3d-render.jpg,/content/drive/MyDrive/Waste_Classification_FINAL/data/processed/stage4_standardized/Recyclable/cans_all_type/depositphotos_151711104-stock-photo-canned-food-3d-render.png,Recyclable,train,cans_all_type,3,VALID
Non-Recyclable/plastics_bags_wrappers/lastic-bags-flat-vector-illustration-isolated-on-white-background-1817468831.jpg,/content/drive/MyDrive/Waste_Classification_FINAL/data/processed/stage4_standardized/Non-Recyclable/plastics_bags_wrappers/lastic-bags-flat-vector-illustration-isolated-on-white-background-1817468831.png,Non-Recyclable,train,plastics_bags_wrappers,1,AUTO_CORRECTED
Hazardous/pesticides/pesticides2.jpg,/content/drive/MyDrive/Waste_Classification_FINAL/data/processed/stage4_standardized/Hazardous/pesticides/pesticides2.png,Hazardous,train,pesticides,0,VALID
Non-Recyclable/styrofoam_product/Styrofoam-packaging-peauts-200221.jpg,/content/drive/MyDrive/Waste_Classification_FINAL/data/processed/stage4_standardized/Non-Recyclable/styrofoam_product/Styrofoam-packaging-peauts-200221.png,Non-Recyclable,train,styrofoam_product,1,AUTO_CORRECTED
Organic/kitchen_waste/food-webinar-1-1024x558.jpg,/content/drive/MyDrive/Waste_Classification_FINAL/data/processed/stage4_standardized/Organic/kitchen_waste/food-webinar-1-1024x558.png,Organic,train,kitchen_waste,2,VALID
Non-Recyclable/diapers/Dangers-of-Disposable-Diapers.jpg,/content/drive/MyDrive/Waste_Classification_FINAL/data/processed/stage4_standardized/Non-Recyclable/diapers/Dangers-of-Disposable-Diapers.png,Non-Recyclable,train,diapers,1,VALID
Organic/coffee_tea_bags/Cinnamon_4_1080x.jpg,/content/drive/MyDrive/Waste_Classification_FINAL/data/processed/stage4_standardized/Organic/coffee_tea_bags/Cinnamon_4_1080x.png,Organic,train,coffee_tea_bags,2,VALID
Organic/kitchen_waste/chennai-geetha-terrace-garden-PADMAJAJ-Jul-2022.jpg,/content/drive/MyDrive/Waste_Classification_FINAL/data/processed/stage4_standardized/Organic/kitchen_waste/chennai-geetha-terrace-garden-PADMAJAJ-Jul-2022.png,Organic,train,kitchen_waste,2,VALID
Hazardous/paints/paints-1134393.jpg,/content/drive/MyDrive/Waste_Classification_FINAL/data/processed/stage4_standardized/Hazardous/paints/paints-1134393.png,Hazardous,train,paints,0,VALID
Non-Recyclable/sanitary_napkin/3668-Feminine20hygiene20products.jpg,/content/drive/MyDrive/Waste_Classification_FINAL/data/processed/stage4_standardized/Non-Recyclable/sanitary_napkin/3668-Feminine20hygiene20products.png,Non-Recyclable,train,sanitary_napkin,1,VALID
Hazardous/pesticides/food-and-agriculture-organization-fao-locust-control-operation-preparation-F13K2X.jpg,/content/drive/MyDrive/Waste_Classification_FINAL/data/processed/stage4_standardized/Hazardous/pesticides/food-and-agriculture-organization-fao-locust-control-operation-preparation-F13K2X.png,Hazardous,train,pesticides,0,VALID
Organic/kitchen_waste/ro-waste-packaging-fresh-raw-food-seasonal-vegetables-home-kitchen-176734460.jpg,/content/drive/MyDrive/Waste_Classification_FINAL/data/processed/stage4_standardized/Organic/kitchen_waste/ro-waste-packaging-fresh-raw-food-seasonal-vegetables-home-kitchen-176734460.png,Organic,train,kitchen_waste,2,VALID
Recyclable/plastic_bottles/61355355.jpg,/content/drive/MyDrive/Waste_Classification_FINAL/data/processed/stage4_standardized/Recyclable/plastic_bottles/61355355.png,Recyclable,train,plastic_bottles,3,VALID
Non-Recyclable/plastics_bags_wrappers/58835349.jpg,/content/drive/MyDrive/Waste_Classification_FINAL/data/processed/stage4_standardized/Non-Recyclable/plastics_bags_wrappers/58835349.png,Non-Recyclable,train,plastics_bags_wrappers,1,AUTO_CORRECTED
Hazardous/e-waste/1521042165621 - Copy.jpg,/content/drive/MyDrive/Waste_Classification_FINAL/data/processed/stage4_standardized/Hazardous/e-waste/1521042165621 - Copy.png,Hazardous,train,e-waste,0,VALID
Hazardous/e-waste/Led-CFL-And-Incandescent-Bulbs-Wi-6719889-scaled - Copy.jpg,/content/drive/MyDrive/Waste_Classification_FINAL/data/processed/stage4_standardized/Hazardous/e-waste/Led-CFL-And-Incandescent-Bulbs-Wi-6719889-scaled - Copy.png,Hazardous,train,e-waste,0,VALID
Recyclable/plastic_bottles/SKINBOTTLE_P2_570x428.jpg,/content/drive/MyDrive/Waste_Classification_FINAL/data/processed/stage4_standardized/Recyclable/plastic_bottles/SKINBOTTLE_P2_570x428.png,Recyclable,train,plastic_bottles,3,VALID
Non-Recyclable/plastics_bags_wrappers/lawn-in-a-park-concept-of-cleaning-up-and-respecting-the-environment-2J44BFF.jpg,/content/drive/MyDrive/Waste_Classification_FINAL/data/processed/stage4_standardized/Non-Recyclable/plastics_bags_wrappers/lawn-in-a-park-concept-of-cleaning-up-and-respecting-the-environment-2J44BFF.png,Non-Recyclable,train,plastics_bags_wrappers,1,AUTO_CORRECTED
Organic/coffee_tea_bags/creme-brulee-coffee-12oz-ground_900x.jpg,/content/drive/MyDrive/Waste_Classification_FINAL/data/processed/stage4_standardized/Organic/coffee_tea_bags/creme-brulee-coffee-12oz-ground_900x.png,Organic,train,coffee_tea_bags,2,VALID
Recyclable/cans_all_type/l-intro-1653069533.jpg,/content/drive/MyDrive/Waste_Classification_FINAL/data/processed/stage4_standardized/Recyclable/cans_all_type/l-intro-1653069533.png,Recyclable,train,cans_all_type,3,VALID
Non-Recyclable/styrofoam_product/eom212107-gra-0001-m.jpg,/content/drive/MyDrive/Waste_Classification_FINAL/data/processed/stage4_standardized/Non-Recyclable/styrofoam_product/eom212107-gra-0001-m.png,Non-Recyclable,train,styrofoam_product,1,AUTO_CORRECTED
Organic/kitchen_waste/11062b_3e2f304708c04f77b4a2eb0de9a532e1mv2.jpg,/content/drive/MyDrive/Waste_Classification_FINAL/data/processed/stage4_standardized/Organic/kitchen_waste/11062b_3e2f304708c04f77b4a2eb0de9a532e1mv2.png,Organic,train,kitchen_waste,2,VALID
Organic/egg_shells/EggshellsGardening-3.jpg,/content/drive/MyDrive/Waste_Classification_FINAL/data/processed/stage4_standardized/Organic/egg_shells/EggshellsGardening-3.png,Organic,train,egg_shells,2,VALID
Organic/food_scraps/food-wastage-ap.jpg,/content/drive/MyDrive/Waste_Classification_FINAL/data/processed/stage4_standardized/Organic/food_scraps/food-wastage-ap.png,Organic,train,food_scraps,2,VALID
Organic/yard_trimmings/1651988918799_a-gardener-collecting-garden-waste.jpg,/content/drive/MyDrive/Waste_Classification_FINAL/data/processed/stage4_standardized/Organic/yard_trimmings/1651988918799_a-gardener-collecting-garden-waste.png,Organic,train,yard_trimmings,2,VALID
Non-Recyclable/diapers/nappies-environmental-impact-disposable-pollution-environment-soil-230432314.jpg,/content/drive/MyDrive/Waste_Classification_FINAL/data/processed/stage4_standardized/Non-Recyclable/diapers/nappies-environmental-impact-disposable-pollution-environment-soil-230432314.png,Non-Recyclable,train,diapers,1,VALID
Organic/coffee_tea_bags/00-staple-free-tea-bags-product-images-orvuii2bcls-p591403149-0-202205171557.jpg,/content/drive/MyDrive/Waste_Classification_FINAL/data/processed/stage4_standardized/Organic/coffee_tea_bags/00-staple-free-tea-bags-product-images-orvuii2bcls-p591403149-0-202205171557.png,Organic,train,coffee_tea_bags,2,VALID
Recyclable/paper_products/cardboard-waste-paper-scrap-645.jpg,/content/drive/MyDrive/Waste_Classification_FINAL/data/processed/stage4_standardized/Recyclable/paper_products/cardboard-waste-paper-scrap-645.png,Recyclable,train,paper_products,3,VALID
Non-Recyclable/plastics_bags_wrappers/21120317-d037f89a-efc0-4769-93a1-56443ed6e12f.jpg,/content/drive/MyDrive/Waste_Classification_FINAL/data/processed/stage4_standardized/Non-Recyclable/plastics_bags_wrappers/21120317-d037f89a-efc0-4769-93a1-56443ed6e12f.png,Non-Recyclable,train,plastics_bags_wrappers,1,AUTO_CORRECTED
Organic/egg_shells/feed-chickens-eggshells-calcium-feature-2-1140x912.jpg,/content/drive/MyDrive/Waste_Classification_FINAL/data/processed/stage4_standardized/Organic/egg_shells/feed-chickens-eggshells-calcium-feature-2-1140x912.png,Organic,train,egg_shells,2,VALID
Organic/yard_trimmings/Lawn-Trimming-Edging-Differneces.jpg,/content/drive/MyDrive/Waste_Classification_FINAL/data/processed/stage4_standardized/Organic/yard_trimmings/Lawn-Trimming-Edging-Differneces.png,Organic,train,yard_trimmings,2,VALID
Hazardous/e-waste/ling-issue-concept-copy-space-text-damaged-held-disposal-challenge-277763587 - Copy.jpg,/content/drive/MyDrive/Waste_Classification_FINAL/data/processed/stage4_standardized/Hazardous/e-waste/ling-issue-concept-copy-space-text-damaged-held-disposal-challenge-277763587 - Copy.png,Hazardous,train,e-waste,0,VALID
Non-Recyclable/ceramic_product/Glass-Recycling-Process-InContent.jpg,/content/drive/MyDrive/Waste_Classification_FINAL/data/processed/stage4_standardized/Non-Recyclable/ceramic_product/Glass-Recycling-Process-InContent.png,Non-Recyclable,train,ceramic_product,1,VALID
Organic/yard_trimmings/lawn-mower-green-grass.jpg,/content/drive/MyDrive/Waste_Classification_FINAL/data/processed/stage4_standardized/Organic/yard_trimmings/lawn-mower-green-grass.png,Organic,train,yard_trimmings,2,VALID
Hazardous/e-waste/how-to-dispose-of-fluorescent-light-bulbs - Copy.jpg,/content/drive/MyDrive/Waste_Classification_FINAL/data/processed/stage4_standardized/Hazardous/e-waste/how-to-dispose-of-fluorescent-light-bulbs - Copy.png,Hazardous,train,e-waste,0,VALID
Hazardous/pesticides/phenyl-and-any-keetnashaak-pesticides-insecticides-original-imafjzmxq6gs5bgr.jpg,/content/drive/MyDrive/Waste_Classification_FINAL/data/processed/stage4_standardized/Hazardous/pesticides/phenyl-and-any-keetnashaak-pesticides-insecticides-original-imafjzmxq6gs5bgr.png,Hazardous,train,pesticides,0,VALID
Hazardous/e-waste/set-different-types-light-bulbs-incandescent-compact-fluorescent-lamp_223337-667 - Copy.jpg,/content/drive/MyDrive/Waste_Classification_FINAL/data/processed/stage4_standardized/Hazardous/e-waste/set-different-types-light-bulbs-incandescent-compact-fluorescent-lamp_223337-667 - Copy.png,Hazardous,train,e-waste,0,VALID
Hazardous/pesticides/08c2d5475f254215f90c5fcde77ec4b4.jpg,/content/drive/MyDrive/Waste_Classification_FINAL/data/processed/stage4_standardized/Hazardous/pesticides/08c2d5475f254215f90c5fcde77ec4b4.png,Hazardous,train,pesticides,0,VALID
Recyclable/cans_all_type/imgbin-beer-recycling-bottle-beverage-can-waste-container-n16Eb9uEgizMUQNdZ2pyKAidT.jpg,/content/drive/MyDrive/Waste_Classification_FINAL/data/processed/stage4_standardized/Recyclable/cans_all_type/imgbin-beer-recycling-bottle-beverage-can-waste-container-n16Eb9uEgizMUQNdZ2pyKAidT.png,Recyclable,train,cans_all_type,3,VALID
Hazardous/paints/Paint-Solvents-and-Thinners.jpg,/content/drive/MyDrive/Waste_Classification_FINAL/data/processed/stage4_standardized/Hazardous/paints/Paint-Solvents-and-Thinners.png,Hazardous,train,paints,0,VALID
Hazardous/paints/15-new.jpg,/content/drive/MyDrive/Waste_Classification_FINAL/data/processed/stage4_standardized/Hazardous/paints/15-new.png,Hazardous,train,paints,0,VALID
Hazardous/e-waste/db4789b29626 - Copy.jpg,/content/drive/MyDrive/Waste_Classification_FINAL/data/processed/stage4_standardized/Hazardous/e-waste/db4789b29626 - Copy.png,Hazardous,train,e-waste,0,VALID
Non-Recyclable/styrofoam_product/foam-packaging-waste.jpg,/content/drive/MyDrive/Waste_Classification_FINAL/data/processed/stage4_standardized/Non-Recyclable/styrofoam_product/foam-packaging-waste.png,Non-Recyclable,train,styrofoam_product,1,AUTO_CORRECTED
Organic/kitchen_waste/Food-Waste-based-Bio-gas-Plant-1.jpg,/content/drive/MyDrive/Waste_Classification_FINAL/data/processed/stage4_standardized/Organic/kitchen_waste/Food-Waste-based-Bio-gas-Plant-1.png,Organic,train,kitchen_waste,2,VALID
Hazardous/e-waste/electronic-waste - Copy.jpg,/content/drive/MyDrive/Waste_Classification_FINAL/data/processed/stage4_standardized/Hazardous/e-waste/electronic-waste - Copy.png,Hazardous,train,e-waste,0,VALID
Non-Recyclable/diapers/sable-Diapers-for-Babies-Toddlers-and-the-Environment-1296x728-Header_ecafa7.jpg,/content/drive/MyDrive/Waste_Classification_FINAL/data/processed/stage4_standardized/Non-Recyclable/diapers/sable-Diapers-for-Babies-Toddlers-and-the-Environment-1296x728-Header_ecafa7.png,Non-Recyclable,train,diapers,1,VALID
Recyclable/glass_containers/FMCNJR900-02-1.jpg,/content/drive/MyDrive/Waste_Classification_FINAL/data/processed/stage4_standardized/Recyclable/glass_containers/FMCNJR900-02-1.png,Recyclable,train,glass_containers,3,VALID
Recyclable/cans_all_type/Drinking_can_ring-pull_tab.jpg,/content/drive/MyDrive/Waste_Classification_FINAL/data/processed/stage4_standardized/Recyclable/cans_all_type/Drinking_can_ring-pull_tab.png,Recyclable,train,cans_all_type,3,VALID
Non-Recyclable/plastics_bags_wrappers/india-plastic-23_custom-13998d9ff8fe44ed9ab4040afd7381cf716bdaab-s1100-c50.jpg,/content/drive/MyDrive/Waste_Classification_FINAL/data/processed/stage4_standardized/Non-Recyclable/plastics_bags_wrappers/india-plastic-23_custom-13998d9ff8fe44ed9ab4040afd7381cf716bdaab-s1100-c50.png,Non-Recyclable,train,plastics_bags_wrappers,1,AUTO_CORRECTED
Hazardous/pesticides/GEF_ChemicalsWaste_2023_04-1.jpg,/content/drive/MyDrive/Waste_Classification_FINAL/data/processed/stage4_standardized/Hazardous/pesticides/GEF_ChemicalsWaste_2023_04-1.png,Hazardous,train,pesticides,0,VALID
Hazardous/pesticides/n-spraying-toxic-pesticides-insecticides-corn-growing-plantation_473712-3185.jpg,/content/drive/MyDrive/Waste_Classification_FINAL/data/processed/stage4_standardized/Hazardous/pesticides/n-spraying-toxic-pesticides-insecticides-corn-growing-plantation_473712-3185.png,Hazardous,train,pesticides,0,VALID
Hazardous/pesticides/pesticide2.jpg,/content/drive/MyDrive/Waste_Classification_FINAL/data/processed/stage4_standardized/Hazardous/pesticides/pesticide2.png,Hazardous,train,pesticides,0,VALID
Non-Recyclable/styrofoam_product/polystyrene-or-styrofoam-protective-packaging-beads-M964HY.jpg,/content/drive/MyDrive/Waste_Classification_FINAL/data/processed/stage4_standardized/Non-Recyclable/styrofoam_product/polystyrene-or-styrofoam-protective-packaging-beads-M964HY.png,Non-Recyclable,train,styrofoam_product,1,AUTO_CORRECTED
Non-Recyclable/sanitary_napkin/safe-alternatives-to-pads-and-tampons.jpg,/content/drive/MyDrive/Waste_Classification_FINAL/data/processed/stage4_standardized/Non-Recyclable/sanitary_napkin/safe-alternatives-to-pads-and-tampons.png,Non-Recyclable,train,sanitary_napkin,1,VALID
Non-Recyclable/diapers/100444583_8-pampers-active-baby-diapers-small-3-8-kg.jpg,/content/drive/MyDrive/Waste_Classification_FINAL/data/processed/stage4_standardized/Non-Recyclable/diapers/100444583_8-pampers-active-baby-diapers-small-3-8-kg.png,Non-Recyclable,train,diapers,1,VALID
Recyclable/glass_containers/634e4f17051e7764aa233984-25ml-empty-seal-jars-glass-bottle-with.jpg,/content/drive/MyDrive/Waste_Classification_FINAL/data/processed/stage4_standardized/Recyclable/glass_containers/634e4f17051e7764aa233984-25ml-empty-seal-jars-glass-bottle-with.png,Recyclable,train,glass_containers,3,VALID
Organic/kitchen_waste/Food-Waste-Management--scaled.jpg,/content/drive/MyDrive/Waste_Classification_FINAL/data/processed/stage4_standardized/Organic/kitchen_waste/Food-Waste-Management--scaled.png,Organic,train,kitchen_waste,2,VALID
Organic/kitchen_waste/1595698103_herbs-in-pots-istock-456025839.jpg,/content/drive/MyDrive/Waste_Classification_FINAL/data/processed/stage4_standardized/Organic/kitchen_waste/1595698103_herbs-in-pots-istock-456025839.png,Organic,train,kitchen_waste,2,VALID
Recyclable/cans_all_type/tin-can-crafts-ft.jpg,/content/drive/MyDrive/Waste_Classification_FINAL/data/processed/stage4_standardized/Recyclable/cans_all_type/tin-can-crafts-ft.png,Recyclable,train,cans_all_type,3,VALID
Recyclable/cans_all_type/ubcs.jpg,/content/drive/MyDrive/Waste_Classification_FINAL/data/processed/stage4_standardized/Recyclable/cans_all_type/ubcs.png,Recyclable,train,cans_all_type,3,VALID
Non-Recyclable/sanitary_napkin/Types-Of-Bathroom-Accessories-01-0313090001.jpg,/content/drive/MyDrive/Waste_Classification_FINAL/data/processed/stage4_standardized/Non-Recyclable/sanitary_napkin/Types-Of-Bathroom-Accessories-01-0313090001.png,Non-Recyclable,train,sanitary_napkin,1,VALID
Recyclable/plastic_bottles/Pic1Waste-sorters-aggregators.jpg,/content/drive/MyDrive/Waste_Classification_FINAL/data/processed/stage4_standardized/Recyclable/plastic_bottles/Pic1Waste-sorters-aggregators.png,Recyclable,train,plastic_bottles,3,VALID
Hazardous/e-waste/shutterstock_139275554-1024x600 - Copy.jpg,/content/drive/MyDrive/Waste_Classification_FINAL/data/processed/stage4_standardized/Hazardous/e-waste/shutterstock_139275554-1024x600 - Copy.png,Hazardous,train,e-waste,0,VALID
Recyclable/paper_products/Paper-scaled.jpg,/content/drive/MyDrive/Waste_Classification_FINAL/data/processed/stage4_standardized/Recyclable/paper_products/Paper-scaled.png,Recyclable,train,paper_products,3,VALID
Organic/egg_shells/bowl-containing-eggshells.jpg,/content/drive/MyDrive/Waste_Classification_FINAL/data/processed/stage4_standardized/Organic/egg_shells/bowl-containing-eggshells.png,Organic,train,egg_shells,2,VALID
Organic/food_scraps/0.32790600_1489483849_food-loss.jpg,/content/drive/MyDrive/Waste_Classification_FINAL/data/processed/stage4_standardized/Organic/food_scraps/0.32790600_1489483849_food-loss.png,Organic,train,food_scraps,2,VALID
Hazardous/batteries/imagescxsuu.jpg,/content/drive/MyDrive/Waste_Classification_FINAL/data/processed/stage4_standardized/Hazardous/batteries/imagescxsuu.png,Hazardous,train,batteries,0,VALID
Recyclable/plastic_bottles/ple-soft-drink-bottles-without-and-with-drops-on-white-background-2080245079.jpg,/content/drive/MyDrive/Waste_Classification_FINAL/data/processed/stage4_standardized/Recyclable/plastic_bottles/ple-soft-drink-bottles-without-and-with-drops-on-white-background-2080245079.png,Recyclable,train,plastic_bottles,3,VALID
Hazardous/paints/ts-used-for-paint-painting-and-finishing-isolated-on-natural-white-411279802.jpg,/content/drive/MyDrive/Waste_Classification_FINAL/data/processed/stage4_standardized/Hazardous/paints/ts-used-for-paint-painting-and-finishing-isolated-on-natural-white-411279802.png,Hazardous,train,paints,0,VALID
Non-Recyclable/plastics_bags_wrappers/20-Plastic-Bag-Crafts-To-Reuse-And-Recycle.jpg,/content/drive/MyDrive/Waste_Classification_FINAL/data/processed/stage4_standardized/Non-Recyclable/plastics_bags_wrappers/20-Plastic-Bag-Crafts-To-Reuse-And-Recycle.png,Non-Recyclable,train,plastics_bags_wrappers,1,AUTO_CORRECTED
Non-Recyclable/sanitary_napkin/Types-of-sanitary-products-used-by-women-during-menstruation-are-a-reusable-cloth-pads.jpg,/content/drive/MyDrive/Waste_Classification_FINAL/data/processed/stage4_standardized/Non-Recyclable/sanitary_napkin/Types-of-sanitary-products-used-by-women-during-menstruation-are-a-reusable-cloth-pads.png,Non-Recyclable,train,sanitary_napkin,1,VALID
Hazardous/paints/640px-White_spirit.JPG.jpg,/content/drive/MyDrive/Waste_Classification_FINAL/data/processed/stage4_standardized/Hazardous/paints/640px-White_spirit.JPG.png,Hazardous,train,paints,0,VALID
Organic/food_scraps/household-food-waste-for-compositing-BE06K7.jpg,/content/drive/MyDrive/Waste_Classification_FINAL/data/processed/stage4_standardized/Organic/food_scraps/household-food-waste-for-compositing-BE06K7.png,Organic,train,food_scraps,2,VALID
Hazardous/e-waste/Optimized-ewaste-middle-east - Copy.jpg,/content/drive/MyDrive/Waste_Classification_FINAL/data/processed/stage4_standardized/Hazardous/e-waste/Optimized-ewaste-middle-east - Copy.png,Hazardous,train,e-waste,0,VALID
Recyclable/cans_all_type/canned-food_wide-e18ed729392a8ac2763dff282529fe7bc0e834b9-s1400-c100.jpg,/content/drive/MyDrive/Waste_Classification_FINAL/data/processed/stage4_standardized/Recyclable/cans_all_type/canned-food_wide-e18ed729392a8ac2763dff282529fe7bc0e834b9-s1400-c100.png,Recyclable,train,cans_all_type,3,VALID
Non-Recyclable/ceramic_product/glass-disposal.jpg,/content/drive/MyDrive/Waste_Classification_FINAL/data/processed/stage4_standardized/Non-Recyclable/ceramic_product/glass-disposal.png,Non-Recyclable,train,ceramic_product,1,VALID
Organic/food_scraps/Food-scraps-and-waste.jpg,/content/drive/MyDrive/Waste_Classification_FINAL/data/processed/stage4_standardized/Organic/food_scraps/Food-scraps-and-waste.png,Organic,train,food_scraps,2,VALID
Non-Recyclable/sanitary_napkin/15-Best-Feminine-Hygiene-Products.jpg,/content/drive/MyDrive/Waste_Classification_FINAL/data/processed/stage4_standardized/Non-Recyclable/sanitary_napkin/15-Best-Feminine-Hygiene-Products.png,Non-Recyclable,train,sanitary_napkin,1,VALID
Recyclable/paper_products/Corrugated20Packaging20Teaser20Image20Complete.jpg,/content/drive/MyDrive/Waste_Classification_FINAL/data/processed/stage4_standardized/Recyclable/paper_products/Corrugated20Packaging20Teaser20Image20Complete.png,Recyclable,train,paper_products,3,VALID
Non-Recyclable/diapers/10586_1-Front.jpg,/content/drive/MyDrive/Waste_Classification_FINAL/data/processed/stage4_standardized/Non-Recyclable/diapers/10586_1-Front.png,Non-Recyclable,train,diapers,1,VALID
Hazardous/batteries/sciadv.abm2422-f1.jpg,/content/drive/MyDrive/Waste_Classification_FINAL/data/processed/stage4_standardized/Hazardous/batteries/sciadv.abm2422-f1.png,Hazardous,train,batteries,0,VALID
Organic/food_scraps/innovationsustainabilitya-home-bin-turning-food-scraps-into-farm-feed.jpg,/content/drive/MyDrive/Waste_Classification_FINAL/data/processed/stage4_standardized/Organic/food_scraps/innovationsustainabilitya-home-bin-turning-food-scraps-into-farm-feed.png,Organic,train,food_scraps,2,VALID
Non-Recyclable/ceramic_product/granby-workshop-assemble-ceramics-design_dezeen_2364_col_5-852x852.jpg,/content/drive/MyDrive/Waste_Classification_FINAL/data/processed/stage4_standardized/Non-Recyclable/ceramic_product/granby-workshop-assemble-ceramics-design_dezeen_2364_col_5-852x852.png,Non-Recyclable,train,ceramic_product,1,VALID
Non-Recyclable/styrofoam_product/200114-compostable-packaging-cups-utensils-plates.pla-plastic-waste-pollution-3-salad.jpg,/content/drive/MyDrive/Waste_Classification_FINAL/data/processed/stage4_standardized/Non-Recyclable/styrofoam_product/200114-compostable-packaging-cups-utensils-plates.pla-plastic-waste-pollution-3-salad.png,Non-Recyclable,train,styrofoam_product,1,AUTO_CORRECTED
Hazardous/e-waste/Compact-fluorescent-lamps - Copy.jpg,/content/drive/MyDrive/Waste_Classification_FINAL/data/processed/stage4_standardized/Hazardous/e-waste/Compact-fluorescent-lamps - Copy.png,Hazardous,train,e-waste,0,VALID
Hazardous/paints/712jw2JuLGL.jpg,/content/drive/MyDrive/Waste_Classification_FINAL/data/processed/stage4_standardized/Hazardous/paints/712jw2JuLGL.png,Hazardous,train,paints,0,VALID
Organic/coffee_tea_bags/beans.jpg,/content/drive/MyDrive/Waste_Classification_FINAL/data/processed/stage4_standardized/Organic/coffee_tea_bags/beans.png,Organic,train,coffee_tea_bags,2,VALID
Hazardous/batteries/batteries2.jpg,/content/drive/MyDrive/Waste_Classification_FINAL/data/processed/stage4_standardized/Hazardous/batteries/batteries2.png,Hazardous,train,batteries,0,VALID
Non-Recyclable/styrofoam_product/e3ea5ac8147d2274b0e1f61b09fbedc2.jpg,/content/drive/MyDrive/Waste_Classification_FINAL/data/processed/stage4_standardized/Non-Recyclable/styrofoam_product/e3ea5ac8147d2274b0e1f61b09fbedc2.png,Non-Recyclable,train,styrofoam_product,1,AUTO_CORRECTED
Organic/yard_trimmings/ghows-OH-87fd5305-18d9-4f81-8846-5a19428471c8-76bdaf05.jpg,/content/drive/MyDrive/Waste_Classification_FINAL/data/processed/stage4_standardized/Organic/yard_trimmings/ghows-OH-87fd5305-18d9-4f81-8846-5a19428471c8-76bdaf05.png,Organic,train,yard_trimmings,2,VALID
Non-Recyclable/diapers/61h5qokt9sL.jpg,/content/drive/MyDrive/Waste_Classification_FINAL/data/processed/stage4_standardized/Non-Recyclable/diapers/61h5qokt9sL.png,Non-Recyclable,train,diapers,1,VALID
Hazardous/batteries/AdobeStock_58870390.jpg,/content/drive/MyDrive/Waste_Classification_FINAL/data/processed/stage4_standardized/Hazardous/batteries/AdobeStock_58870390.png,Hazardous,train,batteries,0,VALID
Hazardous/paints/Composition-of-Solvent-borne-Paints_Q320.jpg,/content/drive/MyDrive/Waste_Classification_FINAL/data/processed/stage4_standardized/Hazardous/paints/Composition-of-Solvent-borne-Paints_Q320.png,Hazardous,train,paints,0,VALID
Recyclable/cans_all_type/healthy-canned-soups-campbells-98-percent-fat-free-broccoli-cheese.jpg,/content/drive/MyDrive/Waste_Classification_FINAL/data/processed/stage4_standardized/Recyclable/cans_all_type/healthy-canned-soups-campbells-98-percent-fat-free-broccoli-cheese.png,Recyclable,train,cans_all_type,3,VALID
Recyclable/paper_products/perspectives20on20paper20and20forest20products20in202022_1124440215_thumb_1536x1536.jpg,/content/drive/MyDrive/Waste_Classification_FINAL/data/processed/stage4_standardized/Recyclable/paper_products/perspectives20on20paper20and20forest20products20in202022_1124440215_thumb_1536x1536.png,Recyclable,train,paper_products,3,VALID
Organic/yard_trimmings/Bring-yard-waste-containr-to-curb2-scaled.jpg,/content/drive/MyDrive/Waste_Classification_FINAL/data/processed/stage4_standardized/Organic/yard_trimmings/Bring-yard-waste-containr-to-curb2-scaled.png,Organic,train,yard_trimmings,2,VALID
Hazardous/pesticides/ecticides-vegetable-garden-man-protective-workwear-gloves-spraying-123408462.jpg,/content/drive/MyDrive/Waste_Classification_FINAL/data/processed/stage4_standardized/Hazardous/pesticides/ecticides-vegetable-garden-man-protective-workwear-gloves-spraying-123408462.png,Hazardous,train,pesticides,0,VALID
Organic/kitchen_waste/waste-machine-759.jpg,/content/drive/MyDrive/Waste_Classification_FINAL/data/processed/stage4_standardized/Organic/kitchen_waste/waste-machine-759.png,Organic,train,kitchen_waste,2,VALID
Organic/kitchen_waste/Zero-Waste-Dishes_825_432_int.jpg,/content/drive/MyDrive/Waste_Classification_FINAL/data/processed/stage4_standardized/Organic/kitchen_waste/Zero-Waste-Dishes_825_432_int.png,Organic,train,kitchen_waste,2,VALID
Organic/kitchen_waste/New_Food_Diagram_Image3130.jpg,/content/drive/MyDrive/Waste_Classification_FINAL/data/processed/stage4_standardized/Organic/kitchen_waste/New_Food_Diagram_Image3130.png,Organic,train,kitchen_waste,2,VALID
Non-Recyclable/styrofoam_product/StyrofoamContainers.jpg,/content/drive/MyDrive/Waste_Classification_FINAL/data/processed/stage4_standardized/Non-Recyclable/styrofoam_product/StyrofoamContainers.png,Non-Recyclable,train,styrofoam_product,1,AUTO_CORRECTED
Recyclable/plastic_bottles/F7GECBQH3Z3V3FE.jpg,/content/drive/MyDrive/Waste_Classification_FINAL/data/processed/stage4_standardized/Recyclable/plastic_bottles/F7GECBQH3Z3V3FE.png,Recyclable,train,plastic_bottles,3,VALID
Recyclable/glass_containers/my-borosil-storage-jars-750-ml-1l-1-3l-endura-airtight-glass-jar-set-of-3-30021303861386.jpg,/content/drive/MyDrive/Waste_Classification_FINAL/data/processed/stage4_standardized/Recyclable/glass_containers/my-borosil-storage-jars-750-ml-1l-1-3l-endura-airtight-glass-jar-set-of-3-30021303861386.png,Recyclable,train,glass_containers,3,VALID
Organic/coffee_tea_bags/239869-coffee.jpg,/content/drive/MyDrive/Waste_Classification_FINAL/data/processed/stage4_standardized/Organic/coffee_tea_bags/239869-coffee.png,Organic,train,coffee_tea_bags,2,VALID
Non-Recyclable/plastics_bags_wrappers/91t-2KbjSxL.jpg,/content/drive/MyDrive/Waste_Classification_FINAL/data/processed/stage4_standardized/Non-Recyclable/plastics_bags_wrappers/91t-2KbjSxL.png,Non-Recyclable,train,plastics_bags_wrappers,1,AUTO_CORRECTED
Non-Recyclable/diapers/ZbAzUBfb1th1EGMXQqMRogPdjRRfwc8q7VCHQsjz.jpg,/content/drive/MyDrive/Waste_Classification_FINAL/data/processed/stage4_standardized/Non-Recyclable/diapers/ZbAzUBfb1th1EGMXQqMRogPdjRRfwc8q7VCHQsjz.png,Non-Recyclable,train,diapers,1,VALID
Organic/kitchen_waste/Health-benefits-of-plant-based-diet.jpg,/content/drive/MyDrive/Waste_Classification_FINAL/data/processed/stage4_standardized/Organic/kitchen_waste/Health-benefits-of-plant-based-diet.png,Organic,train,kitchen_waste,2,VALID
Organic/food_scraps/FoodScraps_667731404_Feature.jpg,/content/drive/MyDrive/Waste_Classification_FINAL/data/processed/stage4_standardized/Organic/food_scraps/FoodScraps_667731404_Feature.png,Organic,train,food_scraps,2,VALID
Organic/yard_trimmings/yardwaste.jpg,/content/drive/MyDrive/Waste_Classification_FINAL/data/processed/stage4_standardized/Organic/yard_trimmings/yardwaste.png,Organic,train,yard_trimmings,2,VALID
Hazardous/paints/soldier-paints-solvent-thinner-paint.jpg,/content/drive/MyDrive/Waste_Classification_FINAL/data/processed/stage4_standardized/Hazardous/paints/soldier-paints-solvent-thinner-paint.png,Hazardous,train,paints,0,VALID
Hazardous/e-waste/E-Waste20types-493414483 - Copy.jpg,/content/drive/MyDrive/Waste_Classification_FINAL/data/processed/stage4_standardized/Hazardous/e-waste/E-Waste20types-493414483 - Copy.png,Hazardous,train,e-waste,0,VALID
Hazardous/e-waste/recycle-e-waste-new-aug-22 - Copy.jpg,/content/drive/MyDrive/Waste_Classification_FINAL/data/processed/stage4_standardized/Hazardous/e-waste/recycle-e-waste-new-aug-22 - Copy.png,Hazardous,train,e-waste,0,VALID
Hazardous/batteries/Batteries_-Lithium-Ion-Battery-and-Lithium-Polymer-Battery-Explained.jpg,/content/drive/MyDrive/Waste_Classification_FINAL/data/processed/stage4_standardized/Hazardous/batteries/Batteries_-Lithium-Ion-Battery-and-Lithium-Polymer-Battery-Explained.png,Hazardous,train,batteries,0,VALID
Recyclable/cans_all_type/FAY2IG7KP2MDA7F.jpg,/content/drive/MyDrive/Waste_Classification_FINAL/data/processed/stage4_standardized/Recyclable/cans_all_type/FAY2IG7KP2MDA7F.png,Recyclable,train,cans_all_type,3,VALID
Organic/egg_shells/composting-eggshells.jpg,/content/drive/MyDrive/Waste_Classification_FINAL/data/processed/stage4_standardized/Organic/egg_shells/composting-eggshells.png,Organic,train,egg_shells,2,VALID
Hazardous/pesticides/HERBICIDES-2.jpg,/content/drive/MyDrive/Waste_Classification_FINAL/data/processed/stage4_standardized/Hazardous/pesticides/HERBICIDES-2.png,Hazardous,train,pesticides,0,VALID
Recyclable/plastic_bottles/PETE-Plastic-Bottle-Food-Storage-Post-Thumbnail-Copyright-Your-Family-Ark-LLC-950x666.jpg,/content/drive/MyDrive/Waste_Classification_FINAL/data/processed/stage4_standardized/Recyclable/plastic_bottles/PETE-Plastic-Bottle-Food-Storage-Post-Thumbnail-Copyright-Your-Family-Ark-LLC-950x666.png,Recyclable,train,plastic_bottles,3,VALID
Non-Recyclable/plastics_bags_wrappers/Addictedtopl_ArsElectronica.jpg,/content/drive/MyDrive/Waste_Classification_FINAL/data/processed/stage4_standardized/Non-Recyclable/plastics_bags_wrappers/Addictedtopl_ArsElectronica.png,Non-Recyclable,train,plastics_bags_wrappers,1,AUTO_CORRECTED
Organic/yard_trimmings/lawn-mower-grass-yard-trimmings---getty-images.jpg,/content/drive/MyDrive/Waste_Classification_FINAL/data/processed/stage4_standardized/Organic/yard_trimmings/lawn-mower-grass-yard-trimmings---getty-images.png,Organic,train,yard_trimmings,2,VALID
Recyclable/glass_containers/jam-1106592_960_720.jpg,/content/drive/MyDrive/Waste_Classification_FINAL/data/processed/stage4_standardized/Recyclable/glass_containers/jam-1106592_960_720.png,Recyclable,train,glass_containers,3,VALID
Hazardous/e-waste/_elektroschrott_hardware_kp_1200_a97c5f3517_8f5684198f6489c7d84856d3efe3ad10 - Copy.jpg,/content/drive/MyDrive/Waste_Classification_FINAL/data/processed/stage4_standardized/Hazardous/e-waste/_elektroschrott_hardware_kp_1200_a97c5f3517_8f5684198f6489c7d84856d3efe3ad10 - Copy.png,Hazardous,train,e-waste,0,VALID
Non-Recyclable/diapers/UNDP-SZ-Disposable-Diapers-2021.jpg,/content/drive/MyDrive/Waste_Classification_FINAL/data/processed/stage4_standardized/Non-Recyclable/diapers/UNDP-SZ-Disposable-Diapers-2021.png,Non-Recyclable,train,diapers,1,VALID
Hazardous/e-waste/e-waste-policy-recast-to-focus-on-no-of-products-recycled - Copy.jpg,/content/drive/MyDrive/Waste_Classification_FINAL/data/processed/stage4_standardized/Hazardous/e-waste/e-waste-policy-recast-to-focus-on-no-of-products-recycled - Copy.png,Hazardous,train,e-waste,0,VALID
Hazardous/e-waste/negative-side-of-compact-flourescent-bulbs-cfls - Copy.jpg,/content/drive/MyDrive/Waste_Classification_FINAL/data/processed/stage4_standardized/Hazardous/e-waste/negative-side-of-compact-flourescent-bulbs-cfls - Copy.png,Hazardous,train,e-waste,0,VALID
Recyclable/paper_products/-garbage-and-reusable-waste-management-old-paper-products-to-be-reused-waste.jpg,/content/drive/MyDrive/Waste_Classification_FINAL/data/processed/stage4_standardized/Recyclable/paper_products/-garbage-and-reusable-waste-management-old-paper-products-to-be-reused-waste.png,Recyclable,train,paper_products,3,VALID
Non-Recyclable/ceramic_product/woman_sort_recycle_glass_bin.jpg,/content/drive/MyDrive/Waste_Classification_FINAL/data/processed/stage4_standardized/Non-Recyclable/ceramic_product/woman_sort_recycle_glass_bin.png,Non-Recyclable,train,ceramic_product,1,VALID
Non-Recyclable/plastics_bags_wrappers/earth-globe-plastic-bag-pollution-ecology-environment-planet-global-warming_772720-4773.jpg,/content/drive/MyDrive/Waste_Classification_FINAL/data/processed/stage4_standardized/Non-Recyclable/plastics_bags_wrappers/earth-globe-plastic-bag-pollution-ecology-environment-planet-global-warming_772720-4773.png,Non-Recyclable,train,plastics_bags_wrappers,1,AUTO_CORRECTED
Recyclable/plastic_bottles/botella-plastico.jpg,/content/drive/MyDrive/Waste_Classification_FINAL/data/processed/stage4_standardized/Recyclable/plastic_bottles/botella-plastico.png,Recyclable,train,plastic_bottles,3,VALID
Non-Recyclable/diapers/p-view-of-used-disposable-diapers-extracted-from-the-parana-river-2306692315.jpg,/content/drive/MyDrive/Waste_Classification_FINAL/data/processed/stage4_standardized/Non-Recyclable/diapers/p-view-of-used-disposable-diapers-extracted-from-the-parana-river-2306692315.png,Non-Recyclable,train,diapers,1,VALID
Hazardous/batteries/using-alkaline-batteries-in-your-application.jpg,/content/drive/MyDrive/Waste_Classification_FINAL/data/processed/stage4_standardized/Hazardous/batteries/using-alkaline-batteries-in-your-application.png,Hazardous,train,batteries,0,VALID
Organic/coffee_tea_bags/68345197.jpg,/content/drive/MyDrive/Waste_Classification_FINAL/data/processed/stage4_standardized/Organic/coffee_tea_bags/68345197.png,Organic,train,coffee_tea_bags,2,VALID
Non-Recyclable/ceramic_product/stock-photo-broken-ceramics-dishes-in-wall-background-stock-images-214036360.jpg,/content/drive/MyDrive/Waste_Classification_FINAL/data/processed/stage4_standardized/Non-Recyclable/ceramic_product/stock-photo-broken-ceramics-dishes-in-wall-background-stock-images-214036360.png,Non-Recyclable,train,ceramic_product,1,VALID
Non-Recyclable/diapers/nappies-environmental-impact-disposable-pollution-environment-soil-230573896.jpg,/content/drive/MyDrive/Waste_Classification_FINAL/data/processed/stage4_standardized/Non-Recyclable/diapers/nappies-environmental-impact-disposable-pollution-environment-soil-230573896.png,Non-Recyclable,train,diapers,1,VALID
Organic/food_scraps/composition-compost-made-rotten-food_23-2149073812.jpg,/content/drive/MyDrive/Waste_Classification_FINAL/data/processed/stage4_standardized/Organic/food_scraps/composition-compost-made-rotten-food_23-2149073812.png,Organic,train,food_scraps,2,VALID
Recyclable/plastic_bottles/Aluminium_Plastics_Wood-Mackenzie-1200x675.jpg,/content/drive/MyDrive/Waste_Classification_FINAL/data/processed/stage4_standardized/Recyclable/plastic_bottles/Aluminium_Plastics_Wood-Mackenzie-1200x675.png,Recyclable,train,plastic_bottles,3,VALID
Organic/coffee_tea_bags/4x12-Coffee-Sampler-LG_1024x1024.jpg,/content/drive/MyDrive/Waste_Classification_FINAL/data/processed/stage4_standardized/Organic/coffee_tea_bags/4x12-Coffee-Sampler-LG_1024x1024.png,Organic,train,coffee_tea_bags,2,VALID
Hazardous/e-waste/detail_th_lightbulbs_cfl_content.jpg - Copy.jpg,/content/drive/MyDrive/Waste_Classification_FINAL/data/processed/stage4_standardized/Hazardous/e-waste/detail_th_lightbulbs_cfl_content.jpg - Copy.png,Hazardous,train,e-waste,0,VALID
Organic/food_scraps/shutterstock_649541308-1-16410171154x3.jpg,/content/drive/MyDrive/Waste_Classification_FINAL/data/processed/stage4_standardized/Organic/food_scraps/shutterstock_649541308-1-16410171154x3.png,Organic,train,food_scraps,2,VALID
Recyclable/cans_all_type/47036.jpg,/content/drive/MyDrive/Waste_Classification_FINAL/data/processed/stage4_standardized/Recyclable/cans_all_type/47036.png,Recyclable,train,cans_all_type,3,VALID
Recyclable/cans_all_type/NUNVBKEABUI6VBGCA6JNQWIZCE.jpg,/content/drive/MyDrive/Waste_Classification_FINAL/data/processed/stage4_standardized/Recyclable/cans_all_type/NUNVBKEABUI6VBGCA6JNQWIZCE.png,Recyclable,train,cans_all_type,3,VALID
Organic/egg_shells/Walking-on-eggshells-blog-graphics_Facebook.jpg,/content/drive/MyDrive/Waste_Classification_FINAL/data/processed/stage4_standardized/Organic/egg_shells/Walking-on-eggshells-blog-graphics_Facebook.png,Organic,train,egg_shells,2,VALID
Recyclable/cans_all_type/81kUqWM64rL.jpg,/content/drive/MyDrive/Waste_Classification_FINAL/data/processed/stage4_standardized/Recyclable/cans_all_type/81kUqWM64rL.png,Recyclable,train,cans_all_type,3,VALID
Non-Recyclable/ceramic_product/the-old-broken-glass-cup-D8GBJ9.jpg,/content/drive/MyDrive/Waste_Classification_FINAL/data/processed/stage4_standardized/Non-Recyclable/ceramic_product/the-old-broken-glass-cup-D8GBJ9.png,Non-Recyclable,train,ceramic_product,1,VALID
Hazardous/batteries/800px-Alkali_battery_5.jpg,/content/drive/MyDrive/Waste_Classification_FINAL/data/processed/stage4_standardized/Hazardous/batteries/800px-Alkali_battery_5.png,Hazardous,train,batteries,0,VALID
Recyclable/plastic_bottles/Numbers_Behind_Water_Bottles2_099693d4-be78-45e8-bc4c-007319ffe0ac_1024x1024.jpg,/content/drive/MyDrive/Waste_Classification_FINAL/data/processed/stage4_standardized/Recyclable/plastic_bottles/Numbers_Behind_Water_Bottles2_099693d4-be78-45e8-bc4c-007319ffe0ac_1024x1024.png,Recyclable,train,plastic_bottles,3,VALID
Recyclable/cans_all_type/aluminum-can-recycling.jpg,/content/drive/MyDrive/Waste_Classification_FINAL/data/processed/stage4_standardized/Recyclable/cans_all_type/aluminum-can-recycling.png,Recyclable,train,cans_all_type,3,VALID
Hazardous/e-waste/e-schrott2 - Copy.jpg,/content/drive/MyDrive/Waste_Classification_FINAL/data/processed/stage4_standardized/Hazardous/e-waste/e-schrott2 - Copy.png,Hazardous,train,e-waste,0,VALID
Non-Recyclable/styrofoam_product/slide_2.jpg,/content/drive/MyDrive/Waste_Classification_FINAL/data/processed/stage4_standardized/Non-Recyclable/styrofoam_product/slide_2.png,Non-Recyclable,train,styrofoam_product,1,AUTO_CORRECTED
Organic/egg_shells/Image_eggshells.jpg,/content/drive/MyDrive/Waste_Classification_FINAL/data/processed/stage4_standardized/Organic/egg_shells/Image_eggshells.png,Organic,train,egg_shells,2,VALID
Hazardous/batteries/Lithium_battery_terminal_image_EN.jpg,/content/drive/MyDrive/Waste_Classification_FINAL/data/processed/stage4_standardized/Hazardous/batteries/Lithium_battery_terminal_image_EN.png,Hazardous,train,batteries,0,VALID
Hazardous/e-waste/page_1 - Copy.jpg,/content/drive/MyDrive/Waste_Classification_FINAL/data/processed/stage4_standardized/Hazardous/e-waste/page_1 - Copy.png,Hazardous,train,e-waste,0,VALID
Recyclable/cans_all_type/empty-tin-cans-17610861.jpg,/content/drive/MyDrive/Waste_Classification_FINAL/data/processed/stage4_standardized/Recyclable/cans_all_type/empty-tin-cans-17610861.png,Recyclable,train,cans_all_type,3,VALID
Organic/yard_trimmings/yard-waste-pick-up.jpg,/content/drive/MyDrive/Waste_Classification_FINAL/data/processed/stage4_standardized/Organic/yard_trimmings/yard-waste-pick-up.png,Organic,train,yard_trimmings,2,VALID
Hazardous/batteries/battery-types-and-sizes.jpg.jpg,/content/drive/MyDrive/Waste_Classification_FINAL/data/processed/stage4_standardized/Hazardous/batteries/battery-types-and-sizes.jpg.png,Hazardous,train,batteries,0,VALID
Hazardous/e-waste/fluorescent - Copy.jpg,/content/drive/MyDrive/Waste_Classification_FINAL/data/processed/stage4_standardized/Hazardous/e-waste/fluorescent - Copy.png,Hazardous,train,e-waste,0,VALID
Organic/coffee_tea_bags/south-indian-filter-coffee-served-traditional-tumbler-cup-roasted-raw-beans_466689-88216.jpg,/content/drive/MyDrive/Waste_Classification_FINAL/data/processed/stage4_standardized/Organic/coffee_tea_bags/south-indian-filter-coffee-served-traditional-tumbler-cup-roasted-raw-beans_466689-88216.png,Organic,train,coffee_tea_bags,2,VALID
Hazardous/pesticides/pesticides-bottles-illustrations-set_82574-2033.jpg,/content/drive/MyDrive/Waste_Classification_FINAL/data/processed/stage4_standardized/Hazardous/pesticides/pesticides-bottles-illustrations-set_82574-2033.png,Hazardous,train,pesticides,0,VALID
Non-Recyclable/diapers/Coterie-diapers-group-shot.jpg,/content/drive/MyDrive/Waste_Classification_FINAL/data/processed/stage4_standardized/Non-Recyclable/diapers/Coterie-diapers-group-shot.png,Non-Recyclable,train,diapers,1,VALID
Recyclable/paper_products/csm_Honig_Grasskarton_KarlKnauer_bd119781e6.jpg,/content/drive/MyDrive/Waste_Classification_FINAL/data/processed/stage4_standardized/Recyclable/paper_products/csm_Honig_Grasskarton_KarlKnauer_bd119781e6.png,Recyclable,train,paper_products,3,VALID
Organic/egg_shells/MG_0288-2000x1333-2.jpg,/content/drive/MyDrive/Waste_Classification_FINAL/data/processed/stage4_standardized/Organic/egg_shells/MG_0288-2000x1333-2.png,Organic,train,egg_shells,2,VALID
Recyclable/plastic_bottles/maxresdefault3.jpg,/content/drive/MyDrive/Waste_Classification_FINAL/data/processed/stage4_standardized/Recyclable/plastic_bottles/maxresdefault3.png,Recyclable,train,plastic_bottles,3,VALID
Organic/food_scraps/trash-talk-5-food-scraps-you-should-not-be-throwing-away.1280x600.jpg,/content/drive/MyDrive/Waste_Classification_FINAL/data/processed/stage4_standardized/Organic/food_scraps/trash-talk-5-food-scraps-you-should-not-be-throwing-away.1280x600.png,Organic,train,food_scraps,2,VALID
Hazardous/e-waste/stock-photo-hazardous-waste-on-a-black-background-with-space-for-text-681808597 - Copy.jpg,/content/drive/MyDrive/Waste_Classification_FINAL/data/processed/stage4_standardized/Hazardous/e-waste/stock-photo-hazardous-waste-on-a-black-background-with-space-for-text-681808597 - Copy.png,Hazardous,train,e-waste,0,VALID
Recyclable/plastic_bottles/750-soda-extra-punch-plastic-bottle-kinley-original-imafcvvq3gqyzxrf.jpg,/content/drive/MyDrive/Waste_Classification_FINAL/data/processed/stage4_standardized/Recyclable/plastic_bottles/750-soda-extra-punch-plastic-bottle-kinley-original-imafcvvq3gqyzxrf.png,Recyclable,train,plastic_bottles,3,VALID
Recyclable/paper_products/garbage_recycle_recycling_sign-colored-background-top-view_1669975379.jpg,/content/drive/MyDrive/Waste_Classification_FINAL/data/processed/stage4_standardized/Recyclable/paper_products/garbage_recycle_recycling_sign-colored-background-top-view_1669975379.png,Recyclable,train,paper_products,3,VALID
Recyclable/cans_all_type/mbers_target_to_achieve_70_per_cent_aluminium_can_recycling_rate_by_2030_0_0.jpg,/content/drive/MyDrive/Waste_Classification_FINAL/data/processed/stage4_standardized/Recyclable/cans_all_type/mbers_target_to_achieve_70_per_cent_aluminium_can_recycling_rate_by_2030_0_0.png,Recyclable,train,cans_all_type,3,VALID
Recyclable/paper_products/maxresdefault.jpg,/content/drive/MyDrive/Waste_Classification_FINAL/data/processed/stage4_standardized/Recyclable/paper_products/maxresdefault.png,Recyclable,train,paper_products,3,VALID
Hazardous/batteries/1_Picture7.jpg,/content/drive/MyDrive/Waste_Classification_FINAL/data/processed/stage4_standardized/Hazardous/batteries/1_Picture7.png,Hazardous,train,batteries,0,VALID
Hazardous/e-waste/E-Waste20Wednesday20-20Waste20Reduction20Week202022 - Copy.jpg,/content/drive/MyDrive/Waste_Classification_FINAL/data/processed/stage4_standardized/Hazardous/e-waste/E-Waste20Wednesday20-20Waste20Reduction20Week202022 - Copy.png,Hazardous,train,e-waste,0,VALID
Organic/yard_trimmings/garden-worker-trimming-trees-with-scissors-yard_732190-2412.jpg,/content/drive/MyDrive/Waste_Classification_FINAL/data/processed/stage4_standardized/Organic/yard_trimmings/garden-worker-trimming-trees-with-scissors-yard_732190-2412.png,Organic,train,yard_trimmings,2,VALID
Recyclable/cans_all_type/aluminum-cans-at-the-bottom-of-a-recycling-bin-EKXJ4B.jpg,/content/drive/MyDrive/Waste_Classification_FINAL/data/processed/stage4_standardized/Recyclable/cans_all_type/aluminum-cans-at-the-bottom-of-a-recycling-bin-EKXJ4B.png,Recyclable,train,cans_all_type,3,VALID
Non-Recyclable/styrofoam_product/polystyrene-food-boxes-9535739.jpg,/content/drive/MyDrive/Waste_Classification_FINAL/data/processed/stage4_standardized/Non-Recyclable/styrofoam_product/polystyrene-food-boxes-9535739.png,Non-Recyclable,train,styrofoam_product,1,AUTO_CORRECTED
Organic/food_scraps/20120223174847-1_0.jpg,/content/drive/MyDrive/Waste_Classification_FINAL/data/processed/stage4_standardized/Organic/food_scraps/20120223174847-1_0.png,Organic,train,food_scraps,2,VALID
Recyclable/glass_containers/DSC0662_600x.jpg,/content/drive/MyDrive/Waste_Classification_FINAL/data/processed/stage4_standardized/Recyclable/glass_containers/DSC0662_600x.png,Recyclable,train,glass_containers,3,VALID
Non-Recyclable/ceramic_product/-broken-porcelain-vases-within-other-glass-ones-by-bouke-de-vries-sharecover.jpg,/content/drive/MyDrive/Waste_Classification_FINAL/data/processed/stage4_standardized/Non-Recyclable/ceramic_product/-broken-porcelain-vases-within-other-glass-ones-by-bouke-de-vries-sharecover.png,Non-Recyclable,train,ceramic_product,1,VALID
Hazardous/paints/33-FT0807GageDiagramLG.jpg,/content/drive/MyDrive/Waste_Classification_FINAL/data/processed/stage4_standardized/Hazardous/paints/33-FT0807GageDiagramLG.png,Hazardous,train,paints,0,VALID
Organic/kitchen_waste/YMXAVDT77NLGDJWI7GD4ZTHA6E.jpg,/content/drive/MyDrive/Waste_Classification_FINAL/data/processed/stage4_standardized/Organic/kitchen_waste/YMXAVDT77NLGDJWI7GD4ZTHA6E.png,Organic,train,kitchen_waste,2,VALID
Recyclable/glass_containers/ecor-lights-garden-planters-edging-organizing-DIY-apieceofrainbow-2-546x1024.jpg,/content/drive/MyDrive/Waste_Classification_FINAL/data/processed/stage4_standardized/Recyclable/glass_containers/ecor-lights-garden-planters-edging-organizing-DIY-apieceofrainbow-2-546x1024.png,Recyclable,train,glass_containers,3,VALID
Organic/egg_shells/Emu_Egg_shell_painting_world_record-1.jpg,/content/drive/MyDrive/Waste_Classification_FINAL/data/processed/stage4_standardized/Organic/egg_shells/Emu_Egg_shell_painting_world_record-1.png,Organic,train,egg_shells,2,VALID
Hazardous/e-waste/ewaste-3 - Copy.jpg,/content/drive/MyDrive/Waste_Classification_FINAL/data/processed/stage4_standardized/Hazardous/e-waste/ewaste-3 - Copy.png,Hazardous,train,e-waste,0,VALID
Hazardous/e-waste/close-up-shot-of-some-electronic-waste-E88KF4 - Copy.jpg,/content/drive/MyDrive/Waste_Classification_FINAL/data/processed/stage4_standardized/Hazardous/e-waste/close-up-shot-of-some-electronic-waste-E88KF4 - Copy.png,Hazardous,train,e-waste,0,VALID
Hazardous/batteries/battery-recycling2.jpg,/content/drive/MyDrive/Waste_Classification_FINAL/data/processed/stage4_standardized/Hazardous/batteries/battery-recycling2.png,Hazardous,train,batteries,0,VALID
Organic/egg_shells/BeachBag_IndiaInk_Egg-DSC_1902-1200_800x.jpg,/content/drive/MyDrive/Waste_Classification_FINAL/data/processed/stage4_standardized/Organic/egg_shells/BeachBag_IndiaInk_Egg-DSC_1902-1200_800x.png,Organic,train,egg_shells,2,VALID
Organic/kitchen_waste/vegetable-waste-infographics.jpg,/content/drive/MyDrive/Waste_Classification_FINAL/data/processed/stage4_standardized/Organic/kitchen_waste/vegetable-waste-infographics.png,Organic,train,kitchen_waste,2,VALID
Non-Recyclable/plastics_bags_wrappers/8855e850f3011319a3a36e85d4f5829f.jpg,/content/drive/MyDrive/Waste_Classification_FINAL/data/processed/stage4_standardized/Non-Recyclable/plastics_bags_wrappers/8855e850f3011319a3a36e85d4f5829f.png,Non-Recyclable,train,plastics_bags_wrappers,1,AUTO_CORRECTED
Organic/yard_trimmings/Dispose-of-Yard-Waste.jpg,/content/drive/MyDrive/Waste_Classification_FINAL/data/processed/stage4_standardized/Organic/yard_trimmings/Dispose-of-Yard-Waste.png,Organic,train,yard_trimmings,2,VALID
Non-Recyclable/diapers/51zIAjQaiyL.jpg,/content/drive/MyDrive/Waste_Classification_FINAL/data/processed/stage4_standardized/Non-Recyclable/diapers/51zIAjQaiyL.png,Non-Recyclable,train,diapers,1,VALID
Organic/coffee_tea_bags/coffee-grounds-and-tea-bags.jpg,/content/drive/MyDrive/Waste_Classification_FINAL/data/processed/stage4_standardized/Organic/coffee_tea_bags/coffee-grounds-and-tea-bags.png,Organic,train,coffee_tea_bags,2,VALID
Non-Recyclable/sanitary_napkin/t-menstruation-personal-care-woman-conception-photo-soft-ten-tender-99697853.jpg,/content/drive/MyDrive/Waste_Classification_FINAL/data/processed/stage4_standardized/Non-Recyclable/sanitary_napkin/t-menstruation-personal-care-woman-conception-photo-soft-ten-tender-99697853.png,Non-Recyclable,train,sanitary_napkin,1,VALID
Recyclable/plastic_bottles/scenes-in-bottles.jpg,/content/drive/MyDrive/Waste_Classification_FINAL/data/processed/stage4_standardized/Recyclable/plastic_bottles/scenes-in-bottles.png,Recyclable,train,plastic_bottles,3,VALID
Recyclable/glass_containers/pr_473.jpg,/content/drive/MyDrive/Waste_Classification_FINAL/data/processed/stage4_standardized/Recyclable/glass_containers/pr_473.png,Recyclable,train,glass_containers,3,VALID
Recyclable/cans_all_type/maxresdefault.jpg,/content/drive/MyDrive/Waste_Classification_FINAL/data/processed/stage4_standardized/Recyclable/cans_all_type/maxresdefault.png,Recyclable,train,cans_all_type,3,VALID
Hazardous/batteries/creens-LCD-iPhone-panels-laptop-collected-for-disposal-in-plastic-containers.jpg,/content/drive/MyDrive/Waste_Classification_FINAL/data/processed/stage4_standardized/Hazardous/batteries/creens-LCD-iPhone-panels-laptop-collected-for-disposal-in-plastic-containers.png,Hazardous,train,batteries,0,VALID
Recyclable/cans_all_type/image29.jpg,/content/drive/MyDrive/Waste_Classification_FINAL/data/processed/stage4_standardized/Recyclable/cans_all_type/image29.png,Recyclable,train,cans_all_type,3,VALID
Hazardous/paints/Soho_A4_PaintSolvents__91726__10832.1557412784.jpg,/content/drive/MyDrive/Waste_Classification_FINAL/data/processed/stage4_standardized/Hazardous/paints/Soho_A4_PaintSolvents__91726__10832.1557412784.png,Hazardous,train,paints,0,VALID
Recyclable/paper_products/cardboard-recycling-1.jpg,/content/drive/MyDrive/Waste_Classification_FINAL/data/processed/stage4_standardized/Recyclable/paper_products/cardboard-recycling-1.png,Recyclable,train,paper_products,3,VALID
Hazardous/e-waste/flourescents - Copy.jpg,/content/drive/MyDrive/Waste_Classification_FINAL/data/processed/stage4_standardized/Hazardous/e-waste/flourescents - Copy.png,Hazardous,train,e-waste,0,VALID
Recyclable/paper_products/how-is-paper-recycled-and-reused-in-paper-products-reel-talk-193723_1024x1024.jpg,/content/drive/MyDrive/Waste_Classification_FINAL/data/processed/stage4_standardized/Recyclable/paper_products/how-is-paper-recycled-and-reused-in-paper-products-reel-talk-193723_1024x1024.png,Recyclable,train,paper_products,3,VALID
Hazardous/e-waste/e-waste-electronic-waste-recycling-and-management - Copy.jpg,/content/drive/MyDrive/Waste_Classification_FINAL/data/processed/stage4_standardized/Hazardous/e-waste/e-waste-electronic-waste-recycling-and-management - Copy.png,Hazardous,train,e-waste,0,VALID
Recyclable/glass_containers/0025.807V_1.jpg,/content/drive/MyDrive/Waste_Classification_FINAL/data/processed/stage4_standardized/Recyclable/glass_containers/0025.807V_1.png,Recyclable,train,glass_containers,3,VALID
Organic/yard_trimmings/dsc_0103.jpg,/content/drive/MyDrive/Waste_Classification_FINAL/data/processed/stage4_standardized/Organic/yard_trimmings/dsc_0103.png,Organic,train,yard_trimmings,2,VALID
Hazardous/e-waste/e-waste-lg-238744418 - Copy.jpg,/content/drive/MyDrive/Waste_Classification_FINAL/data/processed/stage4_standardized/Hazardous/e-waste/e-waste-lg-238744418 - Copy.png,Hazardous,train,e-waste,0,VALID
Hazardous/e-waste/What_is_electronic_waste_recycling - Copy.jpg,/content/drive/MyDrive/Waste_Classification_FINAL/data/processed/stage4_standardized/Hazardous/e-waste/What_is_electronic_waste_recycling - Copy.png,Hazardous,train,e-waste,0,VALID
Recyclable/cans_all_type/Aluminium_cans.jpg,/content/drive/MyDrive/Waste_Classification_FINAL/data/processed/stage4_standardized/Recyclable/cans_all_type/Aluminium_cans.png,Recyclable,train,cans_all_type,3,VALID
Hazardous/paints/81B8lITyDxL._AC_UF10001000_QL80_.jpg,/content/drive/MyDrive/Waste_Classification_FINAL/data/processed/stage4_standardized/Hazardous/paints/81B8lITyDxL._AC_UF10001000_QL80_.png,Hazardous,train,paints,0,VALID
Non-Recyclable/styrofoam_product/p06cz75l.jpg,/content/drive/MyDrive/Waste_Classification_FINAL/data/processed/stage4_standardized/Non-Recyclable/styrofoam_product/p06cz75l.png,Non-Recyclable,train,styrofoam_product,1,AUTO_CORRECTED
Organic/kitchen_waste/food_waste_750.jpg,/content/drive/MyDrive/Waste_Classification_FINAL/data/processed/stage4_standardized/Organic/kitchen_waste/food_waste_750.png,Organic,train,kitchen_waste,2,VALID
Organic/coffee_tea_bags/71VjiXtBQ4L._AC_UF8941000_QL80_.jpg,/content/drive/MyDrive/Waste_Classification_FINAL/data/processed/stage4_standardized/Organic/coffee_tea_bags/71VjiXtBQ4L._AC_UF8941000_QL80_.png,Organic,train,coffee_tea_bags,2,VALID
Hazardous/e-waste/Reciclaje_electronico_categorias_inglC3A9s - Copy.jpg,/content/drive/MyDrive/Waste_Classification_FINAL/data/processed/stage4_standardized/Hazardous/e-waste/Reciclaje_electronico_categorias_inglC3A9s - Copy.png,Hazardous,train,e-waste,0,VALID
Organic/egg_shells/featured-eggshells-in-the-garden.jpg,/content/drive/MyDrive/Waste_Classification_FINAL/data/processed/stage4_standardized/Organic/egg_shells/featured-eggshells-in-the-garden.png,Organic,train,egg_shells,2,VALID
Hazardous/batteries/EDR-2.jpg,/content/drive/MyDrive/Waste_Classification_FINAL/data/processed/stage4_standardized/Hazardous/batteries/EDR-2.png,Hazardous,train,batteries,0,VALID
Hazardous/e-waste/how_to_upcycle_ewaste_1573547808 - Copy.jpg,/content/drive/MyDrive/Waste_Classification_FINAL/data/processed/stage4_standardized/Hazardous/e-waste/how_to_upcycle_ewaste_1573547808 - Copy.png,Hazardous,train,e-waste,0,VALID
Recyclable/cans_all_type/warhol-campbell-cans-dec-2018-embed01.jpg,/content/drive/MyDrive/Waste_Classification_FINAL/data/processed/stage4_standardized/Recyclable/cans_all_type/warhol-campbell-cans-dec-2018-embed01.png,Recyclable,train,cans_all_type,3,VALID
Organic/coffee_tea_bags/7ef3ae48cc20439dbee2d1326eb6b417.jpg,/content/drive/MyDrive/Waste_Classification_FINAL/data/processed/stage4_standardized/Organic/coffee_tea_bags/7ef3ae48cc20439dbee2d1326eb6b417.png,Organic,train,coffee_tea_bags,2,VALID
Hazardous/e-waste/icons-led-lamps-types-fluorescent-filament-halogen-diode-and-other-632016899 - Copy.jpg,/content/drive/MyDrive/Waste_Classification_FINAL/data/processed/stage4_standardized/Hazardous/e-waste/icons-led-lamps-types-fluorescent-filament-halogen-diode-and-other-632016899 - Copy.png,Hazardous,train,e-waste,0,VALID
Organic/coffee_tea_bags/tea-bag-recycling.jpg,/content/drive/MyDrive/Waste_Classification_FINAL/data/processed/stage4_standardized/Organic/coffee_tea_bags/tea-bag-recycling.png,Organic,train,coffee_tea_bags,2,VALID
Hazardous/e-waste/61DVdFF9f-L - Copy.jpg,/content/drive/MyDrive/Waste_Classification_FINAL/data/processed/stage4_standardized/Hazardous/e-waste/61DVdFF9f-L - Copy.png,Hazardous,train,e-waste,0,VALID
Hazardous/pesticides/3-Plants-species-used-for-Insecticides-Pesticides.jpg,/content/drive/MyDrive/Waste_Classification_FINAL/data/processed/stage4_standardized/Hazardous/pesticides/3-Plants-species-used-for-Insecticides-Pesticides.png,Hazardous,train,pesticides,0,VALID
Recyclable/glass_containers/abrablast_66e1dfa948.jpg,/content/drive/MyDrive/Waste_Classification_FINAL/data/processed/stage4_standardized/Recyclable/glass_containers/abrablast_66e1dfa948.png,Recyclable,train,glass_containers,3,VALID
Organic/food_scraps/fight-food-waste-1533137513976-1533137515977.jpg,/content/drive/MyDrive/Waste_Classification_FINAL/data/processed/stage4_standardized/Organic/food_scraps/fight-food-waste-1533137513976-1533137515977.png,Organic,train,food_scraps,2,VALID
Non-Recyclable/sanitary_napkin/pons-on-pink-background-feminine-hygiene-products-menstrual-cycle-2167680291.jpg,/content/drive/MyDrive/Waste_Classification_FINAL/data/processed/stage4_standardized/Non-Recyclable/sanitary_napkin/pons-on-pink-background-feminine-hygiene-products-menstrual-cycle-2167680291.png,Non-Recyclable,train,sanitary_napkin,1,VALID
Non-Recyclable/styrofoam_product/lam-dung-hop-xop-1.jpg,/content/drive/MyDrive/Waste_Classification_FINAL/data/processed/stage4_standardized/Non-Recyclable/styrofoam_product/lam-dung-hop-xop-1.png,Non-Recyclable,train,styrofoam_product,1,AUTO_CORRECTED
Recyclable/glass_containers/ESTAL-WILD-GLASS-1024x576.jpg,/content/drive/MyDrive/Waste_Classification_FINAL/data/processed/stage4_standardized/Recyclable/glass_containers/ESTAL-WILD-GLASS-1024x576.png,Recyclable,train,glass_containers,3,VALID
Recyclable/glass_containers/25-25ml-small-mini-glass-bottles-jars-with-cork-stoppers-3pcs-original-imafd49zby3yrj7u.jpg,/content/drive/MyDrive/Waste_Classification_FINAL/data/processed/stage4_standardized/Recyclable/glass_containers/25-25ml-small-mini-glass-bottles-jars-with-cork-stoppers-3pcs-original-imafd49zby3yrj7u.png,Recyclable,train,glass_containers,3,VALID
Hazardous/batteries/smtd202000039-fig-0001-m.jpg,/content/drive/MyDrive/Waste_Classification_FINAL/data/processed/stage4_standardized/Hazardous/batteries/smtd202000039-fig-0001-m.png,Hazardous,train,batteries,0,VALID
Hazardous/e-waste/lightbulbs - Copy.jpg,/content/drive/MyDrive/Waste_Classification_FINAL/data/processed/stage4_standardized/Hazardous/e-waste/lightbulbs - Copy.png,Hazardous,train,e-waste,0,VALID
Hazardous/batteries/lithium-ion-watt-hours-highlighted.jpg,/content/drive/MyDrive/Waste_Classification_FINAL/data/processed/stage4_standardized/Hazardous/batteries/lithium-ion-watt-hours-highlighted.png,Hazardous,train,batteries,0,VALID
Non-Recyclable/diapers/61jiC0ORycL.jpg,/content/drive/MyDrive/Waste_Classification_FINAL/data/processed/stage4_standardized/Non-Recyclable/diapers/61jiC0ORycL.png,Non-Recyclable,train,diapers,1,VALID
Non-Recyclable/plastics_bags_wrappers/Plastic_bags_and_wrapping_2.jpg,/content/drive/MyDrive/Waste_Classification_FINAL/data/processed/stage4_standardized/Non-Recyclable/plastics_bags_wrappers/Plastic_bags_and_wrapping_2.png,Non-Recyclable,train,plastics_bags_wrappers,1,AUTO_CORRECTED
Organic/coffee_tea_bags/RealCoffeeBag-2-1024x768.jpg,/content/drive/MyDrive/Waste_Classification_FINAL/data/processed/stage4_standardized/Organic/coffee_tea_bags/RealCoffeeBag-2-1024x768.png,Organic,train,coffee_tea_bags,2,VALID
Hazardous/e-waste/electrical-electronic-waste-1 - Copy.jpg,/content/drive/MyDrive/Waste_Classification_FINAL/data/processed/stage4_standardized/Hazardous/e-waste/electrical-electronic-waste-1 - Copy.png,Hazardous,train,e-waste,0,VALID
Organic/coffee_tea_bags/GlobalSeriesLiquidCoffeeBrews-ArabicCardamom-TrialImage_1200x1200.jpg,/content/drive/MyDrive/Waste_Classification_FINAL/data/processed/stage4_standardized/Organic/coffee_tea_bags/GlobalSeriesLiquidCoffeeBrews-ArabicCardamom-TrialImage_1200x1200.png,Organic,train,coffee_tea_bags,2,VALID
Organic/coffee_tea_bags/pices-in-glass-armudu-with-coffee-beans-and-sugar-on-dark-background-2EW6TH7.jpg,/content/drive/MyDrive/Waste_Classification_FINAL/data/processed/stage4_standardized/Organic/coffee_tea_bags/pices-in-glass-armudu-with-coffee-beans-and-sugar-on-dark-background-2EW6TH7.png,Organic,train,coffee_tea_bags,2,VALID
Hazardous/paints/Oil-Painting-Solvent.jpg,/content/drive/MyDrive/Waste_Classification_FINAL/data/processed/stage4_standardized/Hazardous/paints/Oil-Painting-Solvent.png,Hazardous,train,paints,0,VALID
Hazardous/e-waste/impact-of-e-waste-hero1540775416137 - Copy.jpg,/content/drive/MyDrive/Waste_Classification_FINAL/data/processed/stage4_standardized/Hazardous/e-waste/impact-of-e-waste-hero1540775416137 - Copy.png,Hazardous,train,e-waste,0,VALID
Recyclable/plastic_bottles/cfa2b386ae46a3e284981022398039a2--cola-packaging.jpg,/content/drive/MyDrive/Waste_Classification_FINAL/data/processed/stage4_standardized/Recyclable/plastic_bottles/cfa2b386ae46a3e284981022398039a2--cola-packaging.png,Recyclable,train,plastic_bottles,3,VALID
Recyclable/paper_products/cardboard-to-recycle.jpg,/content/drive/MyDrive/Waste_Classification_FINAL/data/processed/stage4_standardized/Recyclable/paper_products/cardboard-to-recycle.png,Recyclable,train,paper_products,3,VALID
Recyclable/cans_all_type/can-shortages.jpg,/content/drive/MyDrive/Waste_Classification_FINAL/data/processed/stage4_standardized/Recyclable/cans_all_type/can-shortages.png,Recyclable,train,cans_all_type,3,VALID
Hazardous/e-waste/ewaste-recycling - Copy.jpg,/content/drive/MyDrive/Waste_Classification_FINAL/data/processed/stage4_standardized/Hazardous/e-waste/ewaste-recycling - Copy.png,Hazardous,train,e-waste,0,VALID
Hazardous/e-waste/electronic-waste-stock-photo_csp13003320 - Copy.jpg,/content/drive/MyDrive/Waste_Classification_FINAL/data/processed/stage4_standardized/Hazardous/e-waste/electronic-waste-stock-photo_csp13003320 - Copy.png,Hazardous,train,e-waste,0,VALID
Organic/coffee_tea_bags/1JqctqHKmoMeugSMxsSKhpg.jpg,/content/drive/MyDrive/Waste_Classification_FINAL/data/processed/stage4_standardized/Organic/coffee_tea_bags/1JqctqHKmoMeugSMxsSKhpg.png,Organic,train,coffee_tea_bags,2,VALID
Hazardous/e-waste/615c6bf230f40d9decf916ae97e192681b20e27238a8ae30ccbab09630fd0a53 - Copy.jpg,/content/drive/MyDrive/Waste_Classification_FINAL/data/processed/stage4_standardized/Hazardous/e-waste/615c6bf230f40d9decf916ae97e192681b20e27238a8ae30ccbab09630fd0a53 - Copy.png,Hazardous,train,e-waste,0,VALID
Organic/yard_trimmings/81N-ONuWifL._AC_UF10001000_QL80_.jpg,/content/drive/MyDrive/Waste_Classification_FINAL/data/processed/stage4_standardized/Organic/yard_trimmings/81N-ONuWifL._AC_UF10001000_QL80_.png,Organic,train,yard_trimmings,2,VALID
Non-Recyclable/plastics_bags_wrappers/3520_428fd902f4247199467725e7eccf1673.jpg,/content/drive/MyDrive/Waste_Classification_FINAL/data/processed/stage4_standardized/Non-Recyclable/plastics_bags_wrappers/3520_428fd902f4247199467725e7eccf1673.png,Non-Recyclable,train,plastics_bags_wrappers,1,AUTO_CORRECTED
Organic/food_scraps/np_file_233459.jpg,/content/drive/MyDrive/Waste_Classification_FINAL/data/processed/stage4_standardized/Organic/food_scraps/np_file_233459.png,Organic,train,food_scraps,2,VALID
Organic/coffee_tea_bags/coffee-beans-near-sack-tea-set-box-sugar-sackcloth_23-2148180210.jpg,/content/drive/MyDrive/Waste_Classification_FINAL/data/processed/stage4_standardized/Organic/coffee_tea_bags/coffee-beans-near-sack-tea-set-box-sugar-sackcloth_23-2148180210.png,Organic,train,coffee_tea_bags,2,VALID
Organic/egg_shells/Waste-Management-Ambikapur-hopes-to-generate-Rs-10000-a-month-from-the-eggshell-initiative1.jpg,/content/drive/MyDrive/Waste_Classification_FINAL/data/processed/stage4_standardized/Organic/egg_shells/Waste-Management-Ambikapur-hopes-to-generate-Rs-10000-a-month-from-the-eggshell-initiative1.png,Organic,train,egg_shells,2,VALID
Recyclable/glass_containers/DSC07050.jpg,/content/drive/MyDrive/Waste_Classification_FINAL/data/processed/stage4_standardized/Recyclable/glass_containers/DSC07050.png,Recyclable,train,glass_containers,3,VALID
Hazardous/batteries/aenm202102917-fig-0006-m.jpg,/content/drive/MyDrive/Waste_Classification_FINAL/data/processed/stage4_standardized/Hazardous/batteries/aenm202102917-fig-0006-m.png,Hazardous,train,batteries,0,VALID
Organic/kitchen_waste/shutterstock_1140138707.jpg,/content/drive/MyDrive/Waste_Classification_FINAL/data/processed/stage4_standardized/Organic/kitchen_waste/shutterstock_1140138707.png,Organic,train,kitchen_waste,2,VALID
Recyclable/plastic_bottles/coca-cola-bottles.jpg,/content/drive/MyDrive/Waste_Classification_FINAL/data/processed/stage4_standardized/Recyclable/plastic_bottles/coca-cola-bottles.png,Recyclable,train,plastic_bottles,3,VALID
Non-Recyclable/ceramic_product/5d6244dbed155216ff0b25ec8a3405f3.jpg,/content/drive/MyDrive/Waste_Classification_FINAL/data/processed/stage4_standardized/Non-Recyclable/ceramic_product/5d6244dbed155216ff0b25ec8a3405f3.png,Non-Recyclable,train,ceramic_product,1,VALID
Non-Recyclable/diapers/less-plastic-nappy-sticker_diapers-v3.jpg,/content/drive/MyDrive/Waste_Classification_FINAL/data/processed/stage4_standardized/Non-Recyclable/diapers/less-plastic-nappy-sticker_diapers-v3.png,Non-Recyclable,train,diapers,1,VALID
Organic/yard_trimmings/excessive-lawn-clippings.JPG.jpg,/content/drive/MyDrive/Waste_Classification_FINAL/data/processed/stage4_standardized/Organic/yard_trimmings/excessive-lawn-clippings.JPG.png,Organic,train,yard_trimmings,2,VALID
Recyclable/glass_containers/my-borosil-storage-jars-12-pc-set-endura-airtight-glass-jar-set-of-12-29569577058442.jpg,/content/drive/MyDrive/Waste_Classification_FINAL/data/processed/stage4_standardized/Recyclable/glass_containers/my-borosil-storage-jars-12-pc-set-endura-airtight-glass-jar-set-of-12-29569577058442.png,Recyclable,train,glass_containers,3,VALID
Organic/yard_trimmings/kid-working-hard-in-her-front-yard-spreading-grass-seed-while-her_t20_WgVx4m.jpg,/content/drive/MyDrive/Waste_Classification_FINAL/data/processed/stage4_standardized/Organic/yard_trimmings/kid-working-hard-in-her-front-yard-spreading-grass-seed-while-her_t20_WgVx4m.png,Organic,train,yard_trimmings,2,VALID
Organic/coffee_tea_bags/coffee-dip-bag.jpg,/content/drive/MyDrive/Waste_Classification_FINAL/data/processed/stage4_standardized/Organic/coffee_tea_bags/coffee-dip-bag.png,Organic,train,coffee_tea_bags,2,VALID
Hazardous/paints/hhw.jpg,/content/drive/MyDrive/Waste_Classification_FINAL/data/processed/stage4_standardized/Hazardous/paints/hhw.png,Hazardous,train,paints,0,VALID
Hazardous/e-waste/Light-Bulb-Recycling - Copy.jpg,/content/drive/MyDrive/Waste_Classification_FINAL/data/processed/stage4_standardized/Hazardous/e-waste/Light-Bulb-Recycling - Copy.png,Hazardous,train,e-waste,0,VALID
Non-Recyclable/diapers/Post_2_large.jpg,/content/drive/MyDrive/Waste_Classification_FINAL/data/processed/stage4_standardized/Non-Recyclable/diapers/Post_2_large.png,Non-Recyclable,train,diapers,1,VALID
Organic/food_scraps/top-view-trash-cooking-concept_23-2149056484.jpg,/content/drive/MyDrive/Waste_Classification_FINAL/data/processed/stage4_standardized/Organic/food_scraps/top-view-trash-cooking-concept_23-2149056484.png,Organic,train,food_scraps,2,VALID
Organic/coffee_tea_bags/coffee_beans_and_tea_bag_1429728262.jpg,/content/drive/MyDrive/Waste_Classification_FINAL/data/processed/stage4_standardized/Organic/coffee_tea_bags/coffee_beans_and_tea_bag_1429728262.png,Organic,train,coffee_tea_bags,2,VALID
Organic/kitchen_waste/IMG_2699.jpg,/content/drive/MyDrive/Waste_Classification_FINAL/data/processed/stage4_standardized/Organic/kitchen_waste/IMG_2699.png,Organic,train,kitchen_waste,2,VALID
Non-Recyclable/diapers/disposable-diaper-1.jpg,/content/drive/MyDrive/Waste_Classification_FINAL/data/processed/stage4_standardized/Non-Recyclable/diapers/disposable-diaper-1.png,Non-Recyclable,train,diapers,1,VALID
Hazardous/e-waste/archives-ewaste-one_one.jpg,/content/drive/MyDrive/Waste_Classification_FINAL/data/processed/stage4_standardized/Hazardous/e-waste/archives-ewaste-one_one.png,Hazardous,train,e-waste,0,VALID
Organic/coffee_tea_bags/11856-01-Roasted-Chicory-Root-Powder-250g-1.jpg,/content/drive/MyDrive/Waste_Classification_FINAL/data/processed/stage4_standardized/Organic/coffee_tea_bags/11856-01-Roasted-Chicory-Root-Powder-250g-1.png,Organic,train,coffee_tea_bags,2,VALID
Non-Recyclable/ceramic_product/colorful-broken-glass-pottery-on-260nw-1532128616.jpg,/content/drive/MyDrive/Waste_Classification_FINAL/data/processed/stage4_standardized/Non-Recyclable/ceramic_product/colorful-broken-glass-pottery-on-260nw-1532128616.png,Non-Recyclable,train,ceramic_product,1,VALID
Recyclable/glass_containers/09928-cover-opener.jpg,/content/drive/MyDrive/Waste_Classification_FINAL/data/processed/stage4_standardized/Recyclable/glass_containers/09928-cover-opener.png,Recyclable,train,glass_containers,3,VALID
Organic/food_scraps/depositphotos_320625516-stock-photo-domestic-food-waste-compost-fruits.jpg,/content/drive/MyDrive/Waste_Classification_FINAL/data/processed/stage4_standardized/Organic/food_scraps/depositphotos_320625516-stock-photo-domestic-food-waste-compost-fruits.png,Organic,train,food_scraps,2,VALID
Non-Recyclable/sanitary_napkin/BPAC-Blog-post-8-01.jpg,/content/drive/MyDrive/Waste_Classification_FINAL/data/processed/stage4_standardized/Non-Recyclable/sanitary_napkin/BPAC-Blog-post-8-01.png,Non-Recyclable,train,sanitary_napkin,1,VALID
Organic/coffee_tea_bags/Naivo-Craft-Coffee-With-Coffee-Brewing-Equipment.jpg,/content/drive/MyDrive/Waste_Classification_FINAL/data/processed/stage4_standardized/Organic/coffee_tea_bags/Naivo-Craft-Coffee-With-Coffee-Brewing-Equipment.png,Organic,train,coffee_tea_bags,2,VALID
Non-Recyclable/ceramic_product/Glass-Before-After.jpg,/content/drive/MyDrive/Waste_Classification_FINAL/data/processed/stage4_standardized/Non-Recyclable/ceramic_product/Glass-Before-After.png,Non-Recyclable,train,ceramic_product,1,VALID
Hazardous/e-waste/stock-photo-electronic-waste-and-garbage-for-recycling-1675112317 - Copy.jpg,/content/drive/MyDrive/Waste_Classification_FINAL/data/processed/stage4_standardized/Hazardous/e-waste/stock-photo-electronic-waste-and-garbage-for-recycling-1675112317 - Copy.png,Hazardous,train,e-waste,0,VALID
Non-Recyclable/ceramic_product/glass-waste-stock-image_csp12318466.jpg,/content/drive/MyDrive/Waste_Classification_FINAL/data/processed/stage4_standardized/Non-Recyclable/ceramic_product/glass-waste-stock-image_csp12318466.png,Non-Recyclable,train,ceramic_product,1,VALID
Non-Recyclable/ceramic_product/fd315fee1ce664f215b7fc517d259bde.jpg,/content/drive/MyDrive/Waste_Classification_FINAL/data/processed/stage4_standardized/Non-Recyclable/ceramic_product/fd315fee1ce664f215b7fc517d259bde.png,Non-Recyclable,train,ceramic_product,1,VALID
Non-Recyclable/styrofoam_product/styrofoam.jpg,/content/drive/MyDrive/Waste_Classification_FINAL/data/processed/stage4_standardized/Non-Recyclable/styrofoam_product/styrofoam.png,Non-Recyclable,train,styrofoam_product,1,AUTO_CORRECTED
Hazardous/paints/paint-cans-household-hazardous-waste.jpg,/content/drive/MyDrive/Waste_Classification_FINAL/data/processed/stage4_standardized/Hazardous/paints/paint-cans-household-hazardous-waste.png,Hazardous,train,paints,0,VALID
Recyclable/plastic_bottles/Bottled-water-packaging-uses-59-less-PET-plastic-than-other-beverages.jpg,/content/drive/MyDrive/Waste_Classification_FINAL/data/processed/stage4_standardized/Recyclable/plastic_bottles/Bottled-water-packaging-uses-59-less-PET-plastic-than-other-beverages.png,Recyclable,train,plastic_bottles,3,VALID
Hazardous/batteries/imageqz6zbg.jpg,/content/drive/MyDrive/Waste_Classification_FINAL/data/processed/stage4_standardized/Hazardous/batteries/imageqz6zbg.png,Hazardous,train,batteries,0,VALID
Hazardous/e-waste/fluorescent20lights20hero - Copy.jpg,/content/drive/MyDrive/Waste_Classification_FINAL/data/processed/stage4_standardized/Hazardous/e-waste/fluorescent20lights20hero - Copy.png,Hazardous,train,e-waste,0,VALID
Non-Recyclable/sanitary_napkin/3-Figure1-1.jpg,/content/drive/MyDrive/Waste_Classification_FINAL/data/processed/stage4_standardized/Non-Recyclable/sanitary_napkin/3-Figure1-1.png,Non-Recyclable,train,sanitary_napkin,1,VALID
Non-Recyclable/diapers/ad1ec850dfe070f294e3e709582ea0f28d-26-diapers-lede.rsquare.w700.jpg,/content/drive/MyDrive/Waste_Classification_FINAL/data/processed/stage4_standardized/Non-Recyclable/diapers/ad1ec850dfe070f294e3e709582ea0f28d-26-diapers-lede.rsquare.w700.png,Non-Recyclable,train,diapers,1,VALID
Hazardous/e-waste/t-diverse-old-halogen-and-fluorescent-light-bulbs-in-and-around-a-2197969323 - Copy.jpg,/content/drive/MyDrive/Waste_Classification_FINAL/data/processed/stage4_standardized/Hazardous/e-waste/t-diverse-old-halogen-and-fluorescent-light-bulbs-in-and-around-a-2197969323 - Copy.png,Hazardous,train,e-waste,0,VALID
Non-Recyclable/styrofoam_product/-out-plastic-bag-styrofoam-paper-foam-miscellaneous-rectangle-food-packaging.jpg,/content/drive/MyDrive/Waste_Classification_FINAL/data/processed/stage4_standardized/Non-Recyclable/styrofoam_product/-out-plastic-bag-styrofoam-paper-foam-miscellaneous-rectangle-food-packaging.png,Non-Recyclable,train,styrofoam_product,1,AUTO_CORRECTED
Recyclable/cans_all_type/yiu1pc0sap.jpg,/content/drive/MyDrive/Waste_Classification_FINAL/data/processed/stage4_standardized/Recyclable/cans_all_type/yiu1pc0sap.png,Recyclable,train,cans_all_type,3,VALID
Non-Recyclable/ceramic_product/recycled-glass-powder-500x500.jpg,/content/drive/MyDrive/Waste_Classification_FINAL/data/processed/stage4_standardized/Non-Recyclable/ceramic_product/recycled-glass-powder-500x500.png,Non-Recyclable,train,ceramic_product,1,VALID
Recyclable/cans_all_type/4-9.jpg,/content/drive/MyDrive/Waste_Classification_FINAL/data/processed/stage4_standardized/Recyclable/cans_all_type/4-9.png,Recyclable,train,cans_all_type,3,VALID
Organic/coffee_tea_bags/3_d72a8c69-d0f8-4ace-9ca1-792ed274da2e_1024x.jpg,/content/drive/MyDrive/Waste_Classification_FINAL/data/processed/stage4_standardized/Organic/coffee_tea_bags/3_d72a8c69-d0f8-4ace-9ca1-792ed274da2e_1024x.png,Organic,train,coffee_tea_bags,2,VALID
Recyclable/glass_containers/Glass-Bottle-Jars-1.jpg,/content/drive/MyDrive/Waste_Classification_FINAL/data/processed/stage4_standardized/Recyclable/glass_containers/Glass-Bottle-Jars-1.png,Recyclable,train,glass_containers,3,VALID
Recyclable/paper_products/media2F31f2F31f4b7e5-1e39-42c4-a183-9d791928ee472FphpAWnYQQ.jpg,/content/drive/MyDrive/Waste_Classification_FINAL/data/processed/stage4_standardized/Recyclable/paper_products/media2F31f2F31f4b7e5-1e39-42c4-a183-9d791928ee472FphpAWnYQQ.png,Recyclable,train,paper_products,3,VALID
Organic/kitchen_waste/pests-to-pets-the-future-of-food-and-feed-may-depend-on-insects.jpg,/content/drive/MyDrive/Waste_Classification_FINAL/data/processed/stage4_standardized/Organic/kitchen_waste/pests-to-pets-the-future-of-food-and-feed-may-depend-on-insects.png,Organic,train,kitchen_waste,2,VALID
Organic/kitchen_waste/johnny-mcclung-702726-unsplash.jpg,/content/drive/MyDrive/Waste_Classification_FINAL/data/processed/stage4_standardized/Organic/kitchen_waste/johnny-mcclung-702726-unsplash.png,Organic,train,kitchen_waste,2,VALID
Organic/coffee_tea_bags/ee-beans-turkish-coffee-pot-cartoon-illustrations-set-for-coffee-shop-vector.jpg,/content/drive/MyDrive/Waste_Classification_FINAL/data/processed/stage4_standardized/Organic/coffee_tea_bags/ee-beans-turkish-coffee-pot-cartoon-illustrations-set-for-coffee-shop-vector.png,Organic,train,coffee_tea_bags,2,VALID
Organic/yard_trimmings/rsz_shutterstock_656785330.jpg,/content/drive/MyDrive/Waste_Classification_FINAL/data/processed/stage4_standardized/Organic/yard_trimmings/rsz_shutterstock_656785330.png,Organic,train,yard_trimmings,2,VALID
Organic/yard_trimmings/lawn-clippings-mulch.jpg,/content/drive/MyDrive/Waste_Classification_FINAL/data/processed/stage4_standardized/Organic/yard_trimmings/lawn-clippings-mulch.png,Organic,train,yard_trimmings,2,VALID
Recyclable/glass_containers/recycled-glass-jars-c.jpg,/content/drive/MyDrive/Waste_Classification_FINAL/data/processed/stage4_standardized/Recyclable/glass_containers/recycled-glass-jars-c.png,Recyclable,train,glass_containers,3,VALID
Non-Recyclable/styrofoam_product/styrofoam-takeout-containers-food-1200x628-facebook.jpg,/content/drive/MyDrive/Waste_Classification_FINAL/data/processed/stage4_standardized/Non-Recyclable/styrofoam_product/styrofoam-takeout-containers-food-1200x628-facebook.png,Non-Recyclable,train,styrofoam_product,1,AUTO_CORRECTED
Organic/food_scraps/ac_food_scraps_fairy_shot_3_1686.jpg,/content/drive/MyDrive/Waste_Classification_FINAL/data/processed/stage4_standardized/Organic/food_scraps/ac_food_scraps_fairy_shot_3_1686.png,Organic,train,food_scraps,2,VALID
Organic/coffee_tea_bags/Coffee_TeaBags_RGB_2.jpg,/content/drive/MyDrive/Waste_Classification_FINAL/data/processed/stage4_standardized/Organic/coffee_tea_bags/Coffee_TeaBags_RGB_2.png,Organic,train,coffee_tea_bags,2,VALID
Recyclable/cans_all_type/steel-food-cans-3-piece-tinplate-cans-for-food-three-piece.jpg,/content/drive/MyDrive/Waste_Classification_FINAL/data/processed/stage4_standardized/Recyclable/cans_all_type/steel-food-cans-3-piece-tinplate-cans-for-food-three-piece.png,Recyclable,train,cans_all_type,3,VALID
Hazardous/e-waste/gettyimages-522580785 - Copy.jpg,/content/drive/MyDrive/Waste_Classification_FINAL/data/processed/stage4_standardized/Hazardous/e-waste/gettyimages-522580785 - Copy.png,Hazardous,train,e-waste,0,VALID
Organic/coffee_tea_bags/arabica-green-coffee-beans-500x500.jpg,/content/drive/MyDrive/Waste_Classification_FINAL/data/processed/stage4_standardized/Organic/coffee_tea_bags/arabica-green-coffee-beans-500x500.png,Organic,train,coffee_tea_bags,2,VALID
Non-Recyclable/styrofoam_product/Custom-Clamshell-Container-3b.jpg,/content/drive/MyDrive/Waste_Classification_FINAL/data/processed/stage4_standardized/Non-Recyclable/styrofoam_product/Custom-Clamshell-Container-3b.png,Non-Recyclable,train,styrofoam_product,1,AUTO_CORRECTED
Recyclable/cans_all_type/realistic-cans-blue-with-water-drops-for-mock-up-soda-can-mock-up-free-png.jpg,/content/drive/MyDrive/Waste_Classification_FINAL/data/processed/stage4_standardized/Recyclable/cans_all_type/realistic-cans-blue-with-water-drops-for-mock-up-soda-can-mock-up-free-png.png,Recyclable,train,cans_all_type,3,VALID
Hazardous/pesticides/pesticides-insecticides-using-spraying-hose-nozzle-farmer-spraying-123409059.jpg,/content/drive/MyDrive/Waste_Classification_FINAL/data/processed/stage4_standardized/Hazardous/pesticides/pesticides-insecticides-using-spraying-hose-nozzle-farmer-spraying-123409059.png,Hazardous,train,pesticides,0,VALID
Organic/egg_shells/walking_on_egg_shells_800_wht.jpg,/content/drive/MyDrive/Waste_Classification_FINAL/data/processed/stage4_standardized/Organic/egg_shells/walking_on_egg_shells_800_wht.png,Organic,train,egg_shells,2,VALID
Organic/yard_trimmings/FI-58.jpg.jpg,/content/drive/MyDrive/Waste_Classification_FINAL/data/processed/stage4_standardized/Organic/yard_trimmings/FI-58.jpg.png,Organic,train,yard_trimmings,2,VALID
Recyclable/cans_all_type/711Ggg6DhAL.jpg,/content/drive/MyDrive/Waste_Classification_FINAL/data/processed/stage4_standardized/Recyclable/cans_all_type/711Ggg6DhAL.png,Recyclable,train,cans_all_type,3,VALID
Non-Recyclable/ceramic_product/image-asset.jpg,/content/drive/MyDrive/Waste_Classification_FINAL/data/processed/stage4_standardized/Non-Recyclable/ceramic_product/image-asset.png,Non-Recyclable,train,ceramic_product,1,VALID
Organic/yard_trimmings/yard-trimmings.jpg,/content/drive/MyDrive/Waste_Classification_FINAL/data/processed/stage4_standardized/Organic/yard_trimmings/yard-trimmings.png,Organic,train,yard_trimmings,2,VALID
Organic/yard_trimmings/No20YW20in20Plastic20Postcard.jpg,/content/drive/MyDrive/Waste_Classification_FINAL/data/processed/stage4_standardized/Organic/yard_trimmings/No20YW20in20Plastic20Postcard.png,Organic,train,yard_trimmings,2,VALID
Non-Recyclable/sanitary_napkin/1200px-Monthly_Cup_Size_1262.jpg,/content/drive/MyDrive/Waste_Classification_FINAL/data/processed/stage4_standardized/Non-Recyclable/sanitary_napkin/1200px-Monthly_Cup_Size_1262.png,Non-Recyclable,train,sanitary_napkin,1,VALID
Recyclable/glass_containers/81ua-8FccoL._SL1500_.jpg,/content/drive/MyDrive/Waste_Classification_FINAL/data/processed/stage4_standardized/Recyclable/glass_containers/81ua-8FccoL._SL1500_.png,Recyclable,train,glass_containers,3,VALID
Recyclable/glass_containers/masonjarbackyard-1627317672.jpg,/content/drive/MyDrive/Waste_Classification_FINAL/data/processed/stage4_standardized/Recyclable/glass_containers/masonjarbackyard-1627317672.png,Recyclable,train,glass_containers,3,VALID
Non-Recyclable/sanitary_napkin/Ban-XL-12-1-min_1200x.jpg,/content/drive/MyDrive/Waste_Classification_FINAL/data/processed/stage4_standardized/Non-Recyclable/sanitary_napkin/Ban-XL-12-1-min_1200x.png,Non-Recyclable,train,sanitary_napkin,1,VALID
Recyclable/cans_all_type/img_kaitori02.jpg,/content/drive/MyDrive/Waste_Classification_FINAL/data/processed/stage4_standardized/Recyclable/cans_all_type/img_kaitori02.png,Recyclable,train,cans_all_type,3,VALID
Recyclable/paper_products/paper_handout_en_0.jpg,/content/drive/MyDrive/Waste_Classification_FINAL/data/processed/stage4_standardized/Recyclable/paper_products/paper_handout_en_0.png,Recyclable,train,paper_products,3,VALID
Hazardous/batteries/Alkaline-Battery-vs-Lithium-Battery.jpg,/content/drive/MyDrive/Waste_Classification_FINAL/data/processed/stage4_standardized/Hazardous/batteries/Alkaline-Battery-vs-Lithium-Battery.png,Hazardous,train,batteries,0,VALID
Organic/kitchen_waste/contaminated-plastic-food-packaging.jpg,/content/drive/MyDrive/Waste_Classification_FINAL/data/processed/stage4_standardized/Organic/kitchen_waste/contaminated-plastic-food-packaging.png,Organic,train,kitchen_waste,2,VALID
Recyclable/plastic_bottles/01-waterbottlesun_20190719_0023_2x3.jpg,/content/drive/MyDrive/Waste_Classification_FINAL/data/processed/stage4_standardized/Recyclable/plastic_bottles/01-waterbottlesun_20190719_0023_2x3.png,Recyclable,train,plastic_bottles,3,VALID
Recyclable/cans_all_type/png-transparent-fizzy-drinks-aluminum-can-sprite-coca-cola-jarritos-sprite-recycling-waste-cola.jpg,/content/drive/MyDrive/Waste_Classification_FINAL/data/processed/stage4_standardized/Recyclable/cans_all_type/png-transparent-fizzy-drinks-aluminum-can-sprite-coca-cola-jarritos-sprite-recycling-waste-cola.png,Recyclable,train,cans_all_type,3,VALID
Organic/egg_shells/broken-eggshells.jpg,/content/drive/MyDrive/Waste_Classification_FINAL/data/processed/stage4_standardized/Organic/egg_shells/broken-eggshells.png,Organic,train,egg_shells,2,VALID
Non-Recyclable/ceramic_product/Best-Glue-for-Ceramics_Hero_NEW.jpg,/content/drive/MyDrive/Waste_Classification_FINAL/data/processed/stage4_standardized/Non-Recyclable/ceramic_product/Best-Glue-for-Ceramics_Hero_NEW.png,Non-Recyclable,train,ceramic_product,1,VALID
Recyclable/cans_all_type/metal-cans-for-recycling.jpg,/content/drive/MyDrive/Waste_Classification_FINAL/data/processed/stage4_standardized/Recyclable/cans_all_type/metal-cans-for-recycling.png,Recyclable,train,cans_all_type,3,VALID
Recyclable/plastic_bottles/102178025-Premium_Platic_Bottles.jpg,/content/drive/MyDrive/Waste_Classification_FINAL/data/processed/stage4_standardized/Recyclable/plastic_bottles/102178025-Premium_Platic_Bottles.png,Recyclable,train,plastic_bottles,3,VALID
Recyclable/cans_all_type/depositphotos_524542642-stock-photo-tin-can-preserve-food-template.jpg,/content/drive/MyDrive/Waste_Classification_FINAL/data/processed/stage4_standardized/Recyclable/cans_all_type/depositphotos_524542642-stock-photo-tin-can-preserve-food-template.png,Recyclable,train,cans_all_type,3,VALID
Non-Recyclable/plastics_bags_wrappers/ShopperTote-Impact_9c760538-e324-4fd4-8e04-48c35caf5152.jpg,/content/drive/MyDrive/Waste_Classification_FINAL/data/processed/stage4_standardized/Non-Recyclable/plastics_bags_wrappers/ShopperTote-Impact_9c760538-e324-4fd4-8e04-48c35caf5152.png,Non-Recyclable,train,plastics_bags_wrappers,1,AUTO_CORRECTED
Non-Recyclable/diapers/61dJIigpYOL.jpg,/content/drive/MyDrive/Waste_Classification_FINAL/data/processed/stage4_standardized/Non-Recyclable/diapers/61dJIigpYOL.png,Non-Recyclable,train,diapers,1,VALID
Recyclable/cans_all_type/EWG-report-reveals-brands-using-BPA-in-canned-food.jpg,/content/drive/MyDrive/Waste_Classification_FINAL/data/processed/stage4_standardized/Recyclable/cans_all_type/EWG-report-reveals-brands-using-BPA-in-canned-food.png,Recyclable,train,cans_all_type,3,VALID
Hazardous/paints/how-to-manage-hazardous-waste-in-auto-body-and-paint-shops.jpg,/content/drive/MyDrive/Waste_Classification_FINAL/data/processed/stage4_standardized/Hazardous/paints/how-to-manage-hazardous-waste-in-auto-body-and-paint-shops.png,Hazardous,train,paints,0,VALID
Non-Recyclable/sanitary_napkin/Sanitary-products_cmp-scaled.jpg,/content/drive/MyDrive/Waste_Classification_FINAL/data/processed/stage4_standardized/Non-Recyclable/sanitary_napkin/Sanitary-products_cmp-scaled.png,Non-Recyclable,train,sanitary_napkin,1,VALID
Non-Recyclable/styrofoam_product/secondary-packaging-examples.jpg,/content/drive/MyDrive/Waste_Classification_FINAL/data/processed/stage4_standardized/Non-Recyclable/styrofoam_product/secondary-packaging-examples.png,Non-Recyclable,train,styrofoam_product,1,AUTO_CORRECTED
Organic/food_scraps/cristiano-pinto-2lWGQ02DGL8-un_1_x.jpg,/content/drive/MyDrive/Waste_Classification_FINAL/data/processed/stage4_standardized/Organic/food_scraps/cristiano-pinto-2lWGQ02DGL8-un_1_x.png,Organic,train,food_scraps,2,VALID
Recyclable/glass_containers/Types-of-Packaging-Glass-Bottles-Feature-Image.jpg,/content/drive/MyDrive/Waste_Classification_FINAL/data/processed/stage4_standardized/Recyclable/glass_containers/Types-of-Packaging-Glass-Bottles-Feature-Image.png,Recyclable,train,glass_containers,3,VALID
Recyclable/paper_products/Overiew-papermaking-process-lumber-industry.jpg,/content/drive/MyDrive/Waste_Classification_FINAL/data/processed/stage4_standardized/Recyclable/paper_products/Overiew-papermaking-process-lumber-industry.png,Recyclable,train,paper_products,3,VALID
Recyclable/plastic_bottles/plastic-bottles-of-assorted-carbonated-soft-drinks-in-variety-of-colors-MG89G6.jpg,/content/drive/MyDrive/Waste_Classification_FINAL/data/processed/stage4_standardized/Recyclable/plastic_bottles/plastic-bottles-of-assorted-carbonated-soft-drinks-in-variety-of-colors-MG89G6.png,Recyclable,train,plastic_bottles,3,VALID
Organic/kitchen_waste/PepsiCo-India-pilots-plant-based-packaging-to-address-plastic-waste.jpg,/content/drive/MyDrive/Waste_Classification_FINAL/data/processed/stage4_standardized/Organic/kitchen_waste/PepsiCo-India-pilots-plant-based-packaging-to-address-plastic-waste.png,Organic,train,kitchen_waste,2,VALID
Hazardous/e-waste/post_lighting_waste - Copy.jpg,/content/drive/MyDrive/Waste_Classification_FINAL/data/processed/stage4_standardized/Hazardous/e-waste/post_lighting_waste - Copy.png,Hazardous,train,e-waste,0,VALID
Non-Recyclable/sanitary_napkin/https3A2F2Fcdn.cnn.com2Fcnnnext2Fdam2Fassets2F180914085541-01-as-equals-uk-period-poverty.jpg,/content/drive/MyDrive/Waste_Classification_FINAL/data/processed/stage4_standardized/Non-Recyclable/sanitary_napkin/https3A2F2Fcdn.cnn.com2Fcnnnext2Fdam2Fassets2F180914085541-01-as-equals-uk-period-poverty.png,Non-Recyclable,train,sanitary_napkin,1,VALID
Organic/food_scraps/aa-Cover-74rf5oelkbaeo8j1kmiamu31v7-20171227011258.Medi.jpg,/content/drive/MyDrive/Waste_Classification_FINAL/data/processed/stage4_standardized/Organic/food_scraps/aa-Cover-74rf5oelkbaeo8j1kmiamu31v7-20171227011258.Medi.png,Organic,train,food_scraps,2,VALID
Organic/yard_trimmings/Composted-Mixed-Yard-Waste-Organic-Garden-Mulch.jpg,/content/drive/MyDrive/Waste_Classification_FINAL/data/processed/stage4_standardized/Organic/yard_trimmings/Composted-Mixed-Yard-Waste-Organic-Garden-Mulch.png,Organic,train,yard_trimmings,2,VALID
Organic/kitchen_waste/Blue-Tribe-and-Myprotein-Join-Hands-for-Plant-Based-Breakfast-Recipes.jpg,/content/drive/MyDrive/Waste_Classification_FINAL/data/processed/stage4_standardized/Organic/kitchen_waste/Blue-Tribe-and-Myprotein-Join-Hands-for-Plant-Based-Breakfast-Recipes.png,Organic,train,kitchen_waste,2,VALID
Hazardous/batteries/energizer-cold-weather-lithium-aa-battery.jpg,/content/drive/MyDrive/Waste_Classification_FINAL/data/processed/stage4_standardized/Hazardous/batteries/energizer-cold-weather-lithium-aa-battery.png,Hazardous,train,batteries,0,VALID
Hazardous/batteries/40422.MN2400B8.jpg,/content/drive/MyDrive/Waste_Classification_FINAL/data/processed/stage4_standardized/Hazardous/batteries/40422.MN2400B8.png,Hazardous,train,batteries,0,VALID
Organic/coffee_tea_bags/zindagi_green_coffee_beans_400_gm_0.jpg,/content/drive/MyDrive/Waste_Classification_FINAL/data/processed/stage4_standardized/Organic/coffee_tea_bags/zindagi_green_coffee_beans_400_gm_0.png,Organic,train,coffee_tea_bags,2,VALID
Recyclable/glass_containers/pros-and-cons-glass-vs-plastic.jpg,/content/drive/MyDrive/Waste_Classification_FINAL/data/processed/stage4_standardized/Recyclable/glass_containers/pros-and-cons-glass-vs-plastic.png,Recyclable,train,glass_containers,3,VALID
Recyclable/glass_containers/cold-end.jpg,/content/drive/MyDrive/Waste_Classification_FINAL/data/processed/stage4_standardized/Recyclable/glass_containers/cold-end.png,Recyclable,train,glass_containers,3,VALID
Hazardous/paints/sca-journal-05oct2018-fa-hazmat-page-0001.jpg,/content/drive/MyDrive/Waste_Classification_FINAL/data/processed/stage4_standardized/Hazardous/paints/sca-journal-05oct2018-fa-hazmat-page-0001.png,Hazardous,train,paints,0,VALID
Recyclable/paper_products/waste-paper-recycling-concept-with-cardboard-newspapers-bag-realistic_1284-33137.jpg,/content/drive/MyDrive/Waste_Classification_FINAL/data/processed/stage4_standardized/Recyclable/paper_products/waste-paper-recycling-concept-with-cardboard-newspapers-bag-realistic_1284-33137.png,Recyclable,train,paper_products,3,VALID
Hazardous/pesticides/mer-fumigate-in-protective-suit-and-mask-lemon-trees-man-spraying-1743156359.jpg,/content/drive/MyDrive/Waste_Classification_FINAL/data/processed/stage4_standardized/Hazardous/pesticides/mer-fumigate-in-protective-suit-and-mask-lemon-trees-man-spraying-1743156359.png,Hazardous,train,pesticides,0,VALID
Hazardous/batteries/d1ma00216c-f6_hi-res.jpg,/content/drive/MyDrive/Waste_Classification_FINAL/data/processed/stage4_standardized/Hazardous/batteries/d1ma00216c-f6_hi-res.png,Hazardous,train,batteries,0,VALID
Organic/coffee_tea_bags/IMG_20210615_140202_1_99c77e7f-6033-43bd-b5d6-bac37c2cb86b_1024x.jpg,/content/drive/MyDrive/Waste_Classification_FINAL/data/processed/stage4_standardized/Organic/coffee_tea_bags/IMG_20210615_140202_1_99c77e7f-6033-43bd-b5d6-bac37c2cb86b_1024x.png,Organic,train,coffee_tea_bags,2,VALID
Recyclable/paper_products/stack-of-paper-and-cardboard-for-recycling-2CRNY2N.jpg,/content/drive/MyDrive/Waste_Classification_FINAL/data/processed/stage4_standardized/Recyclable/paper_products/stack-of-paper-and-cardboard-for-recycling-2CRNY2N.png,Recyclable,train,paper_products,3,VALID
Organic/food_scraps/broth-from-scraps.jpg,/content/drive/MyDrive/Waste_Classification_FINAL/data/processed/stage4_standardized/Organic/food_scraps/broth-from-scraps.png,Organic,train,food_scraps,2,VALID
Non-Recyclable/ceramic_product/3de69e4f-ae11-4b1c-9b81-e2cac38564cf.jpg,/content/drive/MyDrive/Waste_Classification_FINAL/data/processed/stage4_standardized/Non-Recyclable/ceramic_product/3de69e4f-ae11-4b1c-9b81-e2cac38564cf.png,Non-Recyclable,train,ceramic_product,1,VALID
Non-Recyclable/styrofoam_product/open-styrofoam-boxes-stack-white-background-31184617.jpg,/content/drive/MyDrive/Waste_Classification_FINAL/data/processed/stage4_standardized/Non-Recyclable/styrofoam_product/open-styrofoam-boxes-stack-white-background-31184617.png,Non-Recyclable,train,styrofoam_product,1,AUTO_CORRECTED
Hazardous/batteries/41560_2019_368_Fig1_HTML.jpg,/content/drive/MyDrive/Waste_Classification_FINAL/data/processed/stage4_standardized/Hazardous/batteries/41560_2019_368_Fig1_HTML.png,Hazardous,train,batteries,0,VALID
Organic/coffee_tea_bags/IMG_7701.JPG.jpg,/content/drive/MyDrive/Waste_Classification_FINAL/data/processed/stage4_standardized/Organic/coffee_tea_bags/IMG_7701.JPG.png,Organic,train,coffee_tea_bags,2,VALID
Organic/kitchen_waste/796520-The-9-Best-Plant-Based-Meal-Delivery-Services-1296x728-Header-f5d7d3.jpg,/content/drive/MyDrive/Waste_Classification_FINAL/data/processed/stage4_standardized/Organic/kitchen_waste/796520-The-9-Best-Plant-Based-Meal-Delivery-Services-1296x728-Header-f5d7d3.png,Organic,train,kitchen_waste,2,VALID
Non-Recyclable/diapers/pies-environmental-impact-disposable-diapers-pollution-environment-235596045.jpg,/content/drive/MyDrive/Waste_Classification_FINAL/data/processed/stage4_standardized/Non-Recyclable/diapers/pies-environmental-impact-disposable-diapers-pollution-environment-235596045.png,Non-Recyclable,train,diapers,1,VALID
Non-Recyclable/plastics_bags_wrappers/wasteplastic750px.jpg,/content/drive/MyDrive/Waste_Classification_FINAL/data/processed/stage4_standardized/Non-Recyclable/plastics_bags_wrappers/wasteplastic750px.png,Non-Recyclable,train,plastics_bags_wrappers,1,AUTO_CORRECTED
Non-Recyclable/styrofoam_product/Best-eco-friendly-paper-food-packaging-containers-brands-in-Nigeria-1-1.jpg,/content/drive/MyDrive/Waste_Classification_FINAL/data/processed/stage4_standardized/Non-Recyclable/styrofoam_product/Best-eco-friendly-paper-food-packaging-containers-brands-in-Nigeria-1-1.png,Non-Recyclable,train,styrofoam_product,1,AUTO_CORRECTED
Non-Recyclable/plastics_bags_wrappers/arkets-for-kitchen-waste-household-plastic-waste-single-use-plastics-2E25P1R.jpg,/content/drive/MyDrive/Waste_Classification_FINAL/data/processed/stage4_standardized/Non-Recyclable/plastics_bags_wrappers/arkets-for-kitchen-waste-household-plastic-waste-single-use-plastics-2E25P1R.png,Non-Recyclable,train,plastics_bags_wrappers,1,AUTO_CORRECTED
Organic/kitchen_waste/ro-waste-packaging-fresh-raw-food-seasonal-vegetables-home-kitchen-176733986.jpg,/content/drive/MyDrive/Waste_Classification_FINAL/data/processed/stage4_standardized/Organic/kitchen_waste/ro-waste-packaging-fresh-raw-food-seasonal-vegetables-home-kitchen-176733986.png,Organic,train,kitchen_waste,2,VALID
Organic/yard_trimmings/raking-feature.jpg,/content/drive/MyDrive/Waste_Classification_FINAL/data/processed/stage4_standardized/Organic/yard_trimmings/raking-feature.png,Organic,train,yard_trimmings,2,VALID
Organic/egg_shells/white-egg-shell-granules.jpg,/content/drive/MyDrive/Waste_Classification_FINAL/data/processed/stage4_standardized/Organic/egg_shells/white-egg-shell-granules.png,Organic,train,egg_shells,2,VALID
Recyclable/glass_containers/ing-Glass-Cans-Recycled-Clear-Glass-Jar-for-Honey-Sauce-Jam-Candy-Packaging.jpg,/content/drive/MyDrive/Waste_Classification_FINAL/data/processed/stage4_standardized/Recyclable/glass_containers/ing-Glass-Cans-Recycled-Clear-Glass-Jar-for-Honey-Sauce-Jam-Candy-Packaging.png,Recyclable,train,glass_containers,3,VALID
Hazardous/pesticides/bistar.jpg,/content/drive/MyDrive/Waste_Classification_FINAL/data/processed/stage4_standardized/Hazardous/pesticides/bistar.png,Hazardous,train,pesticides,0,VALID
Organic/egg_shells/crushed-eggshells-for-chickens.jpg,/content/drive/MyDrive/Waste_Classification_FINAL/data/processed/stage4_standardized/Organic/egg_shells/crushed-eggshells-for-chickens.png,Organic,train,egg_shells,2,VALID
Hazardous/e-waste/Example-of-e-waste-in-Category-3-ICT-a-used-mobile-phones-and-b-used-monitors_Q320 - Copy.jpg,/content/drive/MyDrive/Waste_Classification_FINAL/data/processed/stage4_standardized/Hazardous/e-waste/Example-of-e-waste-in-Category-3-ICT-a-used-mobile-phones-and-b-used-monitors_Q320 - Copy.png,Hazardous,train,e-waste,0,VALID
Hazardous/pesticides/spraying-pesticides.jpg,/content/drive/MyDrive/Waste_Classification_FINAL/data/processed/stage4_standardized/Hazardous/pesticides/spraying-pesticides.png,Hazardous,train,pesticides,0,VALID
Non-Recyclable/plastics_bags_wrappers/1587685798451.jpg,/content/drive/MyDrive/Waste_Classification_FINAL/data/processed/stage4_standardized/Non-Recyclable/plastics_bags_wrappers/1587685798451.png,Non-Recyclable,train,plastics_bags_wrappers,1,AUTO_CORRECTED
Hazardous/e-waste/hazardous-waste-wooden-background-74234943 - Copy.jpg,/content/drive/MyDrive/Waste_Classification_FINAL/data/processed/stage4_standardized/Hazardous/e-waste/hazardous-waste-wooden-background-74234943 - Copy.png,Hazardous,train,e-waste,0,VALID
Organic/food_scraps/001_41_IMG_WEB_191204228_Loop-848x565.jpg,/content/drive/MyDrive/Waste_Classification_FINAL/data/processed/stage4_standardized/Organic/food_scraps/001_41_IMG_WEB_191204228_Loop-848x565.png,Organic,train,food_scraps,2,VALID
Organic/food_scraps/vegetable-scraps-1-768x587-1.jpg,/content/drive/MyDrive/Waste_Classification_FINAL/data/processed/stage4_standardized/Organic/food_scraps/vegetable-scraps-1-768x587-1.png,Organic,train,food_scraps,2,VALID
Recyclable/paper_products/AccesstoRecyclingSnackable-Icons-60.jpg,/content/drive/MyDrive/Waste_Classification_FINAL/data/processed/stage4_standardized/Recyclable/paper_products/AccesstoRecyclingSnackable-Icons-60.png,Recyclable,train,paper_products,3,VALID
Organic/coffee_tea_bags/100-garcinia-cinnamon-arabica-green-coffee-coffee-beans-box-original-imagfyuvbhn6jghf.jpg,/content/drive/MyDrive/Waste_Classification_FINAL/data/processed/stage4_standardized/Organic/coffee_tea_bags/100-garcinia-cinnamon-arabica-green-coffee-coffee-beans-box-original-imagfyuvbhn6jghf.png,Organic,train,coffee_tea_bags,2,VALID
Recyclable/plastic_bottles/bottles-to-fabric.jpg,/content/drive/MyDrive/Waste_Classification_FINAL/data/processed/stage4_standardized/Recyclable/plastic_bottles/bottles-to-fabric.png,Recyclable,train,plastic_bottles,3,VALID
Recyclable/glass_containers/glass-recycling.jpg,/content/drive/MyDrive/Waste_Classification_FINAL/data/processed/stage4_standardized/Recyclable/glass_containers/glass-recycling.png,Recyclable,train,glass_containers,3,VALID
Hazardous/batteries/Nokia_Battery.jpg,/content/drive/MyDrive/Waste_Classification_FINAL/data/processed/stage4_standardized/Hazardous/batteries/Nokia_Battery.png,Hazardous,train,batteries,0,VALID
Recyclable/cans_all_type/MPE20-20Can20Logistics20benefits.jpg,/content/drive/MyDrive/Waste_Classification_FINAL/data/processed/stage4_standardized/Recyclable/cans_all_type/MPE20-20Can20Logistics20benefits.png,Recyclable,train,cans_all_type,3,VALID
Recyclable/cans_all_type/stock-photo-recycle-aluminum-metal-crushed-can-waste-background-2163017067.jpg,/content/drive/MyDrive/Waste_Classification_FINAL/data/processed/stage4_standardized/Recyclable/cans_all_type/stock-photo-recycle-aluminum-metal-crushed-can-waste-background-2163017067.png,Recyclable,train,cans_all_type,3,VALID
Organic/coffee_tea_bags/27r-used-coffee-grounds-1024x600.jpg,/content/drive/MyDrive/Waste_Classification_FINAL/data/processed/stage4_standardized/Organic/coffee_tea_bags/27r-used-coffee-grounds-1024x600.png,Organic,train,coffee_tea_bags,2,VALID
Hazardous/paints/shutterstock_705650794-scaled-e1651069725819.jpg,/content/drive/MyDrive/Waste_Classification_FINAL/data/processed/stage4_standardized/Hazardous/paints/shutterstock_705650794-scaled-e1651069725819.png,Hazardous,train,paints,0,VALID
Non-Recyclable/ceramic_product/e-patterns-isolated-white-background-vector-cartoon-illustration_76964-12318.jpg,/content/drive/MyDrive/Waste_Classification_FINAL/data/processed/stage4_standardized/Non-Recyclable/ceramic_product/e-patterns-isolated-white-background-vector-cartoon-illustration_76964-12318.png,Non-Recyclable,train,ceramic_product,1,VALID
Recyclable/glass_containers/soogo-clear-glass-cube-jar-1-l-set-of-2-product-images-o493624711-p599004984-1-202303030341.jpg,/content/drive/MyDrive/Waste_Classification_FINAL/data/processed/stage4_standardized/Recyclable/glass_containers/soogo-clear-glass-cube-jar-1-l-set-of-2-product-images-o493624711-p599004984-1-202303030341.png,Recyclable,train,glass_containers,3,VALID
Recyclable/plastic_bottles/depositphotos_32383859-stock-photo-set-of-water-bottles.jpg,/content/drive/MyDrive/Waste_Classification_FINAL/data/processed/stage4_standardized/Recyclable/plastic_bottles/depositphotos_32383859-stock-photo-set-of-water-bottles.png,Recyclable,train,plastic_bottles,3,VALID
Hazardous/paints/aerosolrecycling.jpg,/content/drive/MyDrive/Waste_Classification_FINAL/data/processed/stage4_standardized/Hazardous/paints/aerosolrecycling.png,Hazardous,train,paints,0,VALID
Non-Recyclable/sanitary_napkin/pile-period-products.jpg,/content/drive/MyDrive/Waste_Classification_FINAL/data/processed/stage4_standardized/Non-Recyclable/sanitary_napkin/pile-period-products.png,Non-Recyclable,train,sanitary_napkin,1,VALID
Recyclable/cans_all_type/1673984002-51RqVCsy9ML._SL500_.jpg,/content/drive/MyDrive/Waste_Classification_FINAL/data/processed/stage4_standardized/Recyclable/cans_all_type/1673984002-51RqVCsy9ML._SL500_.png,Recyclable,train,cans_all_type,3,VALID
Organic/yard_trimmings/Leaf-Bags.jpg,/content/drive/MyDrive/Waste_Classification_FINAL/data/processed/stage4_standardized/Organic/yard_trimmings/Leaf-Bags.png,Organic,train,yard_trimmings,2,VALID
Recyclable/cans_all_type/-metallic-can-drink-beer-soda-water-juice-packaging-empty-mock-up-1376178530.jpg,/content/drive/MyDrive/Waste_Classification_FINAL/data/processed/stage4_standardized/Recyclable/cans_all_type/-metallic-can-drink-beer-soda-water-juice-packaging-empty-mock-up-1376178530.png,Recyclable,train,cans_all_type,3,VALID
Non-Recyclable/styrofoam_product/foods-12-01057-g001.jpg,/content/drive/MyDrive/Waste_Classification_FINAL/data/processed/stage4_standardized/Non-Recyclable/styrofoam_product/foods-12-01057-g001.png,Non-Recyclable,train,styrofoam_product,1,AUTO_CORRECTED
Organic/egg_shells/eggshells_uses_759.jpg,/content/drive/MyDrive/Waste_Classification_FINAL/data/processed/stage4_standardized/Organic/egg_shells/eggshells_uses_759.png,Organic,train,egg_shells,2,VALID
Recyclable/cans_all_type/metal-aluminum-cans-non-biodegradable-600w-2016354857.jpg,/content/drive/MyDrive/Waste_Classification_FINAL/data/processed/stage4_standardized/Recyclable/cans_all_type/metal-aluminum-cans-non-biodegradable-600w-2016354857.png,Recyclable,train,cans_all_type,3,VALID
Non-Recyclable/diapers/cloth-vs-disposable-diaper-top-2x1-lowres1024-.jpg,/content/drive/MyDrive/Waste_Classification_FINAL/data/processed/stage4_standardized/Non-Recyclable/diapers/cloth-vs-disposable-diaper-top-2x1-lowres1024-.png,Non-Recyclable,train,diapers,1,VALID
Non-Recyclable/ceramic_product/new_guide_available_for_fractography_of_ceramics_and_glasses.jpg,/content/drive/MyDrive/Waste_Classification_FINAL/data/processed/stage4_standardized/Non-Recyclable/ceramic_product/new_guide_available_for_fractography_of_ceramics_and_glasses.png,Non-Recyclable,train,ceramic_product,1,VALID
Organic/coffee_tea_bags/post-everything-bread-tea-bags-coffee-grounds-i-even-dump-out-my-old-quote-1.jpg,/content/drive/MyDrive/Waste_Classification_FINAL/data/processed/stage4_standardized/Organic/coffee_tea_bags/post-everything-bread-tea-bags-coffee-grounds-i-even-dump-out-my-old-quote-1.png,Organic,train,coffee_tea_bags,2,VALID
Recyclable/cans_all_type/pngtree-aluminum-cans-crushed-for-recycling-waste-reuse-material-photo-image_902933.jpg,/content/drive/MyDrive/Waste_Classification_FINAL/data/processed/stage4_standardized/Recyclable/cans_all_type/pngtree-aluminum-cans-crushed-for-recycling-waste-reuse-material-photo-image_902933.png,Recyclable,train,cans_all_type,3,VALID
Recyclable/glass_containers/glass-bottles-and-jars-for-recycling-M3RBBE.jpg,/content/drive/MyDrive/Waste_Classification_FINAL/data/processed/stage4_standardized/Recyclable/glass_containers/glass-bottles-and-jars-for-recycling-M3RBBE.png,Recyclable,train,glass_containers,3,VALID
Organic/yard_trimmings/MMRecycleYardWattleFence900x450min.jpg,/content/drive/MyDrive/Waste_Classification_FINAL/data/processed/stage4_standardized/Organic/yard_trimmings/MMRecycleYardWattleFence900x450min.png,Organic,train,yard_trimmings,2,VALID
Hazardous/paints/soldier-paints-solvant-thinner-500x500.jpg,/content/drive/MyDrive/Waste_Classification_FINAL/data/processed/stage4_standardized/Hazardous/paints/soldier-paints-solvant-thinner-500x500.png,Hazardous,train,paints,0,VALID
Recyclable/paper_products/mixed-paper-waste-cardboard-confidential-documents.jpg,/content/drive/MyDrive/Waste_Classification_FINAL/data/processed/stage4_standardized/Recyclable/paper_products/mixed-paper-waste-cardboard-confidential-documents.png,Recyclable,train,paper_products,3,VALID
Organic/yard_trimmings/LYWSmall.jpg,/content/drive/MyDrive/Waste_Classification_FINAL/data/processed/stage4_standardized/Organic/yard_trimmings/LYWSmall.png,Organic,train,yard_trimmings,2,VALID
Non-Recyclable/diapers/sed-baby-nappies-environmental-impact-disposable-diapers-pollution-217314562.jpg,/content/drive/MyDrive/Waste_Classification_FINAL/data/processed/stage4_standardized/Non-Recyclable/diapers/sed-baby-nappies-environmental-impact-disposable-diapers-pollution-217314562.png,Non-Recyclable,train,diapers,1,VALID
Organic/yard_trimmings/Yardwaste-Recycling-1024x683.jpg,/content/drive/MyDrive/Waste_Classification_FINAL/data/processed/stage4_standardized/Organic/yard_trimmings/Yardwaste-Recycling-1024x683.png,Organic,train,yard_trimmings,2,VALID
Non-Recyclable/diapers/piles-of-plastic-disposable-nappies-on-funafuti-tuvalu-A6T59X.jpg,/content/drive/MyDrive/Waste_Classification_FINAL/data/processed/stage4_standardized/Non-Recyclable/diapers/piles-of-plastic-disposable-nappies-on-funafuti-tuvalu-A6T59X.png,Non-Recyclable,train,diapers,1,VALID
Non-Recyclable/diapers/file-20221019-22-gy6i0u.jpg,/content/drive/MyDrive/Waste_Classification_FINAL/data/processed/stage4_standardized/Non-Recyclable/diapers/file-20221019-22-gy6i0u.png,Non-Recyclable,train,diapers,1,VALID
Organic/coffee_tea_bags/MP000000016744408_658Wx734H_202303032000391.jpg,/content/drive/MyDrive/Waste_Classification_FINAL/data/processed/stage4_standardized/Organic/coffee_tea_bags/MP000000016744408_658Wx734H_202303032000391.png,Organic,train,coffee_tea_bags,2,VALID
Organic/egg_shells/Eggshells-and-Other-Food-Waste-on-Compost-Pile.jpg,/content/drive/MyDrive/Waste_Classification_FINAL/data/processed/stage4_standardized/Organic/egg_shells/Eggshells-and-Other-Food-Waste-on-Compost-Pile.png,Organic,train,egg_shells,2,VALID
Organic/food_scraps/gfx4-x1280.jpg,/content/drive/MyDrive/Waste_Classification_FINAL/data/processed/stage4_standardized/Organic/food_scraps/gfx4-x1280.png,Organic,train,food_scraps,2,VALID
Recyclable/paper_products/sourcepaperfinal.jpg,/content/drive/MyDrive/Waste_Classification_FINAL/data/processed/stage4_standardized/Recyclable/paper_products/sourcepaperfinal.png,Recyclable,train,paper_products,3,VALID
Recyclable/cans_all_type/stocking-up-food-covid19.jpg,/content/drive/MyDrive/Waste_Classification_FINAL/data/processed/stage4_standardized/Recyclable/cans_all_type/stocking-up-food-covid19.png,Recyclable,train,cans_all_type,3,VALID
Non-Recyclable/plastics_bags_wrappers/Laundry_Bag_-_Impact_c7cb83ae-002a-4675-84c9-c14f4cfe1234.jpg,/content/drive/MyDrive/Waste_Classification_FINAL/data/processed/stage4_standardized/Non-Recyclable/plastics_bags_wrappers/Laundry_Bag_-_Impact_c7cb83ae-002a-4675-84c9-c14f4cfe1234.png,Non-Recyclable,train,plastics_bags_wrappers,1,AUTO_CORRECTED
Hazardous/pesticides/pesticides4.jpg,/content/drive/MyDrive/Waste_Classification_FINAL/data/processed/stage4_standardized/Hazardous/pesticides/pesticides4.png,Hazardous,train,pesticides,0,VALID
Hazardous/e-waste/Solutions-to-e-waste-problems1 - Copy.jpg,/content/drive/MyDrive/Waste_Classification_FINAL/data/processed/stage4_standardized/Hazardous/e-waste/Solutions-to-e-waste-problems1 - Copy.png,Hazardous,train,e-waste,0,VALID
Organic/coffee_tea_bags/CoffeeBeans_1024x.jpg,/content/drive/MyDrive/Waste_Classification_FINAL/data/processed/stage4_standardized/Organic/coffee_tea_bags/CoffeeBeans_1024x.png,Organic,train,coffee_tea_bags,2,VALID
Recyclable/glass_containers/korken-bottle-shaped-jar-with-lid-clear-glass__1152258_pe885224_s5.jpg,/content/drive/MyDrive/Waste_Classification_FINAL/data/processed/stage4_standardized/Recyclable/glass_containers/korken-bottle-shaped-jar-with-lid-clear-glass__1152258_pe885224_s5.png,Recyclable,train,glass_containers,3,VALID
Recyclable/paper_products/or-recycling-urban-scene-environmental-conservation-concept-hong-kong-MPHXY8.jpg,/content/drive/MyDrive/Waste_Classification_FINAL/data/processed/stage4_standardized/Recyclable/paper_products/or-recycling-urban-scene-environmental-conservation-concept-hong-kong-MPHXY8.png,Recyclable,train,paper_products,3,VALID
Non-Recyclable/ceramic_product/Crushed-ceramic-pots-waste-white-ceramics-24.jpg,/content/drive/MyDrive/Waste_Classification_FINAL/data/processed/stage4_standardized/Non-Recyclable/ceramic_product/Crushed-ceramic-pots-waste-white-ceramics-24.png,Non-Recyclable,train,ceramic_product,1,VALID
Hazardous/e-waste/Fluorescent_Light_Video - Copy.jpg,/content/drive/MyDrive/Waste_Classification_FINAL/data/processed/stage4_standardized/Hazardous/e-waste/Fluorescent_Light_Video - Copy.png,Hazardous,train,e-waste,0,VALID
Organic/food_scraps/FoodWaste.jpg,/content/drive/MyDrive/Waste_Classification_FINAL/data/processed/stage4_standardized/Organic/food_scraps/FoodWaste.png,Organic,train,food_scraps,2,VALID
Organic/coffee_tea_bags/FUR.TEA.97739955_1672739528138.jpg,/content/drive/MyDrive/Waste_Classification_FINAL/data/processed/stage4_standardized/Organic/coffee_tea_bags/FUR.TEA.97739955_1672739528138.png,Organic,train,coffee_tea_bags,2,VALID
Hazardous/e-waste/an-electronics-e-waste-recycling-collection-area-the-collection-is-APK6DT - Copy.jpg,/content/drive/MyDrive/Waste_Classification_FINAL/data/processed/stage4_standardized/Hazardous/e-waste/an-electronics-e-waste-recycling-collection-area-the-collection-is-APK6DT - Copy.png,Hazardous,train,e-waste,0,VALID
Organic/egg_shells/kvjhnutlxx2zrto2or8j.jpg,/content/drive/MyDrive/Waste_Classification_FINAL/data/processed/stage4_standardized/Organic/egg_shells/kvjhnutlxx2zrto2or8j.png,Organic,train,egg_shells,2,VALID
Organic/coffee_tea_bags/benefits-for-the-body.jpg,/content/drive/MyDrive/Waste_Classification_FINAL/data/processed/stage4_standardized/Organic/coffee_tea_bags/benefits-for-the-body.png,Organic,train,coffee_tea_bags,2,VALID
Recyclable/plastic_bottles/-1x-1.jpg,/content/drive/MyDrive/Waste_Classification_FINAL/data/processed/stage4_standardized/Recyclable/plastic_bottles/-1x-1.png,Recyclable,train,plastic_bottles,3,VALID
Recyclable/glass_containers/61APfOjOwNL.jpg,/content/drive/MyDrive/Waste_Classification_FINAL/data/processed/stage4_standardized/Recyclable/glass_containers/61APfOjOwNL.png,Recyclable,train,glass_containers,3,VALID
Organic/egg_shells/White-Eggshells-On-a-Wooden-Surface.jpg,/content/drive/MyDrive/Waste_Classification_FINAL/data/processed/stage4_standardized/Organic/egg_shells/White-Eggshells-On-a-Wooden-Surface.png,Organic,train,egg_shells,2,VALID
Non-Recyclable/diapers/lain-dibuang-dipinggiran-sungai-di-Sleman-Jogja.-foto-Tommy-Apriando-768x512.jpg,/content/drive/MyDrive/Waste_Classification_FINAL/data/processed/stage4_standardized/Non-Recyclable/diapers/lain-dibuang-dipinggiran-sungai-di-Sleman-Jogja.-foto-Tommy-Apriando-768x512.png,Non-Recyclable,train,diapers,1,VALID
Non-Recyclable/diapers/intresting20fact20about20baby20diapers.jpg,/content/drive/MyDrive/Waste_Classification_FINAL/data/processed/stage4_standardized/Non-Recyclable/diapers/intresting20fact20about20baby20diapers.png,Non-Recyclable,train,diapers,1,VALID
Hazardous/pesticides/A-landfill-for-disposal-of-pesticide-wastes-45_Q320.jpg,/content/drive/MyDrive/Waste_Classification_FINAL/data/processed/stage4_standardized/Hazardous/pesticides/A-landfill-for-disposal-of-pesticide-wastes-45_Q320.png,Hazardous,train,pesticides,0,VALID
Hazardous/e-waste/electonic-waste - Copy.jpg,/content/drive/MyDrive/Waste_Classification_FINAL/data/processed/stage4_standardized/Hazardous/e-waste/electonic-waste - Copy.png,Hazardous,train,e-waste,0,VALID
Non-Recyclable/sanitary_napkin/gh-060520-ghi-best-feminine-wipes-1591385649.jpg,/content/drive/MyDrive/Waste_Classification_FINAL/data/processed/stage4_standardized/Non-Recyclable/sanitary_napkin/gh-060520-ghi-best-feminine-wipes-1591385649.png,Non-Recyclable,train,sanitary_napkin,1,VALID
Recyclable/glass_containers/71EBQt8XvtL._AC_UF10001000_QL80_.jpg,/content/drive/MyDrive/Waste_Classification_FINAL/data/processed/stage4_standardized/Recyclable/glass_containers/71EBQt8XvtL._AC_UF10001000_QL80_.png,Recyclable,train,glass_containers,3,VALID
Non-Recyclable/ceramic_product/p037kb0l.jpg,/content/drive/MyDrive/Waste_Classification_FINAL/data/processed/stage4_standardized/Non-Recyclable/ceramic_product/p037kb0l.png,Non-Recyclable,train,ceramic_product,1,VALID
Recyclable/paper_products/waste-paper-products-in-cardboard-box-BKEM99.jpg,/content/drive/MyDrive/Waste_Classification_FINAL/data/processed/stage4_standardized/Recyclable/paper_products/waste-paper-products-in-cardboard-box-BKEM99.png,Recyclable,train,paper_products,3,VALID
Hazardous/e-waste/Maple-Leaf-Foods-Electronic-Recycling-Program-Photo-Credit-Lya_Cattel - Copy.jpg,/content/drive/MyDrive/Waste_Classification_FINAL/data/processed/stage4_standardized/Hazardous/e-waste/Maple-Leaf-Foods-Electronic-Recycling-Program-Photo-Credit-Lya_Cattel - Copy.png,Hazardous,train,e-waste,0,VALID
Recyclable/glass_containers/2_2c8ffcc9-71e4-485a-8a6d-413968b9a11e.jpg,/content/drive/MyDrive/Waste_Classification_FINAL/data/processed/stage4_standardized/Recyclable/glass_containers/2_2c8ffcc9-71e4-485a-8a6d-413968b9a11e.png,Recyclable,train,glass_containers,3,VALID
Organic/yard_trimmings/how-to-use-grass-clippings.jpg,/content/drive/MyDrive/Waste_Classification_FINAL/data/processed/stage4_standardized/Organic/yard_trimmings/how-to-use-grass-clippings.png,Organic,train,yard_trimmings,2,VALID
Non-Recyclable/sanitary_napkin/b056a8a06dfc18447b8af6b8f5d805fb.jpg,/content/drive/MyDrive/Waste_Classification_FINAL/data/processed/stage4_standardized/Non-Recyclable/sanitary_napkin/b056a8a06dfc18447b8af6b8f5d805fb.png,Non-Recyclable,train,sanitary_napkin,1,VALID
Non-Recyclable/plastics_bags_wrappers/Rajiben_Colelction_1550_1080_copy_877a0b7e-5472-4ff3-a659-a60754e5abe3_1080x1080.jpg,/content/drive/MyDrive/Waste_Classification_FINAL/data/processed/stage4_standardized/Non-Recyclable/plastics_bags_wrappers/Rajiben_Colelction_1550_1080_copy_877a0b7e-5472-4ff3-a659-a60754e5abe3_1080x1080.png,Non-Recyclable,train,plastics_bags_wrappers,1,AUTO_CORRECTED
Non-Recyclable/sanitary_napkin/-emoji-feminine-hygiene-products-including-zero-waste-wome-women-s-221421344.jpg,/content/drive/MyDrive/Waste_Classification_FINAL/data/processed/stage4_standardized/Non-Recyclable/sanitary_napkin/-emoji-feminine-hygiene-products-including-zero-waste-wome-women-s-221421344.png,Non-Recyclable,train,sanitary_napkin,1,VALID
Non-Recyclable/sanitary_napkin/female-hygiene-and-daily-health-care-products-vector-28402112.jpg,/content/drive/MyDrive/Waste_Classification_FINAL/data/processed/stage4_standardized/Non-Recyclable/sanitary_napkin/female-hygiene-and-daily-health-care-products-vector-28402112.png,Non-Recyclable,train,sanitary_napkin,1,VALID
Non-Recyclable/diapers/429348994-baby-crawling-away-from-camera-wearing-disposable-diaper.jpg,/content/drive/MyDrive/Waste_Classification_FINAL/data/processed/stage4_standardized/Non-Recyclable/diapers/429348994-baby-crawling-away-from-camera-wearing-disposable-diaper.png,Non-Recyclable,train,diapers,1,VALID
Non-Recyclable/plastics_bags_wrappers/rappers-green-lawn-park-concept-cleaning-up-respecting-environment-245277060.jpg,/content/drive/MyDrive/Waste_Classification_FINAL/data/processed/stage4_standardized/Non-Recyclable/plastics_bags_wrappers/rappers-green-lawn-park-concept-cleaning-up-respecting-environment-245277060.png,Non-Recyclable,train,plastics_bags_wrappers,1,AUTO_CORRECTED
Non-Recyclable/ceramic_product/granbyware2.jpg,/content/drive/MyDrive/Waste_Classification_FINAL/data/processed/stage4_standardized/Non-Recyclable/ceramic_product/granbyware2.png,Non-Recyclable,train,ceramic_product,1,VALID
Non-Recyclable/ceramic_product/broken-glass-mosaic-tiles-bench-as-ceramic-art-in-park-guell-barcelona-spain-2B6HY56.jpg,/content/drive/MyDrive/Waste_Classification_FINAL/data/processed/stage4_standardized/Non-Recyclable/ceramic_product/broken-glass-mosaic-tiles-bench-as-ceramic-art-in-park-guell-barcelona-spain-2B6HY56.png,Non-Recyclable,train,ceramic_product,1,VALID
Recyclable/cans_all_type/-of-soda-drinks-in-aluminum-cans-isolated-on-white-with-clipping-path-brands.jpg,/content/drive/MyDrive/Waste_Classification_FINAL/data/processed/stage4_standardized/Recyclable/cans_all_type/-of-soda-drinks-in-aluminum-cans-isolated-on-white-with-clipping-path-brands.png,Recyclable,train,cans_all_type,3,VALID
Organic/yard_trimmings/leaf-yard-waste.jpg,/content/drive/MyDrive/Waste_Classification_FINAL/data/processed/stage4_standardized/Organic/yard_trimmings/leaf-yard-waste.png,Organic,train,yard_trimmings,2,VALID
Organic/coffee_tea_bags/ee38ee68adac618a6aa7dd4be54ce525.jpg,/content/drive/MyDrive/Waste_Classification_FINAL/data/processed/stage4_standardized/Organic/coffee_tea_bags/ee38ee68adac618a6aa7dd4be54ce525.png,Organic,train,coffee_tea_bags,2,VALID
Non-Recyclable/diapers/s-environmental-impact-disposable-pollution-environment-soil-water-235596044.jpg,/content/drive/MyDrive/Waste_Classification_FINAL/data/processed/stage4_standardized/Non-Recyclable/diapers/s-environmental-impact-disposable-pollution-environment-soil-water-235596044.png,Non-Recyclable,train,diapers,1,VALID
Recyclable/glass_containers/5-5-ml-small-mini-tall-clear-glass-bottles-jars-combo-of-10-pcs-original-imafd3nqa4ss5gbr.jpg,/content/drive/MyDrive/Waste_Classification_FINAL/data/processed/stage4_standardized/Recyclable/glass_containers/5-5-ml-small-mini-tall-clear-glass-bottles-jars-combo-of-10-pcs-original-imafd3nqa4ss5gbr.png,Recyclable,train,glass_containers,3,VALID
Hazardous/paints/IMG_2666-scaled.jpg,/content/drive/MyDrive/Waste_Classification_FINAL/data/processed/stage4_standardized/Hazardous/paints/IMG_2666-scaled.png,Hazardous,train,paints,0,VALID
Hazardous/batteries/non-rechargeable-batteries-product-image_0.jpg,/content/drive/MyDrive/Waste_Classification_FINAL/data/processed/stage4_standardized/Hazardous/batteries/non-rechargeable-batteries-product-image_0.png,Hazardous,train,batteries,0,VALID
Recyclable/cans_all_type/FBMH7EYKP2MD9M8.jpg,/content/drive/MyDrive/Waste_Classification_FINAL/data/processed/stage4_standardized/Recyclable/cans_all_type/FBMH7EYKP2MD9M8.png,Recyclable,train,cans_all_type,3,VALID
Hazardous/e-waste/stock-photo-spent-fluorescent-lamps-and-energy-saving-bulbs-awaiting-disposal-243014344 - Copy.jpg,/content/drive/MyDrive/Waste_Classification_FINAL/data/processed/stage4_standardized/Hazardous/e-waste/stock-photo-spent-fluorescent-lamps-and-energy-saving-bulbs-awaiting-disposal-243014344 - Copy.png,Hazardous,train,e-waste,0,VALID
Recyclable/paper_products/20cardboard20boxes20on20white20background.20each20one20is20shot20separately.jpg,/content/drive/MyDrive/Waste_Classification_FINAL/data/processed/stage4_standardized/Recyclable/paper_products/20cardboard20boxes20on20white20background.20each20one20is20shot20separately.png,Recyclable,train,paper_products,3,VALID
Hazardous/e-waste/-mixed-electronic-waste-old-broken-computer-parts-and-cell-phones-1545599141 - Copy.jpg,/content/drive/MyDrive/Waste_Classification_FINAL/data/processed/stage4_standardized/Hazardous/e-waste/-mixed-electronic-waste-old-broken-computer-parts-and-cell-phones-1545599141 - Copy.png,Hazardous,train,e-waste,0,VALID
Hazardous/pesticides/herbicide-587589_960_720.jpg,/content/drive/MyDrive/Waste_Classification_FINAL/data/processed/stage4_standardized/Hazardous/pesticides/herbicide-587589_960_720.png,Hazardous,train,pesticides,0,VALID
Non-Recyclable/ceramic_product/31s3amSRHL._AC_UF8941000_QL80_.jpg,/content/drive/MyDrive/Waste_Classification_FINAL/data/processed/stage4_standardized/Non-Recyclable/ceramic_product/31s3amSRHL._AC_UF8941000_QL80_.png,Non-Recyclable,train,ceramic_product,1,VALID
Non-Recyclable/plastics_bags_wrappers/maxresdefault2.jpg,/content/drive/MyDrive/Waste_Classification_FINAL/data/processed/stage4_standardized/Non-Recyclable/plastics_bags_wrappers/maxresdefault2.png,Non-Recyclable,train,plastics_bags_wrappers,1,AUTO_CORRECTED
Hazardous/e-waste/CFL-1 - Copy.jpg,/content/drive/MyDrive/Waste_Classification_FINAL/data/processed/stage4_standardized/Hazardous/e-waste/CFL-1 - Copy.png,Hazardous,train,e-waste,0,VALID
Organic/food_scraps/csm_Header_Food_Waste_1_7eb721ff62.jpg,/content/drive/MyDrive/Waste_Classification_FINAL/data/processed/stage4_standardized/Organic/food_scraps/csm_Header_Food_Waste_1_7eb721ff62.png,Organic,train,food_scraps,2,VALID
Hazardous/e-waste/2050_E-Waste_Asian_Outlook_Web_title - Copy.jpg,/content/drive/MyDrive/Waste_Classification_FINAL/data/processed/stage4_standardized/Hazardous/e-waste/2050_E-Waste_Asian_Outlook_Web_title - Copy.png,Hazardous,train,e-waste,0,VALID
Recyclable/cans_all_type/Campbells-1-1-e1668679527809.jpg,/content/drive/MyDrive/Waste_Classification_FINAL/data/processed/stage4_standardized/Recyclable/cans_all_type/Campbells-1-1-e1668679527809.png,Recyclable,train,cans_all_type,3,VALID
Organic/kitchen_waste/shutterstock_574145911-2.jpg,/content/drive/MyDrive/Waste_Classification_FINAL/data/processed/stage4_standardized/Organic/kitchen_waste/shutterstock_574145911-2.png,Organic,train,kitchen_waste,2,VALID
Organic/food_scraps/Samad-lede.jpg,/content/drive/MyDrive/Waste_Classification_FINAL/data/processed/stage4_standardized/Organic/food_scraps/Samad-lede.png,Organic,train,food_scraps,2,VALID
Non-Recyclable/diapers/pampers-new-baby-diapers-72-2-1632780542.jpg,/content/drive/MyDrive/Waste_Classification_FINAL/data/processed/stage4_standardized/Non-Recyclable/diapers/pampers-new-baby-diapers-72-2-1632780542.png,Non-Recyclable,train,diapers,1,VALID
Recyclable/glass_containers/-1117Wx1400H-464161823-clear-MODEL.jpg,/content/drive/MyDrive/Waste_Classification_FINAL/data/processed/stage4_standardized/Recyclable/glass_containers/-1117Wx1400H-464161823-clear-MODEL.png,Recyclable,train,glass_containers,3,VALID
Recyclable/cans_all_type/shutterstock-dC3A5ser.jpg,/content/drive/MyDrive/Waste_Classification_FINAL/data/processed/stage4_standardized/Recyclable/cans_all_type/shutterstock-dC3A5ser.png,Recyclable,train,cans_all_type,3,VALID
Non-Recyclable/sanitary_napkin/Medical-Waste-full-width-1600x900.jpg,/content/drive/MyDrive/Waste_Classification_FINAL/data/processed/stage4_standardized/Non-Recyclable/sanitary_napkin/Medical-Waste-full-width-1600x900.png,Non-Recyclable,train,sanitary_napkin,1,VALID
Recyclable/plastic_bottles/set-of-plastic-bottle-of-water-and-sweet-soda-cola-vector-21591062.jpg,/content/drive/MyDrive/Waste_Classification_FINAL/data/processed/stage4_standardized/Recyclable/plastic_bottles/set-of-plastic-bottle-of-water-and-sweet-soda-cola-vector-21591062.png,Recyclable,train,plastic_bottles,3,VALID
Hazardous/batteries/lithium-ion-aa-batteries.jpg,/content/drive/MyDrive/Waste_Classification_FINAL/data/processed/stage4_standardized/Hazardous/batteries/lithium-ion-aa-batteries.png,Hazardous,train,batteries,0,VALID
Non-Recyclable/diapers/Starlight_Untitled_1.1.1.jpg,/content/drive/MyDrive/Waste_Classification_FINAL/data/processed/stage4_standardized/Non-Recyclable/diapers/Starlight_Untitled_1.1.1.png,Non-Recyclable,train,diapers,1,VALID
Non-Recyclable/plastics_bags_wrappers/37873163825_1c95fa47b7_z.jpg,/content/drive/MyDrive/Waste_Classification_FINAL/data/processed/stage4_standardized/Non-Recyclable/plastics_bags_wrappers/37873163825_1c95fa47b7_z.png,Non-Recyclable,train,plastics_bags_wrappers,1,AUTO_CORRECTED
Recyclable/glass_containers/glass_bottles_materials_ff.jpg,/content/drive/MyDrive/Waste_Classification_FINAL/data/processed/stage4_standardized/Recyclable/glass_containers/glass_bottles_materials_ff.png,Recyclable,train,glass_containers,3,VALID
Non-Recyclable/ceramic_product/better-kintsugi-kumai.jpg,/content/drive/MyDrive/Waste_Classification_FINAL/data/processed/stage4_standardized/Non-Recyclable/ceramic_product/better-kintsugi-kumai.png,Non-Recyclable,train,ceramic_product,1,VALID
Organic/food_scraps/tamil-nadu-india-february-15-2018-food-waste-2B14J71.jpg,/content/drive/MyDrive/Waste_Classification_FINAL/data/processed/stage4_standardized/Organic/food_scraps/tamil-nadu-india-february-15-2018-food-waste-2B14J71.png,Organic,train,food_scraps,2,VALID
Hazardous/batteries/Life-cycle-inventory-of-Li-ion-battery-Ecoinvent-30-Battery-Li-ion-rechargeable.jpg,/content/drive/MyDrive/Waste_Classification_FINAL/data/processed/stage4_standardized/Hazardous/batteries/Life-cycle-inventory-of-Li-ion-battery-Ecoinvent-30-Battery-Li-ion-rechargeable.png,Hazardous,train,batteries,0,VALID
Organic/egg_shells/shutterstock_64124065.jpg,/content/drive/MyDrive/Waste_Classification_FINAL/data/processed/stage4_standardized/Organic/egg_shells/shutterstock_64124065.png,Organic,train,egg_shells,2,VALID
Non-Recyclable/ceramic_product/maxresdefault.jpg,/content/drive/MyDrive/Waste_Classification_FINAL/data/processed/stage4_standardized/Non-Recyclable/ceramic_product/maxresdefault.png,Non-Recyclable,train,ceramic_product,1,VALID
Hazardous/batteries/1-s2.0-S2666016421000268-ga1.jpg,/content/drive/MyDrive/Waste_Classification_FINAL/data/processed/stage4_standardized/Hazardous/batteries/1-s2.0-S2666016421000268-ga1.png,Hazardous,train,batteries,0,VALID
Hazardous/e-waste/S4cyF6X8zyxWbqHjnI83ICAtzm6CgAqDFVIA9UZG95I.JPG - Copy.jpg,/content/drive/MyDrive/Waste_Classification_FINAL/data/processed/stage4_standardized/Hazardous/e-waste/S4cyF6X8zyxWbqHjnI83ICAtzm6CgAqDFVIA9UZG95I.JPG - Copy.png,Hazardous,train,e-waste,0,VALID
Organic/coffee_tea_bags/Teabags-and-coffee-grounds.jpg,/content/drive/MyDrive/Waste_Classification_FINAL/data/processed/stage4_standardized/Organic/coffee_tea_bags/Teabags-and-coffee-grounds.png,Organic,train,coffee_tea_bags,2,VALID
Organic/egg_shells/eggshellpinfbready.jpg,/content/drive/MyDrive/Waste_Classification_FINAL/data/processed/stage4_standardized/Organic/egg_shells/eggshellpinfbready.png,Organic,train,egg_shells,2,VALID
Non-Recyclable/plastics_bags_wrappers/arkets-for-kitchen-waste-household-plastic-waste-single-use-plastics-2E25P06.jpg,/content/drive/MyDrive/Waste_Classification_FINAL/data/processed/stage4_standardized/Non-Recyclable/plastics_bags_wrappers/arkets-for-kitchen-waste-household-plastic-waste-single-use-plastics-2E25P06.png,Non-Recyclable,train,plastics_bags_wrappers,1,AUTO_CORRECTED
Organic/yard_trimmings/composting-grass-clippings.jpg,/content/drive/MyDrive/Waste_Classification_FINAL/data/processed/stage4_standardized/Organic/yard_trimmings/composting-grass-clippings.png,Organic,train,yard_trimmings,2,VALID
Organic/coffee_tea_bags/coffee-and-tea-picture_csp1572201.jpg,/content/drive/MyDrive/Waste_Classification_FINAL/data/processed/stage4_standardized/Organic/coffee_tea_bags/coffee-and-tea-picture_csp1572201.png,Organic,train,coffee_tea_bags,2,VALID
Hazardous/e-waste/e-waste-recycling-law-1 - Copy.jpg,/content/drive/MyDrive/Waste_Classification_FINAL/data/processed/stage4_standardized/Hazardous/e-waste/e-waste-recycling-law-1 - Copy.png,Hazardous,train,e-waste,0,VALID
Non-Recyclable/diapers/baby-diaper.jpg,/content/drive/MyDrive/Waste_Classification_FINAL/data/processed/stage4_standardized/Non-Recyclable/diapers/baby-diaper.png,Non-Recyclable,train,diapers,1,VALID
Recyclable/paper_products/17d7bd040219620f734f78e70bb24438.jpg,/content/drive/MyDrive/Waste_Classification_FINAL/data/processed/stage4_standardized/Recyclable/paper_products/17d7bd040219620f734f78e70bb24438.png,Recyclable,train,paper_products,3,VALID
Hazardous/pesticides/obsoletes.jpg,/content/drive/MyDrive/Waste_Classification_FINAL/data/processed/stage4_standardized/Hazardous/pesticides/obsoletes.png,Hazardous,train,pesticides,0,VALID
Organic/kitchen_waste/large-6wJiZ2axa3SGf0D7REkk.jpg,/content/drive/MyDrive/Waste_Classification_FINAL/data/processed/stage4_standardized/Organic/kitchen_waste/large-6wJiZ2axa3SGf0D7REkk.png,Organic,train,kitchen_waste,2,VALID
Organic/coffee_tea_bags/FUR.TEA.107739981_1672739541471.jpg,/content/drive/MyDrive/Waste_Classification_FINAL/data/processed/stage4_standardized/Organic/coffee_tea_bags/FUR.TEA.107739981_1672739541471.png,Organic,train,coffee_tea_bags,2,VALID
Non-Recyclable/sanitary_napkin/objects-feminine-hygiene-brown-background-75317550.jpg,/content/drive/MyDrive/Waste_Classification_FINAL/data/processed/stage4_standardized/Non-Recyclable/sanitary_napkin/objects-feminine-hygiene-brown-background-75317550.png,Non-Recyclable,train,sanitary_napkin,1,VALID
Recyclable/plastic_bottles/The-journey-to-100-recycled-plastic-bottles-rPET-in-the-UK.jpg,/content/drive/MyDrive/Waste_Classification_FINAL/data/processed/stage4_standardized/Recyclable/plastic_bottles/The-journey-to-100-recycled-plastic-bottles-rPET-in-the-UK.png,Recyclable,train,plastic_bottles,3,VALID
Hazardous/e-waste/omponents-mainboards-pcb-connectors-hardware-electronics-industry-eco-PNX35G - Copy.jpg,/content/drive/MyDrive/Waste_Classification_FINAL/data/processed/stage4_standardized/Hazardous/e-waste/omponents-mainboards-pcb-connectors-hardware-electronics-industry-eco-PNX35G - Copy.png,Hazardous,train,e-waste,0,VALID
Hazardous/paints/Hydrocarbon-Solvents-used-for-Solvent-Based-Paint-Formulation.jpg,/content/drive/MyDrive/Waste_Classification_FINAL/data/processed/stage4_standardized/Hazardous/paints/Hydrocarbon-Solvents-used-for-Solvent-Based-Paint-Formulation.png,Hazardous,train,paints,0,VALID
Recyclable/plastic_bottles/WEBDasani-Sprite-Fesca-Seagrams--Mello-Yellow.jpg,/content/drive/MyDrive/Waste_Classification_FINAL/data/processed/stage4_standardized/Recyclable/plastic_bottles/WEBDasani-Sprite-Fesca-Seagrams--Mello-Yellow.png,Recyclable,train,plastic_bottles,3,VALID
Hazardous/e-waste/fluorescentlights - Copy.jpg,/content/drive/MyDrive/Waste_Classification_FINAL/data/processed/stage4_standardized/Hazardous/e-waste/fluorescentlights - Copy.png,Hazardous,train,e-waste,0,VALID
Hazardous/paints/Paints-Varnishes-Hero.jpg,/content/drive/MyDrive/Waste_Classification_FINAL/data/processed/stage4_standardized/Hazardous/paints/Paints-Varnishes-Hero.png,Hazardous,train,paints,0,VALID
Non-Recyclable/ceramic_product/blue-crystalline-kintsugi-vase-2a.jpg,/content/drive/MyDrive/Waste_Classification_FINAL/data/processed/stage4_standardized/Non-Recyclable/ceramic_product/blue-crystalline-kintsugi-vase-2a.png,Non-Recyclable,train,ceramic_product,1,VALID
Hazardous/pesticides/tiny-people-spraying-pesticides-insecticides-vegetables_778687-830.jpg,/content/drive/MyDrive/Waste_Classification_FINAL/data/processed/stage4_standardized/Hazardous/pesticides/tiny-people-spraying-pesticides-insecticides-vegetables_778687-830.png,Hazardous,train,pesticides,0,VALID
Organic/egg_shells/GettyImages-1136556806.jpg,/content/drive/MyDrive/Waste_Classification_FINAL/data/processed/stage4_standardized/Organic/egg_shells/GettyImages-1136556806.png,Organic,train,egg_shells,2,VALID
Organic/food_scraps/00vid-skorea-waste-21719-cover-superJumbo.jpg,/content/drive/MyDrive/Waste_Classification_FINAL/data/processed/stage4_standardized/Organic/food_scraps/00vid-skorea-waste-21719-cover-superJumbo.png,Organic,train,food_scraps,2,VALID
Recyclable/cans_all_type/best-progresso-soup-flavors.jpg,/content/drive/MyDrive/Waste_Classification_FINAL/data/processed/stage4_standardized/Recyclable/cans_all_type/best-progresso-soup-flavors.png,Recyclable,train,cans_all_type,3,VALID
Organic/coffee_tea_bags/6431022e1d17017586242883-sumdirect-disposable-tea-filter-bags.jpg,/content/drive/MyDrive/Waste_Classification_FINAL/data/processed/stage4_standardized/Organic/coffee_tea_bags/6431022e1d17017586242883-sumdirect-disposable-tea-filter-bags.png,Organic,train,coffee_tea_bags,2,VALID
Recyclable/cans_all_type/food-tin-can_01.jpg,/content/drive/MyDrive/Waste_Classification_FINAL/data/processed/stage4_standardized/Recyclable/cans_all_type/food-tin-can_01.png,Recyclable,train,cans_all_type,3,VALID
Non-Recyclable/diapers/teddyy-baby-diapers-pants-easy-large-42s-2-1671743450.jpg,/content/drive/MyDrive/Waste_Classification_FINAL/data/processed/stage4_standardized/Non-Recyclable/diapers/teddyy-baby-diapers-pants-easy-large-42s-2-1671743450.png,Non-Recyclable,train,diapers,1,VALID
Recyclable/cans_all_type/hpm_0000_0002_0_img0010.jpg,/content/drive/MyDrive/Waste_Classification_FINAL/data/processed/stage4_standardized/Recyclable/cans_all_type/hpm_0000_0002_0_img0010.png,Recyclable,train,cans_all_type,3,VALID
Non-Recyclable/styrofoam_product/MaterialsInset-pg995s2adcgk9w92fq5jiv2tkudmqth20lfzr6svbk.jpg,/content/drive/MyDrive/Waste_Classification_FINAL/data/processed/stage4_standardized/Non-Recyclable/styrofoam_product/MaterialsInset-pg995s2adcgk9w92fq5jiv2tkudmqth20lfzr6svbk.png,Non-Recyclable,train,styrofoam_product,1,AUTO_CORRECTED
Hazardous/paints/CONTGLAS.jpg,/content/drive/MyDrive/Waste_Classification_FINAL/data/processed/stage4_standardized/Hazardous/paints/CONTGLAS.png,Hazardous,train,paints,0,VALID
Hazardous/e-waste/esy-042966920 - Copy.jpg,/content/drive/MyDrive/Waste_Classification_FINAL/data/processed/stage4_standardized/Hazardous/e-waste/esy-042966920 - Copy.png,Hazardous,train,e-waste,0,VALID
Hazardous/batteries/batteries-04-00007-g002.jpg,/content/drive/MyDrive/Waste_Classification_FINAL/data/processed/stage4_standardized/Hazardous/batteries/batteries-04-00007-g002.png,Hazardous,train,batteries,0,VALID
Recyclable/cans_all_type/aluminium-cans-silver-can-branding-design-vector-18026625-1.jpg,/content/drive/MyDrive/Waste_Classification_FINAL/data/processed/stage4_standardized/Recyclable/cans_all_type/aluminium-cans-silver-can-branding-design-vector-18026625-1.png,Recyclable,train,cans_all_type,3,VALID
Recyclable/cans_all_type/beverage20drink20cans.jpg,/content/drive/MyDrive/Waste_Classification_FINAL/data/processed/stage4_standardized/Recyclable/cans_all_type/beverage20drink20cans.png,Recyclable,train,cans_all_type,3,VALID
Organic/egg_shells/51kXtLk8BSL.jpg,/content/drive/MyDrive/Waste_Classification_FINAL/data/processed/stage4_standardized/Organic/egg_shells/51kXtLk8BSL.png,Organic,train,egg_shells,2,VALID
Hazardous/e-waste/85a44d0f-d9a2-37b6-93c1-1c21fed330cf - Copy.jpg,/content/drive/MyDrive/Waste_Classification_FINAL/data/processed/stage4_standardized/Hazardous/e-waste/85a44d0f-d9a2-37b6-93c1-1c21fed330cf - Copy.png,Hazardous,train,e-waste,0,VALID
Organic/egg_shells/1000_F_211028023_4K207bEPU7N2cJyvk92D4Ik0TKD93rzy.jpg,/content/drive/MyDrive/Waste_Classification_FINAL/data/processed/stage4_standardized/Organic/egg_shells/1000_F_211028023_4K207bEPU7N2cJyvk92D4Ik0TKD93rzy.png,Organic,train,egg_shells,2,VALID
Non-Recyclable/sanitary_napkin/ijerph-15-02562-g001-550.jpg,/content/drive/MyDrive/Waste_Classification_FINAL/data/processed/stage4_standardized/Non-Recyclable/sanitary_napkin/ijerph-15-02562-g001-550.png,Non-Recyclable,train,sanitary_napkin,1,VALID
Organic/coffee_tea_bags/1-Coffee1BC-6.jpg,/content/drive/MyDrive/Waste_Classification_FINAL/data/processed/stage4_standardized/Organic/coffee_tea_bags/1-Coffee1BC-6.png,Organic,train,coffee_tea_bags,2,VALID
Organic/egg_shells/eggshells2.jpg,/content/drive/MyDrive/Waste_Classification_FINAL/data/processed/stage4_standardized/Organic/egg_shells/eggshells2.png,Organic,train,egg_shells,2,VALID
Hazardous/e-waste/6184AcGb9XL - Copy.jpg,/content/drive/MyDrive/Waste_Classification_FINAL/data/processed/stage4_standardized/Hazardous/e-waste/6184AcGb9XL - Copy.png,Hazardous,train,e-waste,0,VALID
Hazardous/e-waste/Electronic-waste-management - Copy.jpg,/content/drive/MyDrive/Waste_Classification_FINAL/data/processed/stage4_standardized/Hazardous/e-waste/Electronic-waste-management - Copy.png,Hazardous,train,e-waste,0,VALID
Recyclable/cans_all_type/3_piece_can_new_03.jpg,/content/drive/MyDrive/Waste_Classification_FINAL/data/processed/stage4_standardized/Recyclable/cans_all_type/3_piece_can_new_03.png,Recyclable,train,cans_all_type,3,VALID
Non-Recyclable/plastics_bags_wrappers/plastic-film-recycling-1200.jpg,/content/drive/MyDrive/Waste_Classification_FINAL/data/processed/stage4_standardized/Non-Recyclable/plastics_bags_wrappers/plastic-film-recycling-1200.png,Non-Recyclable,train,plastics_bags_wrappers,1,AUTO_CORRECTED
Non-Recyclable/diapers/nappies-pink-background-sustainable-lifestyle-zero-waste-concept_479776-4385.jpg,/content/drive/MyDrive/Waste_Classification_FINAL/data/processed/stage4_standardized/Non-Recyclable/diapers/nappies-pink-background-sustainable-lifestyle-zero-waste-concept_479776-4385.png,Non-Recyclable,train,diapers,1,VALID
Non-Recyclable/ceramic_product/Kintsugi-Card.jpg,/content/drive/MyDrive/Waste_Classification_FINAL/data/processed/stage4_standardized/Non-Recyclable/ceramic_product/Kintsugi-Card.png,Non-Recyclable,train,ceramic_product,1,VALID
Hazardous/pesticides/iStockpesticidefield1146x452-824x325.jpg,/content/drive/MyDrive/Waste_Classification_FINAL/data/processed/stage4_standardized/Hazardous/pesticides/iStockpesticidefield1146x452-824x325.png,Hazardous,train,pesticides,0,VALID
Hazardous/batteries/Alkaline-Batteries-What-Battery-Suppliers-Consider-Their-Advantages--e1538514638890.jpg,/content/drive/MyDrive/Waste_Classification_FINAL/data/processed/stage4_standardized/Hazardous/batteries/Alkaline-Batteries-What-Battery-Suppliers-Consider-Their-Advantages--e1538514638890.png,Hazardous,train,batteries,0,VALID
Organic/food_scraps/domestic-food-waste-compost-fruits-vegetables-white-background-compostable-scraps-164425010.jpg,/content/drive/MyDrive/Waste_Classification_FINAL/data/processed/stage4_standardized/Organic/food_scraps/domestic-food-waste-compost-fruits-vegetables-white-background-compostable-scraps-164425010.png,Organic,train,food_scraps,2,VALID
Organic/egg_shells/5908_egg_shells2.jpg,/content/drive/MyDrive/Waste_Classification_FINAL/data/processed/stage4_standardized/Organic/egg_shells/5908_egg_shells2.png,Organic,train,egg_shells,2,VALID
Hazardous/e-waste/516ee9d3b98a42557dc49476674823f0--e-waste-recycling-recycling-programs - Copy.jpg,/content/drive/MyDrive/Waste_Classification_FINAL/data/processed/stage4_standardized/Hazardous/e-waste/516ee9d3b98a42557dc49476674823f0--e-waste-recycling-recycling-programs - Copy.png,Hazardous,train,e-waste,0,VALID
Non-Recyclable/diapers/71vU85MMO7L._AC_UF8941000_QL80_.jpg,/content/drive/MyDrive/Waste_Classification_FINAL/data/processed/stage4_standardized/Non-Recyclable/diapers/71vU85MMO7L._AC_UF8941000_QL80_.png,Non-Recyclable,train,diapers,1,VALID
Non-Recyclable/diapers/how-to-keep-disposable-diapers-from-leaking-at-night.jpg,/content/drive/MyDrive/Waste_Classification_FINAL/data/processed/stage4_standardized/Non-Recyclable/diapers/how-to-keep-disposable-diapers-from-leaking-at-night.png,Non-Recyclable,train,diapers,1,VALID
Non-Recyclable/plastics_bags_wrappers/sinle_use_plastic_660_100219020533.jpg,/content/drive/MyDrive/Waste_Classification_FINAL/data/processed/stage4_standardized/Non-Recyclable/plastics_bags_wrappers/sinle_use_plastic_660_100219020533.png,Non-Recyclable,train,plastics_bags_wrappers,1,AUTO_CORRECTED
Hazardous/e-waste/light-bulb-recycling-waste-legacy-tungsten-on-white-background-GJ5BDK - Copy.jpg,/content/drive/MyDrive/Waste_Classification_FINAL/data/processed/stage4_standardized/Hazardous/e-waste/light-bulb-recycling-waste-legacy-tungsten-on-white-background-GJ5BDK - Copy.png,Hazardous,train,e-waste,0,VALID
Non-Recyclable/ceramic_product/stock-photo-broken-ceramic-glass-which-is-damaged-by-transportation-1425982577.jpg,/content/drive/MyDrive/Waste_Classification_FINAL/data/processed/stage4_standardized/Non-Recyclable/ceramic_product/stock-photo-broken-ceramic-glass-which-is-damaged-by-transportation-1425982577.png,Non-Recyclable,train,ceramic_product,1,VALID
Non-Recyclable/sanitary_napkin/sanitary_1669126812106_1669126820530_1669126820530.jpg,/content/drive/MyDrive/Waste_Classification_FINAL/data/processed/stage4_standardized/Non-Recyclable/sanitary_napkin/sanitary_1669126812106_1669126820530_1669126820530.png,Non-Recyclable,train,sanitary_napkin,1,VALID
Non-Recyclable/plastics_bags_wrappers/BB-Impact_9f7a5d6c-15c4-4c3a-8d10-88ec0796daaa.jpg,/content/drive/MyDrive/Waste_Classification_FINAL/data/processed/stage4_standardized/Non-Recyclable/plastics_bags_wrappers/BB-Impact_9f7a5d6c-15c4-4c3a-8d10-88ec0796daaa.png,Non-Recyclable,train,plastics_bags_wrappers,1,AUTO_CORRECTED
Recyclable/glass_containers/XCRn60a5zd9b8KJQ3L2dA0xFNKxXe1Etv4u4o34D.jpg,/content/drive/MyDrive/Waste_Classification_FINAL/data/processed/stage4_standardized/Recyclable/glass_containers/XCRn60a5zd9b8KJQ3L2dA0xFNKxXe1Etv4u4o34D.png,Recyclable,train,glass_containers,3,VALID
Organic/egg_shells/sprinkling-eggshells-in-garden.jpg,/content/drive/MyDrive/Waste_Classification_FINAL/data/processed/stage4_standardized/Organic/egg_shells/sprinkling-eggshells-in-garden.png,Organic,train,egg_shells,2,VALID
Non-Recyclable/styrofoam_product/Reuse-Container-by-Forest-Whale-edible-packaging.jpg,/content/drive/MyDrive/Waste_Classification_FINAL/data/processed/stage4_standardized/Non-Recyclable/styrofoam_product/Reuse-Container-by-Forest-Whale-edible-packaging.png,Non-Recyclable,train,styrofoam_product,1,AUTO_CORRECTED
Non-Recyclable/styrofoam_product/006599702_1-6aa3222b5bef71610d70bc6e3bad3255-768x994.jpg,/content/drive/MyDrive/Waste_Classification_FINAL/data/processed/stage4_standardized/Non-Recyclable/styrofoam_product/006599702_1-6aa3222b5bef71610d70bc6e3bad3255-768x994.png,Non-Recyclable,train,styrofoam_product,1,AUTO_CORRECTED
Organic/kitchen_waste/chennai-3bin-set-up-home-compost-PADMAJAJ-Jul-2022.jpg,/content/drive/MyDrive/Waste_Classification_FINAL/data/processed/stage4_standardized/Organic/kitchen_waste/chennai-3bin-set-up-home-compost-PADMAJAJ-Jul-2022.png,Organic,train,kitchen_waste,2,VALID
Organic/coffee_tea_bags/product-jpeg-500x500.jpg,/content/drive/MyDrive/Waste_Classification_FINAL/data/processed/stage4_standardized/Organic/coffee_tea_bags/product-jpeg-500x500.png,Organic,train,coffee_tea_bags,2,VALID
Non-Recyclable/plastics_bags_wrappers/Pencil_Pouch_-_Impact_3a6f9193-10f0-47c6-8d24-3ae5d3ee0c2c.jpg,/content/drive/MyDrive/Waste_Classification_FINAL/data/processed/stage4_standardized/Non-Recyclable/plastics_bags_wrappers/Pencil_Pouch_-_Impact_3a6f9193-10f0-47c6-8d24-3ae5d3ee0c2c.png,Non-Recyclable,train,plastics_bags_wrappers,1,AUTO_CORRECTED
Non-Recyclable/diapers/8b7d1c_7de73bd317284b49b0872afa1aa3632emv2.jpg,/content/drive/MyDrive/Waste_Classification_FINAL/data/processed/stage4_standardized/Non-Recyclable/diapers/8b7d1c_7de73bd317284b49b0872afa1aa3632emv2.png,Non-Recyclable,train,diapers,1,VALID
Recyclable/glass_containers/18-How-to-Clean-and-Sanitize-Glass-Bottles-For-Reuse-XX-steps-1024x538.jpg,/content/drive/MyDrive/Waste_Classification_FINAL/data/processed/stage4_standardized/Recyclable/glass_containers/18-How-to-Clean-and-Sanitize-Glass-Bottles-For-Reuse-XX-steps-1024x538.png,Recyclable,train,glass_containers,3,VALID
Recyclable/paper_products/paper-recycling-example-20200122.jpg,/content/drive/MyDrive/Waste_Classification_FINAL/data/processed/stage4_standardized/Recyclable/paper_products/paper-recycling-example-20200122.png,Recyclable,train,paper_products,3,VALID
Hazardous/e-waste/E-waste - Copy.jpg,/content/drive/MyDrive/Waste_Classification_FINAL/data/processed/stage4_standardized/Hazardous/e-waste/E-waste - Copy.png,Hazardous,train,e-waste,0,VALID
Recyclable/cans_all_type/can-lifecycle.jpg,/content/drive/MyDrive/Waste_Classification_FINAL/data/processed/stage4_standardized/Recyclable/cans_all_type/can-lifecycle.png,Recyclable,train,cans_all_type,3,VALID
Organic/food_scraps/maxresdefault3.jpg,/content/drive/MyDrive/Waste_Classification_FINAL/data/processed/stage4_standardized/Organic/food_scraps/maxresdefault3.png,Organic,train,food_scraps,2,VALID
Recyclable/paper_products/glass-containers-recycling-bin.jpg,/content/drive/MyDrive/Waste_Classification_FINAL/data/processed/stage4_standardized/Recyclable/paper_products/glass-containers-recycling-bin.png,Recyclable,train,paper_products,3,VALID
Organic/egg_shells/iStock_000003656044XSmall_egg-shells.jpg,/content/drive/MyDrive/Waste_Classification_FINAL/data/processed/stage4_standardized/Organic/egg_shells/iStock_000003656044XSmall_egg-shells.png,Organic,train,egg_shells,2,VALID
Hazardous/paints/paint-thinner.jpg,/content/drive/MyDrive/Waste_Classification_FINAL/data/processed/stage4_standardized/Hazardous/paints/paint-thinner.png,Hazardous,train,paints,0,VALID
Organic/kitchen_waste/which-diet-least-food-waste-lead-image.jpg,/content/drive/MyDrive/Waste_Classification_FINAL/data/processed/stage4_standardized/Organic/kitchen_waste/which-diet-least-food-waste-lead-image.png,Organic,train,kitchen_waste,2,VALID
Non-Recyclable/plastics_bags_wrappers/2_ad298a26-6603-4beb-a2d1-4c95cb0aabf5_480x480.jpg,/content/drive/MyDrive/Waste_Classification_FINAL/data/processed/stage4_standardized/Non-Recyclable/plastics_bags_wrappers/2_ad298a26-6603-4beb-a2d1-4c95cb0aabf5_480x480.png,Non-Recyclable,train,plastics_bags_wrappers,1,AUTO_CORRECTED
Recyclable/cans_all_type/crumpled-aluminum-can-empty-can-aluminum-can-isolated-white-background_38335-161.jpg,/content/drive/MyDrive/Waste_Classification_FINAL/data/processed/stage4_standardized/Recyclable/cans_all_type/crumpled-aluminum-can-empty-can-aluminum-can-isolated-white-background_38335-161.png,Recyclable,train,cans_all_type,3,VALID
Hazardous/e-waste/old-burnt-fluorescent-energy-saving-lamps-hazardous-toxic-electronic-waste-75820716 - Copy.jpg,/content/drive/MyDrive/Waste_Classification_FINAL/data/processed/stage4_standardized/Hazardous/e-waste/old-burnt-fluorescent-energy-saving-lamps-hazardous-toxic-electronic-waste-75820716 - Copy.png,Hazardous,train,e-waste,0,VALID
Organic/coffee_tea_bags/big_coffee_indian_style_instant_coffee-16457.jpg,/content/drive/MyDrive/Waste_Classification_FINAL/data/processed/stage4_standardized/Organic/coffee_tea_bags/big_coffee_indian_style_instant_coffee-16457.png,Organic,train,coffee_tea_bags,2,VALID
Recyclable/cans_all_type/bev20can.jpg,/content/drive/MyDrive/Waste_Classification_FINAL/data/processed/stage4_standardized/Recyclable/cans_all_type/bev20can.png,Recyclable,train,cans_all_type,3,VALID
Recyclable/plastic_bottles/drink-6537028_640.jpg,/content/drive/MyDrive/Waste_Classification_FINAL/data/processed/stage4_standardized/Recyclable/plastic_bottles/drink-6537028_640.png,Recyclable,train,plastic_bottles,3,VALID
Organic/food_scraps/5.jpg,/content/drive/MyDrive/Waste_Classification_FINAL/data/processed/stage4_standardized/Organic/food_scraps/5.png,Organic,train,food_scraps,2,VALID
Non-Recyclable/sanitary_napkin/intimate-feminine-hygiene-pads-tampons-feminine-hygiene-items-212893871.jpg,/content/drive/MyDrive/Waste_Classification_FINAL/data/processed/stage4_standardized/Non-Recyclable/sanitary_napkin/intimate-feminine-hygiene-pads-tampons-feminine-hygiene-items-212893871.png,Non-Recyclable,train,sanitary_napkin,1,VALID
Non-Recyclable/plastics_bags_wrappers/Pranjali-Kumbhare-Kolkata--1230x767.jpg,/content/drive/MyDrive/Waste_Classification_FINAL/data/processed/stage4_standardized/Non-Recyclable/plastics_bags_wrappers/Pranjali-Kumbhare-Kolkata--1230x767.png,Non-Recyclable,train,plastics_bags_wrappers,1,AUTO_CORRECTED
Non-Recyclable/plastics_bags_wrappers/Wrist_It_-_Impact_b16a8f3d-be40-41e9-b2a4-667e1f79613c.jpg,/content/drive/MyDrive/Waste_Classification_FINAL/data/processed/stage4_standardized/Non-Recyclable/plastics_bags_wrappers/Wrist_It_-_Impact_b16a8f3d-be40-41e9-b2a4-667e1f79613c.png,Non-Recyclable,train,plastics_bags_wrappers,1,AUTO_CORRECTED
Recyclable/glass_containers/late-illustration-jar-glass-canning-close-container-empty-bottle_80590-11487.jpg,/content/drive/MyDrive/Waste_Classification_FINAL/data/processed/stage4_standardized/Recyclable/glass_containers/late-illustration-jar-glass-canning-close-container-empty-bottle_80590-11487.png,Recyclable,train,glass_containers,3,VALID
Recyclable/glass_containers/19-Innovative-Simple-and-Beautiful-DIY-Glass-Bottle-Decor-Ideas.jpg,/content/drive/MyDrive/Waste_Classification_FINAL/data/processed/stage4_standardized/Recyclable/glass_containers/19-Innovative-Simple-and-Beautiful-DIY-Glass-Bottle-Decor-Ideas.png,Recyclable,train,glass_containers,3,VALID
Organic/yard_trimmings/r0_0_5600_3733_w5600_h3733_fmax.jpg,/content/drive/MyDrive/Waste_Classification_FINAL/data/processed/stage4_standardized/Organic/yard_trimmings/r0_0_5600_3733_w5600_h3733_fmax.png,Organic,train,yard_trimmings,2,VALID
Organic/egg_shells/AdobeStock_479886517-scaled-e1674774370139.jpg,/content/drive/MyDrive/Waste_Classification_FINAL/data/processed/stage4_standardized/Organic/egg_shells/AdobeStock_479886517-scaled-e1674774370139.png,Organic,train,egg_shells,2,VALID
Recyclable/cans_all_type/ns-to-be-used-for-storage-of-products-are-being-displayed-in-the-expo-RXCE9N.jpg,/content/drive/MyDrive/Waste_Classification_FINAL/data/processed/stage4_standardized/Recyclable/cans_all_type/ns-to-be-used-for-storage-of-products-are-being-displayed-in-the-expo-RXCE9N.png,Recyclable,train,cans_all_type,3,VALID
Organic/yard_trimmings/ukecwlgg6urz.jpg,/content/drive/MyDrive/Waste_Classification_FINAL/data/processed/stage4_standardized/Organic/yard_trimmings/ukecwlgg6urz.png,Organic,train,yard_trimmings,2,VALID
Recyclable/cans_all_type/three-food-cans-on-white-background-DEENN6.jpg,/content/drive/MyDrive/Waste_Classification_FINAL/data/processed/stage4_standardized/Recyclable/cans_all_type/three-food-cans-on-white-background-DEENN6.png,Recyclable,train,cans_all_type,3,VALID
Hazardous/e-waste/GettyImages-1298365434 - Copy.jpg,/content/drive/MyDrive/Waste_Classification_FINAL/data/processed/stage4_standardized/Hazardous/e-waste/GettyImages-1298365434 - Copy.png,Hazardous,train,e-waste,0,VALID
Hazardous/paints/page_image.jpg,/content/drive/MyDrive/Waste_Classification_FINAL/data/processed/stage4_standardized/Hazardous/paints/page_image.png,Hazardous,train,paints,0,VALID
Recyclable/plastic_bottles/CSD_ogolnie.jpg,/content/drive/MyDrive/Waste_Classification_FINAL/data/processed/stage4_standardized/Recyclable/plastic_bottles/CSD_ogolnie.png,Recyclable,train,plastic_bottles,3,VALID
Recyclable/paper_products/-paper-garbage-stuff-for-recycle-on-white-background-eco-friendly-2094399346.jpg,/content/drive/MyDrive/Waste_Classification_FINAL/data/processed/stage4_standardized/Recyclable/paper_products/-paper-garbage-stuff-for-recycle-on-white-background-eco-friendly-2094399346.png,Recyclable,train,paper_products,3,VALID
Organic/coffee_tea_bags/FUR.TEA.47739945_1672739470040.jpg,/content/drive/MyDrive/Waste_Classification_FINAL/data/processed/stage4_standardized/Organic/coffee_tea_bags/FUR.TEA.47739945_1672739470040.png,Organic,train,coffee_tea_bags,2,VALID
Non-Recyclable/diapers/05_5d6dfe6d-8164-49c4-951c-11cf82c8d19b.jpg,/content/drive/MyDrive/Waste_Classification_FINAL/data/processed/stage4_standardized/Non-Recyclable/diapers/05_5d6dfe6d-8164-49c4-951c-11cf82c8d19b.png,Non-Recyclable,train,diapers,1,VALID
Non-Recyclable/diapers/13-Best-Baby-Diapers-In-India-In-2023.jpg,/content/drive/MyDrive/Waste_Classification_FINAL/data/processed/stage4_standardized/Non-Recyclable/diapers/13-Best-Baby-Diapers-In-India-In-2023.png,Non-Recyclable,train,diapers,1,VALID
Recyclable/glass_containers/pile-of-glass-bottles-to-be-recycled-MD11M2.jpg,/content/drive/MyDrive/Waste_Classification_FINAL/data/processed/stage4_standardized/Recyclable/glass_containers/pile-of-glass-bottles-to-be-recycled-MD11M2.png,Recyclable,train,glass_containers,3,VALID
Non-Recyclable/diapers/elle.rue.jpg,/content/drive/MyDrive/Waste_Classification_FINAL/data/processed/stage4_standardized/Non-Recyclable/diapers/elle.rue.png,Non-Recyclable,train,diapers,1,VALID
Non-Recyclable/sanitary_napkin/1730964.fig.002.jpg,/content/drive/MyDrive/Waste_Classification_FINAL/data/processed/stage4_standardized/Non-Recyclable/sanitary_napkin/1730964.fig.002.png,Non-Recyclable,train,sanitary_napkin,1,VALID
Hazardous/e-waste/es-2012-02886m_0005 - Copy.jpg,/content/drive/MyDrive/Waste_Classification_FINAL/data/processed/stage4_standardized/Hazardous/e-waste/es-2012-02886m_0005 - Copy.png,Hazardous,train,e-waste,0,VALID
Non-Recyclable/styrofoam_product/styrofoam-packaging-materials-CFF552.jpg,/content/drive/MyDrive/Waste_Classification_FINAL/data/processed/stage4_standardized/Non-Recyclable/styrofoam_product/styrofoam-packaging-materials-CFF552.png,Non-Recyclable,train,styrofoam_product,1,AUTO_CORRECTED
Non-Recyclable/ceramic_product/1-s2.0-S0959652618312502-egi10VHWB78ZW0.jpg,/content/drive/MyDrive/Waste_Classification_FINAL/data/processed/stage4_standardized/Non-Recyclable/ceramic_product/1-s2.0-S0959652618312502-egi10VHWB78ZW0.png,Non-Recyclable,train,ceramic_product,1,VALID
Organic/coffee_tea_bags/Hugo-Coffee-Tea-bags.jpg,/content/drive/MyDrive/Waste_Classification_FINAL/data/processed/stage4_standardized/Organic/coffee_tea_bags/Hugo-Coffee-Tea-bags.png,Organic,train,coffee_tea_bags,2,VALID
Hazardous/paints/solvents-paints-and-adhesives.jpg,/content/drive/MyDrive/Waste_Classification_FINAL/data/processed/stage4_standardized/Hazardous/paints/solvents-paints-and-adhesives.png,Hazardous,train,paints,0,VALID
Organic/food_scraps/getty-inedible-food-scraps-Jenny-Dettrick.jpg,/content/drive/MyDrive/Waste_Classification_FINAL/data/processed/stage4_standardized/Organic/food_scraps/getty-inedible-food-scraps-Jenny-Dettrick.png,Organic,train,food_scraps,2,VALID
Non-Recyclable/plastics_bags_wrappers/fe12a09c3997999f704e9f6c38890b90.jpg,/content/drive/MyDrive/Waste_Classification_FINAL/data/processed/stage4_standardized/Non-Recyclable/plastics_bags_wrappers/fe12a09c3997999f704e9f6c38890b90.png,Non-Recyclable,train,plastics_bags_wrappers,1,AUTO_CORRECTED
Hazardous/e-waste/shutterstock_101806765-Bulbs - Copy.jpg,/content/drive/MyDrive/Waste_Classification_FINAL/data/processed/stage4_standardized/Hazardous/e-waste/shutterstock_101806765-Bulbs - Copy.png,Hazardous,train,e-waste,0,VALID
Recyclable/cans_all_type/1557087432-8976.jpg,/content/drive/MyDrive/Waste_Classification_FINAL/data/processed/stage4_standardized/Recyclable/cans_all_type/1557087432-8976.png,Recyclable,train,cans_all_type,3,VALID
Hazardous/paints/Imagen-Ecobiofor.jpg,/content/drive/MyDrive/Waste_Classification_FINAL/data/processed/stage4_standardized/Hazardous/paints/Imagen-Ecobiofor.png,Hazardous,train,paints,0,VALID
Hazardous/e-waste/640339-50P_PRO - Copy.jpg,/content/drive/MyDrive/Waste_Classification_FINAL/data/processed/stage4_standardized/Hazardous/e-waste/640339-50P_PRO - Copy.png,Hazardous,train,e-waste,0,VALID
Organic/egg_shells/broken-eggshells-carolsandra-cc.jpg,/content/drive/MyDrive/Waste_Classification_FINAL/data/processed/stage4_standardized/Organic/egg_shells/broken-eggshells-carolsandra-cc.png,Organic,train,egg_shells,2,VALID
Hazardous/pesticides/RS3523_UPL-Phoskill-Monocrotophos-02.jpg,/content/drive/MyDrive/Waste_Classification_FINAL/data/processed/stage4_standardized/Hazardous/pesticides/RS3523_UPL-Phoskill-Monocrotophos-02.png,Hazardous,train,pesticides,0,VALID
Organic/coffee_tea_bags/VksIbFlMs_orig_1080x1440_crop_center.jpg,/content/drive/MyDrive/Waste_Classification_FINAL/data/processed/stage4_standardized/Organic/coffee_tea_bags/VksIbFlMs_orig_1080x1440_crop_center.png,Organic,train,coffee_tea_bags,2,VALID
Recyclable/glass_containers/types-glass-you-can-recycle.jpg,/content/drive/MyDrive/Waste_Classification_FINAL/data/processed/stage4_standardized/Recyclable/glass_containers/types-glass-you-can-recycle.png,Recyclable,train,glass_containers,3,VALID
Non-Recyclable/diapers/Disposable-Diapers-take-300-years-to-decomposeand-account-for-15-of-landfill-waste..jpg,/content/drive/MyDrive/Waste_Classification_FINAL/data/processed/stage4_standardized/Non-Recyclable/diapers/Disposable-Diapers-take-300-years-to-decomposeand-account-for-15-of-landfill-waste..png,Non-Recyclable,train,diapers,1,VALID
Hazardous/e-waste/6ft-Fluorescent-Box-Gallery-Image-1 - Copy.jpg,/content/drive/MyDrive/Waste_Classification_FINAL/data/processed/stage4_standardized/Hazardous/e-waste/6ft-Fluorescent-Box-Gallery-Image-1 - Copy.png,Hazardous,train,e-waste,0,VALID
Organic/coffee_tea_bags/p-glass-jars-with-tea-bags-and-paper-bags-with-coffee-beans-on-shelves-toned.jpg,/content/drive/MyDrive/Waste_Classification_FINAL/data/processed/stage4_standardized/Organic/coffee_tea_bags/p-glass-jars-with-tea-bags-and-paper-bags-with-coffee-beans-on-shelves-toned.png,Organic,train,coffee_tea_bags,2,VALID
Non-Recyclable/diapers/HNCH4010_Disposal-Diaper-Test-Package.jpg,/content/drive/MyDrive/Waste_Classification_FINAL/data/processed/stage4_standardized/Non-Recyclable/diapers/HNCH4010_Disposal-Diaper-Test-Package.png,Non-Recyclable,train,diapers,1,VALID
Recyclable/cans_all_type/Al-Cans-1024x768.jpg,/content/drive/MyDrive/Waste_Classification_FINAL/data/processed/stage4_standardized/Recyclable/cans_all_type/Al-Cans-1024x768.png,Recyclable,train,cans_all_type,3,VALID
Non-Recyclable/styrofoam_product/ps-foam-containers_20220124_Minh-Mi-Goi_shutterstock_1580179006-web.jpg,/content/drive/MyDrive/Waste_Classification_FINAL/data/processed/stage4_standardized/Non-Recyclable/styrofoam_product/ps-foam-containers_20220124_Minh-Mi-Goi_shutterstock_1580179006-web.png,Non-Recyclable,train,styrofoam_product,1,AUTO_CORRECTED
Non-Recyclable/diapers/best-diapers-1553537708.jpg,/content/drive/MyDrive/Waste_Classification_FINAL/data/processed/stage4_standardized/Non-Recyclable/diapers/best-diapers-1553537708.png,Non-Recyclable,train,diapers,1,VALID
Organic/yard_trimmings/trim-hedges-man-front-house-trimming-electric-edger-44768144.jpg,/content/drive/MyDrive/Waste_Classification_FINAL/data/processed/stage4_standardized/Organic/yard_trimmings/trim-hedges-man-front-house-trimming-electric-edger-44768144.png,Organic,train,yard_trimmings,2,VALID
Organic/food_scraps/ZWM-compost-scaled.jpg,/content/drive/MyDrive/Waste_Classification_FINAL/data/processed/stage4_standardized/Organic/food_scraps/ZWM-compost-scaled.png,Organic,train,food_scraps,2,VALID
Hazardous/pesticides/a-range-of-garden-pesticides-insecticides-found-within-a-household-GKNDHJ.jpg,/content/drive/MyDrive/Waste_Classification_FINAL/data/processed/stage4_standardized/Hazardous/pesticides/a-range-of-garden-pesticides-insecticides-found-within-a-household-GKNDHJ.png,Hazardous,train,pesticides,0,VALID
Non-Recyclable/sanitary_napkin/Lining_of_Uterine_Wall.jpg,/content/drive/MyDrive/Waste_Classification_FINAL/data/processed/stage4_standardized/Non-Recyclable/sanitary_napkin/Lining_of_Uterine_Wall.png,Non-Recyclable,train,sanitary_napkin,1,VALID
Recyclable/cans_all_type/78818897.jpg,/content/drive/MyDrive/Waste_Classification_FINAL/data/processed/stage4_standardized/Recyclable/cans_all_type/78818897.png,Recyclable,train,cans_all_type,3,VALID
Organic/yard_trimmings/maxresdefault.jpg,/content/drive/MyDrive/Waste_Classification_FINAL/data/processed/stage4_standardized/Organic/yard_trimmings/maxresdefault.png,Organic,train,yard_trimmings,2,VALID
Organic/coffee_tea_bags/3_b1846eaf-f53b-47b7-aec2-e163cf50171f_480x480.jpg,/content/drive/MyDrive/Waste_Classification_FINAL/data/processed/stage4_standardized/Organic/coffee_tea_bags/3_b1846eaf-f53b-47b7-aec2-e163cf50171f_480x480.png,Organic,train,coffee_tea_bags,2,VALID
Non-Recyclable/diapers/piles-of-plastic-disposable-nappies-on-funafuti-tuvalu-A6T59N.jpg,/content/drive/MyDrive/Waste_Classification_FINAL/data/processed/stage4_standardized/Non-Recyclable/diapers/piles-of-plastic-disposable-nappies-on-funafuti-tuvalu-A6T59N.png,Non-Recyclable,train,diapers,1,VALID
Hazardous/paints/test-tube_iStock-1063777306_1100x620px_200917.jpg,/content/drive/MyDrive/Waste_Classification_FINAL/data/processed/stage4_standardized/Hazardous/paints/test-tube_iStock-1063777306_1100x620px_200917.png,Hazardous,train,paints,0,VALID
Hazardous/e-waste/lable-black-line-icon-varieties-of-lamps-waste-recycling-garbage-sorting-eco - Copy.jpg,/content/drive/MyDrive/Waste_Classification_FINAL/data/processed/stage4_standardized/Hazardous/e-waste/lable-black-line-icon-varieties-of-lamps-waste-recycling-garbage-sorting-eco - Copy.png,Hazardous,train,e-waste,0,VALID
Non-Recyclable/diapers/-table-group-disposable-diapers-arranged-over-white-changing-table-145294479.jpg,/content/drive/MyDrive/Waste_Classification_FINAL/data/processed/stage4_standardized/Non-Recyclable/diapers/-table-group-disposable-diapers-arranged-over-white-changing-table-145294479.png,Non-Recyclable,train,diapers,1,VALID
Non-Recyclable/sanitary_napkin/feminine-hygiene-products-concept_23-2148642495.jpg,/content/drive/MyDrive/Waste_Classification_FINAL/data/processed/stage4_standardized/Non-Recyclable/sanitary_napkin/feminine-hygiene-products-concept_23-2148642495.png,Non-Recyclable,train,sanitary_napkin,1,VALID
Organic/yard_trimmings/6397f71debd6337c8620d1f6-30-gallon-kraft-lawn-and-leaf-bags-10.jpg,/content/drive/MyDrive/Waste_Classification_FINAL/data/processed/stage4_standardized/Organic/yard_trimmings/6397f71debd6337c8620d1f6-30-gallon-kraft-lawn-and-leaf-bags-10.png,Organic,train,yard_trimmings,2,VALID
Recyclable/cans_all_type/LzEyLzAzL2RyZWFtc3RpbWV4eGwxNzcyNDAwOSAtIGFsdW1pbnVtIGNhbnMuanBn.1V4x5MynmFA.jpg,/content/drive/MyDrive/Waste_Classification_FINAL/data/processed/stage4_standardized/Recyclable/cans_all_type/LzEyLzAzL2RyZWFtc3RpbWV4eGwxNzcyNDAwOSAtIGFsdW1pbnVtIGNhbnMuanBn.1V4x5MynmFA.png,Recyclable,train,cans_all_type,3,VALID
Recyclable/paper_products/Top-Cardboard-Box-Manufacturers.jpg,/content/drive/MyDrive/Waste_Classification_FINAL/data/processed/stage4_standardized/Recyclable/paper_products/Top-Cardboard-Box-Manufacturers.png,Recyclable,train,paper_products,3,VALID
Organic/kitchen_waste/9f869208aab05e7a_800x800ar.jpg,/content/drive/MyDrive/Waste_Classification_FINAL/data/processed/stage4_standardized/Organic/kitchen_waste/9f869208aab05e7a_800x800ar.png,Organic,train,kitchen_waste,2,VALID
Hazardous/batteries/alkaline-zinc-carbon.jpg,/content/drive/MyDrive/Waste_Classification_FINAL/data/processed/stage4_standardized/Hazardous/batteries/alkaline-zinc-carbon.png,Hazardous,train,batteries,0,VALID
Organic/kitchen_waste/Food20Waste.jpg,/content/drive/MyDrive/Waste_Classification_FINAL/data/processed/stage4_standardized/Organic/kitchen_waste/Food20Waste.png,Organic,train,kitchen_waste,2,VALID
Recyclable/cans_all_type/maxresdefault2.jpg,/content/drive/MyDrive/Waste_Classification_FINAL/data/processed/stage4_standardized/Recyclable/cans_all_type/maxresdefault2.png,Recyclable,train,cans_all_type,3,VALID
Hazardous/batteries/d1ma00216c-f4_hi-res.jpg,/content/drive/MyDrive/Waste_Classification_FINAL/data/processed/stage4_standardized/Hazardous/batteries/d1ma00216c-f4_hi-res.png,Hazardous,train,batteries,0,VALID
Recyclable/cans_all_type/81dt8D3rCiL._AC_UF10001000_QL80_.jpg,/content/drive/MyDrive/Waste_Classification_FINAL/data/processed/stage4_standardized/Recyclable/cans_all_type/81dt8D3rCiL._AC_UF10001000_QL80_.png,Recyclable,train,cans_all_type,3,VALID
Non-Recyclable/diapers/ental-impact-disposable-diapers-pollution-environment-soil-water_159975-1317.jpg,/content/drive/MyDrive/Waste_Classification_FINAL/data/processed/stage4_standardized/Non-Recyclable/diapers/ental-impact-disposable-diapers-pollution-environment-soil-water_159975-1317.png,Non-Recyclable,train,diapers,1,VALID
Recyclable/cans_all_type/aluminum-cans-collected-for-recycling-center-AP5B7K.jpg,/content/drive/MyDrive/Waste_Classification_FINAL/data/processed/stage4_standardized/Recyclable/cans_all_type/aluminum-cans-collected-for-recycling-center-AP5B7K.png,Recyclable,train,cans_all_type,3,VALID
Hazardous/e-waste/box1-img - Copy.jpg,/content/drive/MyDrive/Waste_Classification_FINAL/data/processed/stage4_standardized/Hazardous/e-waste/box1-img - Copy.png,Hazardous,train,e-waste,0,VALID
Hazardous/e-waste/img878241 - Copy.jpg,/content/drive/MyDrive/Waste_Classification_FINAL/data/processed/stage4_standardized/Hazardous/e-waste/img878241 - Copy.png,Hazardous,train,e-waste,0,VALID
Non-Recyclable/plastics_bags_wrappers/61jBBcZxgfL._AC_UF10001000_QL80_.jpg,/content/drive/MyDrive/Waste_Classification_FINAL/data/processed/stage4_standardized/Non-Recyclable/plastics_bags_wrappers/61jBBcZxgfL._AC_UF10001000_QL80_.png,Non-Recyclable,train,plastics_bags_wrappers,1,AUTO_CORRECTED
Hazardous/paints/haz.JPG.jpg,/content/drive/MyDrive/Waste_Classification_FINAL/data/processed/stage4_standardized/Hazardous/paints/haz.JPG.png,Hazardous,train,paints,0,VALID
Recyclable/cans_all_type/aluminium05.jpg,/content/drive/MyDrive/Waste_Classification_FINAL/data/processed/stage4_standardized/Recyclable/cans_all_type/aluminium05.png,Recyclable,train,cans_all_type,3,VALID
Non-Recyclable/sanitary_napkin/feminine-hygiene-products.jpg,/content/drive/MyDrive/Waste_Classification_FINAL/data/processed/stage4_standardized/Non-Recyclable/sanitary_napkin/feminine-hygiene-products.png,Non-Recyclable,train,sanitary_napkin,1,VALID
Non-Recyclable/plastics_bags_wrappers/fruits-in-plastic-bags.jpg,/content/drive/MyDrive/Waste_Classification_FINAL/data/processed/stage4_standardized/Non-Recyclable/plastics_bags_wrappers/fruits-in-plastic-bags.png,Non-Recyclable,train,plastics_bags_wrappers,1,AUTO_CORRECTED
Organic/egg_shells/depositphotos_40630785-stock-photo-pile-of-broken-eggshells.jpg,/content/drive/MyDrive/Waste_Classification_FINAL/data/processed/stage4_standardized/Organic/egg_shells/depositphotos_40630785-stock-photo-pile-of-broken-eggshells.png,Organic,train,egg_shells,2,VALID
Non-Recyclable/sanitary_napkin/Natural-Cleaning-Solutions-Range-2000x2000.jpg,/content/drive/MyDrive/Waste_Classification_FINAL/data/processed/stage4_standardized/Non-Recyclable/sanitary_napkin/Natural-Cleaning-Solutions-Range-2000x2000.png,Non-Recyclable,train,sanitary_napkin,1,VALID
Hazardous/pesticides/disposalbnr.jpg,/content/drive/MyDrive/Waste_Classification_FINAL/data/processed/stage4_standardized/Hazardous/pesticides/disposalbnr.png,Hazardous,train,pesticides,0,VALID
Hazardous/e-waste/light-bulb-fluorescent - Copy.jpg,/content/drive/MyDrive/Waste_Classification_FINAL/data/processed/stage4_standardized/Hazardous/e-waste/light-bulb-fluorescent - Copy.png,Hazardous,train,e-waste,0,VALID
Hazardous/pesticides/b1594insectisidespesticides_1.jpg,/content/drive/MyDrive/Waste_Classification_FINAL/data/processed/stage4_standardized/Hazardous/pesticides/b1594insectisidespesticides_1.png,Hazardous,train,pesticides,0,VALID
Recyclable/cans_all_type/beer-5215845_1280.jpg,/content/drive/MyDrive/Waste_Classification_FINAL/data/processed/stage4_standardized/Recyclable/cans_all_type/beer-5215845_1280.png,Recyclable,train,cans_all_type,3,VALID
Organic/coffee_tea_bags/apple-tea.jpg,/content/drive/MyDrive/Waste_Classification_FINAL/data/processed/stage4_standardized/Organic/coffee_tea_bags/apple-tea.png,Organic,train,coffee_tea_bags,2,VALID
Organic/food_scraps/how-to-stop-food-waste-1620830827.jpg,/content/drive/MyDrive/Waste_Classification_FINAL/data/processed/stage4_standardized/Organic/food_scraps/how-to-stop-food-waste-1620830827.png,Organic,train,food_scraps,2,VALID
Organic/coffee_tea_bags/coffee-620_620x350_51476691798.jpg,/content/drive/MyDrive/Waste_Classification_FINAL/data/processed/stage4_standardized/Organic/coffee_tea_bags/coffee-620_620x350_51476691798.png,Organic,train,coffee_tea_bags,2,VALID
Hazardous/pesticides/tractor-spraying-pesticides-soy-bean-field-fields-136713412.jpg,/content/drive/MyDrive/Waste_Classification_FINAL/data/processed/stage4_standardized/Hazardous/pesticides/tractor-spraying-pesticides-soy-bean-field-fields-136713412.png,Hazardous,train,pesticides,0,VALID
Non-Recyclable/plastics_bags_wrappers/Trash_bin_in_Paris.jpg,/content/drive/MyDrive/Waste_Classification_FINAL/data/processed/stage4_standardized/Non-Recyclable/plastics_bags_wrappers/Trash_bin_in_Paris.png,Non-Recyclable,train,plastics_bags_wrappers,1,AUTO_CORRECTED
Recyclable/paper_products/mobile-artwork_1.jpg,/content/drive/MyDrive/Waste_Classification_FINAL/data/processed/stage4_standardized/Recyclable/paper_products/mobile-artwork_1.png,Recyclable,train,paper_products,3,VALID
Hazardous/paints/jp33a6-3.jpg,/content/drive/MyDrive/Waste_Classification_FINAL/data/processed/stage4_standardized/Hazardous/paints/jp33a6-3.png,Hazardous,train,paints,0,VALID
Organic/coffee_tea_bags/coffee-beans-tea-leaves-storage-beans.jpg,/content/drive/MyDrive/Waste_Classification_FINAL/data/processed/stage4_standardized/Organic/coffee_tea_bags/coffee-beans-tea-leaves-storage-beans.png,Organic,train,coffee_tea_bags,2,VALID
Hazardous/batteries/battery-directive-european-union.jpg,/content/drive/MyDrive/Waste_Classification_FINAL/data/processed/stage4_standardized/Hazardous/batteries/battery-directive-european-union.png,Hazardous,train,batteries,0,VALID
Hazardous/e-waste/_108381526_mediaitem108381525 - Copy.jpg,/content/drive/MyDrive/Waste_Classification_FINAL/data/processed/stage4_standardized/Hazardous/e-waste/_108381526_mediaitem108381525 - Copy.png,Hazardous,train,e-waste,0,VALID
Recyclable/cans_all_type/360_F_525404454_VwozPoWGiIQk1eaqQVJ0ypygpe2RATMd.jpg,/content/drive/MyDrive/Waste_Classification_FINAL/data/processed/stage4_standardized/Recyclable/cans_all_type/360_F_525404454_VwozPoWGiIQk1eaqQVJ0ypygpe2RATMd.png,Recyclable,train,cans_all_type,3,VALID
Non-Recyclable/plastics_bags_wrappers/102019_Brightside_Co19_Tips_Poster-559x1024.jpg,/content/drive/MyDrive/Waste_Classification_FINAL/data/processed/stage4_standardized/Non-Recyclable/plastics_bags_wrappers/102019_Brightside_Co19_Tips_Poster-559x1024.png,Non-Recyclable,train,plastics_bags_wrappers,1,AUTO_CORRECTED
Hazardous/pesticides/farmer-sprays-insectides-Japan-rice-paddy.jpg,/content/drive/MyDrive/Waste_Classification_FINAL/data/processed/stage4_standardized/Hazardous/pesticides/farmer-sprays-insectides-Japan-rice-paddy.png,Hazardous,train,pesticides,0,VALID
Recyclable/cans_all_type/Which-metals-to-recycle.jpg,/content/drive/MyDrive/Waste_Classification_FINAL/data/processed/stage4_standardized/Recyclable/cans_all_type/Which-metals-to-recycle.png,Recyclable,train,cans_all_type,3,VALID
Organic/kitchen_waste/home-composting-of-kitchen-waste.jpg,/content/drive/MyDrive/Waste_Classification_FINAL/data/processed/stage4_standardized/Organic/kitchen_waste/home-composting-of-kitchen-waste.png,Organic,train,kitchen_waste,2,VALID
Non-Recyclable/sanitary_napkin/71Mvg0Tx55L._AC_UF10001000_QL80_.jpg,/content/drive/MyDrive/Waste_Classification_FINAL/data/processed/stage4_standardized/Non-Recyclable/sanitary_napkin/71Mvg0Tx55L._AC_UF10001000_QL80_.png,Non-Recyclable,train,sanitary_napkin,1,VALID
Hazardous/e-waste/74409247-old-cellphones-and-battery-electronic-waste-concept - Copy.jpg,/content/drive/MyDrive/Waste_Classification_FINAL/data/processed/stage4_standardized/Hazardous/e-waste/74409247-old-cellphones-and-battery-electronic-waste-concept - Copy.png,Hazardous,train,e-waste,0,VALID
Non-Recyclable/styrofoam_product/250783690442929992.jpg,/content/drive/MyDrive/Waste_Classification_FINAL/data/processed/stage4_standardized/Non-Recyclable/styrofoam_product/250783690442929992.png,Non-Recyclable,train,styrofoam_product,1,AUTO_CORRECTED
Non-Recyclable/styrofoam_product/food-packaging-report.jpg,/content/drive/MyDrive/Waste_Classification_FINAL/data/processed/stage4_standardized/Non-Recyclable/styrofoam_product/food-packaging-report.png,Non-Recyclable,train,styrofoam_product,1,AUTO_CORRECTED
Hazardous/e-waste/electronic-waste-collection-center-subsequent-recycling-circular-economy_761147-84 - Copy.jpg,/content/drive/MyDrive/Waste_Classification_FINAL/data/processed/stage4_standardized/Hazardous/e-waste/electronic-waste-collection-center-subsequent-recycling-circular-economy_761147-84 - Copy.png,Hazardous,train,e-waste,0,VALID
Non-Recyclable/diapers/100-cotton-huggies-advanced-ultra-absorbent-disposable-baby-diapers-pants-103.jpg,/content/drive/MyDrive/Waste_Classification_FINAL/data/processed/stage4_standardized/Non-Recyclable/diapers/100-cotton-huggies-advanced-ultra-absorbent-disposable-baby-diapers-pants-103.png,Non-Recyclable,train,diapers,1,VALID
Non-Recyclable/plastics_bags_wrappers/Sweet-wrappers-empty-1024x576.jpg,/content/drive/MyDrive/Waste_Classification_FINAL/data/processed/stage4_standardized/Non-Recyclable/plastics_bags_wrappers/Sweet-wrappers-empty-1024x576.png,Non-Recyclable,train,plastics_bags_wrappers,1,AUTO_CORRECTED
Hazardous/e-waste/01-e-waste-millions-tons_square - Copy.jpg,/content/drive/MyDrive/Waste_Classification_FINAL/data/processed/stage4_standardized/Hazardous/e-waste/01-e-waste-millions-tons_square - Copy.png,Hazardous,train,e-waste,0,VALID
Recyclable/glass_containers/61ft4NGHGL.jpg,/content/drive/MyDrive/Waste_Classification_FINAL/data/processed/stage4_standardized/Recyclable/glass_containers/61ft4NGHGL.png,Recyclable,train,glass_containers,3,VALID
Non-Recyclable/diapers/10582_1.jpg,/content/drive/MyDrive/Waste_Classification_FINAL/data/processed/stage4_standardized/Non-Recyclable/diapers/10582_1.png,Non-Recyclable,train,diapers,1,VALID
Recyclable/cans_all_type/soda_can_1500394689-e1501261207105.jpg,/content/drive/MyDrive/Waste_Classification_FINAL/data/processed/stage4_standardized/Recyclable/cans_all_type/soda_can_1500394689-e1501261207105.png,Recyclable,train,cans_all_type,3,VALID
Recyclable/cans_all_type/product-roundup_cannedfood.jpg,/content/drive/MyDrive/Waste_Classification_FINAL/data/processed/stage4_standardized/Recyclable/cans_all_type/product-roundup_cannedfood.png,Recyclable,train,cans_all_type,3,VALID
Hazardous/paints/hazardouswaste_paints.jpg,/content/drive/MyDrive/Waste_Classification_FINAL/data/processed/stage4_standardized/Hazardous/paints/hazardouswaste_paints.png,Hazardous,train,paints,0,VALID
Non-Recyclable/ceramic_product/1000_F_180506836_FCGcDt6J9w5QbR2FrUHHhvjxbdICxNT2.jpg,/content/drive/MyDrive/Waste_Classification_FINAL/data/processed/stage4_standardized/Non-Recyclable/ceramic_product/1000_F_180506836_FCGcDt6J9w5QbR2FrUHHhvjxbdICxNT2.png,Non-Recyclable,train,ceramic_product,1,VALID
Hazardous/e-waste/going-greener-by-recycling-burnt-out-bulbs-1523856076-3781852 - Copy.jpg,/content/drive/MyDrive/Waste_Classification_FINAL/data/processed/stage4_standardized/Hazardous/e-waste/going-greener-by-recycling-burnt-out-bulbs-1523856076-3781852 - Copy.png,Hazardous,train,e-waste,0,VALID
Hazardous/e-waste/1000_F_137113944_B7B2w62hhwjr7dWy8R5nYwwlHIwCRu6S - Copy.jpg,/content/drive/MyDrive/Waste_Classification_FINAL/data/processed/stage4_standardized/Hazardous/e-waste/1000_F_137113944_B7B2w62hhwjr7dWy8R5nYwwlHIwCRu6S - Copy.png,Hazardous,train,e-waste,0,VALID
Hazardous/pesticides/discarded-pesticide-containers-include-cygon-267-and-dibtom-both-are-CP48BC.jpg,/content/drive/MyDrive/Waste_Classification_FINAL/data/processed/stage4_standardized/Hazardous/pesticides/discarded-pesticide-containers-include-cygon-267-and-dibtom-both-are-CP48BC.png,Hazardous,train,pesticides,0,VALID
Recyclable/paper_products/1200px-Various_products_made_from_paper.JPG.jpg,/content/drive/MyDrive/Waste_Classification_FINAL/data/processed/stage4_standardized/Recyclable/paper_products/1200px-Various_products_made_from_paper.JPG.png,Recyclable,train,paper_products,3,VALID
Recyclable/plastic_bottles/lemonade-plastic-bottles-citrus-orange-lemon-soda-water_101087-176.jpg,/content/drive/MyDrive/Waste_Classification_FINAL/data/processed/stage4_standardized/Recyclable/plastic_bottles/lemonade-plastic-bottles-citrus-orange-lemon-soda-water_101087-176.png,Recyclable,train,plastic_bottles,3,VALID
Hazardous/batteries/un3480.jpg,/content/drive/MyDrive/Waste_Classification_FINAL/data/processed/stage4_standardized/Hazardous/batteries/un3480.png,Hazardous,train,batteries,0,VALID
Hazardous/pesticides/Types-of-Presticides-1.jpg,/content/drive/MyDrive/Waste_Classification_FINAL/data/processed/stage4_standardized/Hazardous/pesticides/Types-of-Presticides-1.png,Hazardous,train,pesticides,0,VALID
Hazardous/batteries/basic-lithium-ion-battery-5-2_en.jpg,/content/drive/MyDrive/Waste_Classification_FINAL/data/processed/stage4_standardized/Hazardous/batteries/basic-lithium-ion-battery-5-2_en.png,Hazardous,train,batteries,0,VALID
Non-Recyclable/plastics_bags_wrappers/-bags-vegetables-peppers-tomatoes-carrots-onions-from-the-supermarket-RXCRHT.jpg,/content/drive/MyDrive/Waste_Classification_FINAL/data/processed/stage4_standardized/Non-Recyclable/plastics_bags_wrappers/-bags-vegetables-peppers-tomatoes-carrots-onions-from-the-supermarket-RXCRHT.png,Non-Recyclable,train,plastics_bags_wrappers,1,AUTO_CORRECTED
Recyclable/cans_all_type/p0c972tq.jpg,/content/drive/MyDrive/Waste_Classification_FINAL/data/processed/stage4_standardized/Recyclable/cans_all_type/p0c972tq.png,Recyclable,train,cans_all_type,3,VALID
Hazardous/e-waste/1200px-Ewaste-pile - Copy.jpg,/content/drive/MyDrive/Waste_Classification_FINAL/data/processed/stage4_standardized/Hazardous/e-waste/1200px-Ewaste-pile - Copy.png,Hazardous,train,e-waste,0,VALID
Organic/food_scraps/iStock-1225253924_resized.jpg,/content/drive/MyDrive/Waste_Classification_FINAL/data/processed/stage4_standardized/Organic/food_scraps/iStock-1225253924_resized.png,Organic,train,food_scraps,2,VALID
Organic/coffee_tea_bags/e-beans-freshly-roasted-product-images-orvzzb1wjpv-p596853334-0-202307051943.jpg,/content/drive/MyDrive/Waste_Classification_FINAL/data/processed/stage4_standardized/Organic/coffee_tea_bags/e-beans-freshly-roasted-product-images-orvzzb1wjpv-p596853334-0-202307051943.png,Organic,train,coffee_tea_bags,2,VALID
Non-Recyclable/ceramic_product/ulptures-of-broken-porcelain-vases-within-other-glass-ones-by-bouke-de-vries.jpg,/content/drive/MyDrive/Waste_Classification_FINAL/data/processed/stage4_standardized/Non-Recyclable/ceramic_product/ulptures-of-broken-porcelain-vases-within-other-glass-ones-by-bouke-de-vries.png,Non-Recyclable,train,ceramic_product,1,VALID
Hazardous/e-waste/E-Waste - Copy.jpg,/content/drive/MyDrive/Waste_Classification_FINAL/data/processed/stage4_standardized/Hazardous/e-waste/E-Waste - Copy.png,Hazardous,train,e-waste,0,VALID
Non-Recyclable/styrofoam_product/Copy-of-Style-shot-3.jpg,/content/drive/MyDrive/Waste_Classification_FINAL/data/processed/stage4_standardized/Non-Recyclable/styrofoam_product/Copy-of-Style-shot-3.png,Non-Recyclable,train,styrofoam_product,1,AUTO_CORRECTED
Recyclable/cans_all_type/various-household-metal-waste-cans-600w-1586734066.jpg,/content/drive/MyDrive/Waste_Classification_FINAL/data/processed/stage4_standardized/Recyclable/cans_all_type/various-household-metal-waste-cans-600w-1586734066.png,Recyclable,train,cans_all_type,3,VALID
Recyclable/plastic_bottles/How-Much-Money-Is-There-In-Plastic-Bottles.jpg,/content/drive/MyDrive/Waste_Classification_FINAL/data/processed/stage4_standardized/Recyclable/plastic_bottles/How-Much-Money-Is-There-In-Plastic-Bottles.png,Recyclable,train,plastic_bottles,3,VALID
Organic/yard_trimmings/STORM-DRAIN_WOMAN-SWEEPING.jpg,/content/drive/MyDrive/Waste_Classification_FINAL/data/processed/stage4_standardized/Organic/yard_trimmings/STORM-DRAIN_WOMAN-SWEEPING.png,Organic,train,yard_trimmings,2,VALID
Organic/kitchen_waste/643178-1550857201.jpg,/content/drive/MyDrive/Waste_Classification_FINAL/data/processed/stage4_standardized/Organic/kitchen_waste/643178-1550857201.png,Organic,train,kitchen_waste,2,VALID
Recyclable/glass_containers/51P3TEvdWuL._AC_UF8941000_QL80_.jpg,/content/drive/MyDrive/Waste_Classification_FINAL/data/processed/stage4_standardized/Recyclable/glass_containers/51P3TEvdWuL._AC_UF8941000_QL80_.png,Recyclable,train,glass_containers,3,VALID
Non-Recyclable/ceramic_product/9.jpg,/content/drive/MyDrive/Waste_Classification_FINAL/data/processed/stage4_standardized/Non-Recyclable/ceramic_product/9.png,Non-Recyclable,train,ceramic_product,1,VALID
Hazardous/pesticides/gardening-chemicalsinsecticidespesticides-items-from-a-garden-shed-M3TDW9.jpg,/content/drive/MyDrive/Waste_Classification_FINAL/data/processed/stage4_standardized/Hazardous/pesticides/gardening-chemicalsinsecticidespesticides-items-from-a-garden-shed-M3TDW9.png,Hazardous,train,pesticides,0,VALID
Hazardous/paints/solvent-recovery-barrels-1024x485.jpg,/content/drive/MyDrive/Waste_Classification_FINAL/data/processed/stage4_standardized/Hazardous/paints/solvent-recovery-barrels-1024x485.png,Hazardous,train,paints,0,VALID
Recyclable/glass_containers/maxresdefault.jpg,/content/drive/MyDrive/Waste_Classification_FINAL/data/processed/stage4_standardized/Recyclable/glass_containers/maxresdefault.png,Recyclable,train,glass_containers,3,VALID
Hazardous/batteries/fenrg-08-571440-g001.jpg,/content/drive/MyDrive/Waste_Classification_FINAL/data/processed/stage4_standardized/Hazardous/batteries/fenrg-08-571440-g001.png,Hazardous,train,batteries,0,VALID
Organic/egg_shells/how-to-use-eggshells-in-garden.jpg,/content/drive/MyDrive/Waste_Classification_FINAL/data/processed/stage4_standardized/Organic/egg_shells/how-to-use-eggshells-in-garden.png,Organic,train,egg_shells,2,VALID
Organic/kitchen_waste/hq720.jpg,/content/drive/MyDrive/Waste_Classification_FINAL/data/processed/stage4_standardized/Organic/kitchen_waste/hq720.png,Organic,train,kitchen_waste,2,VALID
Recyclable/glass_containers/Cocacolacollection.JPG.jpg,/content/drive/MyDrive/Waste_Classification_FINAL/data/processed/stage4_standardized/Recyclable/glass_containers/Cocacolacollection.JPG.png,Recyclable,train,glass_containers,3,VALID
Organic/food_scraps/egetables-and-fruits-in-a-huge-container-in-a-rubbish-bin-heap-of-2203815095.jpg,/content/drive/MyDrive/Waste_Classification_FINAL/data/processed/stage4_standardized/Organic/food_scraps/egetables-and-fruits-in-a-huge-container-in-a-rubbish-bin-heap-of-2203815095.png,Organic,train,food_scraps,2,VALID
Non-Recyclable/plastics_bags_wrappers/Films-home-bread-bags-etc.jpg,/content/drive/MyDrive/Waste_Classification_FINAL/data/processed/stage4_standardized/Non-Recyclable/plastics_bags_wrappers/Films-home-bread-bags-etc.png,Non-Recyclable,train,plastics_bags_wrappers,1,AUTO_CORRECTED
Non-Recyclable/styrofoam_product/eco-friendly-food-packaging_feature.jpg,/content/drive/MyDrive/Waste_Classification_FINAL/data/processed/stage4_standardized/Non-Recyclable/styrofoam_product/eco-friendly-food-packaging_feature.png,Non-Recyclable,train,styrofoam_product,1,AUTO_CORRECTED
Organic/coffee_tea_bags/png-transparent-instant-coffee-espresso-coffee-bag-tea-bag-coffee-food-tea-coffee.jpg,/content/drive/MyDrive/Waste_Classification_FINAL/data/processed/stage4_standardized/Organic/coffee_tea_bags/png-transparent-instant-coffee-espresso-coffee-bag-tea-bag-coffee-food-tea-coffee.png,Organic,train,coffee_tea_bags,2,VALID
Recyclable/cans_all_type/three-aluminum-cans-without-label_1308-40588.jpg,/content/drive/MyDrive/Waste_Classification_FINAL/data/processed/stage4_standardized/Recyclable/cans_all_type/three-aluminum-cans-without-label_1308-40588.png,Recyclable,train,cans_all_type,3,VALID
Hazardous/pesticides/FLYING-INSECT-Pesticide-Insecticides.jpg,/content/drive/MyDrive/Waste_Classification_FINAL/data/processed/stage4_standardized/Hazardous/pesticides/FLYING-INSECT-Pesticide-Insecticides.png,Hazardous,train,pesticides,0,VALID
Organic/yard_trimmings/yard-waste-540x5402.jpg,/content/drive/MyDrive/Waste_Classification_FINAL/data/processed/stage4_standardized/Organic/yard_trimmings/yard-waste-540x5402.png,Organic,train,yard_trimmings,2,VALID
Recyclable/cans_all_type/1665075294-can-packaging-options-white-text.jpg,/content/drive/MyDrive/Waste_Classification_FINAL/data/processed/stage4_standardized/Recyclable/cans_all_type/1665075294-can-packaging-options-white-text.png,Recyclable,train,cans_all_type,3,VALID
Non-Recyclable/plastics_bags_wrappers/stic-bags-and-wrappers-by-household-in-fresno-ca-usa-for-november-1592647813.jpg,/content/drive/MyDrive/Waste_Classification_FINAL/data/processed/stage4_standardized/Non-Recyclable/plastics_bags_wrappers/stic-bags-and-wrappers-by-household-in-fresno-ca-usa-for-november-1592647813.png,Non-Recyclable,train,plastics_bags_wrappers,1,AUTO_CORRECTED
Hazardous/e-waste/reciclaje-industrial-portada - Copy.jpg,/content/drive/MyDrive/Waste_Classification_FINAL/data/processed/stage4_standardized/Hazardous/e-waste/reciclaje-industrial-portada - Copy.png,Hazardous,train,e-waste,0,VALID
Organic/coffee_tea_bags/64401cc749bcb9512376a828-colonial-coffee-packets-pre-ground.jpg,/content/drive/MyDrive/Waste_Classification_FINAL/data/processed/stage4_standardized/Organic/coffee_tea_bags/64401cc749bcb9512376a828-colonial-coffee-packets-pre-ground.png,Organic,train,coffee_tea_bags,2,VALID
Organic/food_scraps/food-scraps-shutterstock-c.jpg,/content/drive/MyDrive/Waste_Classification_FINAL/data/processed/stage4_standardized/Organic/food_scraps/food-scraps-shutterstock-c.png,Organic,train,food_scraps,2,VALID
Hazardous/e-waste/maxresdefault - Copy.jpg,/content/drive/MyDrive/Waste_Classification_FINAL/data/processed/stage4_standardized/Hazardous/e-waste/maxresdefault - Copy.png,Hazardous,train,e-waste,0,VALID
Organic/kitchen_waste/maxresdefault2.jpg,/content/drive/MyDrive/Waste_Classification_FINAL/data/processed/stage4_standardized/Organic/kitchen_waste/maxresdefault2.png,Organic,train,kitchen_waste,2,VALID
Non-Recyclable/diapers/Depositphotos_456124904_S.jpg,/content/drive/MyDrive/Waste_Classification_FINAL/data/processed/stage4_standardized/Non-Recyclable/diapers/Depositphotos_456124904_S.png,Non-Recyclable,train,diapers,1,VALID
Organic/food_scraps/girl20edible20vegetables20food20DH-1562441019.jpg,/content/drive/MyDrive/Waste_Classification_FINAL/data/processed/stage4_standardized/Organic/food_scraps/girl20edible20vegetables20food20DH-1562441019.png,Organic,train,food_scraps,2,VALID
Recyclable/plastic_bottles/plastic-bottles-of-assorted-carbonated-soft-drinks-in-variety-of-colors-T39G53.jpg,/content/drive/MyDrive/Waste_Classification_FINAL/data/processed/stage4_standardized/Recyclable/plastic_bottles/plastic-bottles-of-assorted-carbonated-soft-drinks-in-variety-of-colors-T39G53.png,Recyclable,train,plastic_bottles,3,VALID
Non-Recyclable/diapers/474911884-H.jpg,/content/drive/MyDrive/Waste_Classification_FINAL/data/processed/stage4_standardized/Non-Recyclable/diapers/474911884-H.png,Non-Recyclable,train,diapers,1,VALID
Hazardous/paints/3021738.JPG.jpg,/content/drive/MyDrive/Waste_Classification_FINAL/data/processed/stage4_standardized/Hazardous/paints/3021738.JPG.png,Hazardous,train,paints,0,VALID
Organic/coffee_tea_bags/Green-Coffee-Bags.jpg,/content/drive/MyDrive/Waste_Classification_FINAL/data/processed/stage4_standardized/Organic/coffee_tea_bags/Green-Coffee-Bags.png,Organic,train,coffee_tea_bags,2,VALID
Hazardous/pesticides/IMAGE_1651139094.jpg,/content/drive/MyDrive/Waste_Classification_FINAL/data/processed/stage4_standardized/Hazardous/pesticides/IMAGE_1651139094.png,Hazardous,train,pesticides,0,VALID
Non-Recyclable/styrofoam_product/101-recycling-different-packaging-materials-thumbnail.jpg,/content/drive/MyDrive/Waste_Classification_FINAL/data/processed/stage4_standardized/Non-Recyclable/styrofoam_product/101-recycling-different-packaging-materials-thumbnail.png,Non-Recyclable,train,styrofoam_product,1,AUTO_CORRECTED
Organic/food_scraps/AdobeStock_550660149_428fd902f4247199467725e7eccf1673.jpg,/content/drive/MyDrive/Waste_Classification_FINAL/data/processed/stage4_standardized/Organic/food_scraps/AdobeStock_550660149_428fd902f4247199467725e7eccf1673.png,Organic,train,food_scraps,2,VALID
Organic/coffee_tea_bags/1_3__2.jpg,/content/drive/MyDrive/Waste_Classification_FINAL/data/processed/stage4_standardized/Organic/coffee_tea_bags/1_3__2.png,Organic,train,coffee_tea_bags,2,VALID
Organic/yard_trimmings/YardWaste.JPG.jpg,/content/drive/MyDrive/Waste_Classification_FINAL/data/processed/stage4_standardized/Organic/yard_trimmings/YardWaste.JPG.png,Organic,train,yard_trimmings,2,VALID
Organic/food_scraps/Organic-food-waste-scaled-1.jpg,/content/drive/MyDrive/Waste_Classification_FINAL/data/processed/stage4_standardized/Organic/food_scraps/Organic-food-waste-scaled-1.png,Organic,train,food_scraps,2,VALID
Recyclable/cans_all_type/republic-february-26-2017-energy-drinks-cans-from-czech-supermarkets-ostrava.jpg,/content/drive/MyDrive/Waste_Classification_FINAL/data/processed/stage4_standardized/Recyclable/cans_all_type/republic-february-26-2017-energy-drinks-cans-from-czech-supermarkets-ostrava.png,Recyclable,train,cans_all_type,3,VALID
Non-Recyclable/ceramic_product/mosaic-china-crafts.jpg,/content/drive/MyDrive/Waste_Classification_FINAL/data/processed/stage4_standardized/Non-Recyclable/ceramic_product/mosaic-china-crafts.png,Non-Recyclable,train,ceramic_product,1,VALID
Recyclable/plastic_bottles/ded-sea-waste-environment-contamination-neat-vector-illustration_81894-10608.jpg,/content/drive/MyDrive/Waste_Classification_FINAL/data/processed/stage4_standardized/Recyclable/plastic_bottles/ded-sea-waste-environment-contamination-neat-vector-illustration_81894-10608.png,Recyclable,train,plastic_bottles,3,VALID
Organic/yard_trimmings/garden-yard-waste-garden-yard-waste-illustration-108766665.jpg,/content/drive/MyDrive/Waste_Classification_FINAL/data/processed/stage4_standardized/Organic/yard_trimmings/garden-yard-waste-garden-yard-waste-illustration-108766665.png,Organic,train,yard_trimmings,2,VALID
Non-Recyclable/diapers/-garbage-pail-disposing-of-used-baby-nappies-environmental-impact-2084386903.jpg,/content/drive/MyDrive/Waste_Classification_FINAL/data/processed/stage4_standardized/Non-Recyclable/diapers/-garbage-pail-disposing-of-used-baby-nappies-environmental-impact-2084386903.png,Non-Recyclable,train,diapers,1,VALID
Hazardous/e-waste/how-fluorescents-work - Copy.jpg,/content/drive/MyDrive/Waste_Classification_FINAL/data/processed/stage4_standardized/Hazardous/e-waste/how-fluorescents-work - Copy.png,Hazardous,train,e-waste,0,VALID
Recyclable/glass_containers/Real-Cycled4-1024x678.jpg,/content/drive/MyDrive/Waste_Classification_FINAL/data/processed/stage4_standardized/Recyclable/glass_containers/Real-Cycled4-1024x678.png,Recyclable,train,glass_containers,3,VALID
Organic/coffee_tea_bags/sted-Coffee-Bean-Tea-Bags-for-400g-500g-1kg-Stand-up-Mylar-Zip-Lock-Pouches.jpg,/content/drive/MyDrive/Waste_Classification_FINAL/data/processed/stage4_standardized/Organic/coffee_tea_bags/sted-Coffee-Bean-Tea-Bags-for-400g-500g-1kg-Stand-up-Mylar-Zip-Lock-Pouches.png,Organic,train,coffee_tea_bags,2,VALID
Organic/yard_trimmings/Yard_Waste_1.jpg,/content/drive/MyDrive/Waste_Classification_FINAL/data/processed/stage4_standardized/Organic/yard_trimmings/Yard_Waste_1.png,Organic,train,yard_trimmings,2,VALID
Recyclable/cans_all_type/png-clipart-aluminum-can-recycling-bin-rubbish-bins-waste-paper-baskets-others-recycling-waste.jpg,/content/drive/MyDrive/Waste_Classification_FINAL/data/processed/stage4_standardized/Recyclable/cans_all_type/png-clipart-aluminum-can-recycling-bin-rubbish-bins-waste-paper-baskets-others-recycling-waste.png,Recyclable,train,cans_all_type,3,VALID
Organic/food_scraps/Composting-Food-Waste.jpg,/content/drive/MyDrive/Waste_Classification_FINAL/data/processed/stage4_standardized/Organic/food_scraps/Composting-Food-Waste.png,Organic,train,food_scraps,2,VALID
Recyclable/cans_all_type/5222093606_5eb8eb9a4b.jpg,/content/drive/MyDrive/Waste_Classification_FINAL/data/processed/stage4_standardized/Recyclable/cans_all_type/5222093606_5eb8eb9a4b.png,Recyclable,train,cans_all_type,3,VALID
Non-Recyclable/sanitary_napkin/vagina-vulva-1200x628-facebook-1200x628.jpg,/content/drive/MyDrive/Waste_Classification_FINAL/data/processed/stage4_standardized/Non-Recyclable/sanitary_napkin/vagina-vulva-1200x628-facebook-1200x628.png,Non-Recyclable,train,sanitary_napkin,1,VALID
Recyclable/cans_all_type/recycle-aluminum-metal-crushed-can-waste-background_293060-5186.jpg,/content/drive/MyDrive/Waste_Classification_FINAL/data/processed/stage4_standardized/Recyclable/cans_all_type/recycle-aluminum-metal-crushed-can-waste-background_293060-5186.png,Recyclable,train,cans_all_type,3,VALID
Hazardous/pesticides/fig13.jpg,/content/drive/MyDrive/Waste_Classification_FINAL/data/processed/stage4_standardized/Hazardous/pesticides/fig13.png,Hazardous,train,pesticides,0,VALID
Recyclable/paper_products/shutterstock_689934028-min.jpg,/content/drive/MyDrive/Waste_Classification_FINAL/data/processed/stage4_standardized/Recyclable/paper_products/shutterstock_689934028-min.png,Recyclable,train,paper_products,3,VALID
Hazardous/pesticides/es-toxins-insecticides-pesticides-biocides-with-hazard-warning-signs-caution.jpg,/content/drive/MyDrive/Waste_Classification_FINAL/data/processed/stage4_standardized/Hazardous/pesticides/es-toxins-insecticides-pesticides-biocides-with-hazard-warning-signs-caution.png,Hazardous,train,pesticides,0,VALID
Non-Recyclable/ceramic_product/depositphotos_8204577-stock-photo-broken-bottle.jpg,/content/drive/MyDrive/Waste_Classification_FINAL/data/processed/stage4_standardized/Non-Recyclable/ceramic_product/depositphotos_8204577-stock-photo-broken-bottle.png,Non-Recyclable,train,ceramic_product,1,VALID
Organic/food_scraps/7056505-untitled-design-2022-09-22t165643215.jpg,/content/drive/MyDrive/Waste_Classification_FINAL/data/processed/stage4_standardized/Organic/food_scraps/7056505-untitled-design-2022-09-22t165643215.png,Organic,train,food_scraps,2,VALID
Recyclable/glass_containers/-grass-recycling-garbage-disposal-environment-ecology-concept-used-237382994.jpg,/content/drive/MyDrive/Waste_Classification_FINAL/data/processed/stage4_standardized/Recyclable/glass_containers/-grass-recycling-garbage-disposal-environment-ecology-concept-used-237382994.png,Recyclable,train,glass_containers,3,VALID
Organic/egg_shells/Things-to-do-with-eggshells-so-they-dont-go-to-waste-on-chemistry-cachet.jpg,/content/drive/MyDrive/Waste_Classification_FINAL/data/processed/stage4_standardized/Organic/egg_shells/Things-to-do-with-eggshells-so-they-dont-go-to-waste-on-chemistry-cachet.png,Organic,train,egg_shells,2,VALID
Recyclable/cans_all_type/a-silver-tin-can-isolated-on-a-white-background-clipping-path-DNC3X5.jpg,/content/drive/MyDrive/Waste_Classification_FINAL/data/processed/stage4_standardized/Recyclable/cans_all_type/a-silver-tin-can-isolated-on-a-white-background-clipping-path-DNC3X5.png,Recyclable,train,cans_all_type,3,VALID
Recyclable/paper_products/segregated-paper-wastes-ready-to-recycling-DWRB4B.jpg,/content/drive/MyDrive/Waste_Classification_FINAL/data/processed/stage4_standardized/Recyclable/paper_products/segregated-paper-wastes-ready-to-recycling-DWRB4B.png,Recyclable,train,paper_products,3,VALID
Recyclable/cans_all_type/aluminum-cans-iStock-1148755120.jpg,/content/drive/MyDrive/Waste_Classification_FINAL/data/processed/stage4_standardized/Recyclable/cans_all_type/aluminum-cans-iStock-1148755120.png,Recyclable,train,cans_all_type,3,VALID
Hazardous/e-waste/634ec7fb55fe19788b75085f-18-watt-cfl-light-bulbs-4-pin-g24q-2 - Copy.jpg,/content/drive/MyDrive/Waste_Classification_FINAL/data/processed/stage4_standardized/Hazardous/e-waste/634ec7fb55fe19788b75085f-18-watt-cfl-light-bulbs-4-pin-g24q-2 - Copy.png,Hazardous,train,e-waste,0,VALID
Organic/coffee_tea_bags/easy-disposable-drip-bag-coffee-tea-bags-ground-173299335.jpg,/content/drive/MyDrive/Waste_Classification_FINAL/data/processed/stage4_standardized/Organic/coffee_tea_bags/easy-disposable-drip-bag-coffee-tea-bags-ground-173299335.png,Organic,train,coffee_tea_bags,2,VALID
Non-Recyclable/diapers/392089940-melons_550x550.jpg,/content/drive/MyDrive/Waste_Classification_FINAL/data/processed/stage4_standardized/Non-Recyclable/diapers/392089940-melons_550x550.png,Non-Recyclable,train,diapers,1,VALID
Non-Recyclable/sanitary_napkin/35-Essential-Personal-Hygiene-Products-You-Need-to-Stock.jpg,/content/drive/MyDrive/Waste_Classification_FINAL/data/processed/stage4_standardized/Non-Recyclable/sanitary_napkin/35-Essential-Personal-Hygiene-Products-You-Need-to-Stock.png,Non-Recyclable,train,sanitary_napkin,1,VALID
Organic/coffee_tea_bags/154947875.wildland.packaging.jpg,/content/drive/MyDrive/Waste_Classification_FINAL/data/processed/stage4_standardized/Organic/coffee_tea_bags/154947875.wildland.packaging.png,Organic,train,coffee_tea_bags,2,VALID
Non-Recyclable/sanitary_napkin/menstrual-pad-with-pink-glitter-on-pastel-royalty-free-image-920307028-1559531564.jpg,/content/drive/MyDrive/Waste_Classification_FINAL/data/processed/stage4_standardized/Non-Recyclable/sanitary_napkin/menstrual-pad-with-pink-glitter-on-pastel-royalty-free-image-920307028-1559531564.png,Non-Recyclable,train,sanitary_napkin,1,VALID
Recyclable/paper_products/pier-altpapier-recycling-kp-1200_2e246d1781_96dc71c25a342a411d0d25f0af585045.jpg,/content/drive/MyDrive/Waste_Classification_FINAL/data/processed/stage4_standardized/Recyclable/paper_products/pier-altpapier-recycling-kp-1200_2e246d1781_96dc71c25a342a411d0d25f0af585045.png,Recyclable,train,paper_products,3,VALID
Recyclable/cans_all_type/empty-used-aluminium-cans-ready-recycling-close-up-172409365.jpg,/content/drive/MyDrive/Waste_Classification_FINAL/data/processed/stage4_standardized/Recyclable/cans_all_type/empty-used-aluminium-cans-ready-recycling-close-up-172409365.png,Recyclable,train,cans_all_type,3,VALID
Organic/food_scraps/Sustainability-clearcuts-foodscraps-lrg.jpg,/content/drive/MyDrive/Waste_Classification_FINAL/data/processed/stage4_standardized/Organic/food_scraps/Sustainability-clearcuts-foodscraps-lrg.png,Organic,train,food_scraps,2,VALID
Organic/egg_shells/eggshells-slugs-2x.jpg,/content/drive/MyDrive/Waste_Classification_FINAL/data/processed/stage4_standardized/Organic/egg_shells/eggshells-slugs-2x.png,Organic,train,egg_shells,2,VALID
Recyclable/paper_products/cardboard-min.jpg,/content/drive/MyDrive/Waste_Classification_FINAL/data/processed/stage4_standardized/Recyclable/paper_products/cardboard-min.png,Recyclable,train,paper_products,3,VALID
Non-Recyclable/sanitary_napkin/3669-Feminine20hygiene20products2028329.jpg,/content/drive/MyDrive/Waste_Classification_FINAL/data/processed/stage4_standardized/Non-Recyclable/sanitary_napkin/3669-Feminine20hygiene20products2028329.png,Non-Recyclable,train,sanitary_napkin,1,VALID
Organic/food_scraps/cover-1-24.jpg,/content/drive/MyDrive/Waste_Classification_FINAL/data/processed/stage4_standardized/Organic/food_scraps/cover-1-24.png,Organic,train,food_scraps,2,VALID
Recyclable/glass_containers/india-circus-by-krsnaa-mehta-grey-floral-galore-glass-bottle-24122002sd00156-1.jpg,/content/drive/MyDrive/Waste_Classification_FINAL/data/processed/stage4_standardized/Recyclable/glass_containers/india-circus-by-krsnaa-mehta-grey-floral-galore-glass-bottle-24122002sd00156-1.png,Recyclable,train,glass_containers,3,VALID
Non-Recyclable/ceramic_product/plate-blue-broken-cemetery.jpg,/content/drive/MyDrive/Waste_Classification_FINAL/data/processed/stage4_standardized/Non-Recyclable/ceramic_product/plate-blue-broken-cemetery.png,Non-Recyclable,train,ceramic_product,1,VALID
Hazardous/pesticides/51v-y8IhbML._AC_UF10001000_QL80_.jpg,/content/drive/MyDrive/Waste_Classification_FINAL/data/processed/stage4_standardized/Hazardous/pesticides/51v-y8IhbML._AC_UF10001000_QL80_.png,Hazardous,train,pesticides,0,VALID
Non-Recyclable/diapers/12.jpg,/content/drive/MyDrive/Waste_Classification_FINAL/data/processed/stage4_standardized/Non-Recyclable/diapers/12.png,Non-Recyclable,train,diapers,1,VALID
Organic/food_scraps/1503810939_3XUEDx_Food_Wastage.jpg,/content/drive/MyDrive/Waste_Classification_FINAL/data/processed/stage4_standardized/Organic/food_scraps/1503810939_3XUEDx_Food_Wastage.png,Organic,train,food_scraps,2,VALID
Recyclable/cans_all_type/02-zero-waste-plastic_3x4.jpg,/content/drive/MyDrive/Waste_Classification_FINAL/data/processed/stage4_standardized/Recyclable/cans_all_type/02-zero-waste-plastic_3x4.png,Recyclable,train,cans_all_type,3,VALID
Recyclable/glass_containers/my-borosil-storage-jars-1-2l-x-2-endura-airtight-glass-jar-set-of-2-1-2-l-30021285871754.jpg,/content/drive/MyDrive/Waste_Classification_FINAL/data/processed/stage4_standardized/Recyclable/glass_containers/my-borosil-storage-jars-1-2l-x-2-endura-airtight-glass-jar-set-of-2-1-2-l-30021285871754.png,Recyclable,train,glass_containers,3,VALID
Organic/food_scraps/Food-Wastage.jpg,/content/drive/MyDrive/Waste_Classification_FINAL/data/processed/stage4_standardized/Organic/food_scraps/Food-Wastage.png,Organic,train,food_scraps,2,VALID
Recyclable/cans_all_type/recycling-used-aluminum-cans-22651321.jpg,/content/drive/MyDrive/Waste_Classification_FINAL/data/processed/stage4_standardized/Recyclable/cans_all_type/recycling-used-aluminum-cans-22651321.png,Recyclable,train,cans_all_type,3,VALID
Recyclable/cans_all_type/haultail-What-is-the-effect-of-aluminum-beverage-cans-on-the-environment.jpg,/content/drive/MyDrive/Waste_Classification_FINAL/data/processed/stage4_standardized/Recyclable/cans_all_type/haultail-What-is-the-effect-of-aluminum-beverage-cans-on-the-environment.png,Recyclable,train,cans_all_type,3,VALID
Hazardous/batteries/battery_sizing.jpg,/content/drive/MyDrive/Waste_Classification_FINAL/data/processed/stage4_standardized/Hazardous/batteries/battery_sizing.png,Hazardous,train,batteries,0,VALID
Hazardous/e-waste/0.40042800_1555498967_e-waste2 - Copy.jpg,/content/drive/MyDrive/Waste_Classification_FINAL/data/processed/stage4_standardized/Hazardous/e-waste/0.40042800_1555498967_e-waste2 - Copy.png,Hazardous,train,e-waste,0,VALID
Hazardous/batteries/lithium-vs-alkaline-batteries.jpg,/content/drive/MyDrive/Waste_Classification_FINAL/data/processed/stage4_standardized/Hazardous/batteries/lithium-vs-alkaline-batteries.png,Hazardous,train,batteries,0,VALID
Recyclable/cans_all_type/imageedit_8_7934311890.jpg,/content/drive/MyDrive/Waste_Classification_FINAL/data/processed/stage4_standardized/Recyclable/cans_all_type/imageedit_8_7934311890.png,Recyclable,train,cans_all_type,3,VALID
Recyclable/glass_containers/recycled-crafts-decorating-glass-jars.jpg,/content/drive/MyDrive/Waste_Classification_FINAL/data/processed/stage4_standardized/Recyclable/glass_containers/recycled-crafts-decorating-glass-jars.png,Recyclable,train,glass_containers,3,VALID
Non-Recyclable/styrofoam_product/bbdcdabfab359104e5e0d6d62b2b1bb0-e1604602972745.jpg,/content/drive/MyDrive/Waste_Classification_FINAL/data/processed/stage4_standardized/Non-Recyclable/styrofoam_product/bbdcdabfab359104e5e0d6d62b2b1bb0-e1604602972745.png,Non-Recyclable,train,styrofoam_product,1,AUTO_CORRECTED
Non-Recyclable/ceramic_product/broken-bottles.jpg,/content/drive/MyDrive/Waste_Classification_FINAL/data/processed/stage4_standardized/Non-Recyclable/ceramic_product/broken-bottles.png,Non-Recyclable,train,ceramic_product,1,VALID
Organic/egg_shells/HowtoGrindEggshellsforPlants_f6ebf5dc8c7ff2ee2d9fb6778a9bf612_2000.jpg,/content/drive/MyDrive/Waste_Classification_FINAL/data/processed/stage4_standardized/Organic/egg_shells/HowtoGrindEggshellsforPlants_f6ebf5dc8c7ff2ee2d9fb6778a9bf612_2000.png,Organic,train,egg_shells,2,VALID
Organic/coffee_tea_bags/Woman-Cooking-Onions-478x308.jpg,/content/drive/MyDrive/Waste_Classification_FINAL/data/processed/stage4_standardized/Organic/coffee_tea_bags/Woman-Cooking-Onions-478x308.png,Organic,train,coffee_tea_bags,2,VALID
Recyclable/paper_products/waste-paper-products-in-cardboard-box-BJ8JDP.jpg,/content/drive/MyDrive/Waste_Classification_FINAL/data/processed/stage4_standardized/Recyclable/paper_products/waste-paper-products-in-cardboard-box-BJ8JDP.png,Recyclable,train,paper_products,3,VALID
Recyclable/cans_all_type/37-tin-can-crafts-1.jpg.jpg,/content/drive/MyDrive/Waste_Classification_FINAL/data/processed/stage4_standardized/Recyclable/cans_all_type/37-tin-can-crafts-1.jpg.png,Recyclable,train,cans_all_type,3,VALID
Organic/yard_trimmings/depositphotos_66088493-stock-photo-garbage-bags-on-green-yard.jpg,/content/drive/MyDrive/Waste_Classification_FINAL/data/processed/stage4_standardized/Organic/yard_trimmings/depositphotos_66088493-stock-photo-garbage-bags-on-green-yard.png,Organic,train,yard_trimmings,2,VALID
Hazardous/paints/HHW-1024x537.jpg,/content/drive/MyDrive/Waste_Classification_FINAL/data/processed/stage4_standardized/Hazardous/paints/HHW-1024x537.png,Hazardous,train,paints,0,VALID
Recyclable/cans_all_type/4-reasons-why-we-should-recycle-aluminium-cans.jpg,/content/drive/MyDrive/Waste_Classification_FINAL/data/processed/stage4_standardized/Recyclable/cans_all_type/4-reasons-why-we-should-recycle-aluminium-cans.png,Recyclable,train,cans_all_type,3,VALID
Non-Recyclable/plastics_bags_wrappers/maxresdefault3.jpg,/content/drive/MyDrive/Waste_Classification_FINAL/data/processed/stage4_standardized/Non-Recyclable/plastics_bags_wrappers/maxresdefault3.png,Non-Recyclable,train,plastics_bags_wrappers,1,AUTO_CORRECTED
Recyclable/cans_all_type/used-aluminum-cans-1510558761-3447499.jpg,/content/drive/MyDrive/Waste_Classification_FINAL/data/processed/stage4_standardized/Recyclable/cans_all_type/used-aluminum-cans-1510558761-3447499.png,Recyclable,train,cans_all_type,3,VALID
Organic/coffee_tea_bags/61N5Zw-CwkL._AC_UF10001000_QL80_.jpg,/content/drive/MyDrive/Waste_Classification_FINAL/data/processed/stage4_standardized/Organic/coffee_tea_bags/61N5Zw-CwkL._AC_UF10001000_QL80_.png,Organic,train,coffee_tea_bags,2,VALID
Recyclable/cans_all_type/51-Awesome-DIY-Tin-Can-Ideas-for-Garden2.jpg,/content/drive/MyDrive/Waste_Classification_FINAL/data/processed/stage4_standardized/Recyclable/cans_all_type/51-Awesome-DIY-Tin-Can-Ideas-for-Garden2.png,Recyclable,train,cans_all_type,3,VALID
Non-Recyclable/ceramic_product/turn-broken-ceramics-800x800.jpg,/content/drive/MyDrive/Waste_Classification_FINAL/data/processed/stage4_standardized/Non-Recyclable/ceramic_product/turn-broken-ceramics-800x800.png,Non-Recyclable,train,ceramic_product,1,VALID
Non-Recyclable/styrofoam_product/Untitled-1024-C397-768px-16-1200x900.jpg,/content/drive/MyDrive/Waste_Classification_FINAL/data/processed/stage4_standardized/Non-Recyclable/styrofoam_product/Untitled-1024-C397-768px-16-1200x900.png,Non-Recyclable,train,styrofoam_product,1,AUTO_CORRECTED
Recyclable/cans_all_type/healthy-canned-soups-amy-s-black-bean.jpg,/content/drive/MyDrive/Waste_Classification_FINAL/data/processed/stage4_standardized/Recyclable/cans_all_type/healthy-canned-soups-amy-s-black-bean.png,Recyclable,train,cans_all_type,3,VALID
Non-Recyclable/plastics_bags_wrappers/Most-Plastic-Bags-H2R-checkerboard-SDO-4.jpg,/content/drive/MyDrive/Waste_Classification_FINAL/data/processed/stage4_standardized/Non-Recyclable/plastics_bags_wrappers/Most-Plastic-Bags-H2R-checkerboard-SDO-4.png,Non-Recyclable,train,plastics_bags_wrappers,1,AUTO_CORRECTED
Hazardous/batteries/12209_2020_236_Fig1_HTML.jpg,/content/drive/MyDrive/Waste_Classification_FINAL/data/processed/stage4_standardized/Hazardous/batteries/12209_2020_236_Fig1_HTML.png,Hazardous,train,batteries,0,VALID
Hazardous/batteries/batteries20in20a20pile20WEEE.jpg,/content/drive/MyDrive/Waste_Classification_FINAL/data/processed/stage4_standardized/Hazardous/batteries/batteries20in20a20pile20WEEE.png,Hazardous,train,batteries,0,VALID
Hazardous/pesticides/PR-Draft1-1024x555.jpg,/content/drive/MyDrive/Waste_Classification_FINAL/data/processed/stage4_standardized/Hazardous/pesticides/PR-Draft1-1024x555.png,Hazardous,train,pesticides,0,VALID
Organic/kitchen_waste/78753608.jpg,/content/drive/MyDrive/Waste_Classification_FINAL/data/processed/stage4_standardized/Organic/kitchen_waste/78753608.png,Organic,train,kitchen_waste,2,VALID
Recyclable/cans_all_type/aluminum-cans-for-recycling.jpg,/content/drive/MyDrive/Waste_Classification_FINAL/data/processed/stage4_standardized/Recyclable/cans_all_type/aluminum-cans-for-recycling.png,Recyclable,train,cans_all_type,3,VALID
Recyclable/plastic_bottles/1.5.jpg,/content/drive/MyDrive/Waste_Classification_FINAL/data/processed/stage4_standardized/Recyclable/plastic_bottles/1.5.png,Recyclable,train,plastic_bottles,3,VALID
Recyclable/glass_containers/il_500x500.4386032401_rgev.jpg,/content/drive/MyDrive/Waste_Classification_FINAL/data/processed/stage4_standardized/Recyclable/glass_containers/il_500x500.4386032401_rgev.png,Recyclable,train,glass_containers,3,VALID
Non-Recyclable/diapers/3-Figure3-1.jpg,/content/drive/MyDrive/Waste_Classification_FINAL/data/processed/stage4_standardized/Non-Recyclable/diapers/3-Figure3-1.png,Non-Recyclable,train,diapers,1,VALID
Organic/egg_shells/ways-to-reuse-eggshells-1614120054.jpg,/content/drive/MyDrive/Waste_Classification_FINAL/data/processed/stage4_standardized/Organic/egg_shells/ways-to-reuse-eggshells-1614120054.png,Organic,train,egg_shells,2,VALID
Recyclable/plastic_bottles/d-water-drinks-in-bottles-plastic-beverage-bottles-icon-set-flat-icon-vector.jpg,/content/drive/MyDrive/Waste_Classification_FINAL/data/processed/stage4_standardized/Recyclable/plastic_bottles/d-water-drinks-in-bottles-plastic-beverage-bottles-icon-set-flat-icon-vector.png,Recyclable,train,plastic_bottles,3,VALID
Recyclable/cans_all_type/0-Intro-canned_foods.jpg,/content/drive/MyDrive/Waste_Classification_FINAL/data/processed/stage4_standardized/Recyclable/cans_all_type/0-Intro-canned_foods.png,Recyclable,train,cans_all_type,3,VALID
Recyclable/paper_products/Paper_bowl.jpg,/content/drive/MyDrive/Waste_Classification_FINAL/data/processed/stage4_standardized/Recyclable/paper_products/Paper_bowl.png,Recyclable,train,paper_products,3,VALID
Organic/egg_shells/robin-eggshells-e1531519300984.jpg,/content/drive/MyDrive/Waste_Classification_FINAL/data/processed/stage4_standardized/Organic/egg_shells/robin-eggshells-e1531519300984.png,Organic,train,egg_shells,2,VALID
Hazardous/e-waste/electronic-waste-ready-for-recycling-isolated-on-white-background-J769FF - Copy.jpg,/content/drive/MyDrive/Waste_Classification_FINAL/data/processed/stage4_standardized/Hazardous/e-waste/electronic-waste-ready-for-recycling-isolated-on-white-background-J769FF - Copy.png,Hazardous,train,e-waste,0,VALID
Non-Recyclable/plastics_bags_wrappers/_23I7370.jpg,/content/drive/MyDrive/Waste_Classification_FINAL/data/processed/stage4_standardized/Non-Recyclable/plastics_bags_wrappers/_23I7370.png,Non-Recyclable,train,plastics_bags_wrappers,1,AUTO_CORRECTED
Recyclable/glass_containers/pearl_green.jpg,/content/drive/MyDrive/Waste_Classification_FINAL/data/processed/stage4_standardized/Recyclable/glass_containers/pearl_green.png,Recyclable,train,glass_containers,3,VALID
Organic/coffee_tea_bags/il_570xN.2192109093_s5rf.jpg,/content/drive/MyDrive/Waste_Classification_FINAL/data/processed/stage4_standardized/Organic/coffee_tea_bags/il_570xN.2192109093_s5rf.png,Organic,train,coffee_tea_bags,2,VALID
Recyclable/glass_containers/48252.jpg,/content/drive/MyDrive/Waste_Classification_FINAL/data/processed/stage4_standardized/Recyclable/glass_containers/48252.png,Recyclable,train,glass_containers,3,VALID
Organic/coffee_tea_bags/S7e1e604f3d034f399a52858e8be639dfQ.jpg,/content/drive/MyDrive/Waste_Classification_FINAL/data/processed/stage4_standardized/Organic/coffee_tea_bags/S7e1e604f3d034f399a52858e8be639dfQ.png,Organic,train,coffee_tea_bags,2,VALID
Hazardous/batteries/Primary-battery-types.jpg,/content/drive/MyDrive/Waste_Classification_FINAL/data/processed/stage4_standardized/Hazardous/batteries/Primary-battery-types.png,Hazardous,train,batteries,0,VALID
Recyclable/plastic_bottles/pexels-photo-802221.jpg,/content/drive/MyDrive/Waste_Classification_FINAL/data/processed/stage4_standardized/Recyclable/plastic_bottles/pexels-photo-802221.png,Recyclable,train,plastic_bottles,3,VALID
Recyclable/plastic_bottles/zk2uCsZ0-plastic-bottles.jpg,/content/drive/MyDrive/Waste_Classification_FINAL/data/processed/stage4_standardized/Recyclable/plastic_bottles/zk2uCsZ0-plastic-bottles.png,Recyclable,train,plastic_bottles,3,VALID
Hazardous/pesticides/Pesticides-Food_1.jpg,/content/drive/MyDrive/Waste_Classification_FINAL/data/processed/stage4_standardized/Hazardous/pesticides/Pesticides-Food_1.png,Hazardous,train,pesticides,0,VALID
Hazardous/batteries/carbon-zinc-battery-vs-alkaline.jpg,/content/drive/MyDrive/Waste_Classification_FINAL/data/processed/stage4_standardized/Hazardous/batteries/carbon-zinc-battery-vs-alkaline.png,Hazardous,train,batteries,0,VALID
Non-Recyclable/plastics_bags_wrappers/03222022_recycling01_182011.jpg,/content/drive/MyDrive/Waste_Classification_FINAL/data/processed/stage4_standardized/Non-Recyclable/plastics_bags_wrappers/03222022_recycling01_182011.png,Non-Recyclable,train,plastics_bags_wrappers,1,AUTO_CORRECTED
Hazardous/paints/tubes.jpg,/content/drive/MyDrive/Waste_Classification_FINAL/data/processed/stage4_standardized/Hazardous/paints/tubes.png,Hazardous,train,paints,0,VALID
Recyclable/cans_all_type/image28.jpg,/content/drive/MyDrive/Waste_Classification_FINAL/data/processed/stage4_standardized/Recyclable/cans_all_type/image28.png,Recyclable,train,cans_all_type,3,VALID
Non-Recyclable/plastics_bags_wrappers/Why-Are-Plastic-Bags-Bad-for-The-Environment.jpg,/content/drive/MyDrive/Waste_Classification_FINAL/data/processed/stage4_standardized/Non-Recyclable/plastics_bags_wrappers/Why-Are-Plastic-Bags-Bad-for-The-Environment.png,Non-Recyclable,train,plastics_bags_wrappers,1,AUTO_CORRECTED
Recyclable/glass_containers/Webp.net-gifmaker.jpg,/content/drive/MyDrive/Waste_Classification_FINAL/data/processed/stage4_standardized/Recyclable/glass_containers/Webp.net-gifmaker.png,Recyclable,train,glass_containers,3,VALID
Organic/coffee_tea_bags/CCC-PDP-GrabBag-CoffeeAndTea--White_1400x.jpg,/content/drive/MyDrive/Waste_Classification_FINAL/data/processed/stage4_standardized/Organic/coffee_tea_bags/CCC-PDP-GrabBag-CoffeeAndTea--White_1400x.png,Organic,train,coffee_tea_bags,2,VALID
Organic/coffee_tea_bags/71RkAXGxqL._AC_UF10001000_QL80_.jpg,/content/drive/MyDrive/Waste_Classification_FINAL/data/processed/stage4_standardized/Organic/coffee_tea_bags/71RkAXGxqL._AC_UF10001000_QL80_.png,Organic,train,coffee_tea_bags,2,VALID
Recyclable/glass_containers/smetics-in-recycling-glass-bottle-jar-tube-for-skin-care-cleanser-2258699621.jpg,/content/drive/MyDrive/Waste_Classification_FINAL/data/processed/stage4_standardized/Recyclable/glass_containers/smetics-in-recycling-glass-bottle-jar-tube-for-skin-care-cleanser-2258699621.png,Recyclable,train,glass_containers,3,VALID
Hazardous/batteries/lithium-vs-alkaline-batteries-where-the-differences-and-which-is-better.jpg,/content/drive/MyDrive/Waste_Classification_FINAL/data/processed/stage4_standardized/Hazardous/batteries/lithium-vs-alkaline-batteries-where-the-differences-and-which-is-better.png,Hazardous,train,batteries,0,VALID
Organic/egg_shells/powder-ground-egg-shells-warm-water-used-as-calcium-supplement-popular-asia-india-119971114.jpg,/content/drive/MyDrive/Waste_Classification_FINAL/data/processed/stage4_standardized/Organic/egg_shells/powder-ground-egg-shells-warm-water-used-as-calcium-supplement-popular-asia-india-119971114.png,Organic,train,egg_shells,2,VALID
Hazardous/pesticides/hydro_new2.jpg,/content/drive/MyDrive/Waste_Classification_FINAL/data/processed/stage4_standardized/Hazardous/pesticides/hydro_new2.png,Hazardous,train,pesticides,0,VALID
Recyclable/cans_all_type/Experimental-treatments-soup-example.jpg,/content/drive/MyDrive/Waste_Classification_FINAL/data/processed/stage4_standardized/Recyclable/cans_all_type/Experimental-treatments-soup-example.png,Recyclable,train,cans_all_type,3,VALID
Recyclable/plastic_bottles/01_bottle_mm9070_190418_2400-2_16x9.jpg,/content/drive/MyDrive/Waste_Classification_FINAL/data/processed/stage4_standardized/Recyclable/plastic_bottles/01_bottle_mm9070_190418_2400-2_16x9.png,Recyclable,train,plastic_bottles,3,VALID
Hazardous/paints/uipment-for-Waste-Oil-Solvents-Sludge-Ash-Dust-Iron-Paint-Burning-Treatment.jpg,/content/drive/MyDrive/Waste_Classification_FINAL/data/processed/stage4_standardized/Hazardous/paints/uipment-for-Waste-Oil-Solvents-Sludge-Ash-Dust-Iron-Paint-Burning-Treatment.png,Hazardous,train,paints,0,VALID
Non-Recyclable/sanitary_napkin/007493272_2-ecb03bdf21bfddb1d6366f947f29352d.jpg,/content/drive/MyDrive/Waste_Classification_FINAL/data/processed/stage4_standardized/Non-Recyclable/sanitary_napkin/007493272_2-ecb03bdf21bfddb1d6366f947f29352d.png,Non-Recyclable,train,sanitary_napkin,1,VALID
Hazardous/paints/Solvent-Free-Web-1.jpg,/content/drive/MyDrive/Waste_Classification_FINAL/data/processed/stage4_standardized/Hazardous/paints/Solvent-Free-Web-1.png,Hazardous,train,paints,0,VALID
Organic/egg_shells/GettyImages-1288209464-e1680536099894.jpg,/content/drive/MyDrive/Waste_Classification_FINAL/data/processed/stage4_standardized/Organic/egg_shells/GettyImages-1288209464-e1680536099894.png,Organic,train,egg_shells,2,VALID
Hazardous/e-waste/1200px-Handy_schrott_mobile_phone_scrap - Copy.jpg,/content/drive/MyDrive/Waste_Classification_FINAL/data/processed/stage4_standardized/Hazardous/e-waste/1200px-Handy_schrott_mobile_phone_scrap - Copy.png,Hazardous,train,e-waste,0,VALID
Hazardous/e-waste/electronic-waste-hand-dropping-old-damaged-smartphone-bin-e-garbage-152109224 - Copy.jpg,/content/drive/MyDrive/Waste_Classification_FINAL/data/processed/stage4_standardized/Hazardous/e-waste/electronic-waste-hand-dropping-old-damaged-smartphone-bin-e-garbage-152109224 - Copy.png,Hazardous,train,e-waste,0,VALID
Non-Recyclable/ceramic_product/DsixVthXoAAJ_eE.jpg,/content/drive/MyDrive/Waste_Classification_FINAL/data/processed/stage4_standardized/Non-Recyclable/ceramic_product/DsixVthXoAAJ_eE.png,Non-Recyclable,train,ceramic_product,1,VALID
Recyclable/plastic_bottles/GettyImages-1250476314.jpg,/content/drive/MyDrive/Waste_Classification_FINAL/data/processed/stage4_standardized/Recyclable/plastic_bottles/GettyImages-1250476314.png,Recyclable,train,plastic_bottles,3,VALID
Hazardous/e-waste/e-waste3 - Copy.jpg,/content/drive/MyDrive/Waste_Classification_FINAL/data/processed/stage4_standardized/Hazardous/e-waste/e-waste3 - Copy.png,Hazardous,train,e-waste,0,VALID
Recyclable/cans_all_type/website2.0.jpg,/content/drive/MyDrive/Waste_Classification_FINAL/data/processed/stage4_standardized/Recyclable/cans_all_type/website2.0.png,Recyclable,train,cans_all_type,3,VALID
Recyclable/cans_all_type/pty-aluminum-cans-the-concept-of-processed-waste-background-texture-of-piles.jpg,/content/drive/MyDrive/Waste_Classification_FINAL/data/processed/stage4_standardized/Recyclable/cans_all_type/pty-aluminum-cans-the-concept-of-processed-waste-background-texture-of-piles.png,Recyclable,train,cans_all_type,3,VALID
Organic/coffee_tea_bags/71KmHGsjAQL._AC_UF10001000_QL80_.jpg,/content/drive/MyDrive/Waste_Classification_FINAL/data/processed/stage4_standardized/Organic/coffee_tea_bags/71KmHGsjAQL._AC_UF10001000_QL80_.png,Organic,train,coffee_tea_bags,2,VALID
Organic/egg_shells/5f421e3164a4ed8a454c7b20c1e3ebe5--eggshell-mosaic-tutorial-diy - Copy.jpg,/content/drive/MyDrive/Waste_Classification_FINAL/data/processed/stage4_standardized/Organic/egg_shells/5f421e3164a4ed8a454c7b20c1e3ebe5--eggshell-mosaic-tutorial-diy - Copy.png,Organic,train,egg_shells,2,VALID
Recyclable/cans_all_type/aluminium-cans-2-piece-for-beer-and-beverages-two-piece-beer-cans.jpg,/content/drive/MyDrive/Waste_Classification_FINAL/data/processed/stage4_standardized/Recyclable/cans_all_type/aluminium-cans-2-piece-for-beer-and-beverages-two-piece-beer-cans.png,Recyclable,train,cans_all_type,3,VALID
Hazardous/e-waste/-august-heap-of-broken-smartphone-screen-e-waste-electronic-waste-1100705909 - Copy.jpg,/content/drive/MyDrive/Waste_Classification_FINAL/data/processed/stage4_standardized/Hazardous/e-waste/-august-heap-of-broken-smartphone-screen-e-waste-electronic-waste-1100705909 - Copy.png,Hazardous,train,e-waste,0,VALID
Non-Recyclable/sanitary_napkin/71Dw-iUHm4L._AC_UF10001000_QL80_.jpg,/content/drive/MyDrive/Waste_Classification_FINAL/data/processed/stage4_standardized/Non-Recyclable/sanitary_napkin/71Dw-iUHm4L._AC_UF10001000_QL80_.png,Non-Recyclable,train,sanitary_napkin,1,VALID
Recyclable/plastic_bottles/210205135323-20210205-coca-cola-13-2-ounce.jpg,/content/drive/MyDrive/Waste_Classification_FINAL/data/processed/stage4_standardized/Recyclable/plastic_bottles/210205135323-20210205-coca-cola-13-2-ounce.png,Recyclable,train,plastic_bottles,3,VALID
Recyclable/cans_all_type/85674784.jpg,/content/drive/MyDrive/Waste_Classification_FINAL/data/processed/stage4_standardized/Recyclable/cans_all_type/85674784.png,Recyclable,train,cans_all_type,3,VALID
Hazardous/e-waste/Fluorescent-Bulbs-in-Trash-1-1024x683 - Copy.jpg,/content/drive/MyDrive/Waste_Classification_FINAL/data/processed/stage4_standardized/Hazardous/e-waste/Fluorescent-Bulbs-in-Trash-1-1024x683 - Copy.png,Hazardous,train,e-waste,0,VALID
Hazardous/batteries/van_dragt_102517_0032_how_to_choose_batteries.jpg,/content/drive/MyDrive/Waste_Classification_FINAL/data/processed/stage4_standardized/Hazardous/batteries/van_dragt_102517_0032_how_to_choose_batteries.png,Hazardous,train,batteries,0,VALID
Organic/kitchen_waste/growing-your-own-herbs.jpg,/content/drive/MyDrive/Waste_Classification_FINAL/data/processed/stage4_standardized/Organic/kitchen_waste/growing-your-own-herbs.png,Organic,train,kitchen_waste,2,VALID
Non-Recyclable/styrofoam_product/expanded-polystyrene.jpg,/content/drive/MyDrive/Waste_Classification_FINAL/data/processed/stage4_standardized/Non-Recyclable/styrofoam_product/expanded-polystyrene.png,Non-Recyclable,train,styrofoam_product,1,AUTO_CORRECTED
Recyclable/plastic_bottles/01_bottle_mm9070_190418_2400-2_2x3.jpg,/content/drive/MyDrive/Waste_Classification_FINAL/data/processed/stage4_standardized/Recyclable/plastic_bottles/01_bottle_mm9070_190418_2400-2_2x3.png,Recyclable,train,plastic_bottles,3,VALID
Organic/egg_shells/Engraved-ostrich-eggshell-fragment-Upper-Palaeolithic-Patne-India.jpg,/content/drive/MyDrive/Waste_Classification_FINAL/data/processed/stage4_standardized/Organic/egg_shells/Engraved-ostrich-eggshell-fragment-Upper-Palaeolithic-Patne-India.png,Organic,train,egg_shells,2,VALID
Non-Recyclable/diapers/7.jpg,/content/drive/MyDrive/Waste_Classification_FINAL/data/processed/stage4_standardized/Non-Recyclable/diapers/7.png,Non-Recyclable,train,diapers,1,VALID
Hazardous/pesticides/Screen-Shot-2018-05-16-at-7.33.54-PM.jpg,/content/drive/MyDrive/Waste_Classification_FINAL/data/processed/stage4_standardized/Hazardous/pesticides/Screen-Shot-2018-05-16-at-7.33.54-PM.png,Hazardous,train,pesticides,0,VALID
Hazardous/paints/paint-in-tin_iStock-1100x620px_copyright_janssenkruseproductions_1130426675_200917.jpg,/content/drive/MyDrive/Waste_Classification_FINAL/data/processed/stage4_standardized/Hazardous/paints/paint-in-tin_iStock-1100x620px_copyright_janssenkruseproductions_1130426675_200917.png,Hazardous,train,paints,0,VALID
Organic/food_scraps/IMG_8177-2B-25282-2529.jpg,/content/drive/MyDrive/Waste_Classification_FINAL/data/processed/stage4_standardized/Organic/food_scraps/IMG_8177-2B-25282-2529.png,Organic,train,food_scraps,2,VALID
Hazardous/e-waste/65481011 - Copy.jpg,/content/drive/MyDrive/Waste_Classification_FINAL/data/processed/stage4_standardized/Hazardous/e-waste/65481011 - Copy.png,Hazardous,train,e-waste,0,VALID
Recyclable/cans_all_type/recycling-symbol-waste-container-tin-can-png-favpng-ASUEjMd8dZew90LXEgfZTWLhh.jpg,/content/drive/MyDrive/Waste_Classification_FINAL/data/processed/stage4_standardized/Recyclable/cans_all_type/recycling-symbol-waste-container-tin-can-png-favpng-ASUEjMd8dZew90LXEgfZTWLhh.png,Recyclable,train,cans_all_type,3,VALID
Organic/kitchen_waste/foodwaste-683x1024.jpg,/content/drive/MyDrive/Waste_Classification_FINAL/data/processed/stage4_standardized/Organic/kitchen_waste/foodwaste-683x1024.png,Organic,train,kitchen_waste,2,VALID
Recyclable/glass_containers/il_570xN.3673597270_eliu.jpg,/content/drive/MyDrive/Waste_Classification_FINAL/data/processed/stage4_standardized/Recyclable/glass_containers/il_570xN.3673597270_eliu.png,Recyclable,train,glass_containers,3,VALID
Non-Recyclable/plastics_bags_wrappers/60c9935424774f7129485c04_1623823188876.jpg,/content/drive/MyDrive/Waste_Classification_FINAL/data/processed/stage4_standardized/Non-Recyclable/plastics_bags_wrappers/60c9935424774f7129485c04_1623823188876.png,Non-Recyclable,train,plastics_bags_wrappers,1,AUTO_CORRECTED
Recyclable/cans_all_type/500ml-blank-customized-drink-printed-aluminum-can-747.jpg,/content/drive/MyDrive/Waste_Classification_FINAL/data/processed/stage4_standardized/Recyclable/cans_all_type/500ml-blank-customized-drink-printed-aluminum-can-747.png,Recyclable,train,cans_all_type,3,VALID
Hazardous/pesticides/Pesticides-01.jpg,/content/drive/MyDrive/Waste_Classification_FINAL/data/processed/stage4_standardized/Hazardous/pesticides/Pesticides-01.png,Hazardous,train,pesticides,0,VALID
Hazardous/e-waste/BulbSchematic - Copy.jpg,/content/drive/MyDrive/Waste_Classification_FINAL/data/processed/stage4_standardized/Hazardous/e-waste/BulbSchematic - Copy.png,Hazardous,train,e-waste,0,VALID
Recyclable/paper_products/img_5e755845b44fd.jpg,/content/drive/MyDrive/Waste_Classification_FINAL/data/processed/stage4_standardized/Recyclable/paper_products/img_5e755845b44fd.png,Recyclable,train,paper_products,3,VALID
Organic/kitchen_waste/pit-composting-kitchen-scraps.jpg,/content/drive/MyDrive/Waste_Classification_FINAL/data/processed/stage4_standardized/Organic/kitchen_waste/pit-composting-kitchen-scraps.png,Organic,train,kitchen_waste,2,VALID
Non-Recyclable/sanitary_napkin/personal-care.jpg,/content/drive/MyDrive/Waste_Classification_FINAL/data/processed/stage4_standardized/Non-Recyclable/sanitary_napkin/personal-care.png,Non-Recyclable,train,sanitary_napkin,1,VALID
Organic/coffee_tea_bags/1000_F_303302310_FaotLOxeKozxXv11SZlhdiP30DhhTOIZ.jpg,/content/drive/MyDrive/Waste_Classification_FINAL/data/processed/stage4_standardized/Organic/coffee_tea_bags/1000_F_303302310_FaotLOxeKozxXv11SZlhdiP30DhhTOIZ.png,Organic,train,coffee_tea_bags,2,VALID
Organic/egg_shells/2020_04_lead_eggshells-on-table_shutterstock_201335783.jpg,/content/drive/MyDrive/Waste_Classification_FINAL/data/processed/stage4_standardized/Organic/egg_shells/2020_04_lead_eggshells-on-table_shutterstock_201335783.png,Organic,train,egg_shells,2,VALID
Hazardous/e-waste/E-Waste-Management-in-India-2016-Rules-Challenges-upsc-ias-essay3-e1559907374322 - Copy.jpg,/content/drive/MyDrive/Waste_Classification_FINAL/data/processed/stage4_standardized/Hazardous/e-waste/E-Waste-Management-in-India-2016-Rules-Challenges-upsc-ias-essay3-e1559907374322 - Copy.png,Hazardous,train,e-waste,0,VALID
Organic/food_scraps/3141b180-d58c-11ed-86ff-b93329756f4a.cf.jpg,/content/drive/MyDrive/Waste_Classification_FINAL/data/processed/stage4_standardized/Organic/food_scraps/3141b180-d58c-11ed-86ff-b93329756f4a.cf.png,Organic,train,food_scraps,2,VALID
Hazardous/batteries/bu-social.jpg,/content/drive/MyDrive/Waste_Classification_FINAL/data/processed/stage4_standardized/Hazardous/batteries/bu-social.png,Hazardous,train,batteries,0,VALID
Hazardous/e-waste/8085 - Copy.jpg,/content/drive/MyDrive/Waste_Classification_FINAL/data/processed/stage4_standardized/Hazardous/e-waste/8085 - Copy.png,Hazardous,train,e-waste,0,VALID
Recyclable/paper_products/-an-HSM-baling-press-expands-the-capacity-boundaries-at-Alber-GmbH.--520x293.jpg,/content/drive/MyDrive/Waste_Classification_FINAL/data/processed/stage4_standardized/Recyclable/paper_products/-an-HSM-baling-press-expands-the-capacity-boundaries-at-Alber-GmbH.--520x293.png,Recyclable,train,paper_products,3,VALID
Organic/egg_shells/BeachBag_IndiaInk_egg-DSC_2400-1200_800x.jpg,/content/drive/MyDrive/Waste_Classification_FINAL/data/processed/stage4_standardized/Organic/egg_shells/BeachBag_IndiaInk_egg-DSC_2400-1200_800x.png,Organic,train,egg_shells,2,VALID
Organic/yard_trimmings/garden-waste-Biogreen-640w.jpg,/content/drive/MyDrive/Waste_Classification_FINAL/data/processed/stage4_standardized/Organic/yard_trimmings/garden-waste-Biogreen-640w.png,Organic,train,yard_trimmings,2,VALID
Recyclable/glass_containers/glass-bottle-or-jar.jpg,/content/drive/MyDrive/Waste_Classification_FINAL/data/processed/stage4_standardized/Recyclable/glass_containers/glass-bottle-or-jar.png,Recyclable,train,glass_containers,3,VALID
Organic/egg_shells/Eggshells-scaled.jpg,/content/drive/MyDrive/Waste_Classification_FINAL/data/processed/stage4_standardized/Organic/egg_shells/Eggshells-scaled.png,Organic,train,egg_shells,2,VALID
Hazardous/pesticides/insecticidebnr.jpg,/content/drive/MyDrive/Waste_Classification_FINAL/data/processed/stage4_standardized/Hazardous/pesticides/insecticidebnr.png,Hazardous,train,pesticides,0,VALID
Organic/food_scraps/shutterstock_1194695191-scaled.jpg,/content/drive/MyDrive/Waste_Classification_FINAL/data/processed/stage4_standardized/Organic/food_scraps/shutterstock_1194695191-scaled.png,Organic,train,food_scraps,2,VALID
Organic/egg_shells/-of-the-indian-and-pacific-oceans-an-endangered-species-they-travel-t-M9AFPW.jpg,/content/drive/MyDrive/Waste_Classification_FINAL/data/processed/stage4_standardized/Organic/egg_shells/-of-the-indian-and-pacific-oceans-an-endangered-species-they-travel-t-M9AFPW.png,Organic,train,egg_shells,2,VALID
Non-Recyclable/ceramic_product/handmade-old-clay-pottery-ceramics-picture_csp21200013.jpg,/content/drive/MyDrive/Waste_Classification_FINAL/data/processed/stage4_standardized/Non-Recyclable/ceramic_product/handmade-old-clay-pottery-ceramics-picture_csp21200013.png,Non-Recyclable,train,ceramic_product,1,VALID
Recyclable/plastic_bottles/Screenshot-2021-11-01-at-22.49.21.jpg,/content/drive/MyDrive/Waste_Classification_FINAL/data/processed/stage4_standardized/Recyclable/plastic_bottles/Screenshot-2021-11-01-at-22.49.21.png,Recyclable,train,plastic_bottles,3,VALID
Hazardous/batteries/Eneloop_6420.jpg,/content/drive/MyDrive/Waste_Classification_FINAL/data/processed/stage4_standardized/Hazardous/batteries/Eneloop_6420.png,Hazardous,train,batteries,0,VALID
Hazardous/pesticides/hpm_0000_0001_0_img0148.jpg,/content/drive/MyDrive/Waste_Classification_FINAL/data/processed/stage4_standardized/Hazardous/pesticides/hpm_0000_0001_0_img0148.png,Hazardous,train,pesticides,0,VALID
Organic/food_scraps/img_156027_foodwasteindex2.jpg,/content/drive/MyDrive/Waste_Classification_FINAL/data/processed/stage4_standardized/Organic/food_scraps/img_156027_foodwasteindex2.png,Organic,train,food_scraps,2,VALID
Organic/yard_trimmings/ed-manicured-shaped-pruning-flooring-woody-plant-landscape-architect-1135582.jpg,/content/drive/MyDrive/Waste_Classification_FINAL/data/processed/stage4_standardized/Organic/yard_trimmings/ed-manicured-shaped-pruning-flooring-woody-plant-landscape-architect-1135582.png,Organic,train,yard_trimmings,2,VALID
Hazardous/e-waste/01-e-waste-millions-tons - Copy.jpg,/content/drive/MyDrive/Waste_Classification_FINAL/data/processed/stage4_standardized/Hazardous/e-waste/01-e-waste-millions-tons - Copy.png,Hazardous,train,e-waste,0,VALID
Hazardous/paints/various-used-paint-tins-ready-for-disposal-scaled.jpg,/content/drive/MyDrive/Waste_Classification_FINAL/data/processed/stage4_standardized/Hazardous/paints/various-used-paint-tins-ready-for-disposal-scaled.png,Hazardous,train,paints,0,VALID
Recyclable/glass_containers/61UB8QC4wL.jpg,/content/drive/MyDrive/Waste_Classification_FINAL/data/processed/stage4_standardized/Recyclable/glass_containers/61UB8QC4wL.png,Recyclable,train,glass_containers,3,VALID
Recyclable/cans_all_type/Canned-Foods.jpg,/content/drive/MyDrive/Waste_Classification_FINAL/data/processed/stage4_standardized/Recyclable/cans_all_type/Canned-Foods.png,Recyclable,train,cans_all_type,3,VALID
Non-Recyclable/plastics_bags_wrappers/singleuseplastic_660_091519033806.jpg,/content/drive/MyDrive/Waste_Classification_FINAL/data/processed/stage4_standardized/Non-Recyclable/plastics_bags_wrappers/singleuseplastic_660_091519033806.png,Non-Recyclable,train,plastics_bags_wrappers,1,AUTO_CORRECTED
Recyclable/plastic_bottles/plastic-bottles.jpg,/content/drive/MyDrive/Waste_Classification_FINAL/data/processed/stage4_standardized/Recyclable/plastic_bottles/plastic-bottles.png,Recyclable,train,plastic_bottles,3,VALID
Recyclable/glass_containers/Best-out-of-waste-ideas-to-decorate-your-home.jpg,/content/drive/MyDrive/Waste_Classification_FINAL/data/processed/stage4_standardized/Recyclable/glass_containers/Best-out-of-waste-ideas-to-decorate-your-home.png,Recyclable,train,glass_containers,3,VALID
Non-Recyclable/plastics_bags_wrappers/362561-plastic-waste.jpg,/content/drive/MyDrive/Waste_Classification_FINAL/data/processed/stage4_standardized/Non-Recyclable/plastics_bags_wrappers/362561-plastic-waste.png,Non-Recyclable,train,plastics_bags_wrappers,1,AUTO_CORRECTED
Non-Recyclable/sanitary_napkin/toilet-sign-allowed-throw-napkin-paper-pads-towel-in-waste-basket-2156580309.jpg,/content/drive/MyDrive/Waste_Classification_FINAL/data/processed/stage4_standardized/Non-Recyclable/sanitary_napkin/toilet-sign-allowed-throw-napkin-paper-pads-towel-in-waste-basket-2156580309.png,Non-Recyclable,train,sanitary_napkin,1,VALID
Recyclable/cans_all_type/4f38n5dj.jpg,/content/drive/MyDrive/Waste_Classification_FINAL/data/processed/stage4_standardized/Recyclable/cans_all_type/4f38n5dj.png,Recyclable,train,cans_all_type,3,VALID
Recyclable/plastic_bottles/plass.jpg,/content/drive/MyDrive/Waste_Classification_FINAL/data/processed/stage4_standardized/Recyclable/plastic_bottles/plass.png,Recyclable,train,plastic_bottles,3,VALID
Recyclable/cans_all_type/recycling-21075023.jpg,/content/drive/MyDrive/Waste_Classification_FINAL/data/processed/stage4_standardized/Recyclable/cans_all_type/recycling-21075023.png,Recyclable,train,cans_all_type,3,VALID
Non-Recyclable/plastics_bags_wrappers/facebook-gmb-posts-8.jpg,/content/drive/MyDrive/Waste_Classification_FINAL/data/processed/stage4_standardized/Non-Recyclable/plastics_bags_wrappers/facebook-gmb-posts-8.png,Non-Recyclable,train,plastics_bags_wrappers,1,AUTO_CORRECTED
Hazardous/paints/99-2.1800x1800.jpg,/content/drive/MyDrive/Waste_Classification_FINAL/data/processed/stage4_standardized/Hazardous/paints/99-2.1800x1800.png,Hazardous,train,paints,0,VALID
Recyclable/paper_products/corrugated-vs-cardboard.jpg,/content/drive/MyDrive/Waste_Classification_FINAL/data/processed/stage4_standardized/Recyclable/paper_products/corrugated-vs-cardboard.png,Recyclable,train,paper_products,3,VALID
Hazardous/e-waste/Dont-Trash-fluorescent-bulbs - Copy.jpg,/content/drive/MyDrive/Waste_Classification_FINAL/data/processed/stage4_standardized/Hazardous/e-waste/Dont-Trash-fluorescent-bulbs - Copy.png,Hazardous,train,e-waste,0,VALID
Organic/kitchen_waste/IF1902feature.jpg,/content/drive/MyDrive/Waste_Classification_FINAL/data/processed/stage4_standardized/Organic/kitchen_waste/IF1902feature.png,Organic,train,kitchen_waste,2,VALID
Organic/coffee_tea_bags/green-tea-for-weight-loss-8.jpg,/content/drive/MyDrive/Waste_Classification_FINAL/data/processed/stage4_standardized/Organic/coffee_tea_bags/green-tea-for-weight-loss-8.png,Organic,train,coffee_tea_bags,2,VALID
Non-Recyclable/diapers/40229261_4-pampers-active-baby-diapers-new-born.jpg,/content/drive/MyDrive/Waste_Classification_FINAL/data/processed/stage4_standardized/Non-Recyclable/diapers/40229261_4-pampers-active-baby-diapers-new-born.png,Non-Recyclable,train,diapers,1,VALID
Organic/yard_trimmings/81Qdib204pL._AC_UF8941000_QL80_.jpg,/content/drive/MyDrive/Waste_Classification_FINAL/data/processed/stage4_standardized/Organic/yard_trimmings/81Qdib204pL._AC_UF8941000_QL80_.png,Organic,train,yard_trimmings,2,VALID
Recyclable/cans_all_type/andy-warhol-campbells-soup-can-p6n2ahitn7by8xzm9ejbqveo3bossv8zcpihwi57pw.jpg,/content/drive/MyDrive/Waste_Classification_FINAL/data/processed/stage4_standardized/Recyclable/cans_all_type/andy-warhol-campbells-soup-can-p6n2ahitn7by8xzm9ejbqveo3bossv8zcpihwi57pw.png,Recyclable,train,cans_all_type,3,VALID
Organic/egg_shells/rbzywo5dfoy.jpg,/content/drive/MyDrive/Waste_Classification_FINAL/data/processed/stage4_standardized/Organic/egg_shells/rbzywo5dfoy.png,Organic,train,egg_shells,2,VALID
Organic/egg_shells/seedling-growth-in-eggshells.jpg,/content/drive/MyDrive/Waste_Classification_FINAL/data/processed/stage4_standardized/Organic/egg_shells/seedling-growth-in-eggshells.png,Organic,train,egg_shells,2,VALID
Hazardous/e-waste/02bulb-web2-1454343899851-superJumbo - Copy.jpg,/content/drive/MyDrive/Waste_Classification_FINAL/data/processed/stage4_standardized/Hazardous/e-waste/02bulb-web2-1454343899851-superJumbo - Copy.png,Hazardous,train,e-waste,0,VALID
Recyclable/plastic_bottles/empty-glass-soda-water-bottles-in-crate-anand-charotar-gujarat-india-ET0G95.jpg,/content/drive/MyDrive/Waste_Classification_FINAL/data/processed/stage4_standardized/Recyclable/plastic_bottles/empty-glass-soda-water-bottles-in-crate-anand-charotar-gujarat-india-ET0G95.png,Recyclable,train,plastic_bottles,3,VALID
Recyclable/cans_all_type/metal-tin-can-isolated-food-lying-its-side-composition-over-white-background-74439654.jpg,/content/drive/MyDrive/Waste_Classification_FINAL/data/processed/stage4_standardized/Recyclable/cans_all_type/metal-tin-can-isolated-food-lying-its-side-composition-over-white-background-74439654.png,Recyclable,train,cans_all_type,3,VALID
Hazardous/paints/INF6348-Hazardous-Waste-banner-855x380-4-v2__ResizedImageWzg5MCwzOTZd.jpg,/content/drive/MyDrive/Waste_Classification_FINAL/data/processed/stage4_standardized/Hazardous/paints/INF6348-Hazardous-Waste-banner-855x380-4-v2__ResizedImageWzg5MCwzOTZd.png,Hazardous,train,paints,0,VALID
Recyclable/glass_containers/MHC-C-072-06.jpg,/content/drive/MyDrive/Waste_Classification_FINAL/data/processed/stage4_standardized/Recyclable/glass_containers/MHC-C-072-06.png,Recyclable,train,glass_containers,3,VALID
Recyclable/glass_containers/tles-wooden-grating-laid-meadow-recycled-glass-containers-close-up-158084979.jpg,/content/drive/MyDrive/Waste_Classification_FINAL/data/processed/stage4_standardized/Recyclable/glass_containers/tles-wooden-grating-laid-meadow-recycled-glass-containers-close-up-158084979.png,Recyclable,train,glass_containers,3,VALID
Non-Recyclable/sanitary_napkin/Different-types-of-waste.jpg,/content/drive/MyDrive/Waste_Classification_FINAL/data/processed/stage4_standardized/Non-Recyclable/sanitary_napkin/Different-types-of-waste.png,Non-Recyclable,train,sanitary_napkin,1,VALID
Non-Recyclable/styrofoam_product/Image-by-RODNAY-Productions-Pexels-Canva-Pro.jpg,/content/drive/MyDrive/Waste_Classification_FINAL/data/processed/stage4_standardized/Non-Recyclable/styrofoam_product/Image-by-RODNAY-Productions-Pexels-Canva-Pro.png,Non-Recyclable,train,styrofoam_product,1,AUTO_CORRECTED
Hazardous/batteries/batteries-scaled.jpg,/content/drive/MyDrive/Waste_Classification_FINAL/data/processed/stage4_standardized/Hazardous/batteries/batteries-scaled.png,Hazardous,train,batteries,0,VALID
Organic/yard_trimmings/yard-waste-540x540.jpg,/content/drive/MyDrive/Waste_Classification_FINAL/data/processed/stage4_standardized/Organic/yard_trimmings/yard-waste-540x540.png,Organic,train,yard_trimmings,2,VALID
Organic/coffee_tea_bags/e0061fc43da23a9fd481dd16aa2bbdda.jpg,/content/drive/MyDrive/Waste_Classification_FINAL/data/processed/stage4_standardized/Organic/coffee_tea_bags/e0061fc43da23a9fd481dd16aa2bbdda.png,Organic,train,coffee_tea_bags,2,VALID
Non-Recyclable/diapers/Pampers-All-round-Protection-Pants-Large-Size-Baby-Diapers-42-Count.jpg,/content/drive/MyDrive/Waste_Classification_FINAL/data/processed/stage4_standardized/Non-Recyclable/diapers/Pampers-All-round-Protection-Pants-Large-Size-Baby-Diapers-42-Count.png,Non-Recyclable,train,diapers,1,VALID
Organic/yard_trimmings/Grass-clippings.jpg,/content/drive/MyDrive/Waste_Classification_FINAL/data/processed/stage4_standardized/Organic/yard_trimmings/Grass-clippings.png,Organic,train,yard_trimmings,2,VALID
Non-Recyclable/sanitary_napkin/GettyImages-1168730611_732x549-thumbnail.jpg,/content/drive/MyDrive/Waste_Classification_FINAL/data/processed/stage4_standardized/Non-Recyclable/sanitary_napkin/GettyImages-1168730611_732x549-thumbnail.png,Non-Recyclable,train,sanitary_napkin,1,VALID
Organic/yard_trimmings/adding_leaves_to_compost_bin.jpg,/content/drive/MyDrive/Waste_Classification_FINAL/data/processed/stage4_standardized/Organic/yard_trimmings/adding_leaves_to_compost_bin.png,Organic,train,yard_trimmings,2,VALID
Hazardous/e-waste/rcury-lamps-e-waste-environmental-pollution-crime-dirty-broken-old-128643963 - Copy.jpg,/content/drive/MyDrive/Waste_Classification_FINAL/data/processed/stage4_standardized/Hazardous/e-waste/rcury-lamps-e-waste-environmental-pollution-crime-dirty-broken-old-128643963 - Copy.png,Hazardous,train,e-waste,0,VALID
Organic/food_scraps/585639-indiafood-poverty.jpg,/content/drive/MyDrive/Waste_Classification_FINAL/data/processed/stage4_standardized/Organic/food_scraps/585639-indiafood-poverty.png,Organic,train,food_scraps,2,VALID
Recyclable/plastic_bottles/a-discarded-old-bottle-of-coca-cola-in-water-closeup-2F3417K.jpg,/content/drive/MyDrive/Waste_Classification_FINAL/data/processed/stage4_standardized/Recyclable/plastic_bottles/a-discarded-old-bottle-of-coca-cola-in-water-closeup-2F3417K.png,Recyclable,train,plastic_bottles,3,VALID
Recyclable/glass_containers/il_570xN.2449419144_cwa3.jpg,/content/drive/MyDrive/Waste_Classification_FINAL/data/processed/stage4_standardized/Recyclable/glass_containers/il_570xN.2449419144_cwa3.png,Recyclable,train,glass_containers,3,VALID
Organic/coffee_tea_bags/tea-vector-line-icons-contains-such-icons-as-cup-of-tea-teabags-coffee-beans.jpg,/content/drive/MyDrive/Waste_Classification_FINAL/data/processed/stage4_standardized/Organic/coffee_tea_bags/tea-vector-line-icons-contains-such-icons-as-cup-of-tea-teabags-coffee-beans.png,Organic,train,coffee_tea_bags,2,VALID
Hazardous/paints/Paint-Thinners.jpg,/content/drive/MyDrive/Waste_Classification_FINAL/data/processed/stage4_standardized/Hazardous/paints/Paint-Thinners.png,Hazardous,train,paints,0,VALID
Non-Recyclable/styrofoam_product/____whereyouare.co--1-.jpg,/content/drive/MyDrive/Waste_Classification_FINAL/data/processed/stage4_standardized/Non-Recyclable/styrofoam_product/____whereyouare.co--1-.png,Non-Recyclable,train,styrofoam_product,1,AUTO_CORRECTED
Recyclable/cans_all_type/aluminum-cans-p4bj2zq8ghz8sr6olvxa68f6em8uc1rra8lni6kazw-fbe6b699.jpg,/content/drive/MyDrive/Waste_Classification_FINAL/data/processed/stage4_standardized/Recyclable/cans_all_type/aluminum-cans-p4bj2zq8ghz8sr6olvxa68f6em8uc1rra8lni6kazw-fbe6b699.png,Recyclable,train,cans_all_type,3,VALID
Organic/coffee_tea_bags/Cool20facts20about20Tea2028629.jpg,/content/drive/MyDrive/Waste_Classification_FINAL/data/processed/stage4_standardized/Organic/coffee_tea_bags/Cool20facts20about20Tea2028629.png,Organic,train,coffee_tea_bags,2,VALID
Recyclable/cans_all_type/family-size-cans-display-supermarket-company-was-founded-now-sells-157288625.jpg,/content/drive/MyDrive/Waste_Classification_FINAL/data/processed/stage4_standardized/Recyclable/cans_all_type/family-size-cans-display-supermarket-company-was-founded-now-sells-157288625.png,Recyclable,train,cans_all_type,3,VALID
Hazardous/pesticides/ycling-facilities-farmers-are-resorting-to-burning-the-plastic-waste-2BR5N84.jpg,/content/drive/MyDrive/Waste_Classification_FINAL/data/processed/stage4_standardized/Hazardous/pesticides/ycling-facilities-farmers-are-resorting-to-burning-the-plastic-waste-2BR5N84.png,Hazardous,train,pesticides,0,VALID
Non-Recyclable/ceramic_product/ImageForNews_59851_16615112202202141.jpg,/content/drive/MyDrive/Waste_Classification_FINAL/data/processed/stage4_standardized/Non-Recyclable/ceramic_product/ImageForNews_59851_16615112202202141.png,Non-Recyclable,train,ceramic_product,1,VALID
Organic/coffee_tea_bags/ground-coffee-tea-bag-isolated-white-background-33941609.jpg,/content/drive/MyDrive/Waste_Classification_FINAL/data/processed/stage4_standardized/Organic/coffee_tea_bags/ground-coffee-tea-bag-isolated-white-background-33941609.png,Organic,train,coffee_tea_bags,2,VALID
Hazardous/e-waste/shutterstock_29134336 - Copy.jpg,/content/drive/MyDrive/Waste_Classification_FINAL/data/processed/stage4_standardized/Hazardous/e-waste/shutterstock_29134336 - Copy.png,Hazardous,train,e-waste,0,VALID
Organic/coffee_tea_bags/Dip-Bag-01-600x600.jpg,/content/drive/MyDrive/Waste_Classification_FINAL/data/processed/stage4_standardized/Organic/coffee_tea_bags/Dip-Bag-01-600x600.png,Organic,train,coffee_tea_bags,2,VALID
Recyclable/glass_containers/Screenshot2023-01-22at4.00.14PM.jpg,/content/drive/MyDrive/Waste_Classification_FINAL/data/processed/stage4_standardized/Recyclable/glass_containers/Screenshot2023-01-22at4.00.14PM.png,Recyclable,train,glass_containers,3,VALID
Non-Recyclable/diapers/pampers-new-baby-diaper-size-new-born-packet-of-24-6.1-1669709994.jpg,/content/drive/MyDrive/Waste_Classification_FINAL/data/processed/stage4_standardized/Non-Recyclable/diapers/pampers-new-baby-diaper-size-new-born-packet-of-24-6.1-1669709994.png,Non-Recyclable,train,diapers,1,VALID
Recyclable/cans_all_type/canned-food-fish-1200x628-facebook-1200x628.jpg,/content/drive/MyDrive/Waste_Classification_FINAL/data/processed/stage4_standardized/Recyclable/cans_all_type/canned-food-fish-1200x628-facebook-1200x628.png,Recyclable,train,cans_all_type,3,VALID
Non-Recyclable/styrofoam_product/FoldedTakeout_PSD_1.jpg,/content/drive/MyDrive/Waste_Classification_FINAL/data/processed/stage4_standardized/Non-Recyclable/styrofoam_product/FoldedTakeout_PSD_1.png,Non-Recyclable,train,styrofoam_product,1,AUTO_CORRECTED
Non-Recyclable/plastics_bags_wrappers/plastic-bags-scaled.jpg,/content/drive/MyDrive/Waste_Classification_FINAL/data/processed/stage4_standardized/Non-Recyclable/plastics_bags_wrappers/plastic-bags-scaled.png,Non-Recyclable,train,plastics_bags_wrappers,1,AUTO_CORRECTED
Hazardous/e-waste/r-illustrations-set-different-lightbulb-types-with-various-shapes-2035328045 - Copy.jpg,/content/drive/MyDrive/Waste_Classification_FINAL/data/processed/stage4_standardized/Hazardous/e-waste/r-illustrations-set-different-lightbulb-types-with-various-shapes-2035328045 - Copy.png,Hazardous,train,e-waste,0,VALID
Hazardous/paints/Orange-and-Lavender-group-1.jpg,/content/drive/MyDrive/Waste_Classification_FINAL/data/processed/stage4_standardized/Hazardous/paints/Orange-and-Lavender-group-1.png,Hazardous,train,paints,0,VALID
Recyclable/cans_all_type/tin-can-projects.jpg,/content/drive/MyDrive/Waste_Classification_FINAL/data/processed/stage4_standardized/Recyclable/cans_all_type/tin-can-projects.png,Recyclable,train,cans_all_type,3,VALID
Hazardous/e-waste/file-20210216-19-57bzc1 - Copy.jpg,/content/drive/MyDrive/Waste_Classification_FINAL/data/processed/stage4_standardized/Hazardous/e-waste/file-20210216-19-57bzc1 - Copy.png,Hazardous,train,e-waste,0,VALID
Recyclable/cans_all_type/utensil.jpg,/content/drive/MyDrive/Waste_Classification_FINAL/data/processed/stage4_standardized/Recyclable/cans_all_type/utensil.png,Recyclable,train,cans_all_type,3,VALID
Hazardous/pesticides/agriculture-12-00600-g001.jpg,/content/drive/MyDrive/Waste_Classification_FINAL/data/processed/stage4_standardized/Hazardous/pesticides/agriculture-12-00600-g001.png,Hazardous,train,pesticides,0,VALID
Recyclable/paper_products/paper-mailers1.jpg,/content/drive/MyDrive/Waste_Classification_FINAL/data/processed/stage4_standardized/Recyclable/paper_products/paper-mailers1.png,Recyclable,train,paper_products,3,VALID
Non-Recyclable/styrofoam_product/blog-takeout-header.jpg,/content/drive/MyDrive/Waste_Classification_FINAL/data/processed/stage4_standardized/Non-Recyclable/styrofoam_product/blog-takeout-header.png,Non-Recyclable,train,styrofoam_product,1,AUTO_CORRECTED
Non-Recyclable/diapers/IMG_20180626_083543.jpg,/content/drive/MyDrive/Waste_Classification_FINAL/data/processed/stage4_standardized/Non-Recyclable/diapers/IMG_20180626_083543.png,Non-Recyclable,train,diapers,1,VALID
Hazardous/paints/Composition-of-Solvent-borne-Paints.jpg,/content/drive/MyDrive/Waste_Classification_FINAL/data/processed/stage4_standardized/Hazardous/paints/Composition-of-Solvent-borne-Paints.png,Hazardous,train,paints,0,VALID
Non-Recyclable/plastics_bags_wrappers/wrapping-luggage-in-plastic-Cover.jpg,/content/drive/MyDrive/Waste_Classification_FINAL/data/processed/stage4_standardized/Non-Recyclable/plastics_bags_wrappers/wrapping-luggage-in-plastic-Cover.png,Non-Recyclable,train,plastics_bags_wrappers,1,AUTO_CORRECTED
Organic/yard_trimmings/rc_yard_waste_site.jpg,/content/drive/MyDrive/Waste_Classification_FINAL/data/processed/stage4_standardized/Organic/yard_trimmings/rc_yard_waste_site.png,Organic,train,yard_trimmings,2,VALID
Organic/food_scraps/rotten-7362269_1170x658.jpg,/content/drive/MyDrive/Waste_Classification_FINAL/data/processed/stage4_standardized/Organic/food_scraps/rotten-7362269_1170x658.png,Organic,train,food_scraps,2,VALID
Organic/yard_trimmings/pile-pruned-debris-shrub-trimmings-piled-neighborhood-sidewalk-yard-garden-trimmings-187559803.jpg,/content/drive/MyDrive/Waste_Classification_FINAL/data/processed/stage4_standardized/Organic/yard_trimmings/pile-pruned-debris-shrub-trimmings-piled-neighborhood-sidewalk-yard-garden-trimmings-187559803.png,Organic,train,yard_trimmings,2,VALID
Recyclable/paper_products/ted-on-white-background-newspapers-boxes-notebooks-hand-fan-paper-2317157379.jpg,/content/drive/MyDrive/Waste_Classification_FINAL/data/processed/stage4_standardized/Recyclable/paper_products/ted-on-white-background-newspapers-boxes-notebooks-hand-fan-paper-2317157379.png,Recyclable,train,paper_products,3,VALID
Recyclable/cans_all_type/sheet-alu-cans-garbage.jpg,/content/drive/MyDrive/Waste_Classification_FINAL/data/processed/stage4_standardized/Recyclable/cans_all_type/sheet-alu-cans-garbage.png,Recyclable,train,cans_all_type,3,VALID
Recyclable/paper_products/1610468941921.jpg,/content/drive/MyDrive/Waste_Classification_FINAL/data/processed/stage4_standardized/Recyclable/paper_products/1610468941921.png,Recyclable,train,paper_products,3,VALID
Non-Recyclable/ceramic_product/58314b65035fe8c7.jpg,/content/drive/MyDrive/Waste_Classification_FINAL/data/processed/stage4_standardized/Non-Recyclable/ceramic_product/58314b65035fe8c7.png,Non-Recyclable,train,ceramic_product,1,VALID
Non-Recyclable/diapers/37494-500x500.jpg,/content/drive/MyDrive/Waste_Classification_FINAL/data/processed/stage4_standardized/Non-Recyclable/diapers/37494-500x500.png,Non-Recyclable,train,diapers,1,VALID
Recyclable/cans_all_type/how-to-recycle-aluminum-cans.jpg,/content/drive/MyDrive/Waste_Classification_FINAL/data/processed/stage4_standardized/Recyclable/cans_all_type/how-to-recycle-aluminum-cans.png,Recyclable,train,cans_all_type,3,VALID
Non-Recyclable/styrofoam_product/styrofoam_waste_1050x700.jpg,/content/drive/MyDrive/Waste_Classification_FINAL/data/processed/stage4_standardized/Non-Recyclable/styrofoam_product/styrofoam_waste_1050x700.png,Non-Recyclable,train,styrofoam_product,1,AUTO_CORRECTED
Non-Recyclable/plastics_bags_wrappers/arkets-for-kitchen-waste-household-plastic-waste-single-use-plastics-2E25P3N.jpg,/content/drive/MyDrive/Waste_Classification_FINAL/data/processed/stage4_standardized/Non-Recyclable/plastics_bags_wrappers/arkets-for-kitchen-waste-household-plastic-waste-single-use-plastics-2E25P3N.png,Non-Recyclable,train,plastics_bags_wrappers,1,AUTO_CORRECTED
Hazardous/batteries/19.13.jpg,/content/drive/MyDrive/Waste_Classification_FINAL/data/processed/stage4_standardized/Hazardous/batteries/19.13.png,Hazardous,train,batteries,0,VALID
Hazardous/paints/IMG_1527-1024x668.jpg,/content/drive/MyDrive/Waste_Classification_FINAL/data/processed/stage4_standardized/Hazardous/paints/IMG_1527-1024x668.png,Hazardous,train,paints,0,VALID
Hazardous/e-waste/iPleaders-17 - Copy.jpg,/content/drive/MyDrive/Waste_Classification_FINAL/data/processed/stage4_standardized/Hazardous/e-waste/iPleaders-17 - Copy.png,Hazardous,train,e-waste,0,VALID
Recyclable/glass_containers/home-glass-packaging-material-1024x666.jpg,/content/drive/MyDrive/Waste_Classification_FINAL/data/processed/stage4_standardized/Recyclable/glass_containers/home-glass-packaging-material-1024x666.png,Recyclable,train,glass_containers,3,VALID
Non-Recyclable/plastics_bags_wrappers/social.jpg,/content/drive/MyDrive/Waste_Classification_FINAL/data/processed/stage4_standardized/Non-Recyclable/plastics_bags_wrappers/social.png,Non-Recyclable,train,plastics_bags_wrappers,1,AUTO_CORRECTED
Hazardous/batteries/1-s2.0-S0892687521004477-ga1.jpg,/content/drive/MyDrive/Waste_Classification_FINAL/data/processed/stage4_standardized/Hazardous/batteries/1-s2.0-S0892687521004477-ga1.png,Hazardous,train,batteries,0,VALID
Non-Recyclable/diapers/71iSOngBHsL._AC_UF10001000_QL80_.jpg,/content/drive/MyDrive/Waste_Classification_FINAL/data/processed/stage4_standardized/Non-Recyclable/diapers/71iSOngBHsL._AC_UF10001000_QL80_.png,Non-Recyclable,train,diapers,1,VALID
Recyclable/paper_products/Recycled_Paper_Towels_2_600x600.jpg,/content/drive/MyDrive/Waste_Classification_FINAL/data/processed/stage4_standardized/Recyclable/paper_products/Recycled_Paper_Towels_2_600x600.png,Recyclable,train,paper_products,3,VALID
Recyclable/cans_all_type/eaw-thailand-may-empty-recycling-close-up-view-waste-disposal-site-151705209.jpg,/content/drive/MyDrive/Waste_Classification_FINAL/data/processed/stage4_standardized/Recyclable/cans_all_type/eaw-thailand-may-empty-recycling-close-up-view-waste-disposal-site-151705209.png,Recyclable,train,cans_all_type,3,VALID
Organic/yard_trimmings/grass-mulch.jpg,/content/drive/MyDrive/Waste_Classification_FINAL/data/processed/stage4_standardized/Organic/yard_trimmings/grass-mulch.png,Organic,train,yard_trimmings,2,VALID
Organic/food_scraps/AdobeStock_539756104_e836ab76d05c8bfad90ac05325f1c4bf.jpg,/content/drive/MyDrive/Waste_Classification_FINAL/data/processed/stage4_standardized/Organic/food_scraps/AdobeStock_539756104_e836ab76d05c8bfad90ac05325f1c4bf.png,Organic,train,food_scraps,2,VALID
Organic/egg_shells/broken-eggs-eggshells-carton-mc-2x1-220718.jpg,/content/drive/MyDrive/Waste_Classification_FINAL/data/processed/stage4_standardized/Organic/egg_shells/broken-eggs-eggshells-carton-mc-2x1-220718.png,Organic,train,egg_shells,2,VALID
Hazardous/paints/Paint-Disposal-scaled.jpg,/content/drive/MyDrive/Waste_Classification_FINAL/data/processed/stage4_standardized/Hazardous/paints/Paint-Disposal-scaled.png,Hazardous,train,paints,0,VALID
Recyclable/glass_containers/maxresdefault3.jpg,/content/drive/MyDrive/Waste_Classification_FINAL/data/processed/stage4_standardized/Recyclable/glass_containers/maxresdefault3.png,Recyclable,train,glass_containers,3,VALID
Hazardous/pesticides/A-schematic-view-of-the-pesticide-cycle-in-an-ecosystem.jpg,/content/drive/MyDrive/Waste_Classification_FINAL/data/processed/stage4_standardized/Hazardous/pesticides/A-schematic-view-of-the-pesticide-cycle-in-an-ecosystem.png,Hazardous,train,pesticides,0,VALID
Non-Recyclable/plastics_bags_wrappers/Crisp-packets-800x450.jpg,/content/drive/MyDrive/Waste_Classification_FINAL/data/processed/stage4_standardized/Non-Recyclable/plastics_bags_wrappers/Crisp-packets-800x450.png,Non-Recyclable,train,plastics_bags_wrappers,1,AUTO_CORRECTED
Non-Recyclable/plastics_bags_wrappers/03222022_tzr_tzr_182048.jpg,/content/drive/MyDrive/Waste_Classification_FINAL/data/processed/stage4_standardized/Non-Recyclable/plastics_bags_wrappers/03222022_tzr_tzr_182048.png,Non-Recyclable,train,plastics_bags_wrappers,1,AUTO_CORRECTED
Hazardous/batteries/Types-of-Batteries-1.jpg,/content/drive/MyDrive/Waste_Classification_FINAL/data/processed/stage4_standardized/Hazardous/batteries/Types-of-Batteries-1.png,Hazardous,train,batteries,0,VALID
Non-Recyclable/plastics_bags_wrappers/62e7c92eab11b2a6d58c592e_Empty-candy-wrappers.jpg,/content/drive/MyDrive/Waste_Classification_FINAL/data/processed/stage4_standardized/Non-Recyclable/plastics_bags_wrappers/62e7c92eab11b2a6d58c592e_Empty-candy-wrappers.png,Non-Recyclable,train,plastics_bags_wrappers,1,AUTO_CORRECTED
Non-Recyclable/diapers/D_TopBanner_Catalog_IN.jpg,/content/drive/MyDrive/Waste_Classification_FINAL/data/processed/stage4_standardized/Non-Recyclable/diapers/D_TopBanner_Catalog_IN.png,Non-Recyclable,train,diapers,1,VALID
Hazardous/paints/CRL-new-header-pics-14-1024x384.jpg,/content/drive/MyDrive/Waste_Classification_FINAL/data/processed/stage4_standardized/Hazardous/paints/CRL-new-header-pics-14-1024x384.png,Hazardous,train,paints,0,VALID
Hazardous/paints/Cans-for-solvent-waste.jpg,/content/drive/MyDrive/Waste_Classification_FINAL/data/processed/stage4_standardized/Hazardous/paints/Cans-for-solvent-waste.png,Hazardous,train,paints,0,VALID
Hazardous/batteries/The_ultimate_comparative_analysis_of_carbon_zinc_battery_vs_alkaline_800x.jpg,/content/drive/MyDrive/Waste_Classification_FINAL/data/processed/stage4_standardized/Hazardous/batteries/The_ultimate_comparative_analysis_of_carbon_zinc_battery_vs_alkaline_800x.png,Hazardous,train,batteries,0,VALID
Non-Recyclable/plastics_bags_wrappers/LillianConnors_EasyWaystoRecyclePlasticBagsToday2.jpg,/content/drive/MyDrive/Waste_Classification_FINAL/data/processed/stage4_standardized/Non-Recyclable/plastics_bags_wrappers/LillianConnors_EasyWaystoRecyclePlasticBagsToday2.png,Non-Recyclable,train,plastics_bags_wrappers,1,AUTO_CORRECTED
Recyclable/cans_all_type/shutterstock_1059823553-scaled.jpg,/content/drive/MyDrive/Waste_Classification_FINAL/data/processed/stage4_standardized/Recyclable/cans_all_type/shutterstock_1059823553-scaled.png,Recyclable,train,cans_all_type,3,VALID
Hazardous/e-waste/sddefault - Copy.jpg,/content/drive/MyDrive/Waste_Classification_FINAL/data/processed/stage4_standardized/Hazardous/e-waste/sddefault - Copy.png,Hazardous,train,e-waste,0,VALID
Recyclable/glass_containers/b0c06540025-494V_1.jpg,/content/drive/MyDrive/Waste_Classification_FINAL/data/processed/stage4_standardized/Recyclable/glass_containers/b0c06540025-494V_1.png,Recyclable,train,glass_containers,3,VALID
Non-Recyclable/ceramic_product/tion-broken-glass-mosaic-broken-ceramic-tiles-as-crazy-background-for-paving.jpg,/content/drive/MyDrive/Waste_Classification_FINAL/data/processed/stage4_standardized/Non-Recyclable/ceramic_product/tion-broken-glass-mosaic-broken-ceramic-tiles-as-crazy-background-for-paving.png,Non-Recyclable,train,ceramic_product,1,VALID
Recyclable/paper_products/ade-from-recycled-paper-new-life-for-paper-examples-of-used-paper-1802026453.jpg,/content/drive/MyDrive/Waste_Classification_FINAL/data/processed/stage4_standardized/Recyclable/paper_products/ade-from-recycled-paper-new-life-for-paper-examples-of-used-paper-1802026453.png,Recyclable,train,paper_products,3,VALID
Hazardous/paints/household-hazardous-waste.jpg,/content/drive/MyDrive/Waste_Classification_FINAL/data/processed/stage4_standardized/Hazardous/paints/household-hazardous-waste.png,Hazardous,train,paints,0,VALID
Non-Recyclable/plastics_bags_wrappers/plastic_bags_are_killing_us.jpg,/content/drive/MyDrive/Waste_Classification_FINAL/data/processed/stage4_standardized/Non-Recyclable/plastics_bags_wrappers/plastic_bags_are_killing_us.png,Non-Recyclable,train,plastics_bags_wrappers,1,AUTO_CORRECTED
Non-Recyclable/styrofoam_product/3_5152_Original_Hot-Food-Packaging-for-Takeaway-Meals-and-Fast-Food_d07f42.jpg,/content/drive/MyDrive/Waste_Classification_FINAL/data/processed/stage4_standardized/Non-Recyclable/styrofoam_product/3_5152_Original_Hot-Food-Packaging-for-Takeaway-Meals-and-Fast-Food_d07f42.png,Non-Recyclable,train,styrofoam_product,1,AUTO_CORRECTED
Recyclable/plastic_bottles/aaede33392224d85fc52e77638a88bda.jpg,/content/drive/MyDrive/Waste_Classification_FINAL/data/processed/stage4_standardized/Recyclable/plastic_bottles/aaede33392224d85fc52e77638a88bda.png,Recyclable,train,plastic_bottles,3,VALID
Hazardous/e-waste/pile-o-light-bulbs-1024x683 - Copy.jpg,/content/drive/MyDrive/Waste_Classification_FINAL/data/processed/stage4_standardized/Hazardous/e-waste/pile-o-light-bulbs-1024x683 - Copy.png,Hazardous,train,e-waste,0,VALID
Hazardous/e-waste/file-20200709-58-1grgzv5 - Copy.jpg,/content/drive/MyDrive/Waste_Classification_FINAL/data/processed/stage4_standardized/Hazardous/e-waste/file-20200709-58-1grgzv5 - Copy.png,Hazardous,train,e-waste,0,VALID
Hazardous/e-waste/electronic-waste-e-waste - Copy.jpg,/content/drive/MyDrive/Waste_Classification_FINAL/data/processed/stage4_standardized/Hazardous/e-waste/electronic-waste-e-waste - Copy.png,Hazardous,train,e-waste,0,VALID
Hazardous/batteries/photo_news_lithium_batteries_1100x500_NEW.jpg,/content/drive/MyDrive/Waste_Classification_FINAL/data/processed/stage4_standardized/Hazardous/batteries/photo_news_lithium_batteries_1100x500_NEW.png,Hazardous,train,batteries,0,VALID
Organic/yard_trimmings/yard-clippings-heaped-in-wheelbarrow-BJCHJC.jpg,/content/drive/MyDrive/Waste_Classification_FINAL/data/processed/stage4_standardized/Organic/yard_trimmings/yard-clippings-heaped-in-wheelbarrow-BJCHJC.png,Organic,train,yard_trimmings,2,VALID
Organic/food_scraps/iStock-1310811753.jpg,/content/drive/MyDrive/Waste_Classification_FINAL/data/processed/stage4_standardized/Organic/food_scraps/iStock-1310811753.png,Organic,train,food_scraps,2,VALID
Organic/kitchen_waste/archives-ewaste-one_one.jpg,/content/drive/MyDrive/Waste_Classification_FINAL/data/processed/stage4_standardized/Organic/kitchen_waste/archives-ewaste-one_one.png,Organic,train,kitchen_waste,2,VALID
Non-Recyclable/ceramic_product/kintsugi-hero.jpg,/content/drive/MyDrive/Waste_Classification_FINAL/data/processed/stage4_standardized/Non-Recyclable/ceramic_product/kintsugi-hero.png,Non-Recyclable,train,ceramic_product,1,VALID
Non-Recyclable/diapers/IMG_9257.jpg,/content/drive/MyDrive/Waste_Classification_FINAL/data/processed/stage4_standardized/Non-Recyclable/diapers/IMG_9257.png,Non-Recyclable,train,diapers,1,VALID
Non-Recyclable/plastics_bags_wrappers/upcycling-amita-deshpande.jpg,/content/drive/MyDrive/Waste_Classification_FINAL/data/processed/stage4_standardized/Non-Recyclable/plastics_bags_wrappers/upcycling-amita-deshpande.png,Non-Recyclable,train,plastics_bags_wrappers,1,AUTO_CORRECTED
Organic/coffee_tea_bags/-to-dark-roasted-250-gm-product-images-orvj9xukmzh-p594973306-0-202211022012.jpg,/content/drive/MyDrive/Waste_Classification_FINAL/data/processed/stage4_standardized/Organic/coffee_tea_bags/-to-dark-roasted-250-gm-product-images-orvj9xukmzh-p594973306-0-202211022012.png,Organic,train,coffee_tea_bags,2,VALID
Organic/kitchen_waste/Comparison-of-the-food-waste-estimated-using-the-MFA-approach-for-different-food-groups.jpg,/content/drive/MyDrive/Waste_Classification_FINAL/data/processed/stage4_standardized/Organic/kitchen_waste/Comparison-of-the-food-waste-estimated-using-the-MFA-approach-for-different-food-groups.png,Organic,train,kitchen_waste,2,VALID
Organic/yard_trimmings/curb-it-recycling-st-johns-newfoundland-yard-waste.jpg,/content/drive/MyDrive/Waste_Classification_FINAL/data/processed/stage4_standardized/Organic/yard_trimmings/curb-it-recycling-st-johns-newfoundland-yard-waste.png,Organic,train,yard_trimmings,2,VALID
Recyclable/plastic_bottles/soda-plastic-bottle-21860919.jpg,/content/drive/MyDrive/Waste_Classification_FINAL/data/processed/stage4_standardized/Recyclable/plastic_bottles/soda-plastic-bottle-21860919.png,Recyclable,train,plastic_bottles,3,VALID
Organic/kitchen_waste/81bpgkUi5qL._AC_UF8941000_QL80_.jpg,/content/drive/MyDrive/Waste_Classification_FINAL/data/processed/stage4_standardized/Organic/kitchen_waste/81bpgkUi5qL._AC_UF8941000_QL80_.png,Organic,train,kitchen_waste,2,VALID
Organic/yard_trimmings/Compost-bin.shutterstock_156179246.jpg,/content/drive/MyDrive/Waste_Classification_FINAL/data/processed/stage4_standardized/Organic/yard_trimmings/Compost-bin.shutterstock_156179246.png,Organic,train,yard_trimmings,2,VALID
Organic/kitchen_waste/waste20ryc.jpg,/content/drive/MyDrive/Waste_Classification_FINAL/data/processed/stage4_standardized/Organic/kitchen_waste/waste20ryc.png,Organic,train,kitchen_waste,2,VALID
Non-Recyclable/sanitary_napkin/DT_Banner.jpg,/content/drive/MyDrive/Waste_Classification_FINAL/data/processed/stage4_standardized/Non-Recyclable/sanitary_napkin/DT_Banner.png,Non-Recyclable,train,sanitary_napkin,1,VALID
Non-Recyclable/plastics_bags_wrappers/Plastic-carrier-bags.jpg,/content/drive/MyDrive/Waste_Classification_FINAL/data/processed/stage4_standardized/Non-Recyclable/plastics_bags_wrappers/Plastic-carrier-bags.png,Non-Recyclable,train,plastics_bags_wrappers,1,AUTO_CORRECTED
Recyclable/cans_all_type/Tin-Can-Crafts_Vertical_v1.jpg.jpg,/content/drive/MyDrive/Waste_Classification_FINAL/data/processed/stage4_standardized/Recyclable/cans_all_type/Tin-Can-Crafts_Vertical_v1.jpg.png,Recyclable,train,cans_all_type,3,VALID
Organic/food_scraps/sustainability-waste-reducing-food-loss-article-header-fw.jpg,/content/drive/MyDrive/Waste_Classification_FINAL/data/processed/stage4_standardized/Organic/food_scraps/sustainability-waste-reducing-food-loss-article-header-fw.png,Organic,train,food_scraps,2,VALID
Recyclable/paper_products/recyclablesbecome.jpg,/content/drive/MyDrive/Waste_Classification_FINAL/data/processed/stage4_standardized/Recyclable/paper_products/recyclablesbecome.png,Recyclable,train,paper_products,3,VALID
Recyclable/paper_products/51yELALi6L._SL500_.jpg,/content/drive/MyDrive/Waste_Classification_FINAL/data/processed/stage4_standardized/Recyclable/paper_products/51yELALi6L._SL500_.png,Recyclable,train,paper_products,3,VALID
Recyclable/plastic_bottles/veragepepsiplastic-bottlelogopromotion-throwbackmade-with-real-sugar-2J30PJ3.jpg,/content/drive/MyDrive/Waste_Classification_FINAL/data/processed/stage4_standardized/Recyclable/plastic_bottles/veragepepsiplastic-bottlelogopromotion-throwbackmade-with-real-sugar-2J30PJ3.png,Recyclable,train,plastic_bottles,3,VALID
Organic/egg_shells/broken-eggs-1711144_1920.jpg,/content/drive/MyDrive/Waste_Classification_FINAL/data/processed/stage4_standardized/Organic/egg_shells/broken-eggs-1711144_1920.png,Organic,train,egg_shells,2,VALID
Non-Recyclable/styrofoam_product/box-packed-with-styrofoam.jpg,/content/drive/MyDrive/Waste_Classification_FINAL/data/processed/stage4_standardized/Non-Recyclable/styrofoam_product/box-packed-with-styrofoam.png,Non-Recyclable,train,styrofoam_product,1,AUTO_CORRECTED
Recyclable/cans_all_type/pixnio-198357.jpg,/content/drive/MyDrive/Waste_Classification_FINAL/data/processed/stage4_standardized/Recyclable/cans_all_type/pixnio-198357.png,Recyclable,train,cans_all_type,3,VALID
Non-Recyclable/ceramic_product/Brock3-1080x810.jpg,/content/drive/MyDrive/Waste_Classification_FINAL/data/processed/stage4_standardized/Non-Recyclable/ceramic_product/Brock3-1080x810.png,Non-Recyclable,train,ceramic_product,1,VALID
Organic/egg_shells/eggshells-.jpg,/content/drive/MyDrive/Waste_Classification_FINAL/data/processed/stage4_standardized/Organic/egg_shells/eggshells-.png,Organic,train,egg_shells,2,VALID
Organic/coffee_tea_bags/81T4CniZrgL._AC_UF10001000_QL80_.jpg,/content/drive/MyDrive/Waste_Classification_FINAL/data/processed/stage4_standardized/Organic/coffee_tea_bags/81T4CniZrgL._AC_UF10001000_QL80_.png,Organic,train,coffee_tea_bags,2,VALID
Non-Recyclable/styrofoam_product/sfe_zw_slider_styrofoam.jpg,/content/drive/MyDrive/Waste_Classification_FINAL/data/processed/stage4_standardized/Non-Recyclable/styrofoam_product/sfe_zw_slider_styrofoam.png,Non-Recyclable,train,styrofoam_product,1,AUTO_CORRECTED
Organic/yard_trimmings/stock-photo-wheelbarrow-full-with-garden-weeds-and-tools-in-a-garden-399197368.jpg,/content/drive/MyDrive/Waste_Classification_FINAL/data/processed/stage4_standardized/Organic/yard_trimmings/stock-photo-wheelbarrow-full-with-garden-weeds-and-tools-in-a-garden-399197368.png,Organic,train,yard_trimmings,2,VALID
Hazardous/pesticides/using-pesticides-and-insecticides-protected-with-mask-and-special-1424346491.jpg,/content/drive/MyDrive/Waste_Classification_FINAL/data/processed/stage4_standardized/Hazardous/pesticides/using-pesticides-and-insecticides-protected-with-mask-and-special-1424346491.png,Hazardous,train,pesticides,0,VALID
Recyclable/paper_products/18772787060_a6b88b52cb_z.jpg,/content/drive/MyDrive/Waste_Classification_FINAL/data/processed/stage4_standardized/Recyclable/paper_products/18772787060_a6b88b52cb_z.png,Recyclable,train,paper_products,3,VALID
Hazardous/batteries/know-what-type-of-battery-to-use-in-equipment2.jpg,/content/drive/MyDrive/Waste_Classification_FINAL/data/processed/stage4_standardized/Hazardous/batteries/know-what-type-of-battery-to-use-in-equipment2.png,Hazardous,train,batteries,0,VALID
Hazardous/e-waste/uter-gold-as-ingredient-motherboards-e-waste-problem-environmental-279793363 - Copy.jpg,/content/drive/MyDrive/Waste_Classification_FINAL/data/processed/stage4_standardized/Hazardous/e-waste/uter-gold-as-ingredient-motherboards-e-waste-problem-environmental-279793363 - Copy.png,Hazardous,train,e-waste,0,VALID
Recyclable/cans_all_type/sz3rxrno.jpg,/content/drive/MyDrive/Waste_Classification_FINAL/data/processed/stage4_standardized/Recyclable/cans_all_type/sz3rxrno.png,Recyclable,train,cans_all_type,3,VALID
Non-Recyclable/plastics_bags_wrappers/IMG_1648.JPG.jpg,/content/drive/MyDrive/Waste_Classification_FINAL/data/processed/stage4_standardized/Non-Recyclable/plastics_bags_wrappers/IMG_1648.JPG.png,Non-Recyclable,train,plastics_bags_wrappers,1,AUTO_CORRECTED
Recyclable/glass_containers/tles-wooden-grating-laid-meadow-recycled-glass-containers-close-up-158084825.jpg,/content/drive/MyDrive/Waste_Classification_FINAL/data/processed/stage4_standardized/Recyclable/glass_containers/tles-wooden-grating-laid-meadow-recycled-glass-containers-close-up-158084825.png,Recyclable,train,glass_containers,3,VALID
Hazardous/paints/Trex-6.jpg,/content/drive/MyDrive/Waste_Classification_FINAL/data/processed/stage4_standardized/Hazardous/paints/Trex-6.png,Hazardous,train,paints,0,VALID
Non-Recyclable/sanitary_napkin/List-of-bathroom-accessories-you-must-have-in-your-home-f.jpg,/content/drive/MyDrive/Waste_Classification_FINAL/data/processed/stage4_standardized/Non-Recyclable/sanitary_napkin/List-of-bathroom-accessories-you-must-have-in-your-home-f.png,Non-Recyclable,train,sanitary_napkin,1,VALID
Non-Recyclable/styrofoam_product/Packaging_waste_v4.jpg,/content/drive/MyDrive/Waste_Classification_FINAL/data/processed/stage4_standardized/Non-Recyclable/styrofoam_product/Packaging_waste_v4.png,Non-Recyclable,train,styrofoam_product,1,AUTO_CORRECTED
Hazardous/e-waste/ectric-lighting-types-incandescent-light-bulb-halogen-lamp-cfl-and-573739525 - Copy.jpg,/content/drive/MyDrive/Waste_Classification_FINAL/data/processed/stage4_standardized/Hazardous/e-waste/ectric-lighting-types-incandescent-light-bulb-halogen-lamp-cfl-and-573739525 - Copy.png,Hazardous,train,e-waste,0,VALID
Recyclable/cans_all_type/24957061-a-load-of-aluminum-cans-to-be-compressed-and-baled-for-recycling-in-the-us.jpg,/content/drive/MyDrive/Waste_Classification_FINAL/data/processed/stage4_standardized/Recyclable/cans_all_type/24957061-a-load-of-aluminum-cans-to-be-compressed-and-baled-for-recycling-in-the-us.png,Recyclable,train,cans_all_type,3,VALID
Hazardous/paints/o-PAINTING-570.jpg,/content/drive/MyDrive/Waste_Classification_FINAL/data/processed/stage4_standardized/Hazardous/paints/o-PAINTING-570.png,Hazardous,train,paints,0,VALID
Hazardous/paints/Untitled_design_51.jpg,/content/drive/MyDrive/Waste_Classification_FINAL/data/processed/stage4_standardized/Hazardous/paints/Untitled_design_51.png,Hazardous,train,paints,0,VALID
Recyclable/glass_containers/30-ml-Lug-Cap-Glass-Jars.jpg,/content/drive/MyDrive/Waste_Classification_FINAL/data/processed/stage4_standardized/Recyclable/glass_containers/30-ml-Lug-Cap-Glass-Jars.png,Recyclable,train,glass_containers,3,VALID
Non-Recyclable/ceramic_product/_118448907_154c85b8-47e0-4a98-8dd6-37e588315d9d.jpg,/content/drive/MyDrive/Waste_Classification_FINAL/data/processed/stage4_standardized/Non-Recyclable/ceramic_product/_118448907_154c85b8-47e0-4a98-8dd6-37e588315d9d.png,Non-Recyclable,train,ceramic_product,1,VALID
Organic/kitchen_waste/ImageForArticle_1068_15838554769721277.jpg,/content/drive/MyDrive/Waste_Classification_FINAL/data/processed/stage4_standardized/Organic/kitchen_waste/ImageForArticle_1068_15838554769721277.png,Organic,train,kitchen_waste,2,VALID
Organic/coffee_tea_bags/TRYOURFLAVOURSslides_0_1badd587-e728-4880-af9d-0751df69b9f4_1500x.jpg,/content/drive/MyDrive/Waste_Classification_FINAL/data/processed/stage4_standardized/Organic/coffee_tea_bags/TRYOURFLAVOURSslides_0_1badd587-e728-4880-af9d-0751df69b9f4_1500x.png,Organic,train,coffee_tea_bags,2,VALID
Hazardous/e-waste/what_are_cfl_bulbs_and_where_should_they_be_used - Copy.jpg,/content/drive/MyDrive/Waste_Classification_FINAL/data/processed/stage4_standardized/Hazardous/e-waste/what_are_cfl_bulbs_and_where_should_they_be_used - Copy.png,Hazardous,train,e-waste,0,VALID
Recyclable/paper_products/waste-paper-products-carboard-box-13515875.jpg,/content/drive/MyDrive/Waste_Classification_FINAL/data/processed/stage4_standardized/Recyclable/paper_products/waste-paper-products-carboard-box-13515875.png,Recyclable,train,paper_products,3,VALID
Recyclable/cans_all_type/aluminium-cans-middle-east.jpg,/content/drive/MyDrive/Waste_Classification_FINAL/data/processed/stage4_standardized/Recyclable/cans_all_type/aluminium-cans-middle-east.png,Recyclable,train,cans_all_type,3,VALID
Non-Recyclable/styrofoam_product/four-types-of-packaging-materials-used-in-the-food-industry.jpg,/content/drive/MyDrive/Waste_Classification_FINAL/data/processed/stage4_standardized/Non-Recyclable/styrofoam_product/four-types-of-packaging-materials-used-in-the-food-industry.png,Non-Recyclable,train,styrofoam_product,1,AUTO_CORRECTED
Non-Recyclable/diapers/three-nappies-2METKC6.jpg,/content/drive/MyDrive/Waste_Classification_FINAL/data/processed/stage4_standardized/Non-Recyclable/diapers/three-nappies-2METKC6.png,Non-Recyclable,train,diapers,1,VALID
Recyclable/plastic_bottles/roud-empty-plastic-soda-bottle-groud-garbage-pollution-environment-177143555.jpg,/content/drive/MyDrive/Waste_Classification_FINAL/data/processed/stage4_standardized/Recyclable/plastic_bottles/roud-empty-plastic-soda-bottle-groud-garbage-pollution-environment-177143555.png,Recyclable,train,plastic_bottles,3,VALID
Organic/kitchen_waste/anina-green-queen.jpg,/content/drive/MyDrive/Waste_Classification_FINAL/data/processed/stage4_standardized/Organic/kitchen_waste/anina-green-queen.png,Organic,train,kitchen_waste,2,VALID
Organic/food_scraps/Are_landfills_in_India_overloaded_from_Food_wastes.jpg,/content/drive/MyDrive/Waste_Classification_FINAL/data/processed/stage4_standardized/Organic/food_scraps/Are_landfills_in_India_overloaded_from_Food_wastes.png,Organic,train,food_scraps,2,VALID
Organic/food_scraps/MIT-Food-Scraps.jpg,/content/drive/MyDrive/Waste_Classification_FINAL/data/processed/stage4_standardized/Organic/food_scraps/MIT-Food-Scraps.png,Organic,train,food_scraps,2,VALID
Hazardous/paints/oil-painting-without-solvents.jpg,/content/drive/MyDrive/Waste_Classification_FINAL/data/processed/stage4_standardized/Hazardous/paints/oil-painting-without-solvents.png,Hazardous,train,paints,0,VALID
Organic/kitchen_waste/how-to-compost-at-home.jpg,/content/drive/MyDrive/Waste_Classification_FINAL/data/processed/stage4_standardized/Organic/kitchen_waste/how-to-compost-at-home.png,Organic,train,kitchen_waste,2,VALID
Hazardous/batteries/typical-lithium-ion-battery.jpg,/content/drive/MyDrive/Waste_Classification_FINAL/data/processed/stage4_standardized/Hazardous/batteries/typical-lithium-ion-battery.png,Hazardous,train,batteries,0,VALID
Organic/food_scraps/Eliminating-Food-Wastage-to-Eradicate-Hunger.jpg,/content/drive/MyDrive/Waste_Classification_FINAL/data/processed/stage4_standardized/Organic/food_scraps/Eliminating-Food-Wastage-to-Eradicate-Hunger.png,Organic,train,food_scraps,2,VALID
Non-Recyclable/plastics_bags_wrappers/85241232.jpg,/content/drive/MyDrive/Waste_Classification_FINAL/data/processed/stage4_standardized/Non-Recyclable/plastics_bags_wrappers/85241232.png,Non-Recyclable,train,plastics_bags_wrappers,1,AUTO_CORRECTED
Organic/egg_shells/1_872_600.jpg,/content/drive/MyDrive/Waste_Classification_FINAL/data/processed/stage4_standardized/Organic/egg_shells/1_872_600.png,Organic,train,egg_shells,2,VALID
Hazardous/pesticides/170313-un-pesticides.jpg,/content/drive/MyDrive/Waste_Classification_FINAL/data/processed/stage4_standardized/Hazardous/pesticides/170313-un-pesticides.png,Hazardous,train,pesticides,0,VALID
Non-Recyclable/diapers/RforRabbitFeatherDiaper_3_d996cd05-0cfb-491e-8c48-d1e98b80e296.jpg,/content/drive/MyDrive/Waste_Classification_FINAL/data/processed/stage4_standardized/Non-Recyclable/diapers/RforRabbitFeatherDiaper_3_d996cd05-0cfb-491e-8c48-d1e98b80e296.png,Non-Recyclable,train,diapers,1,VALID
Non-Recyclable/styrofoam_product/819KB-FEqfL._AC_UF10001000_QL80_.jpg,/content/drive/MyDrive/Waste_Classification_FINAL/data/processed/stage4_standardized/Non-Recyclable/styrofoam_product/819KB-FEqfL._AC_UF10001000_QL80_.png,Non-Recyclable,train,styrofoam_product,1,AUTO_CORRECTED
Hazardous/pesticides/suelo_746x419.jpg,/content/drive/MyDrive/Waste_Classification_FINAL/data/processed/stage4_standardized/Hazardous/pesticides/suelo_746x419.png,Hazardous,train,pesticides,0,VALID
Recyclable/glass_containers/GlassBottleCandles_LuisVillalobos_BuyNothingReston-700x400.jpg,/content/drive/MyDrive/Waste_Classification_FINAL/data/processed/stage4_standardized/Recyclable/glass_containers/GlassBottleCandles_LuisVillalobos_BuyNothingReston-700x400.png,Recyclable,train,glass_containers,3,VALID
Non-Recyclable/sanitary_napkin/Feminine-Hygiene-Market-Consumer-Choice.jpg,/content/drive/MyDrive/Waste_Classification_FINAL/data/processed/stage4_standardized/Non-Recyclable/sanitary_napkin/Feminine-Hygiene-Market-Consumer-Choice.png,Non-Recyclable,train,sanitary_napkin,1,VALID
Hazardous/batteries/Lithium20batttery20pic.jpg,/content/drive/MyDrive/Waste_Classification_FINAL/data/processed/stage4_standardized/Hazardous/batteries/Lithium20batttery20pic.png,Hazardous,train,batteries,0,VALID
Hazardous/e-waste/FluorescentBulbs - Copy.jpg,/content/drive/MyDrive/Waste_Classification_FINAL/data/processed/stage4_standardized/Hazardous/e-waste/FluorescentBulbs - Copy.png,Hazardous,train,e-waste,0,VALID
Recyclable/cans_all_type/aero-landing_0005_Full-can.jpg,/content/drive/MyDrive/Waste_Classification_FINAL/data/processed/stage4_standardized/Recyclable/cans_all_type/aero-landing_0005_Full-can.png,Recyclable,train,cans_all_type,3,VALID
Non-Recyclable/sanitary_napkin/menstrual-hygiene-products.jpg,/content/drive/MyDrive/Waste_Classification_FINAL/data/processed/stage4_standardized/Non-Recyclable/sanitary_napkin/menstrual-hygiene-products.png,Non-Recyclable,train,sanitary_napkin,1,VALID
Non-Recyclable/ceramic_product/Glass.jpg,/content/drive/MyDrive/Waste_Classification_FINAL/data/processed/stage4_standardized/Non-Recyclable/ceramic_product/Glass.png,Non-Recyclable,train,ceramic_product,1,VALID
Non-Recyclable/ceramic_product/71OXpnqqnYL._AC_UF10001000_QL80_.jpg,/content/drive/MyDrive/Waste_Classification_FINAL/data/processed/stage4_standardized/Non-Recyclable/ceramic_product/71OXpnqqnYL._AC_UF10001000_QL80_.png,Non-Recyclable,train,ceramic_product,1,VALID
Recyclable/cans_all_type/real.jpg,/content/drive/MyDrive/Waste_Classification_FINAL/data/processed/stage4_standardized/Recyclable/cans_all_type/real.png,Recyclable,train,cans_all_type,3,VALID
Recyclable/cans_all_type/New-RepBan_CannedFood_2007.jpg,/content/drive/MyDrive/Waste_Classification_FINAL/data/processed/stage4_standardized/Recyclable/cans_all_type/New-RepBan_CannedFood_2007.png,Recyclable,train,cans_all_type,3,VALID
Non-Recyclable/styrofoam_product/styrofoam-garbage1-1.jpg,/content/drive/MyDrive/Waste_Classification_FINAL/data/processed/stage4_standardized/Non-Recyclable/styrofoam_product/styrofoam-garbage1-1.png,Non-Recyclable,train,styrofoam_product,1,AUTO_CORRECTED
Non-Recyclable/diapers/huggies-diapers.jpg,/content/drive/MyDrive/Waste_Classification_FINAL/data/processed/stage4_standardized/Non-Recyclable/diapers/huggies-diapers.png,Non-Recyclable,train,diapers,1,VALID
Non-Recyclable/sanitary_napkin/what-methods-can-be-used-for-the-disposal-of-infectious-waste.jpg,/content/drive/MyDrive/Waste_Classification_FINAL/data/processed/stage4_standardized/Non-Recyclable/sanitary_napkin/what-methods-can-be-used-for-the-disposal-of-infectious-waste.png,Non-Recyclable,train,sanitary_napkin,1,VALID
Recyclable/plastic_bottles/stock-photo-bottle-empty-isolated-on-white-background-2132182071.jpg,/content/drive/MyDrive/Waste_Classification_FINAL/data/processed/stage4_standardized/Recyclable/plastic_bottles/stock-photo-bottle-empty-isolated-on-white-background-2132182071.png,Recyclable,train,plastic_bottles,3,VALID
Hazardous/paints/paints-1-39fk2i757nrqtbo10u9845vnea4dhzvgtaw3aajb7a97m9zv4.jpg,/content/drive/MyDrive/Waste_Classification_FINAL/data/processed/stage4_standardized/Hazardous/paints/paints-1-39fk2i757nrqtbo10u9845vnea4dhzvgtaw3aajb7a97m9zv4.png,Hazardous,train,paints,0,VALID
Hazardous/e-waste/ulbs-at-recycling-event-old-broken-and-burnt-light-bulbs-waits-to-1593279565 - Copy.jpg,/content/drive/MyDrive/Waste_Classification_FINAL/data/processed/stage4_standardized/Hazardous/e-waste/ulbs-at-recycling-event-old-broken-and-burnt-light-bulbs-waits-to-1593279565 - Copy.png,Hazardous,train,e-waste,0,VALID
Organic/food_scraps/stock-photo-organic-waste-food-and-home-waste-used-to-make-compost-619780853.jpg,/content/drive/MyDrive/Waste_Classification_FINAL/data/processed/stage4_standardized/Organic/food_scraps/stock-photo-organic-waste-food-and-home-waste-used-to-make-compost-619780853.png,Organic,train,food_scraps,2,VALID
Recyclable/paper_products/007490085_1-8e6d461c5712bdb1ad0c6f6948f82b11.jpg,/content/drive/MyDrive/Waste_Classification_FINAL/data/processed/stage4_standardized/Recyclable/paper_products/007490085_1-8e6d461c5712bdb1ad0c6f6948f82b11.png,Recyclable,train,paper_products,3,VALID
Organic/yard_trimmings/How-To-Dispose-of-Yard-Waste-9.jpg,/content/drive/MyDrive/Waste_Classification_FINAL/data/processed/stage4_standardized/Organic/yard_trimmings/How-To-Dispose-of-Yard-Waste-9.png,Organic,train,yard_trimmings,2,VALID
Hazardous/e-waste/image31 - Copy.jpg,/content/drive/MyDrive/Waste_Classification_FINAL/data/processed/stage4_standardized/Hazardous/e-waste/image31 - Copy.png,Hazardous,train,e-waste,0,VALID
Organic/kitchen_waste/compost-food-waste.jpg,/content/drive/MyDrive/Waste_Classification_FINAL/data/processed/stage4_standardized/Organic/kitchen_waste/compost-food-waste.png,Organic,train,kitchen_waste,2,VALID
Non-Recyclable/styrofoam_product/image32.jpg,/content/drive/MyDrive/Waste_Classification_FINAL/data/processed/stage4_standardized/Non-Recyclable/styrofoam_product/image32.png,Non-Recyclable,train,styrofoam_product,1,AUTO_CORRECTED
Hazardous/e-waste/Alabama_CurtisPalmer - Copy.jpg,/content/drive/MyDrive/Waste_Classification_FINAL/data/processed/stage4_standardized/Hazardous/e-waste/Alabama_CurtisPalmer - Copy.png,Hazardous,train,e-waste,0,VALID
Non-Recyclable/styrofoam_product/harmful-chemicals-food-packaging.jpg,/content/drive/MyDrive/Waste_Classification_FINAL/data/processed/stage4_standardized/Non-Recyclable/styrofoam_product/harmful-chemicals-food-packaging.png,Non-Recyclable,train,styrofoam_product,1,AUTO_CORRECTED
Recyclable/cans_all_type/596eff58-ab51-4fb7-a35b-94d5158d0ed9-cream-brocolli-soup.jpg,/content/drive/MyDrive/Waste_Classification_FINAL/data/processed/stage4_standardized/Recyclable/cans_all_type/596eff58-ab51-4fb7-a35b-94d5158d0ed9-cream-brocolli-soup.png,Recyclable,train,cans_all_type,3,VALID
Hazardous/paints/Mixed_Brand_Solvents_Atmos_3.jpg,/content/drive/MyDrive/Waste_Classification_FINAL/data/processed/stage4_standardized/Hazardous/paints/Mixed_Brand_Solvents_Atmos_3.png,Hazardous,train,paints,0,VALID
Recyclable/plastic_bottles/depositphotos_9379122-stock-photo-closeup-asssorted-soda-bottles.jpg,/content/drive/MyDrive/Waste_Classification_FINAL/data/processed/stage4_standardized/Recyclable/plastic_bottles/depositphotos_9379122-stock-photo-closeup-asssorted-soda-bottles.png,Recyclable,train,plastic_bottles,3,VALID
Organic/yard_trimmings/th-black-bag-of-grass-clippings-grass-cuttings-in-a-black-plastic-1558537151.jpg,/content/drive/MyDrive/Waste_Classification_FINAL/data/processed/stage4_standardized/Organic/yard_trimmings/th-black-bag-of-grass-clippings-grass-cuttings-in-a-black-plastic-1558537151.png,Organic,train,yard_trimmings,2,VALID
Recyclable/cans_all_type/aluminium-cans-278.jpg,/content/drive/MyDrive/Waste_Classification_FINAL/data/processed/stage4_standardized/Recyclable/cans_all_type/aluminium-cans-278.png,Recyclable,train,cans_all_type,3,VALID
Recyclable/cans_all_type/soup-can-generic-tin-copy-space-isolated-white-background-30738763.jpg,/content/drive/MyDrive/Waste_Classification_FINAL/data/processed/stage4_standardized/Recyclable/cans_all_type/soup-can-generic-tin-copy-space-isolated-white-background-30738763.png,Recyclable,train,cans_all_type,3,VALID
Non-Recyclable/plastics_bags_wrappers/lawn-in-a-park-concept-of-cleaning-up-and-respecting-the-environment-2J44BER.jpg,/content/drive/MyDrive/Waste_Classification_FINAL/data/processed/stage4_standardized/Non-Recyclable/plastics_bags_wrappers/lawn-in-a-park-concept-of-cleaning-up-and-respecting-the-environment-2J44BER.png,Non-Recyclable,train,plastics_bags_wrappers,1,AUTO_CORRECTED
Organic/food_scraps/Trashed_vegetables_in_Luxembourg.jpg,/content/drive/MyDrive/Waste_Classification_FINAL/data/processed/stage4_standardized/Organic/food_scraps/Trashed_vegetables_in_Luxembourg.png,Organic,train,food_scraps,2,VALID
Hazardous/pesticides/0.42889600_1581698919_59.jpg,/content/drive/MyDrive/Waste_Classification_FINAL/data/processed/stage4_standardized/Hazardous/pesticides/0.42889600_1581698919_59.png,Hazardous,train,pesticides,0,VALID
Hazardous/paints/Mineral-Spirits-vs.-Paint-Thinner-Mineral-Spirits-are-More-Effective.jpg,/content/drive/MyDrive/Waste_Classification_FINAL/data/processed/stage4_standardized/Hazardous/paints/Mineral-Spirits-vs.-Paint-Thinner-Mineral-Spirits-are-More-Effective.png,Hazardous,train,paints,0,VALID
Recyclable/glass_containers/korken-jar-with-lid-clear-glass__0713739_pe729738_s5.jpg,/content/drive/MyDrive/Waste_Classification_FINAL/data/processed/stage4_standardized/Recyclable/glass_containers/korken-jar-with-lid-clear-glass__0713739_pe729738_s5.png,Recyclable,train,glass_containers,3,VALID
Hazardous/e-waste/maxresdefault2 - Copy.jpg,/content/drive/MyDrive/Waste_Classification_FINAL/data/processed/stage4_standardized/Hazardous/e-waste/maxresdefault2 - Copy.png,Hazardous,train,e-waste,0,VALID
Non-Recyclable/diapers/20003932-2_4-pampers-baby-dry-small-11-diapers.jpg,/content/drive/MyDrive/Waste_Classification_FINAL/data/processed/stage4_standardized/Non-Recyclable/diapers/20003932-2_4-pampers-baby-dry-small-11-diapers.png,Non-Recyclable,train,diapers,1,VALID
Non-Recyclable/styrofoam_product/Designed4Trash_2.jpg,/content/drive/MyDrive/Waste_Classification_FINAL/data/processed/stage4_standardized/Non-Recyclable/styrofoam_product/Designed4Trash_2.png,Non-Recyclable,train,styrofoam_product,1,AUTO_CORRECTED
Organic/yard_trimmings/20a.jpg,/content/drive/MyDrive/Waste_Classification_FINAL/data/processed/stage4_standardized/Organic/yard_trimmings/20a.png,Organic,train,yard_trimmings,2,VALID
Hazardous/e-waste/Lights-Hero - Copy.jpg,/content/drive/MyDrive/Waste_Classification_FINAL/data/processed/stage4_standardized/Hazardous/e-waste/Lights-Hero - Copy.png,Hazardous,train,e-waste,0,VALID
Recyclable/glass_containers/Glass-Seed-Jars-Zero-Waste-Chef-1024x436.jpg,/content/drive/MyDrive/Waste_Classification_FINAL/data/processed/stage4_standardized/Recyclable/glass_containers/Glass-Seed-Jars-Zero-Waste-Chef-1024x436.png,Recyclable,train,glass_containers,3,VALID
Hazardous/paints/Flow-sheet-for-the-three-stage-paint-stripper-waste-treatment-process.jpg,/content/drive/MyDrive/Waste_Classification_FINAL/data/processed/stage4_standardized/Hazardous/paints/Flow-sheet-for-the-three-stage-paint-stripper-waste-treatment-process.png,Hazardous,train,paints,0,VALID
Hazardous/pesticides/Chemical-formulation.jpg,/content/drive/MyDrive/Waste_Classification_FINAL/data/processed/stage4_standardized/Hazardous/pesticides/Chemical-formulation.png,Hazardous,train,pesticides,0,VALID
Recyclable/paper_products/woman-sitting-on-the-floor-throwing-packing-material-in-the-air-ER92W8.jpg,/content/drive/MyDrive/Waste_Classification_FINAL/data/processed/stage4_standardized/Recyclable/paper_products/woman-sitting-on-the-floor-throwing-packing-material-in-the-air-ER92W8.png,Recyclable,train,paper_products,3,VALID
Recyclable/plastic_bottles/220728-coke-bottles-mjf-0712-f4d231.jpg,/content/drive/MyDrive/Waste_Classification_FINAL/data/processed/stage4_standardized/Recyclable/plastic_bottles/220728-coke-bottles-mjf-0712-f4d231.png,Recyclable,train,plastic_bottles,3,VALID
Hazardous/e-waste/recycle-old-phones-1617128956 - Copy.jpg,/content/drive/MyDrive/Waste_Classification_FINAL/data/processed/stage4_standardized/Hazardous/e-waste/recycle-old-phones-1617128956 - Copy.png,Hazardous,train,e-waste,0,VALID
Organic/yard_trimmings/yard-waste-removal_1.jpg,/content/drive/MyDrive/Waste_Classification_FINAL/data/processed/stage4_standardized/Organic/yard_trimmings/yard-waste-removal_1.png,Organic,train,yard_trimmings,2,VALID
Non-Recyclable/sanitary_napkin/riendly-feminine-hygiene-reuse-concept-reusable-sanitary-pads-and-2164651545.jpg,/content/drive/MyDrive/Waste_Classification_FINAL/data/processed/stage4_standardized/Non-Recyclable/sanitary_napkin/riendly-feminine-hygiene-reuse-concept-reusable-sanitary-pads-and-2164651545.png,Non-Recyclable,train,sanitary_napkin,1,VALID
Recyclable/plastic_bottles/t-water-fizzy-beverage-illustration-vinnitsa-ukraine-may-17-2022-free-vector.jpg,/content/drive/MyDrive/Waste_Classification_FINAL/data/processed/stage4_standardized/Recyclable/plastic_bottles/t-water-fizzy-beverage-illustration-vinnitsa-ukraine-may-17-2022-free-vector.png,Recyclable,train,plastic_bottles,3,VALID
Hazardous/e-waste/5g-internet-race-huawei-04 - Copy.jpg,/content/drive/MyDrive/Waste_Classification_FINAL/data/processed/stage4_standardized/Hazardous/e-waste/5g-internet-race-huawei-04 - Copy.png,Hazardous,train,e-waste,0,VALID
Non-Recyclable/diapers/sevent-generation-sensitive-protection_4x3.jpg,/content/drive/MyDrive/Waste_Classification_FINAL/data/processed/stage4_standardized/Non-Recyclable/diapers/sevent-generation-sensitive-protection_4x3.png,Non-Recyclable,train,diapers,1,VALID
Non-Recyclable/sanitary_napkin/und-feminine-hygiene-products-menstruation-and-womens-health-concept-2JCJ7KM.jpg,/content/drive/MyDrive/Waste_Classification_FINAL/data/processed/stage4_standardized/Non-Recyclable/sanitary_napkin/und-feminine-hygiene-products-menstruation-and-womens-health-concept-2JCJ7KM.png,Non-Recyclable,train,sanitary_napkin,1,VALID
Recyclable/glass_containers/the-face-it-collection-cropped-1628584986.jpg,/content/drive/MyDrive/Waste_Classification_FINAL/data/processed/stage4_standardized/Recyclable/glass_containers/the-face-it-collection-cropped-1628584986.png,Recyclable,train,glass_containers,3,VALID
Recyclable/cans_all_type/evgeny-karchevsky-k1tUxfs8JYY-unsplash-2.jpg,/content/drive/MyDrive/Waste_Classification_FINAL/data/processed/stage4_standardized/Recyclable/cans_all_type/evgeny-karchevsky-k1tUxfs8JYY-unsplash-2.png,Recyclable,train,cans_all_type,3,VALID
Non-Recyclable/ceramic_product/bouke-de-vries-broken-ceramics-sculptures-kintsugi-designboom-8.jpg,/content/drive/MyDrive/Waste_Classification_FINAL/data/processed/stage4_standardized/Non-Recyclable/ceramic_product/bouke-de-vries-broken-ceramics-sculptures-kintsugi-designboom-8.png,Non-Recyclable,train,ceramic_product,1,VALID
Non-Recyclable/ceramic_product/Broken-Ceramics-Glass-Mirror-Chips.jpg,/content/drive/MyDrive/Waste_Classification_FINAL/data/processed/stage4_standardized/Non-Recyclable/ceramic_product/Broken-Ceramics-Glass-Mirror-Chips.png,Non-Recyclable,train,ceramic_product,1,VALID
Recyclable/cans_all_type/rice-Easy-Operation-Pop-Top-Can-for-Electronic-Industry-Aluminum-Scrap-Metal.jpg,/content/drive/MyDrive/Waste_Classification_FINAL/data/processed/stage4_standardized/Recyclable/cans_all_type/rice-Easy-Operation-Pop-Top-Can-for-Electronic-Industry-Aluminum-Scrap-Metal.png,Recyclable,train,cans_all_type,3,VALID
Recyclable/cans_all_type/Feature-Crops-2400-x-1350-58.jpg,/content/drive/MyDrive/Waste_Classification_FINAL/data/processed/stage4_standardized/Recyclable/cans_all_type/Feature-Crops-2400-x-1350-58.png,Recyclable,train,cans_all_type,3,VALID
Recyclable/cans_all_type/Beer-and-soda-cans-found-to-have-traces-of-bisphenol-A.jpg,/content/drive/MyDrive/Waste_Classification_FINAL/data/processed/stage4_standardized/Recyclable/cans_all_type/Beer-and-soda-cans-found-to-have-traces-of-bisphenol-A.png,Recyclable,train,cans_all_type,3,VALID
Organic/kitchen_waste/maxresdefault.jpg,/content/drive/MyDrive/Waste_Classification_FINAL/data/processed/stage4_standardized/Organic/kitchen_waste/maxresdefault.png,Organic,train,kitchen_waste,2,VALID
Hazardous/batteries/Types-of-Batteries.jpg,/content/drive/MyDrive/Waste_Classification_FINAL/data/processed/stage4_standardized/Hazardous/batteries/Types-of-Batteries.png,Hazardous,train,batteries,0,VALID
Organic/egg_shells/eggshell9.jpg,/content/drive/MyDrive/Waste_Classification_FINAL/data/processed/stage4_standardized/Organic/egg_shells/eggshell9.png,Organic,train,egg_shells,2,VALID
Organic/kitchen_waste/bddbe14e-8b47-4719-914b-e0a4a0eb3c71_22028229.jpg,/content/drive/MyDrive/Waste_Classification_FINAL/data/processed/stage4_standardized/Organic/kitchen_waste/bddbe14e-8b47-4719-914b-e0a4a0eb3c71_22028229.png,Organic,train,kitchen_waste,2,VALID
Recyclable/paper_products/image29.jpg,/content/drive/MyDrive/Waste_Classification_FINAL/data/processed/stage4_standardized/Recyclable/paper_products/image29.png,Recyclable,train,paper_products,3,VALID
Hazardous/pesticides/pesticide.jpg,/content/drive/MyDrive/Waste_Classification_FINAL/data/processed/stage4_standardized/Hazardous/pesticides/pesticide.png,Hazardous,train,pesticides,0,VALID
Recyclable/cans_all_type/360_F_211809581_35L09wrZOS8a0ttvlCgYX6YNXE8pwM7q.jpg,/content/drive/MyDrive/Waste_Classification_FINAL/data/processed/stage4_standardized/Recyclable/cans_all_type/360_F_211809581_35L09wrZOS8a0ttvlCgYX6YNXE8pwM7q.png,Recyclable,train,cans_all_type,3,VALID
Recyclable/cans_all_type/Soup-Cans.jpg,/content/drive/MyDrive/Waste_Classification_FINAL/data/processed/stage4_standardized/Recyclable/cans_all_type/Soup-Cans.png,Recyclable,train,cans_all_type,3,VALID
Hazardous/e-waste/Light20bulbs.JPG - Copy.jpg,/content/drive/MyDrive/Waste_Classification_FINAL/data/processed/stage4_standardized/Hazardous/e-waste/Light20bulbs.JPG - Copy.png,Hazardous,train,e-waste,0,VALID
Non-Recyclable/sanitary_napkin/61oFpMb2mJS._AC_UF8941000_QL80_.jpg,/content/drive/MyDrive/Waste_Classification_FINAL/data/processed/stage4_standardized/Non-Recyclable/sanitary_napkin/61oFpMb2mJS._AC_UF8941000_QL80_.png,Non-Recyclable,train,sanitary_napkin,1,VALID
Organic/coffee_tea_bags/IMG_7747.JPG.jpg,/content/drive/MyDrive/Waste_Classification_FINAL/data/processed/stage4_standardized/Organic/coffee_tea_bags/IMG_7747.JPG.png,Organic,train,coffee_tea_bags,2,VALID
Recyclable/cans_all_type/Figure-1_can-coatings-2.jpg,/content/drive/MyDrive/Waste_Classification_FINAL/data/processed/stage4_standardized/Recyclable/cans_all_type/Figure-1_can-coatings-2.png,Recyclable,train,cans_all_type,3,VALID
Hazardous/e-waste/crompton-bulbs-and-cfls-19-08-2021-975-240174309-zjbfq - Copy.jpg,/content/drive/MyDrive/Waste_Classification_FINAL/data/processed/stage4_standardized/Hazardous/e-waste/crompton-bulbs-and-cfls-19-08-2021-975-240174309-zjbfq - Copy.png,Hazardous,train,e-waste,0,VALID
Organic/kitchen_waste/Screen_Shot_2022-11-07_at_11.19.24_PM_480x480.jpg,/content/drive/MyDrive/Waste_Classification_FINAL/data/processed/stage4_standardized/Organic/kitchen_waste/Screen_Shot_2022-11-07_at_11.19.24_PM_480x480.png,Organic,train,kitchen_waste,2,VALID
Hazardous/pesticides/miscellaneous-pesticides-stored-in-old-garden-shed-E672N1.jpg,/content/drive/MyDrive/Waste_Classification_FINAL/data/processed/stage4_standardized/Hazardous/pesticides/miscellaneous-pesticides-stored-in-old-garden-shed-E672N1.png,Hazardous,train,pesticides,0,VALID
Organic/egg_shells/eggshells-in-bowl-1296x728.jpg,/content/drive/MyDrive/Waste_Classification_FINAL/data/processed/stage4_standardized/Organic/egg_shells/eggshells-in-bowl-1296x728.png,Organic,train,egg_shells,2,VALID
Organic/kitchen_waste/dfh17may072-2-shutterstock_277774175.jpg,/content/drive/MyDrive/Waste_Classification_FINAL/data/processed/stage4_standardized/Organic/kitchen_waste/dfh17may072-2-shutterstock_277774175.png,Organic,train,kitchen_waste,2,VALID
Recyclable/cans_all_type/2ed03c267a9e46d6a00350f7d01a56f1.jpg,/content/drive/MyDrive/Waste_Classification_FINAL/data/processed/stage4_standardized/Recyclable/cans_all_type/2ed03c267a9e46d6a00350f7d01a56f1.png,Recyclable,train,cans_all_type,3,VALID
Recyclable/paper_products/hq720.jpg,/content/drive/MyDrive/Waste_Classification_FINAL/data/processed/stage4_standardized/Recyclable/paper_products/hq720.png,Recyclable,train,paper_products,3,VALID
Recyclable/cans_all_type/tin-can-isolated-on-white-background-food-supplies-2E25PN9.jpg,/content/drive/MyDrive/Waste_Classification_FINAL/data/processed/stage4_standardized/Recyclable/cans_all_type/tin-can-isolated-on-white-background-food-supplies-2E25PN9.png,Recyclable,train,cans_all_type,3,VALID
Organic/food_scraps/Composting-1.jpg,/content/drive/MyDrive/Waste_Classification_FINAL/data/processed/stage4_standardized/Organic/food_scraps/Composting-1.png,Organic,train,food_scraps,2,VALID
Organic/food_scraps/Bobby-Berk_Veggie-Scraps_Sustainable_3.jpg,/content/drive/MyDrive/Waste_Classification_FINAL/data/processed/stage4_standardized/Organic/food_scraps/Bobby-Berk_Veggie-Scraps_Sustainable_3.png,Organic,train,food_scraps,2,VALID
Recyclable/cans_all_type/up-photo-such-as-gumbo-soup-green-olives-original-decoration-store-215048708.jpg,/content/drive/MyDrive/Waste_Classification_FINAL/data/processed/stage4_standardized/Recyclable/cans_all_type/up-photo-such-as-gumbo-soup-green-olives-original-decoration-store-215048708.png,Recyclable,train,cans_all_type,3,VALID
Hazardous/pesticides/img-pesticides.jpg,/content/drive/MyDrive/Waste_Classification_FINAL/data/processed/stage4_standardized/Hazardous/pesticides/img-pesticides.png,Hazardous,train,pesticides,0,VALID
Recyclable/cans_all_type/012893089_1-b80c05baee89d6658162d41907fc5880-768x994.jpg,/content/drive/MyDrive/Waste_Classification_FINAL/data/processed/stage4_standardized/Recyclable/cans_all_type/012893089_1-b80c05baee89d6658162d41907fc5880-768x994.png,Recyclable,train,cans_all_type,3,VALID
Organic/food_scraps/b24fb5ba50e1c08c306afdb2ff49b1ac8a1ecd03.jpg,/content/drive/MyDrive/Waste_Classification_FINAL/data/processed/stage4_standardized/Organic/food_scraps/b24fb5ba50e1c08c306afdb2ff49b1ac8a1ecd03.png,Organic,train,food_scraps,2,VALID
Recyclable/cans_all_type/85150095-small.jpg,/content/drive/MyDrive/Waste_Classification_FINAL/data/processed/stage4_standardized/Recyclable/cans_all_type/85150095-small.png,Recyclable,train,cans_all_type,3,VALID
Recyclable/plastic_bottles/5Different-types-of-PET-Source_-Hasiru-Dala-Innovations-1024x682.jpg,/content/drive/MyDrive/Waste_Classification_FINAL/data/processed/stage4_standardized/Recyclable/plastic_bottles/5Different-types-of-PET-Source_-Hasiru-Dala-Innovations-1024x682.png,Recyclable,train,plastic_bottles,3,VALID
Recyclable/paper_products/spotify402x.jpg,/content/drive/MyDrive/Waste_Classification_FINAL/data/processed/stage4_standardized/Recyclable/paper_products/spotify402x.png,Recyclable,train,paper_products,3,VALID
Recyclable/cans_all_type/used-can-scrap-500x500.jpg,/content/drive/MyDrive/Waste_Classification_FINAL/data/processed/stage4_standardized/Recyclable/cans_all_type/used-can-scrap-500x500.png,Recyclable,train,cans_all_type,3,VALID
Non-Recyclable/ceramic_product/file-20221102-45064-bw9n55.jpg,/content/drive/MyDrive/Waste_Classification_FINAL/data/processed/stage4_standardized/Non-Recyclable/ceramic_product/file-20221102-45064-bw9n55.png,Non-Recyclable,train,ceramic_product,1,VALID
Recyclable/glass_containers/YPVkEC63mOKaXzB568IAM1F76mvlZQNocPWa9zjj.jpg,/content/drive/MyDrive/Waste_Classification_FINAL/data/processed/stage4_standardized/Recyclable/glass_containers/YPVkEC63mOKaXzB568IAM1F76mvlZQNocPWa9zjj.png,Recyclable,train,glass_containers,3,VALID
Recyclable/cans_all_type/ghows-PJ-3530caa6-cb6f-4a83-e053-0100007f7d97-e82199ad.jpg,/content/drive/MyDrive/Waste_Classification_FINAL/data/processed/stage4_standardized/Recyclable/cans_all_type/ghows-PJ-3530caa6-cb6f-4a83-e053-0100007f7d97-e82199ad.png,Recyclable,train,cans_all_type,3,VALID
Hazardous/paints/NOVDEC18_WEB_Science-Chemicals_AdobeStock_175995879_Creid-makcoud.jpg,/content/drive/MyDrive/Waste_Classification_FINAL/data/processed/stage4_standardized/Hazardous/paints/NOVDEC18_WEB_Science-Chemicals_AdobeStock_175995879_Creid-makcoud.png,Hazardous,train,paints,0,VALID
Non-Recyclable/styrofoam_product/Eco-Friendly-Packaging-Alternatives.jpg,/content/drive/MyDrive/Waste_Classification_FINAL/data/processed/stage4_standardized/Non-Recyclable/styrofoam_product/Eco-Friendly-Packaging-Alternatives.png,Non-Recyclable,train,styrofoam_product,1,AUTO_CORRECTED
Recyclable/paper_products/recycling-paper-card-dumpster.jpg,/content/drive/MyDrive/Waste_Classification_FINAL/data/processed/stage4_standardized/Recyclable/paper_products/recycling-paper-card-dumpster.png,Recyclable,train,paper_products,3,VALID
Non-Recyclable/plastics_bags_wrappers/cd665f1197fabc2e6c6a4d42461b57d8.jpg,/content/drive/MyDrive/Waste_Classification_FINAL/data/processed/stage4_standardized/Non-Recyclable/plastics_bags_wrappers/cd665f1197fabc2e6c6a4d42461b57d8.png,Non-Recyclable,train,plastics_bags_wrappers,1,AUTO_CORRECTED
Organic/egg_shells/crushing-eggshells.jpg.jpg,/content/drive/MyDrive/Waste_Classification_FINAL/data/processed/stage4_standardized/Organic/egg_shells/crushing-eggshells.jpg.png,Organic,train,egg_shells,2,VALID
Recyclable/plastic_bottles/-drawing-plastic-waste-fresh-soda-drink-liquid-vector-illustration-244100830.jpg,/content/drive/MyDrive/Waste_Classification_FINAL/data/processed/stage4_standardized/Recyclable/plastic_bottles/-drawing-plastic-waste-fresh-soda-drink-liquid-vector-illustration-244100830.png,Recyclable,train,plastic_bottles,3,VALID
Organic/food_scraps/food-scraps-recipes.jpg,/content/drive/MyDrive/Waste_Classification_FINAL/data/processed/stage4_standardized/Organic/food_scraps/food-scraps-recipes.png,Organic,train,food_scraps,2,VALID
Recyclable/plastic_bottles/coke-rpet-portfolio-lineup.jpg,/content/drive/MyDrive/Waste_Classification_FINAL/data/processed/stage4_standardized/Recyclable/plastic_bottles/coke-rpet-portfolio-lineup.png,Recyclable,train,plastic_bottles,3,VALID
Hazardous/paints/paintBuckets.jpg,/content/drive/MyDrive/Waste_Classification_FINAL/data/processed/stage4_standardized/Hazardous/paints/paintBuckets.png,Hazardous,train,paints,0,VALID
Hazardous/pesticides/1008x512_2_r_69841.jpg,/content/drive/MyDrive/Waste_Classification_FINAL/data/processed/stage4_standardized/Hazardous/pesticides/1008x512_2_r_69841.png,Hazardous,train,pesticides,0,VALID
Hazardous/e-waste/n-edison-fluorescent-and-led-isolated-on-a-transparent-background-1242075553 - Copy.jpg,/content/drive/MyDrive/Waste_Classification_FINAL/data/processed/stage4_standardized/Hazardous/e-waste/n-edison-fluorescent-and-led-isolated-on-a-transparent-background-1242075553 - Copy.png,Hazardous,train,e-waste,0,VALID
Organic/coffee_tea_bags/tea-morning-green-yellow.jpg,/content/drive/MyDrive/Waste_Classification_FINAL/data/processed/stage4_standardized/Organic/coffee_tea_bags/tea-morning-green-yellow.png,Organic,train,coffee_tea_bags,2,VALID
Organic/food_scraps/Composting-1024x341-1.jpg,/content/drive/MyDrive/Waste_Classification_FINAL/data/processed/stage4_standardized/Organic/food_scraps/Composting-1024x341-1.png,Organic,train,food_scraps,2,VALID
Recyclable/glass_containers/32.5_19d4770e-dc7a-4951-82bb-bf0030a411f7.jpg,/content/drive/MyDrive/Waste_Classification_FINAL/data/processed/stage4_standardized/Recyclable/glass_containers/32.5_19d4770e-dc7a-4951-82bb-bf0030a411f7.png,Recyclable,train,glass_containers,3,VALID
Organic/kitchen_waste/organic-garden-fertilizer-biodegradable-kitchen-waste-composting-food-leftovers-banner-2FN46K6.jpg,/content/drive/MyDrive/Waste_Classification_FINAL/data/processed/stage4_standardized/Organic/kitchen_waste/organic-garden-fertilizer-biodegradable-kitchen-waste-composting-food-leftovers-banner-2FN46K6.png,Organic,train,kitchen_waste,2,VALID
Hazardous/e-waste/ewaste-aspect-ratio-2000-1200-1024x614 - Copy.jpg,/content/drive/MyDrive/Waste_Classification_FINAL/data/processed/stage4_standardized/Hazardous/e-waste/ewaste-aspect-ratio-2000-1200-1024x614 - Copy.png,Hazardous,train,e-waste,0,VALID
Non-Recyclable/styrofoam_product/styrofoam20container.jpg,/content/drive/MyDrive/Waste_Classification_FINAL/data/processed/stage4_standardized/Non-Recyclable/styrofoam_product/styrofoam20container.png,Non-Recyclable,train,styrofoam_product,1,AUTO_CORRECTED
Organic/food_scraps/home-composter-with-food-scraps-and-vegetable-waste-BN3YRY.jpg,/content/drive/MyDrive/Waste_Classification_FINAL/data/processed/stage4_standardized/Organic/food_scraps/home-composter-with-food-scraps-and-vegetable-waste-BN3YRY.png,Organic,train,food_scraps,2,VALID
Recyclable/paper_products/Blog_4_28_21.jpg,/content/drive/MyDrive/Waste_Classification_FINAL/data/processed/stage4_standardized/Recyclable/paper_products/Blog_4_28_21.png,Recyclable,train,paper_products,3,VALID
Non-Recyclable/diapers/Diapers4-01.jpg,/content/drive/MyDrive/Waste_Classification_FINAL/data/processed/stage4_standardized/Non-Recyclable/diapers/Diapers4-01.png,Non-Recyclable,train,diapers,1,VALID
Recyclable/cans_all_type/Canned20Food20Blog2028129.jpg,/content/drive/MyDrive/Waste_Classification_FINAL/data/processed/stage4_standardized/Recyclable/cans_all_type/Canned20Food20Blog2028129.png,Recyclable,train,cans_all_type,3,VALID
Organic/egg_shells/upcycled-eggshells_Personal-Creations.jpg,/content/drive/MyDrive/Waste_Classification_FINAL/data/processed/stage4_standardized/Organic/egg_shells/upcycled-eggshells_Personal-Creations.png,Organic,train,egg_shells,2,VALID
Non-Recyclable/styrofoam_product/All_About_the_Features_and_Benefits_of_Bagasse_Material.jpg,/content/drive/MyDrive/Waste_Classification_FINAL/data/processed/stage4_standardized/Non-Recyclable/styrofoam_product/All_About_the_Features_and_Benefits_of_Bagasse_Material.png,Non-Recyclable,train,styrofoam_product,1,AUTO_CORRECTED
Non-Recyclable/sanitary_napkin/1200px-Gestion_menstrual_tampon_toallitas_menstruaciC3B3n_periodicas_06.jpg,/content/drive/MyDrive/Waste_Classification_FINAL/data/processed/stage4_standardized/Non-Recyclable/sanitary_napkin/1200px-Gestion_menstrual_tampon_toallitas_menstruaciC3B3n_periodicas_06.png,Non-Recyclable,train,sanitary_napkin,1,VALID
Non-Recyclable/plastics_bags_wrappers/plastic_wrap_gfx_2.jpg,/content/drive/MyDrive/Waste_Classification_FINAL/data/processed/stage4_standardized/Non-Recyclable/plastics_bags_wrappers/plastic_wrap_gfx_2.png,Non-Recyclable,train,plastics_bags_wrappers,1,AUTO_CORRECTED
Hazardous/paints/rulesofoilpainting1-carrielewis.jpg,/content/drive/MyDrive/Waste_Classification_FINAL/data/processed/stage4_standardized/Hazardous/paints/rulesofoilpainting1-carrielewis.png,Hazardous,train,paints,0,VALID
Recyclable/paper_products/51DLHKxostL._SR6002C315_PIWhiteStrip2CBottomLeft2C02C35_SCLZZZZZZZ_FMpng_BG2552C2552C255.jpg,/content/drive/MyDrive/Waste_Classification_FINAL/data/processed/stage4_standardized/Recyclable/paper_products/51DLHKxostL._SR6002C315_PIWhiteStrip2CBottomLeft2C02C35_SCLZZZZZZZ_FMpng_BG2552C2552C255.png,Recyclable,train,paper_products,3,VALID
Organic/egg_shells/idiom-walk-on-eggshells.jpg,/content/drive/MyDrive/Waste_Classification_FINAL/data/processed/stage4_standardized/Organic/egg_shells/idiom-walk-on-eggshells.png,Organic,train,egg_shells,2,VALID
Hazardous/pesticides/67f78e9db5cd4cdf3e4e8c84e7ef7e5fIMG_20200923_141824_Copy_.jpg,/content/drive/MyDrive/Waste_Classification_FINAL/data/processed/stage4_standardized/Hazardous/pesticides/67f78e9db5cd4cdf3e4e8c84e7ef7e5fIMG_20200923_141824_Copy_.png,Hazardous,train,pesticides,0,VALID
Recyclable/cans_all_type/aluminum-cans-e1453526631407.jpg,/content/drive/MyDrive/Waste_Classification_FINAL/data/processed/stage4_standardized/Recyclable/cans_all_type/aluminum-cans-e1453526631407.png,Recyclable,train,cans_all_type,3,VALID
Non-Recyclable/styrofoam_product/BagasseContainers-pg9c7yp7i7al8c7b1cr5t240eval1iwbtyh0yvfhxs.jpg,/content/drive/MyDrive/Waste_Classification_FINAL/data/processed/stage4_standardized/Non-Recyclable/styrofoam_product/BagasseContainers-pg9c7yp7i7al8c7b1cr5t240eval1iwbtyh0yvfhxs.png,Non-Recyclable,train,styrofoam_product,1,AUTO_CORRECTED
Organic/kitchen_waste/1-s2.0-S2666833521000526-gr1.jpg,/content/drive/MyDrive/Waste_Classification_FINAL/data/processed/stage4_standardized/Organic/kitchen_waste/1-s2.0-S2666833521000526-gr1.png,Organic,train,kitchen_waste,2,VALID
Non-Recyclable/sanitary_napkin/1-s2.0-S0160412020303494-ga1.jpg,/content/drive/MyDrive/Waste_Classification_FINAL/data/processed/stage4_standardized/Non-Recyclable/sanitary_napkin/1-s2.0-S0160412020303494-ga1.png,Non-Recyclable,train,sanitary_napkin,1,VALID
Organic/yard_trimmings/landscape1.jpg,/content/drive/MyDrive/Waste_Classification_FINAL/data/processed/stage4_standardized/Organic/yard_trimmings/landscape1.png,Organic,train,yard_trimmings,2,VALID
Recyclable/cans_all_type/depositphotos_76684561-stock-photo-ho-chi-minh-city-vietnam.jpg,/content/drive/MyDrive/Waste_Classification_FINAL/data/processed/stage4_standardized/Recyclable/cans_all_type/depositphotos_76684561-stock-photo-ho-chi-minh-city-vietnam.png,Recyclable,train,cans_all_type,3,VALID
Organic/egg_shells/Eggshell_THUMBNAIL.jpg,/content/drive/MyDrive/Waste_Classification_FINAL/data/processed/stage4_standardized/Organic/egg_shells/Eggshell_THUMBNAIL.png,Organic,train,egg_shells,2,VALID
Hazardous/pesticides/reduce-the-need-for-pesticides-and-herbicides-us-environmental-.jpg,/content/drive/MyDrive/Waste_Classification_FINAL/data/processed/stage4_standardized/Hazardous/pesticides/reduce-the-need-for-pesticides-and-herbicides-us-environmental-.png,Hazardous,train,pesticides,0,VALID
Organic/yard_trimmings/How-To-Dispose-of-Yard-Waste-6.jpg,/content/drive/MyDrive/Waste_Classification_FINAL/data/processed/stage4_standardized/Organic/yard_trimmings/How-To-Dispose-of-Yard-Waste-6.png,Organic,train,yard_trimmings,2,VALID
Non-Recyclable/diapers/baby_in_diaper_crib-1296x728-header.jpg,/content/drive/MyDrive/Waste_Classification_FINAL/data/processed/stage4_standardized/Non-Recyclable/diapers/baby_in_diaper_crib-1296x728-header.png,Non-Recyclable,train,diapers,1,VALID
Hazardous/batteries/41586_2019_1682_Fig1_HTML.jpg,/content/drive/MyDrive/Waste_Classification_FINAL/data/processed/stage4_standardized/Hazardous/batteries/41586_2019_1682_Fig1_HTML.png,Hazardous,train,batteries,0,VALID
Hazardous/pesticides/natural-insecticide.jpg,/content/drive/MyDrive/Waste_Classification_FINAL/data/processed/stage4_standardized/Hazardous/pesticides/natural-insecticide.png,Hazardous,train,pesticides,0,VALID
Hazardous/paints/p1dnoa0gj61o916ae19thirg155k6.jpg.optimal.jpg,/content/drive/MyDrive/Waste_Classification_FINAL/data/processed/stage4_standardized/Hazardous/paints/p1dnoa0gj61o916ae19thirg155k6.jpg.optimal.png,Hazardous,train,paints,0,VALID
Non-Recyclable/ceramic_product/Broken-ceramic-mug-1024x597.jpg,/content/drive/MyDrive/Waste_Classification_FINAL/data/processed/stage4_standardized/Non-Recyclable/ceramic_product/Broken-ceramic-mug-1024x597.png,Non-Recyclable,train,ceramic_product,1,VALID
Hazardous/pesticides/pesticides-drawing_csp28269690.jpg,/content/drive/MyDrive/Waste_Classification_FINAL/data/processed/stage4_standardized/Hazardous/pesticides/pesticides-drawing_csp28269690.png,Hazardous,train,pesticides,0,VALID
Non-Recyclable/ceramic_product/640-close-up-of-ceramics_600x600_crop_center.jpg,/content/drive/MyDrive/Waste_Classification_FINAL/data/processed/stage4_standardized/Non-Recyclable/ceramic_product/640-close-up-of-ceramics_600x600_crop_center.png,Non-Recyclable,train,ceramic_product,1,VALID
Non-Recyclable/diapers/1200px-Disposablediaper.JPG.jpg,/content/drive/MyDrive/Waste_Classification_FINAL/data/processed/stage4_standardized/Non-Recyclable/diapers/1200px-Disposablediaper.JPG.png,Non-Recyclable,train,diapers,1,VALID
Hazardous/paints/AdobeStock_210581916.jpg,/content/drive/MyDrive/Waste_Classification_FINAL/data/processed/stage4_standardized/Hazardous/paints/AdobeStock_210581916.png,Hazardous,train,paints,0,VALID
Organic/yard_trimmings/AdobeStock_316707406_adobespark-1024x623.jpg,/content/drive/MyDrive/Waste_Classification_FINAL/data/processed/stage4_standardized/Organic/yard_trimmings/AdobeStock_316707406_adobespark-1024x623.png,Organic,train,yard_trimmings,2,VALID
Recyclable/paper_products/1-rule.jpg,/content/drive/MyDrive/Waste_Classification_FINAL/data/processed/stage4_standardized/Recyclable/paper_products/1-rule.png,Recyclable,train,paper_products,3,VALID
Hazardous/e-waste/1-s2.0-S2352186421006970-gr4 - Copy.jpg,/content/drive/MyDrive/Waste_Classification_FINAL/data/processed/stage4_standardized/Hazardous/e-waste/1-s2.0-S2352186421006970-gr4 - Copy.png,Hazardous,train,e-waste,0,VALID
Non-Recyclable/sanitary_napkin/Disposing-of-Your-Hygiene-Products-Safely.jpg,/content/drive/MyDrive/Waste_Classification_FINAL/data/processed/stage4_standardized/Non-Recyclable/sanitary_napkin/Disposing-of-Your-Hygiene-Products-Safely.png,Non-Recyclable,train,sanitary_napkin,1,VALID
Non-Recyclable/plastics_bags_wrappers/infographic-v2.jpg,/content/drive/MyDrive/Waste_Classification_FINAL/data/processed/stage4_standardized/Non-Recyclable/plastics_bags_wrappers/infographic-v2.png,Non-Recyclable,train,plastics_bags_wrappers,1,AUTO_CORRECTED
Organic/kitchen_waste/81OnCprqnuL._AC_UF10001000_QL80_.jpg,/content/drive/MyDrive/Waste_Classification_FINAL/data/processed/stage4_standardized/Organic/kitchen_waste/81OnCprqnuL._AC_UF10001000_QL80_.png,Organic,train,kitchen_waste,2,VALID
Organic/coffee_tea_bags/e775f7fd372e414b924fcad3a829dd08.jpg,/content/drive/MyDrive/Waste_Classification_FINAL/data/processed/stage4_standardized/Organic/coffee_tea_bags/e775f7fd372e414b924fcad3a829dd08.png,Organic,train,coffee_tea_bags,2,VALID
Hazardous/paints/shutterstock_40569.jpg,/content/drive/MyDrive/Waste_Classification_FINAL/data/processed/stage4_standardized/Hazardous/paints/shutterstock_40569.png,Hazardous,train,paints,0,VALID
Non-Recyclable/ceramic_product/broken20mug.jpg,/content/drive/MyDrive/Waste_Classification_FINAL/data/processed/stage4_standardized/Non-Recyclable/ceramic_product/broken20mug.png,Non-Recyclable,train,ceramic_product,1,VALID
Non-Recyclable/ceramic_product/kintsugi-art-japanese-broken-pottery.jpg,/content/drive/MyDrive/Waste_Classification_FINAL/data/processed/stage4_standardized/Non-Recyclable/ceramic_product/kintsugi-art-japanese-broken-pottery.png,Non-Recyclable,train,ceramic_product,1,VALID
Non-Recyclable/diapers/dirty-baby-diapers-trash-disposing-footage-180485037_prevstill.jpg,/content/drive/MyDrive/Waste_Classification_FINAL/data/processed/stage4_standardized/Non-Recyclable/diapers/dirty-baby-diapers-trash-disposing-footage-180485037_prevstill.png,Non-Recyclable,train,diapers,1,VALID
Organic/food_scraps/828950-52136-ryfqandgvd-1487872329.jpg,/content/drive/MyDrive/Waste_Classification_FINAL/data/processed/stage4_standardized/Organic/food_scraps/828950-52136-ryfqandgvd-1487872329.png,Organic,train,food_scraps,2,VALID
Non-Recyclable/plastics_bags_wrappers/a-pile-of-plastic-bags-trash-and-garbage-left-by-travellers-and-holidaymakers-BNMCXE.jpg,/content/drive/MyDrive/Waste_Classification_FINAL/data/processed/stage4_standardized/Non-Recyclable/plastics_bags_wrappers/a-pile-of-plastic-bags-trash-and-garbage-left-by-travellers-and-holidaymakers-BNMCXE.png,Non-Recyclable,train,plastics_bags_wrappers,1,AUTO_CORRECTED
Hazardous/e-waste/-garbage-sorting-eco-friendly-sign-for-web-page-app-ui-ux-gui-design-2CPCA8A - Copy.jpg,/content/drive/MyDrive/Waste_Classification_FINAL/data/processed/stage4_standardized/Hazardous/e-waste/-garbage-sorting-eco-friendly-sign-for-web-page-app-ui-ux-gui-design-2CPCA8A - Copy.png,Hazardous,train,e-waste,0,VALID
Organic/food_scraps/Waste-food_bg.jpg,/content/drive/MyDrive/Waste_Classification_FINAL/data/processed/stage4_standardized/Organic/food_scraps/Waste-food_bg.png,Organic,train,food_scraps,2,VALID
Recyclable/plastic_bottles/_106025465_gettyimages-997802542.jpg,/content/drive/MyDrive/Waste_Classification_FINAL/data/processed/stage4_standardized/Recyclable/plastic_bottles/_106025465_gettyimages-997802542.png,Recyclable,train,plastic_bottles,3,VALID
Non-Recyclable/diapers/51.jpg,/content/drive/MyDrive/Waste_Classification_FINAL/data/processed/stage4_standardized/Non-Recyclable/diapers/51.png,Non-Recyclable,train,diapers,1,VALID
Hazardous/paints/White-Spirit-1200x1200px.jpg,/content/drive/MyDrive/Waste_Classification_FINAL/data/processed/stage4_standardized/Hazardous/paints/White-Spirit-1200x1200px.png,Hazardous,train,paints,0,VALID
Hazardous/e-waste/abfall-ressourcen_produktverantwortung_elektronikaltgeraete_foto_fernseher-berg - Copy.jpg,/content/drive/MyDrive/Waste_Classification_FINAL/data/processed/stage4_standardized/Hazardous/e-waste/abfall-ressourcen_produktverantwortung_elektronikaltgeraete_foto_fernseher-berg - Copy.png,Hazardous,train,e-waste,0,VALID
Non-Recyclable/plastics_bags_wrappers/plasticdomestic.jpg,/content/drive/MyDrive/Waste_Classification_FINAL/data/processed/stage4_standardized/Non-Recyclable/plastics_bags_wrappers/plasticdomestic.png,Non-Recyclable,train,plastics_bags_wrappers,1,AUTO_CORRECTED
Non-Recyclable/ceramic_product/rritory-india-feb-a-beautiful-pattern-of-bird-made-with-waste-and-2284142049.jpg,/content/drive/MyDrive/Waste_Classification_FINAL/data/processed/stage4_standardized/Non-Recyclable/ceramic_product/rritory-india-feb-a-beautiful-pattern-of-bird-made-with-waste-and-2284142049.png,Non-Recyclable,train,ceramic_product,1,VALID
Hazardous/batteries/Alkaline-vs.-Lithium-Batteries.jpg,/content/drive/MyDrive/Waste_Classification_FINAL/data/processed/stage4_standardized/Hazardous/batteries/Alkaline-vs.-Lithium-Batteries.png,Hazardous,train,batteries,0,VALID
Non-Recyclable/plastics_bags_wrappers/Plastic_bags_and_wrapping_22.jpg,/content/drive/MyDrive/Waste_Classification_FINAL/data/processed/stage4_standardized/Non-Recyclable/plastics_bags_wrappers/Plastic_bags_and_wrapping_22.png,Non-Recyclable,train,plastics_bags_wrappers,1,AUTO_CORRECTED
Recyclable/cans_all_type/6396f35dfc97666fdf78c2a7_NOMOQ-productfotografie-20221028-Rotterdam-063.jpg,/content/drive/MyDrive/Waste_Classification_FINAL/data/processed/stage4_standardized/Recyclable/cans_all_type/6396f35dfc97666fdf78c2a7_NOMOQ-productfotografie-20221028-Rotterdam-063.png,Recyclable,train,cans_all_type,3,VALID
Recyclable/glass_containers/image-removebg-preview_9fe2e65d-5a31-414e-81c5-4401ae93aecb.jpg,/content/drive/MyDrive/Waste_Classification_FINAL/data/processed/stage4_standardized/Recyclable/glass_containers/image-removebg-preview_9fe2e65d-5a31-414e-81c5-4401ae93aecb.png,Recyclable,train,glass_containers,3,VALID
Hazardous/e-waste/stock-photo-old-and-dusty-light-incandescent-bulb-isolated-on-white-background-2289784737 - Copy.jpg,/content/drive/MyDrive/Waste_Classification_FINAL/data/processed/stage4_standardized/Hazardous/e-waste/stock-photo-old-and-dusty-light-incandescent-bulb-isolated-on-white-background-2289784737 - Copy.png,Hazardous,train,e-waste,0,VALID
Non-Recyclable/ceramic_product/repurpose-china.jpg,/content/drive/MyDrive/Waste_Classification_FINAL/data/processed/stage4_standardized/Non-Recyclable/ceramic_product/repurpose-china.png,Non-Recyclable,train,ceramic_product,1,VALID
Recyclable/cans_all_type/metal-aluminum-cans-non-biodegradable-600w-2016354890.jpg,/content/drive/MyDrive/Waste_Classification_FINAL/data/processed/stage4_standardized/Recyclable/cans_all_type/metal-aluminum-cans-non-biodegradable-600w-2016354890.png,Recyclable,train,cans_all_type,3,VALID
Non-Recyclable/styrofoam_product/styrofoam-facts.jpg,/content/drive/MyDrive/Waste_Classification_FINAL/data/processed/stage4_standardized/Non-Recyclable/styrofoam_product/styrofoam-facts.png,Non-Recyclable,train,styrofoam_product,1,AUTO_CORRECTED
Non-Recyclable/styrofoam_product/food-packaging-containers-bamboo-glass-eco-1296x728-header.jpg,/content/drive/MyDrive/Waste_Classification_FINAL/data/processed/stage4_standardized/Non-Recyclable/styrofoam_product/food-packaging-containers-bamboo-glass-eco-1296x728-header.png,Non-Recyclable,train,styrofoam_product,1,AUTO_CORRECTED
Hazardous/e-waste/Is-it-hazardous-waste...flourescent-light-bulbs - Copy.jpg,/content/drive/MyDrive/Waste_Classification_FINAL/data/processed/stage4_standardized/Hazardous/e-waste/Is-it-hazardous-waste...flourescent-light-bulbs - Copy.png,Hazardous,train,e-waste,0,VALID
Organic/yard_trimmings/Yard-Waste-GettyImages-171242694.jpg,/content/drive/MyDrive/Waste_Classification_FINAL/data/processed/stage4_standardized/Organic/yard_trimmings/Yard-Waste-GettyImages-171242694.png,Organic,train,yard_trimmings,2,VALID
Organic/kitchen_waste/1622878634889.jpg,/content/drive/MyDrive/Waste_Classification_FINAL/data/processed/stage4_standardized/Organic/kitchen_waste/1622878634889.png,Organic,train,kitchen_waste,2,VALID
Organic/yard_trimmings/garden-worker-trimming-trees-with-scissors-yard_732190-2409.jpg,/content/drive/MyDrive/Waste_Classification_FINAL/data/processed/stage4_standardized/Organic/yard_trimmings/garden-worker-trimming-trees-with-scissors-yard_732190-2409.png,Organic,train,yard_trimmings,2,VALID
Organic/yard_trimmings/image-asset.jpg,/content/drive/MyDrive/Waste_Classification_FINAL/data/processed/stage4_standardized/Organic/yard_trimmings/image-asset.png,Organic,train,yard_trimmings,2,VALID
Hazardous/paints/13202_2020_865_Fig3_HTML.jpg,/content/drive/MyDrive/Waste_Classification_FINAL/data/processed/stage4_standardized/Hazardous/paints/13202_2020_865_Fig3_HTML.png,Hazardous,train,paints,0,VALID
Hazardous/batteries/NAWMA-Safe-Battery-Recycling-content.jpg,/content/drive/MyDrive/Waste_Classification_FINAL/data/processed/stage4_standardized/Hazardous/batteries/NAWMA-Safe-Battery-Recycling-content.png,Hazardous,train,batteries,0,VALID
Non-Recyclable/ceramic_product/wl-bottom-broken-glass-w-melted-bubbles-air-vessel-was-placed-front-85817408.jpg,/content/drive/MyDrive/Waste_Classification_FINAL/data/processed/stage4_standardized/Non-Recyclable/ceramic_product/wl-bottom-broken-glass-w-melted-bubbles-air-vessel-was-placed-front-85817408.png,Non-Recyclable,train,ceramic_product,1,VALID
Organic/egg_shells/Powder-preparation-steps-of-calcined-eggshells-a-Eggshell-b-Sun-drying-c.jpg,/content/drive/MyDrive/Waste_Classification_FINAL/data/processed/stage4_standardized/Organic/egg_shells/Powder-preparation-steps-of-calcined-eggshells-a-Eggshell-b-Sun-drying-c.png,Organic,train,egg_shells,2,VALID
Hazardous/pesticides/e-suit-mask-lemon-trees-man-spraying-toxic-pesticides-insecticides-184466768.jpg,/content/drive/MyDrive/Waste_Classification_FINAL/data/processed/stage4_standardized/Hazardous/pesticides/e-suit-mask-lemon-trees-man-spraying-toxic-pesticides-insecticides-184466768.png,Hazardous,train,pesticides,0,VALID
Non-Recyclable/ceramic_product/arts-crockery-halves-broken-white-cup-disintegration-accident-cut_695181-454.jpg,/content/drive/MyDrive/Waste_Classification_FINAL/data/processed/stage4_standardized/Non-Recyclable/ceramic_product/arts-crockery-halves-broken-white-cup-disintegration-accident-cut_695181-454.png,Non-Recyclable,train,ceramic_product,1,VALID
Organic/coffee_tea_bags/l-against-white-background-concept-composting-eco-friendly-recycling-2BEXG0J.jpg,/content/drive/MyDrive/Waste_Classification_FINAL/data/processed/stage4_standardized/Organic/coffee_tea_bags/l-against-white-background-concept-composting-eco-friendly-recycling-2BEXG0J.png,Organic,train,coffee_tea_bags,2,VALID
Recyclable/plastic_bottles/How-To-Make-A-Soda-Bottle-cloche-Garden-Gate-Magazine.jpg,/content/drive/MyDrive/Waste_Classification_FINAL/data/processed/stage4_standardized/Recyclable/plastic_bottles/How-To-Make-A-Soda-Bottle-cloche-Garden-Gate-Magazine.png,Recyclable,train,plastic_bottles,3,VALID
Non-Recyclable/sanitary_napkin/frph-04-920461-t001.jpg,/content/drive/MyDrive/Waste_Classification_FINAL/data/processed/stage4_standardized/Non-Recyclable/sanitary_napkin/frph-04-920461-t001.png,Non-Recyclable,train,sanitary_napkin,1,VALID
Non-Recyclable/plastics_bags_wrappers/Ridwell-guy_photo_800.jpg,/content/drive/MyDrive/Waste_Classification_FINAL/data/processed/stage4_standardized/Non-Recyclable/plastics_bags_wrappers/Ridwell-guy_photo_800.png,Non-Recyclable,train,plastics_bags_wrappers,1,AUTO_CORRECTED
Non-Recyclable/ceramic_product/broken-glass-separated-by-color-and-prepared-for-recycling-at-a-glass-CC88DY.jpg,/content/drive/MyDrive/Waste_Classification_FINAL/data/processed/stage4_standardized/Non-Recyclable/ceramic_product/broken-glass-separated-by-color-and-prepared-for-recycling-at-a-glass-CC88DY.png,Non-Recyclable,train,ceramic_product,1,VALID
Hazardous/paints/household-hazardous-wastes.jpg,/content/drive/MyDrive/Waste_Classification_FINAL/data/processed/stage4_standardized/Hazardous/paints/household-hazardous-wastes.png,Hazardous,train,paints,0,VALID
Hazardous/batteries/Lithium-Batteries.jpg,/content/drive/MyDrive/Waste_Classification_FINAL/data/processed/stage4_standardized/Hazardous/batteries/Lithium-Batteries.png,Hazardous,train,batteries,0,VALID
Non-Recyclable/plastics_bags_wrappers/lawn-in-a-park-concept-of-cleaning-up-and-respecting-the-environment-2J44BG3.jpg,/content/drive/MyDrive/Waste_Classification_FINAL/data/processed/stage4_standardized/Non-Recyclable/plastics_bags_wrappers/lawn-in-a-park-concept-of-cleaning-up-and-respecting-the-environment-2J44BG3.png,Non-Recyclable,train,plastics_bags_wrappers,1,AUTO_CORRECTED
Hazardous/e-waste/bulbs_lg - Copy.jpg,/content/drive/MyDrive/Waste_Classification_FINAL/data/processed/stage4_standardized/Hazardous/e-waste/bulbs_lg - Copy.png,Hazardous,train,e-waste,0,VALID
Hazardous/pesticides/007243897_1-8f559f97b6cf58ab46d35d17e6771d24.jpg,/content/drive/MyDrive/Waste_Classification_FINAL/data/processed/stage4_standardized/Hazardous/pesticides/007243897_1-8f559f97b6cf58ab46d35d17e6771d24.png,Hazardous,train,pesticides,0,VALID
Non-Recyclable/styrofoam_product/330843799_885703332699899_5678677257182402870_n.jpg,/content/drive/MyDrive/Waste_Classification_FINAL/data/processed/stage4_standardized/Non-Recyclable/styrofoam_product/330843799_885703332699899_5678677257182402870_n.png,Non-Recyclable,train,styrofoam_product,1,AUTO_CORRECTED
Organic/food_scraps/Hunger.jpg,/content/drive/MyDrive/Waste_Classification_FINAL/data/processed/stage4_standardized/Organic/food_scraps/Hunger.png,Organic,train,food_scraps,2,VALID
Hazardous/e-waste/Fluorescent-Bulbs-in-Trash-2-e1434205961573 - Copy.jpg,/content/drive/MyDrive/Waste_Classification_FINAL/data/processed/stage4_standardized/Hazardous/e-waste/Fluorescent-Bulbs-in-Trash-2-e1434205961573 - Copy.png,Hazardous,train,e-waste,0,VALID
Organic/coffee_tea_bags/easy-disposable-drip-bag-coffee-tea-bags-ground-173299325.jpg,/content/drive/MyDrive/Waste_Classification_FINAL/data/processed/stage4_standardized/Organic/coffee_tea_bags/easy-disposable-drip-bag-coffee-tea-bags-ground-173299325.png,Organic,train,coffee_tea_bags,2,VALID
Non-Recyclable/ceramic_product/WDPRGPFC001b-Waste-Broken-Glass-n-Ceramic-Pieces-Living-2-scaled.jpg,/content/drive/MyDrive/Waste_Classification_FINAL/data/processed/stage4_standardized/Non-Recyclable/ceramic_product/WDPRGPFC001b-Waste-Broken-Glass-n-Ceramic-Pieces-Living-2-scaled.png,Non-Recyclable,train,ceramic_product,1,VALID
Hazardous/e-waste/eWaste - Copy.jpg,/content/drive/MyDrive/Waste_Classification_FINAL/data/processed/stage4_standardized/Hazardous/e-waste/eWaste - Copy.png,Hazardous,train,e-waste,0,VALID
Hazardous/e-waste/CFL-Broken-Bulb-scaled - Copy.jpg,/content/drive/MyDrive/Waste_Classification_FINAL/data/processed/stage4_standardized/Hazardous/e-waste/CFL-Broken-Bulb-scaled - Copy.png,Hazardous,train,e-waste,0,VALID
Hazardous/pesticides/9c049d8218f7898c19adcee99354e73422-24-pesticides-lede.rsquare.w1200.jpg,/content/drive/MyDrive/Waste_Classification_FINAL/data/processed/stage4_standardized/Hazardous/pesticides/9c049d8218f7898c19adcee99354e73422-24-pesticides-lede.rsquare.w1200.png,Hazardous,train,pesticides,0,VALID
Organic/kitchen_waste/maxresdefault4.jpg,/content/drive/MyDrive/Waste_Classification_FINAL/data/processed/stage4_standardized/Organic/kitchen_waste/maxresdefault4.png,Organic,train,kitchen_waste,2,VALID
Non-Recyclable/ceramic_product/drop-coffee-by-roar-studio-dubai_dezeen_2364_col_hero1-852x479.jpg,/content/drive/MyDrive/Waste_Classification_FINAL/data/processed/stage4_standardized/Non-Recyclable/ceramic_product/drop-coffee-by-roar-studio-dubai_dezeen_2364_col_hero1-852x479.png,Non-Recyclable,train,ceramic_product,1,VALID
Hazardous/e-waste/waste - Copy.jpg,/content/drive/MyDrive/Waste_Classification_FINAL/data/processed/stage4_standardized/Hazardous/e-waste/waste - Copy.png,Hazardous,train,e-waste,0,VALID
Non-Recyclable/styrofoam_product/the-drive-toward-sustainability-5050-1536x1536.jpg,/content/drive/MyDrive/Waste_Classification_FINAL/data/processed/stage4_standardized/Non-Recyclable/styrofoam_product/the-drive-toward-sustainability-5050-1536x1536.png,Non-Recyclable,train,styrofoam_product,1,AUTO_CORRECTED
Non-Recyclable/diapers/diapersshutterstockilife.jpg,/content/drive/MyDrive/Waste_Classification_FINAL/data/processed/stage4_standardized/Non-Recyclable/diapers/diapersshutterstockilife.png,Non-Recyclable,train,diapers,1,VALID
Organic/food_scraps/content13101.jpg,/content/drive/MyDrive/Waste_Classification_FINAL/data/processed/stage4_standardized/Organic/food_scraps/content13101.png,Organic,train,food_scraps,2,VALID
Hazardous/e-waste/E-Waste_Landfill - Copy.jpg,/content/drive/MyDrive/Waste_Classification_FINAL/data/processed/stage4_standardized/Hazardous/e-waste/E-Waste_Landfill - Copy.png,Hazardous,train,e-waste,0,VALID
Non-Recyclable/diapers/63bcf2c160a1da17ec6c2e83-ubbi-disposable-diaper-sacks-lavender.jpg,/content/drive/MyDrive/Waste_Classification_FINAL/data/processed/stage4_standardized/Non-Recyclable/diapers/63bcf2c160a1da17ec6c2e83-ubbi-disposable-diaper-sacks-lavender.png,Non-Recyclable,train,diapers,1,VALID
Organic/kitchen_waste/Feat_Image-Kitchen_garden_1024x1024.jpg,/content/drive/MyDrive/Waste_Classification_FINAL/data/processed/stage4_standardized/Organic/kitchen_waste/Feat_Image-Kitchen_garden_1024x1024.png,Organic,train,kitchen_waste,2,VALID
Non-Recyclable/styrofoam_product/EPS-for-recycling-scaled.jpg,/content/drive/MyDrive/Waste_Classification_FINAL/data/processed/stage4_standardized/Non-Recyclable/styrofoam_product/EPS-for-recycling-scaled.png,Non-Recyclable,train,styrofoam_product,1,AUTO_CORRECTED
Hazardous/pesticides/81YuimeaSNL._AC_UF10001000_QL80_.jpg,/content/drive/MyDrive/Waste_Classification_FINAL/data/processed/stage4_standardized/Hazardous/pesticides/81YuimeaSNL._AC_UF10001000_QL80_.png,Hazardous,train,pesticides,0,VALID
Organic/food_scraps/food-waste.jpg,/content/drive/MyDrive/Waste_Classification_FINAL/data/processed/stage4_standardized/Organic/food_scraps/food-waste.png,Organic,train,food_scraps,2,VALID
Hazardous/e-waste/156050-wrdgfxdtvg-1615456453 - Copy.jpg,/content/drive/MyDrive/Waste_Classification_FINAL/data/processed/stage4_standardized/Hazardous/e-waste/156050-wrdgfxdtvg-1615456453 - Copy.png,Hazardous,train,e-waste,0,VALID
Recyclable/cans_all_type/recycle-aluminum-metal-crushed-can-waste-background-photo2.jpg,/content/drive/MyDrive/Waste_Classification_FINAL/data/processed/stage4_standardized/Recyclable/cans_all_type/recycle-aluminum-metal-crushed-can-waste-background-photo2.png,Recyclable,train,cans_all_type,3,VALID
Organic/coffee_tea_bags/open-bags-and-collect-tea-leaves-for-composting.jpg,/content/drive/MyDrive/Waste_Classification_FINAL/data/processed/stage4_standardized/Organic/coffee_tea_bags/open-bags-and-collect-tea-leaves-for-composting.png,Organic,train,coffee_tea_bags,2,VALID
Recyclable/glass_containers/fdfgfgfgfg-removebg-preview_2.jpg,/content/drive/MyDrive/Waste_Classification_FINAL/data/processed/stage4_standardized/Recyclable/glass_containers/fdfgfgfgfg-removebg-preview_2.png,Recyclable,train,glass_containers,3,VALID
Organic/egg_shells/eggshell20powder-800x800.jpg,/content/drive/MyDrive/Waste_Classification_FINAL/data/processed/stage4_standardized/Organic/egg_shells/eggshell20powder-800x800.png,Organic,train,egg_shells,2,VALID
Hazardous/e-waste/04801E3UVtxDTDY9ek1ovu0-3..v1618408208 - Copy.jpg,/content/drive/MyDrive/Waste_Classification_FINAL/data/processed/stage4_standardized/Hazardous/e-waste/04801E3UVtxDTDY9ek1ovu0-3..v1618408208 - Copy.png,Hazardous,train,e-waste,0,VALID
Recyclable/cans_all_type/can-1957735_1920.jpg,/content/drive/MyDrive/Waste_Classification_FINAL/data/processed/stage4_standardized/Recyclable/cans_all_type/can-1957735_1920.png,Recyclable,train,cans_all_type,3,VALID
Recyclable/glass_containers/Fotografie-2015_10_130287_LR.jpg,/content/drive/MyDrive/Waste_Classification_FINAL/data/processed/stage4_standardized/Recyclable/glass_containers/Fotografie-2015_10_130287_LR.png,Recyclable,train,glass_containers,3,VALID
Recyclable/cans_all_type/empty-aluminium-drinks-cans-recycling-rostov-don-russia-172776163.jpg,/content/drive/MyDrive/Waste_Classification_FINAL/data/processed/stage4_standardized/Recyclable/cans_all_type/empty-aluminium-drinks-cans-recycling-rostov-don-russia-172776163.png,Recyclable,train,cans_all_type,3,VALID
Non-Recyclable/diapers/-shadow-with-clipping-path-plastic-trash-can-overfilled-with-nappies-2B6X2H7.jpg,/content/drive/MyDrive/Waste_Classification_FINAL/data/processed/stage4_standardized/Non-Recyclable/diapers/-shadow-with-clipping-path-plastic-trash-can-overfilled-with-nappies-2B6X2H7.png,Non-Recyclable,train,diapers,1,VALID
Recyclable/plastic_bottles/15537477-three-soda-water-bottles-isolated-on-white-background.jpg,/content/drive/MyDrive/Waste_Classification_FINAL/data/processed/stage4_standardized/Recyclable/plastic_bottles/15537477-three-soda-water-bottles-isolated-on-white-background.png,Recyclable,train,plastic_bottles,3,VALID
Non-Recyclable/plastics_bags_wrappers/d5c6c4e209b7b27a34b8d6deaf125c19.jpg,/content/drive/MyDrive/Waste_Classification_FINAL/data/processed/stage4_standardized/Non-Recyclable/plastics_bags_wrappers/d5c6c4e209b7b27a34b8d6deaf125c19.png,Non-Recyclable,train,plastics_bags_wrappers,1,AUTO_CORRECTED
Recyclable/glass_containers/ecor-lights-garden-planters-edging-organizing-DIY-apieceofrainbow-1-625x1024.jpg,/content/drive/MyDrive/Waste_Classification_FINAL/data/processed/stage4_standardized/Recyclable/glass_containers/ecor-lights-garden-planters-edging-organizing-DIY-apieceofrainbow-1-625x1024.png,Recyclable,train,glass_containers,3,VALID
Recyclable/glass_containers/China-Kitchen-Storage-Glass-Mason-Jar-in-Bulk-Amber-Spice-Food-Glass-Jar-with-Lid.jpg,/content/drive/MyDrive/Waste_Classification_FINAL/data/processed/stage4_standardized/Recyclable/glass_containers/China-Kitchen-Storage-Glass-Mason-Jar-in-Bulk-Amber-Spice-Food-Glass-Jar-with-Lid.png,Recyclable,train,glass_containers,3,VALID
Organic/food_scraps/reusing-kitchen-scraps-FB.jpg,/content/drive/MyDrive/Waste_Classification_FINAL/data/processed/stage4_standardized/Organic/food_scraps/reusing-kitchen-scraps-FB.png,Organic,train,food_scraps,2,VALID
Non-Recyclable/ceramic_product/breaking_glass_blog_banner.jpg,/content/drive/MyDrive/Waste_Classification_FINAL/data/processed/stage4_standardized/Non-Recyclable/ceramic_product/breaking_glass_blog_banner.png,Non-Recyclable,train,ceramic_product,1,VALID
Hazardous/e-waste/341a4407444002d51dff14946e857c65 - Copy.jpg,/content/drive/MyDrive/Waste_Classification_FINAL/data/processed/stage4_standardized/Hazardous/e-waste/341a4407444002d51dff14946e857c65 - Copy.png,Hazardous,train,e-waste,0,VALID
Recyclable/paper_products/20200117122035-shopping-bags-4243556.jpg,/content/drive/MyDrive/Waste_Classification_FINAL/data/processed/stage4_standardized/Recyclable/paper_products/20200117122035-shopping-bags-4243556.png,Recyclable,train,paper_products,3,VALID
Hazardous/paints/maxresdefault2.jpg,/content/drive/MyDrive/Waste_Classification_FINAL/data/processed/stage4_standardized/Hazardous/paints/maxresdefault2.png,Hazardous,train,paints,0,VALID
Hazardous/e-waste/7ade6617-865a-42bf-b8f8-12859169a351.a7819c077ec87ce47606d6942a125eea - Copy.jpg,/content/drive/MyDrive/Waste_Classification_FINAL/data/processed/stage4_standardized/Hazardous/e-waste/7ade6617-865a-42bf-b8f8-12859169a351.a7819c077ec87ce47606d6942a125eea - Copy.png,Hazardous,train,e-waste,0,VALID
Organic/kitchen_waste/COMPOSTING-gif.jpg,/content/drive/MyDrive/Waste_Classification_FINAL/data/processed/stage4_standardized/Organic/kitchen_waste/COMPOSTING-gif.png,Organic,train,kitchen_waste,2,VALID
Hazardous/e-waste/cling-bin-with-discarded-electrical-and-electronic-devices-such-as-277722974 - Copy.jpg,/content/drive/MyDrive/Waste_Classification_FINAL/data/processed/stage4_standardized/Hazardous/e-waste/cling-bin-with-discarded-electrical-and-electronic-devices-such-as-277722974 - Copy.png,Hazardous,train,e-waste,0,VALID
Organic/food_scraps/fpiikgio_food-waste-istock-650_650x400_05_March_21.jpg,/content/drive/MyDrive/Waste_Classification_FINAL/data/processed/stage4_standardized/Organic/food_scraps/fpiikgio_food-waste-istock-650_650x400_05_March_21.png,Organic,train,food_scraps,2,VALID
Non-Recyclable/diapers/405434435.jpg,/content/drive/MyDrive/Waste_Classification_FINAL/data/processed/stage4_standardized/Non-Recyclable/diapers/405434435.png,Non-Recyclable,train,diapers,1,VALID
Recyclable/glass_containers/-jar-transparency-and-translucency-glass-jar-empty-clear-glass-jar-glass-lid.jpg,/content/drive/MyDrive/Waste_Classification_FINAL/data/processed/stage4_standardized/Recyclable/glass_containers/-jar-transparency-and-translucency-glass-jar-empty-clear-glass-jar-glass-lid.png,Recyclable,train,glass_containers,3,VALID
Non-Recyclable/styrofoam_product/2018-09-Chanalytics-iStock-reduce20foam20packaging20chainalytics_75ps.jpg,/content/drive/MyDrive/Waste_Classification_FINAL/data/processed/stage4_standardized/Non-Recyclable/styrofoam_product/2018-09-Chanalytics-iStock-reduce20foam20packaging20chainalytics_75ps.png,Non-Recyclable,train,styrofoam_product,1,AUTO_CORRECTED
Hazardous/e-waste/light-bulbs-and-recycling-bin-for-them-light-bulbs-and-fluorescent-lamps-are - Copy.jpg,/content/drive/MyDrive/Waste_Classification_FINAL/data/processed/stage4_standardized/Hazardous/e-waste/light-bulbs-and-recycling-bin-for-them-light-bulbs-and-fluorescent-lamps-are - Copy.png,Hazardous,train,e-waste,0,VALID
Organic/food_scraps/compost-them-1644793139.jpg,/content/drive/MyDrive/Waste_Classification_FINAL/data/processed/stage4_standardized/Organic/food_scraps/compost-them-1644793139.png,Organic,train,food_scraps,2,VALID
Non-Recyclable/diapers/diaper-biodegradable-1567090472295.jpg,/content/drive/MyDrive/Waste_Classification_FINAL/data/processed/stage4_standardized/Non-Recyclable/diapers/diaper-biodegradable-1567090472295.png,Non-Recyclable,train,diapers,1,VALID
Hazardous/e-waste/Compact_fluorescent_light_bulb_with_GU24_connector - Copy.jpg,/content/drive/MyDrive/Waste_Classification_FINAL/data/processed/stage4_standardized/Hazardous/e-waste/Compact_fluorescent_light_bulb_with_GU24_connector - Copy.png,Hazardous,train,e-waste,0,VALID
Organic/kitchen_waste/DuPont-s-clean-label-food-waste-innovation-for-plant-based-products.jpg,/content/drive/MyDrive/Waste_Classification_FINAL/data/processed/stage4_standardized/Organic/kitchen_waste/DuPont-s-clean-label-food-waste-innovation-for-plant-based-products.png,Organic,train,kitchen_waste,2,VALID
Non-Recyclable/diapers/Baby2BWith2BDisposable2BDiapers.jpg,/content/drive/MyDrive/Waste_Classification_FINAL/data/processed/stage4_standardized/Non-Recyclable/diapers/Baby2BWith2BDisposable2BDiapers.png,Non-Recyclable,train,diapers,1,VALID
Non-Recyclable/plastics_bags_wrappers/1500x900_362559-plastic-waste.jpg,/content/drive/MyDrive/Waste_Classification_FINAL/data/processed/stage4_standardized/Non-Recyclable/plastics_bags_wrappers/1500x900_362559-plastic-waste.png,Non-Recyclable,train,plastics_bags_wrappers,1,AUTO_CORRECTED
Non-Recyclable/diapers/e-of-garbage-from-food-waste-cans-and-plastic-bottles-and-plastic-1201361770.jpg,/content/drive/MyDrive/Waste_Classification_FINAL/data/processed/stage4_standardized/Non-Recyclable/diapers/e-of-garbage-from-food-waste-cans-and-plastic-bottles-and-plastic-1201361770.png,Non-Recyclable,train,diapers,1,VALID
Organic/egg_shells/animist-donyi-polo-shrine-made-from-bamboo-feathers-and-eggshells-E4A21E.jpg,/content/drive/MyDrive/Waste_Classification_FINAL/data/processed/stage4_standardized/Organic/egg_shells/animist-donyi-polo-shrine-made-from-bamboo-feathers-and-eggshells-E4A21E.png,Organic,train,egg_shells,2,VALID
Recyclable/cans_all_type/soda-can-white-aluminum-2J8MroE-600.jpg,/content/drive/MyDrive/Waste_Classification_FINAL/data/processed/stage4_standardized/Recyclable/cans_all_type/soda-can-white-aluminum-2J8MroE-600.png,Recyclable,train,cans_all_type,3,VALID
Hazardous/e-waste/3283392878_d023c2ef93 - Copy.jpg,/content/drive/MyDrive/Waste_Classification_FINAL/data/processed/stage4_standardized/Hazardous/e-waste/3283392878_d023c2ef93 - Copy.png,Hazardous,train,e-waste,0,VALID
Hazardous/e-waste/s-devices-and-used-electronic-components-intended-for-waste-disposal-2F3X0P0 - Copy.jpg,/content/drive/MyDrive/Waste_Classification_FINAL/data/processed/stage4_standardized/Hazardous/e-waste/s-devices-and-used-electronic-components-intended-for-waste-disposal-2F3X0P0 - Copy.png,Hazardous,train,e-waste,0,VALID
Hazardous/pesticides/Hazardous-pesticide.jpg,/content/drive/MyDrive/Waste_Classification_FINAL/data/processed/stage4_standardized/Hazardous/pesticides/Hazardous-pesticide.png,Hazardous,train,pesticides,0,VALID
Non-Recyclable/plastics_bags_wrappers/plastic-bags.jpg,/content/drive/MyDrive/Waste_Classification_FINAL/data/processed/stage4_standardized/Non-Recyclable/plastics_bags_wrappers/plastic-bags.png,Non-Recyclable,train,plastics_bags_wrappers,1,AUTO_CORRECTED
Hazardous/batteries/What_Batteries_are_Best_for_Flashlights_2991x.jpg,/content/drive/MyDrive/Waste_Classification_FINAL/data/processed/stage4_standardized/Hazardous/batteries/What_Batteries_are_Best_for_Flashlights_2991x.png,Hazardous,train,batteries,0,VALID
Hazardous/e-waste/47-e-waste-a-growing-concern - Copy.jpg,/content/drive/MyDrive/Waste_Classification_FINAL/data/processed/stage4_standardized/Hazardous/e-waste/47-e-waste-a-growing-concern - Copy.png,Hazardous,train,e-waste,0,VALID
Organic/yard_trimmings/compost-yard-waste-featured.jpg,/content/drive/MyDrive/Waste_Classification_FINAL/data/processed/stage4_standardized/Organic/yard_trimmings/compost-yard-waste-featured.png,Organic,train,yard_trimmings,2,VALID
Recyclable/paper_products/old-newspapers-in-cardboard-box-BMD6CC.jpg,/content/drive/MyDrive/Waste_Classification_FINAL/data/processed/stage4_standardized/Recyclable/paper_products/old-newspapers-in-cardboard-box-BMD6CC.png,Recyclable,train,paper_products,3,VALID
Organic/egg_shells/ew-group-of-broken-eggshells-stacked-on-white-background-flat-lay-2078296249.jpg,/content/drive/MyDrive/Waste_Classification_FINAL/data/processed/stage4_standardized/Organic/egg_shells/ew-group-of-broken-eggshells-stacked-on-white-background-flat-lay-2078296249.png,Organic,train,egg_shells,2,VALID
Recyclable/cans_all_type/canned-food-961779-1.jpg,/content/drive/MyDrive/Waste_Classification_FINAL/data/processed/stage4_standardized/Recyclable/cans_all_type/canned-food-961779-1.png,Recyclable,train,cans_all_type,3,VALID
Organic/yard_trimmings/rsz_shutterstock_1129173176.jpg,/content/drive/MyDrive/Waste_Classification_FINAL/data/processed/stage4_standardized/Organic/yard_trimmings/rsz_shutterstock_1129173176.png,Organic,train,yard_trimmings,2,VALID
Hazardous/e-waste/Namo-Blog_Cover-7-1024x536 - Copy.jpg,/content/drive/MyDrive/Waste_Classification_FINAL/data/processed/stage4_standardized/Hazardous/e-waste/Namo-Blog_Cover-7-1024x536 - Copy.png,Hazardous,train,e-waste,0,VALID
Hazardous/e-waste/CFL-VS-LED-Lighting - Copy.jpg,/content/drive/MyDrive/Waste_Classification_FINAL/data/processed/stage4_standardized/Hazardous/e-waste/CFL-VS-LED-Lighting - Copy.png,Hazardous,train,e-waste,0,VALID
Hazardous/pesticides/ecticides-chemical-spray-to-get-rid-of-weeds-and-insects-or-plant-1944918877.jpg,/content/drive/MyDrive/Waste_Classification_FINAL/data/processed/stage4_standardized/Hazardous/pesticides/ecticides-chemical-spray-to-get-rid-of-weeds-and-insects-or-plant-1944918877.png,Hazardous,train,pesticides,0,VALID
Recyclable/glass_containers/s-glass-jar-watercolor-vector-clipart-set-hand-drawn-illustration_530505-480.jpg,/content/drive/MyDrive/Waste_Classification_FINAL/data/processed/stage4_standardized/Recyclable/glass_containers/s-glass-jar-watercolor-vector-clipart-set-hand-drawn-illustration_530505-480.png,Recyclable,train,glass_containers,3,VALID
Hazardous/batteries/Intro-to-batteries-featured.jpg,/content/drive/MyDrive/Waste_Classification_FINAL/data/processed/stage4_standardized/Hazardous/batteries/Intro-to-batteries-featured.png,Hazardous,train,batteries,0,VALID
Non-Recyclable/plastics_bags_wrappers/image29.jpg,/content/drive/MyDrive/Waste_Classification_FINAL/data/processed/stage4_standardized/Non-Recyclable/plastics_bags_wrappers/image29.png,Non-Recyclable,train,plastics_bags_wrappers,1,AUTO_CORRECTED
Non-Recyclable/diapers/30487_hd.jpg,/content/drive/MyDrive/Waste_Classification_FINAL/data/processed/stage4_standardized/Non-Recyclable/diapers/30487_hd.png,Non-Recyclable,train,diapers,1,VALID
Recyclable/plastic_bottles/coca-cola-recycled-plastic-news_dezeen_2364_sq.jpg,/content/drive/MyDrive/Waste_Classification_FINAL/data/processed/stage4_standardized/Recyclable/plastic_bottles/coca-cola-recycled-plastic-news_dezeen_2364_sq.png,Recyclable,train,plastic_bottles,3,VALID
Hazardous/paints/Chemic7.jpg,/content/drive/MyDrive/Waste_Classification_FINAL/data/processed/stage4_standardized/Hazardous/paints/Chemic7.png,Hazardous,train,paints,0,VALID
Organic/egg_shells/FB_IMG_1604548763726.jpg,/content/drive/MyDrive/Waste_Classification_FINAL/data/processed/stage4_standardized/Organic/egg_shells/FB_IMG_1604548763726.png,Organic,train,egg_shells,2,VALID
Recyclable/plastic_bottles/Black_and_white_Coke_Zero.jpg,/content/drive/MyDrive/Waste_Classification_FINAL/data/processed/stage4_standardized/Recyclable/plastic_bottles/Black_and_white_Coke_Zero.png,Recyclable,train,plastic_bottles,3,VALID
Organic/food_scraps/9122rFZCfiL._AC_UF10001000_QL80_.jpg,/content/drive/MyDrive/Waste_Classification_FINAL/data/processed/stage4_standardized/Organic/food_scraps/9122rFZCfiL._AC_UF10001000_QL80_.png,Organic,train,food_scraps,2,VALID
Organic/egg_shells/-as-calcium-supplement-popular-asia-india-powder-ground-egg-shells-119970282.jpg,/content/drive/MyDrive/Waste_Classification_FINAL/data/processed/stage4_standardized/Organic/egg_shells/-as-calcium-supplement-popular-asia-india-powder-ground-egg-shells-119970282.png,Organic,train,egg_shells,2,VALID
Non-Recyclable/diapers/Unguarded-disposal-of-soiled-disposable-diapers-in-vacant-plots-27_Q320.jpg,/content/drive/MyDrive/Waste_Classification_FINAL/data/processed/stage4_standardized/Non-Recyclable/diapers/Unguarded-disposal-of-soiled-disposable-diapers-in-vacant-plots-27_Q320.png,Non-Recyclable,train,diapers,1,VALID
Recyclable/cans_all_type/pouqoxmmx1.jpg,/content/drive/MyDrive/Waste_Classification_FINAL/data/processed/stage4_standardized/Recyclable/cans_all_type/pouqoxmmx1.png,Recyclable,train,cans_all_type,3,VALID
Non-Recyclable/ceramic_product/original.jpg,/content/drive/MyDrive/Waste_Classification_FINAL/data/processed/stage4_standardized/Non-Recyclable/ceramic_product/original.png,Non-Recyclable,train,ceramic_product,1,VALID
Organic/coffee_tea_bags/composting-teabag.jpg,/content/drive/MyDrive/Waste_Classification_FINAL/data/processed/stage4_standardized/Organic/coffee_tea_bags/composting-teabag.png,Organic,train,coffee_tea_bags,2,VALID
Recyclable/cans_all_type/paint_cats.jpg,/content/drive/MyDrive/Waste_Classification_FINAL/data/processed/stage4_standardized/Recyclable/cans_all_type/paint_cats.png,Recyclable,train,cans_all_type,3,VALID
Non-Recyclable/diapers/oversonlinewith100_disposablehealthynappypads_liners_insertsnearmeatbdiapers.jpg,/content/drive/MyDrive/Waste_Classification_FINAL/data/processed/stage4_standardized/Non-Recyclable/diapers/oversonlinewith100_disposablehealthynappypads_liners_insertsnearmeatbdiapers.png,Non-Recyclable,train,diapers,1,VALID
Hazardous/paints/CitrusSolvent_Collection_RealMilkPaintCo_Web_2019_b4440ba8-7140-4254-8c06-eb0c61a89993.jpg,/content/drive/MyDrive/Waste_Classification_FINAL/data/processed/stage4_standardized/Hazardous/paints/CitrusSolvent_Collection_RealMilkPaintCo_Web_2019_b4440ba8-7140-4254-8c06-eb0c61a89993.png,Hazardous,train,paints,0,VALID
Recyclable/glass_containers/GHJ_2005_2400x.jpg,/content/drive/MyDrive/Waste_Classification_FINAL/data/processed/stage4_standardized/Recyclable/glass_containers/GHJ_2005_2400x.png,Recyclable,train,glass_containers,3,VALID
Recyclable/cans_all_type/HFB_Hunger_Blog_00230228_header_cans-scaled.jpg,/content/drive/MyDrive/Waste_Classification_FINAL/data/processed/stage4_standardized/Recyclable/cans_all_type/HFB_Hunger_Blog_00230228_header_cans-scaled.png,Recyclable,train,cans_all_type,3,VALID
Non-Recyclable/sanitary_napkin/1-s2.0-S2405844022011471-ga1.jpg,/content/drive/MyDrive/Waste_Classification_FINAL/data/processed/stage4_standardized/Non-Recyclable/sanitary_napkin/1-s2.0-S2405844022011471-ga1.png,Non-Recyclable,train,sanitary_napkin,1,VALID
Hazardous/e-waste/Ewaste - Copy.jpg,/content/drive/MyDrive/Waste_Classification_FINAL/data/processed/stage4_standardized/Hazardous/e-waste/Ewaste - Copy.png,Hazardous,train,e-waste,0,VALID
Non-Recyclable/ceramic_product/Tea-Bowl2-1024x739.jpg,/content/drive/MyDrive/Waste_Classification_FINAL/data/processed/stage4_standardized/Non-Recyclable/ceramic_product/Tea-Bowl2-1024x739.png,Non-Recyclable,train,ceramic_product,1,VALID
Recyclable/glass_containers/51Jl-pF7VZL.jpg,/content/drive/MyDrive/Waste_Classification_FINAL/data/processed/stage4_standardized/Recyclable/glass_containers/51Jl-pF7VZL.png,Recyclable,train,glass_containers,3,VALID
Organic/kitchen_waste/Plant-based-functional-food-ingredients-scrutinised-in-Pro-Enrich-project.jpg,/content/drive/MyDrive/Waste_Classification_FINAL/data/processed/stage4_standardized/Organic/kitchen_waste/Plant-based-functional-food-ingredients-scrutinised-in-Pro-Enrich-project.png,Organic,train,kitchen_waste,2,VALID
Non-Recyclable/sanitary_napkin/1200px-thumbnail.jpg,/content/drive/MyDrive/Waste_Classification_FINAL/data/processed/stage4_standardized/Non-Recyclable/sanitary_napkin/1200px-thumbnail.png,Non-Recyclable,train,sanitary_napkin,1,VALID
Recyclable/cans_all_type/food-can.jpg,/content/drive/MyDrive/Waste_Classification_FINAL/data/processed/stage4_standardized/Recyclable/cans_all_type/food-can.png,Recyclable,train,cans_all_type,3,VALID
Non-Recyclable/sanitary_napkin/007481869_1-f6ad30c61ad557672837a415717eec59.jpg,/content/drive/MyDrive/Waste_Classification_FINAL/data/processed/stage4_standardized/Non-Recyclable/sanitary_napkin/007481869_1-f6ad30c61ad557672837a415717eec59.png,Non-Recyclable,train,sanitary_napkin,1,VALID
Hazardous/paints/thinning-oil-paint-feature-image.jpg,/content/drive/MyDrive/Waste_Classification_FINAL/data/processed/stage4_standardized/Hazardous/paints/thinning-oil-paint-feature-image.png,Hazardous,train,paints,0,VALID
Recyclable/glass_containers/Kavi-Recycled-Vodka-Jars-Set-of-Four.jpg,/content/drive/MyDrive/Waste_Classification_FINAL/data/processed/stage4_standardized/Recyclable/glass_containers/Kavi-Recycled-Vodka-Jars-Set-of-Four.png,Recyclable,train,glass_containers,3,VALID
Recyclable/cans_all_type/c0469750-800px-wm.jpg,/content/drive/MyDrive/Waste_Classification_FINAL/data/processed/stage4_standardized/Recyclable/cans_all_type/c0469750-800px-wm.png,Recyclable,train,cans_all_type,3,VALID
Recyclable/plastic_bottles/072822sprite.jpg,/content/drive/MyDrive/Waste_Classification_FINAL/data/processed/stage4_standardized/Recyclable/plastic_bottles/072822sprite.png,Recyclable,train,plastic_bottles,3,VALID
Non-Recyclable/sanitary_napkin/096_main.jpg,/content/drive/MyDrive/Waste_Classification_FINAL/data/processed/stage4_standardized/Non-Recyclable/sanitary_napkin/096_main.png,Non-Recyclable,train,sanitary_napkin,1,VALID
Non-Recyclable/diapers/waste.jpg,/content/drive/MyDrive/Waste_Classification_FINAL/data/processed/stage4_standardized/Non-Recyclable/diapers/waste.png,Non-Recyclable,train,diapers,1,VALID
Hazardous/e-waste/fluorescent2 - Copy.jpg,/content/drive/MyDrive/Waste_Classification_FINAL/data/processed/stage4_standardized/Hazardous/e-waste/fluorescent2 - Copy.png,Hazardous,train,e-waste,0,VALID
Recyclable/paper_products/Untitled-design-28.jpg,/content/drive/MyDrive/Waste_Classification_FINAL/data/processed/stage4_standardized/Recyclable/paper_products/Untitled-design-28.png,Recyclable,train,paper_products,3,VALID
Hazardous/batteries/suschem-02-00011-g001.jpg,/content/drive/MyDrive/Waste_Classification_FINAL/data/processed/stage4_standardized/Hazardous/batteries/suschem-02-00011-g001.png,Hazardous,train,batteries,0,VALID
Non-Recyclable/sanitary_napkin/nstrual-hygiene-management-at-school-can-prevent-adverse-health-consequences.jpg,/content/drive/MyDrive/Waste_Classification_FINAL/data/processed/stage4_standardized/Non-Recyclable/sanitary_napkin/nstrual-hygiene-management-at-school-can-prevent-adverse-health-consequences.png,Non-Recyclable,train,sanitary_napkin,1,VALID
Organic/egg_shells/1000_F_523577764_HniZM09ls0H3vw7i0DXikSEzdasvzmoy.jpg,/content/drive/MyDrive/Waste_Classification_FINAL/data/processed/stage4_standardized/Organic/egg_shells/1000_F_523577764_HniZM09ls0H3vw7i0DXikSEzdasvzmoy.png,Organic,train,egg_shells,2,VALID
Organic/yard_trimmings/A1IUzTG2TJL._AC_UF8941000_QL80_.jpg,/content/drive/MyDrive/Waste_Classification_FINAL/data/processed/stage4_standardized/Organic/yard_trimmings/A1IUzTG2TJL._AC_UF8941000_QL80_.png,Organic,train,yard_trimmings,2,VALID
Hazardous/e-waste/66016104-inefficient-tungsten-light-bulbs-discarded-in-a-trash-can-green-eco-concept - Copy.jpg,/content/drive/MyDrive/Waste_Classification_FINAL/data/processed/stage4_standardized/Hazardous/e-waste/66016104-inefficient-tungsten-light-bulbs-discarded-in-a-trash-can-green-eco-concept - Copy.png,Hazardous,train,e-waste,0,VALID
Non-Recyclable/ceramic_product/5j45j45j-min.jpg,/content/drive/MyDrive/Waste_Classification_FINAL/data/processed/stage4_standardized/Non-Recyclable/ceramic_product/5j45j45j-min.png,Non-Recyclable,train,ceramic_product,1,VALID
Non-Recyclable/ceramic_product/How-to-dispose-of-broken-glass-Cover.jpg,/content/drive/MyDrive/Waste_Classification_FINAL/data/processed/stage4_standardized/Non-Recyclable/ceramic_product/How-to-dispose-of-broken-glass-Cover.png,Non-Recyclable,train,ceramic_product,1,VALID
Recyclable/plastic_bottles/plastic-soda-bottle.jpg,/content/drive/MyDrive/Waste_Classification_FINAL/data/processed/stage4_standardized/Recyclable/plastic_bottles/plastic-soda-bottle.png,Recyclable,train,plastic_bottles,3,VALID
Organic/yard_trimmings/Dont-trash-natural-areas-2.jpg,/content/drive/MyDrive/Waste_Classification_FINAL/data/processed/stage4_standardized/Organic/yard_trimmings/Dont-trash-natural-areas-2.png,Organic,train,yard_trimmings,2,VALID
Non-Recyclable/plastics_bags_wrappers/garbage-1260833_1280.jpg,/content/drive/MyDrive/Waste_Classification_FINAL/data/processed/stage4_standardized/Non-Recyclable/plastics_bags_wrappers/garbage-1260833_1280.png,Non-Recyclable,train,plastics_bags_wrappers,1,AUTO_CORRECTED
Non-Recyclable/sanitary_napkin/9641z.jpg,/content/drive/MyDrive/Waste_Classification_FINAL/data/processed/stage4_standardized/Non-Recyclable/sanitary_napkin/9641z.png,Non-Recyclable,train,sanitary_napkin,1,VALID
Organic/kitchen_waste/Pic2-7.jpg,/content/drive/MyDrive/Waste_Classification_FINAL/data/processed/stage4_standardized/Organic/kitchen_waste/Pic2-7.png,Organic,train,kitchen_waste,2,VALID
Recyclable/cans_all_type/g-eco-friendly-concept-recyclable-metal-waste-and-zero-waste-concept-2K0FCNX.jpg,/content/drive/MyDrive/Waste_Classification_FINAL/data/processed/stage4_standardized/Recyclable/cans_all_type/g-eco-friendly-concept-recyclable-metal-waste-and-zero-waste-concept-2K0FCNX.png,Recyclable,train,cans_all_type,3,VALID
Recyclable/paper_products/nts-stacks-packs-pile-on-the-desk-in-the-office-waste-paper-paper-2087508244.jpg,/content/drive/MyDrive/Waste_Classification_FINAL/data/processed/stage4_standardized/Recyclable/paper_products/nts-stacks-packs-pile-on-the-desk-in-the-office-waste-paper-paper-2087508244.png,Recyclable,train,paper_products,3,VALID
Recyclable/plastic_bottles/water-bottles-plastic-bottle-collection-260nw-1953297745.jpg,/content/drive/MyDrive/Waste_Classification_FINAL/data/processed/stage4_standardized/Recyclable/plastic_bottles/water-bottles-plastic-bottle-collection-260nw-1953297745.png,Recyclable,train,plastic_bottles,3,VALID
Recyclable/plastic_bottles/terrarium-cut-bottle.jpg,/content/drive/MyDrive/Waste_Classification_FINAL/data/processed/stage4_standardized/Recyclable/plastic_bottles/terrarium-cut-bottle.png,Recyclable,train,plastic_bottles,3,VALID
Recyclable/cans_all_type/red-aluminium-can-vector-3885470.jpg,/content/drive/MyDrive/Waste_Classification_FINAL/data/processed/stage4_standardized/Recyclable/cans_all_type/red-aluminium-can-vector-3885470.png,Recyclable,train,cans_all_type,3,VALID
Recyclable/cans_all_type/plastic-waste-and-other-recylable-items-1080x675.jpg,/content/drive/MyDrive/Waste_Classification_FINAL/data/processed/stage4_standardized/Recyclable/cans_all_type/plastic-waste-and-other-recylable-items-1080x675.png,Recyclable,train,cans_all_type,3,VALID
Non-Recyclable/plastics_bags_wrappers/Various-empty-1024x576.jpg,/content/drive/MyDrive/Waste_Classification_FINAL/data/processed/stage4_standardized/Non-Recyclable/plastics_bags_wrappers/Various-empty-1024x576.png,Non-Recyclable,train,plastics_bags_wrappers,1,AUTO_CORRECTED
Organic/food_scraps/-bread-organic-waste-isolated-shite-background-flat-illustration_74855-14373.jpg,/content/drive/MyDrive/Waste_Classification_FINAL/data/processed/stage4_standardized/Organic/food_scraps/-bread-organic-waste-isolated-shite-background-flat-illustration_74855-14373.png,Organic,train,food_scraps,2,VALID
Non-Recyclable/ceramic_product/colored-glass-pieces.jpg,/content/drive/MyDrive/Waste_Classification_FINAL/data/processed/stage4_standardized/Non-Recyclable/ceramic_product/colored-glass-pieces.png,Non-Recyclable,train,ceramic_product,1,VALID
Non-Recyclable/plastics_bags_wrappers/plastic-bag-recycling.jpg,/content/drive/MyDrive/Waste_Classification_FINAL/data/processed/stage4_standardized/Non-Recyclable/plastics_bags_wrappers/plastic-bag-recycling.png,Non-Recyclable,train,plastics_bags_wrappers,1,AUTO_CORRECTED
Organic/egg_shells/egg-shell-1.jpg,/content/drive/MyDrive/Waste_Classification_FINAL/data/processed/stage4_standardized/Organic/egg_shells/egg-shell-1.png,Organic,train,egg_shells,2,VALID
Non-Recyclable/sanitary_napkin/how_is_Biomedical_Waste_Disposed_Corpseed.jpg,/content/drive/MyDrive/Waste_Classification_FINAL/data/processed/stage4_standardized/Non-Recyclable/sanitary_napkin/how_is_Biomedical_Waste_Disposed_Corpseed.png,Non-Recyclable,train,sanitary_napkin,1,VALID
Non-Recyclable/styrofoam_product/1919463.jpg,/content/drive/MyDrive/Waste_Classification_FINAL/data/processed/stage4_standardized/Non-Recyclable/styrofoam_product/1919463.png,Non-Recyclable,train,styrofoam_product,1,AUTO_CORRECTED
Organic/coffee_tea_bags/group2F7162Fmenu2F111220_1.jpg,/content/drive/MyDrive/Waste_Classification_FINAL/data/processed/stage4_standardized/Organic/coffee_tea_bags/group2F7162Fmenu2F111220_1.png,Organic,train,coffee_tea_bags,2,VALID
Organic/food_scraps/composting-methods.jpg,/content/drive/MyDrive/Waste_Classification_FINAL/data/processed/stage4_standardized/Organic/food_scraps/composting-methods.png,Organic,train,food_scraps,2,VALID
Organic/coffee_tea_bags/a82ae4de-f25b-45c9-a0dd-5a32a4de43af_425x425.jpg,/content/drive/MyDrive/Waste_Classification_FINAL/data/processed/stage4_standardized/Organic/coffee_tea_bags/a82ae4de-f25b-45c9-a0dd-5a32a4de43af_425x425.png,Organic,train,coffee_tea_bags,2,VALID
Non-Recyclable/ceramic_product/why-does-ceramic-break-glass.jpg,/content/drive/MyDrive/Waste_Classification_FINAL/data/processed/stage4_standardized/Non-Recyclable/ceramic_product/why-does-ceramic-break-glass.png,Non-Recyclable,train,ceramic_product,1,VALID
Non-Recyclable/ceramic_product/Recycled-glass-tile.jpg,/content/drive/MyDrive/Waste_Classification_FINAL/data/processed/stage4_standardized/Non-Recyclable/ceramic_product/Recycled-glass-tile.png,Non-Recyclable,train,ceramic_product,1,VALID
Recyclable/cans_all_type/aluminum-cans-in-recycling-kon-tum-vietnam-KJJ5CJ.jpg,/content/drive/MyDrive/Waste_Classification_FINAL/data/processed/stage4_standardized/Recyclable/cans_all_type/aluminum-cans-in-recycling-kon-tum-vietnam-KJJ5CJ.png,Recyclable,train,cans_all_type,3,VALID
Recyclable/plastic_bottles/4212d915183728270996d833a9ec3a2d--soda-bottle-crafts-soda-bottles.jpg,/content/drive/MyDrive/Waste_Classification_FINAL/data/processed/stage4_standardized/Recyclable/plastic_bottles/4212d915183728270996d833a9ec3a2d--soda-bottle-crafts-soda-bottles.png,Recyclable,train,plastic_bottles,3,VALID
Recyclable/paper_products/cardboard-waste-paper-500x500.jpg,/content/drive/MyDrive/Waste_Classification_FINAL/data/processed/stage4_standardized/Recyclable/paper_products/cardboard-waste-paper-500x500.png,Recyclable,train,paper_products,3,VALID
Hazardous/batteries/Types-of-rechargeable-batteries-.jpg,/content/drive/MyDrive/Waste_Classification_FINAL/data/processed/stage4_standardized/Hazardous/batteries/Types-of-rechargeable-batteries-.png,Hazardous,train,batteries,0,VALID
Hazardous/e-waste/cfl-product-family - Copy.jpg,/content/drive/MyDrive/Waste_Classification_FINAL/data/processed/stage4_standardized/Hazardous/e-waste/cfl-product-family - Copy.png,Hazardous,train,e-waste,0,VALID
Non-Recyclable/ceramic_product/Glass-recycling.jpg,/content/drive/MyDrive/Waste_Classification_FINAL/data/processed/stage4_standardized/Non-Recyclable/ceramic_product/Glass-recycling.png,Non-Recyclable,train,ceramic_product,1,VALID
Organic/egg_shells/egg-shell-1668237416-6621619.jpg,/content/drive/MyDrive/Waste_Classification_FINAL/data/processed/stage4_standardized/Organic/egg_shells/egg-shell-1668237416-6621619.png,Organic,train,egg_shells,2,VALID
Organic/yard_trimmings/Yard-Waste-101.jpg,/content/drive/MyDrive/Waste_Classification_FINAL/data/processed/stage4_standardized/Organic/yard_trimmings/Yard-Waste-101.png,Organic,train,yard_trimmings,2,VALID
Hazardous/e-waste/compact-fluorescent-light-bulbs-with-typical-color-temperatures-vector-HGPGPK - Copy.jpg,/content/drive/MyDrive/Waste_Classification_FINAL/data/processed/stage4_standardized/Hazardous/e-waste/compact-fluorescent-light-bulbs-with-typical-color-temperatures-vector-HGPGPK - Copy.png,Hazardous,train,e-waste,0,VALID
Organic/food_scraps/dc-Cover-cgac7t839uh8gjfhkmi1avj642-20190223024739.Medi.jpg,/content/drive/MyDrive/Waste_Classification_FINAL/data/processed/stage4_standardized/Organic/food_scraps/dc-Cover-cgac7t839uh8gjfhkmi1avj642-20190223024739.Medi.png,Organic,train,food_scraps,2,VALID
Non-Recyclable/diapers/disposable-baby-diaper.jpg,/content/drive/MyDrive/Waste_Classification_FINAL/data/processed/stage4_standardized/Non-Recyclable/diapers/disposable-baby-diaper.png,Non-Recyclable,train,diapers,1,VALID
Organic/kitchen_waste/caec53fd447ffe42bd17749e343aaf51.jpg,/content/drive/MyDrive/Waste_Classification_FINAL/data/processed/stage4_standardized/Organic/kitchen_waste/caec53fd447ffe42bd17749e343aaf51.png,Organic,train,kitchen_waste,2,VALID
Organic/egg_shells/eggshells-in-the-garden.jpg,/content/drive/MyDrive/Waste_Classification_FINAL/data/processed/stage4_standardized/Organic/egg_shells/eggshells-in-the-garden.png,Organic,train,egg_shells,2,VALID
Non-Recyclable/styrofoam_product/styrofoam-packing-peanutes-alternative-header.jpg,/content/drive/MyDrive/Waste_Classification_FINAL/data/processed/stage4_standardized/Non-Recyclable/styrofoam_product/styrofoam-packing-peanutes-alternative-header.png,Non-Recyclable,train,styrofoam_product,1,AUTO_CORRECTED
Recyclable/cans_all_type/Can-do-attitude-beWater-plans-ASEAN-expansion-in-bid-to-reduce-plastic-waste-problem.jpg,/content/drive/MyDrive/Waste_Classification_FINAL/data/processed/stage4_standardized/Recyclable/cans_all_type/Can-do-attitude-beWater-plans-ASEAN-expansion-in-bid-to-reduce-plastic-waste-problem.png,Recyclable,train,cans_all_type,3,VALID
Non-Recyclable/ceramic_product/hong-kong-august-01-a-mix-of-broken-glass-shattered-ceramics-building-HKCCMG.jpg,/content/drive/MyDrive/Waste_Classification_FINAL/data/processed/stage4_standardized/Non-Recyclable/ceramic_product/hong-kong-august-01-a-mix-of-broken-glass-shattered-ceramics-building-HKCCMG.png,Non-Recyclable,train,ceramic_product,1,VALID
Non-Recyclable/plastics_bags_wrappers/eco-friendly-alternatives-110.jpg,/content/drive/MyDrive/Waste_Classification_FINAL/data/processed/stage4_standardized/Non-Recyclable/plastics_bags_wrappers/eco-friendly-alternatives-110.png,Non-Recyclable,train,plastics_bags_wrappers,1,AUTO_CORRECTED
Non-Recyclable/diapers/Pampers-All-round-Protection-Pants-Medium-Size-Baby-Diapers-76-Count.jpg,/content/drive/MyDrive/Waste_Classification_FINAL/data/processed/stage4_standardized/Non-Recyclable/diapers/Pampers-All-round-Protection-Pants-Medium-Size-Baby-Diapers-76-Count.png,Non-Recyclable,train,diapers,1,VALID
Recyclable/glass_containers/09706-cover-bottlescxd.jpg,/content/drive/MyDrive/Waste_Classification_FINAL/data/processed/stage4_standardized/Recyclable/glass_containers/09706-cover-bottlescxd.png,Recyclable,train,glass_containers,3,VALID
Hazardous/e-waste/bulbs_2 - Copy.jpg,/content/drive/MyDrive/Waste_Classification_FINAL/data/processed/stage4_standardized/Hazardous/e-waste/bulbs_2 - Copy.png,Hazardous,train,e-waste,0,VALID
Recyclable/plastic_bottles/H9436b5a8afeb4b8685783aec367a9022q.jpg,/content/drive/MyDrive/Waste_Classification_FINAL/data/processed/stage4_standardized/Recyclable/plastic_bottles/H9436b5a8afeb4b8685783aec367a9022q.png,Recyclable,train,plastic_bottles,3,VALID
Recyclable/cans_all_type/Can28Easy_Open_Can29.JPG.jpg,/content/drive/MyDrive/Waste_Classification_FINAL/data/processed/stage4_standardized/Recyclable/cans_all_type/Can28Easy_Open_Can29.JPG.png,Recyclable,train,cans_all_type,3,VALID
Organic/coffee_tea_bags/CA4A5068_1000x1000.jpg,/content/drive/MyDrive/Waste_Classification_FINAL/data/processed/stage4_standardized/Organic/coffee_tea_bags/CA4A5068_1000x1000.png,Organic,train,coffee_tea_bags,2,VALID
Hazardous/pesticides/latest-technical-book-on-insecticides-and-pesticides-hindi-original-imafvq28xeq9mwhd.jpg,/content/drive/MyDrive/Waste_Classification_FINAL/data/processed/stage4_standardized/Hazardous/pesticides/latest-technical-book-on-insecticides-and-pesticides-hindi-original-imafvq28xeq9mwhd.png,Hazardous,train,pesticides,0,VALID
Hazardous/pesticides/pesticide-l.jpg,/content/drive/MyDrive/Waste_Classification_FINAL/data/processed/stage4_standardized/Hazardous/pesticides/pesticide-l.png,Hazardous,train,pesticides,0,VALID
Recyclable/cans_all_type/5330f16806681925702afcbf75ba92b172-10-soups-lede.rsquare.w1200.jpg,/content/drive/MyDrive/Waste_Classification_FINAL/data/processed/stage4_standardized/Recyclable/cans_all_type/5330f16806681925702afcbf75ba92b172-10-soups-lede.rsquare.w1200.png,Recyclable,train,cans_all_type,3,VALID
Recyclable/paper_products/41806500.jpg,/content/drive/MyDrive/Waste_Classification_FINAL/data/processed/stage4_standardized/Recyclable/paper_products/41806500.png,Recyclable,train,paper_products,3,VALID
Recyclable/glass_containers/my-borosil-storage-jars-600-ml-classic-jar-with-wooden-lid-31556757061770.jpg,/content/drive/MyDrive/Waste_Classification_FINAL/data/processed/stage4_standardized/Recyclable/glass_containers/my-borosil-storage-jars-600-ml-classic-jar-with-wooden-lid-31556757061770.png,Recyclable,train,glass_containers,3,VALID
Non-Recyclable/plastics_bags_wrappers/_117581598_gettyimages-957361834_anindianboysearchesforremainfoodinpolythenepacketsatroadside.jpg,/content/drive/MyDrive/Waste_Classification_FINAL/data/processed/stage4_standardized/Non-Recyclable/plastics_bags_wrappers/_117581598_gettyimages-957361834_anindianboysearchesforremainfoodinpolythenepacketsatroadside.png,Non-Recyclable,train,plastics_bags_wrappers,1,AUTO_CORRECTED
Recyclable/glass_containers/korken-jar-with-lid-clear-glass__1059754_pe849771_s5.jpg,/content/drive/MyDrive/Waste_Classification_FINAL/data/processed/stage4_standardized/Recyclable/glass_containers/korken-jar-with-lid-clear-glass__1059754_pe849771_s5.png,Recyclable,train,glass_containers,3,VALID
Non-Recyclable/plastics_bags_wrappers/CBS-Impact_f25a3ca6-4561-4e42-9a9a-4859b381639a.jpg,/content/drive/MyDrive/Waste_Classification_FINAL/data/processed/stage4_standardized/Non-Recyclable/plastics_bags_wrappers/CBS-Impact_f25a3ca6-4561-4e42-9a9a-4859b381639a.png,Non-Recyclable,train,plastics_bags_wrappers,1,AUTO_CORRECTED
Hazardous/pesticides/eme-man-spraying-toxic-pesticides-or-insecticides-on-corn-growing-1715459710.jpg,/content/drive/MyDrive/Waste_Classification_FINAL/data/processed/stage4_standardized/Hazardous/pesticides/eme-man-spraying-toxic-pesticides-or-insecticides-on-corn-growing-1715459710.png,Hazardous,train,pesticides,0,VALID
Hazardous/e-waste/JunkDevices-607673850 - Copy.jpg,/content/drive/MyDrive/Waste_Classification_FINAL/data/processed/stage4_standardized/Hazardous/e-waste/JunkDevices-607673850 - Copy.png,Hazardous,train,e-waste,0,VALID
Hazardous/paints/25375296_web1_HHW-jsj-210608_1.jpg,/content/drive/MyDrive/Waste_Classification_FINAL/data/processed/stage4_standardized/Hazardous/paints/25375296_web1_HHW-jsj-210608_1.png,Hazardous,train,paints,0,VALID
Hazardous/pesticides/rganic-ecological-agriculture-spray-pesticides-pesticide-on-fruit-1512406559.jpg,/content/drive/MyDrive/Waste_Classification_FINAL/data/processed/stage4_standardized/Hazardous/pesticides/rganic-ecological-agriculture-spray-pesticides-pesticide-on-fruit-1512406559.png,Hazardous,train,pesticides,0,VALID
Recyclable/cans_all_type/20170221152145.jpg,/content/drive/MyDrive/Waste_Classification_FINAL/data/processed/stage4_standardized/Recyclable/cans_all_type/20170221152145.png,Recyclable,train,cans_all_type,3,VALID
Recyclable/paper_products/slide_14.jpg,/content/drive/MyDrive/Waste_Classification_FINAL/data/processed/stage4_standardized/Recyclable/paper_products/slide_14.png,Recyclable,train,paper_products,3,VALID
Hazardous/paints/WASTE-SERVICES-Paints-466x250-480w.jpg,/content/drive/MyDrive/Waste_Classification_FINAL/data/processed/stage4_standardized/Hazardous/paints/WASTE-SERVICES-Paints-466x250-480w.png,Hazardous,train,paints,0,VALID
Organic/yard_trimmings/yard-waste-by-street-waiting-to-be-picked-up-FJ0XYB.jpg,/content/drive/MyDrive/Waste_Classification_FINAL/data/processed/stage4_standardized/Organic/yard_trimmings/yard-waste-by-street-waiting-to-be-picked-up-FJ0XYB.png,Organic,train,yard_trimmings,2,VALID
Non-Recyclable/diapers/baby-diapers2.jpg,/content/drive/MyDrive/Waste_Classification_FINAL/data/processed/stage4_standardized/Non-Recyclable/diapers/baby-diapers2.png,Non-Recyclable,train,diapers,1,VALID
Organic/food_scraps/un-food-waste-2013-feature_1474021852.jpg,/content/drive/MyDrive/Waste_Classification_FINAL/data/processed/stage4_standardized/Organic/food_scraps/un-food-waste-2013-feature_1474021852.png,Organic,train,food_scraps,2,VALID
Hazardous/batteries/inf212000-fig-0001-m.jpg,/content/drive/MyDrive/Waste_Classification_FINAL/data/processed/stage4_standardized/Hazardous/batteries/inf212000-fig-0001-m.png,Hazardous,train,batteries,0,VALID
Hazardous/pesticides/spray-pesticides-farm-worker-spray-pesticide-insecticide-on-fruit-1812642349.jpg,/content/drive/MyDrive/Waste_Classification_FINAL/data/processed/stage4_standardized/Hazardous/pesticides/spray-pesticides-farm-worker-spray-pesticide-insecticide-on-fruit-1812642349.png,Hazardous,train,pesticides,0,VALID
Hazardous/e-waste/electronic-waste-statistics - Copy.jpg,/content/drive/MyDrive/Waste_Classification_FINAL/data/processed/stage4_standardized/Hazardous/e-waste/electronic-waste-statistics - Copy.png,Hazardous,train,e-waste,0,VALID
Organic/yard_trimmings/compostPile_lg.jpg,/content/drive/MyDrive/Waste_Classification_FINAL/data/processed/stage4_standardized/Organic/yard_trimmings/compostPile_lg.png,Organic,train,yard_trimmings,2,VALID
Organic/food_scraps/stock-photo-compost-pile-hill-of-kitchen-scraps-isolated-on-white-background-170960243.jpg,/content/drive/MyDrive/Waste_Classification_FINAL/data/processed/stage4_standardized/Organic/food_scraps/stock-photo-compost-pile-hill-of-kitchen-scraps-isolated-on-white-background-170960243.png,Organic,train,food_scraps,2,VALID
Organic/food_scraps/img_156025_foodwasteindex.jpg,/content/drive/MyDrive/Waste_Classification_FINAL/data/processed/stage4_standardized/Organic/food_scraps/img_156025_foodwasteindex.png,Organic,train,food_scraps,2,VALID
Organic/food_scraps/bc914a33536d6cc8f833b89843d63a9c.jpg,/content/drive/MyDrive/Waste_Classification_FINAL/data/processed/stage4_standardized/Organic/food_scraps/bc914a33536d6cc8f833b89843d63a9c.png,Organic,train,food_scraps,2,VALID
Recyclable/cans_all_type/Bales-of-Crushed-Aluminum-Cans-Awaiting-Recycling-E28093-Photo-West-Boylston-MA-2.jpg,/content/drive/MyDrive/Waste_Classification_FINAL/data/processed/stage4_standardized/Recyclable/cans_all_type/Bales-of-Crushed-Aluminum-Cans-Awaiting-Recycling-E28093-Photo-West-Boylston-MA-2.png,Recyclable,train,cans_all_type,3,VALID
Non-Recyclable/ceramic_product/plastic_bag_contamination_.jpg,/content/drive/MyDrive/Waste_Classification_FINAL/data/processed/stage4_standardized/Non-Recyclable/ceramic_product/plastic_bag_contamination_.png,Non-Recyclable,train,ceramic_product,1,VALID
Non-Recyclable/sanitary_napkin/6Risks_MenstrualHygiene.jpg,/content/drive/MyDrive/Waste_Classification_FINAL/data/processed/stage4_standardized/Non-Recyclable/sanitary_napkin/6Risks_MenstrualHygiene.png,Non-Recyclable,train,sanitary_napkin,1,VALID
Organic/food_scraps/msYOpyieqtTMURt-800x450-noPad.jpg,/content/drive/MyDrive/Waste_Classification_FINAL/data/processed/stage4_standardized/Organic/food_scraps/msYOpyieqtTMURt-800x450-noPad.png,Organic,train,food_scraps,2,VALID
Recyclable/cans_all_type/7.leadville-recycle-TINANDSTEEL-CANS-page-001.jpg,/content/drive/MyDrive/Waste_Classification_FINAL/data/processed/stage4_standardized/Recyclable/cans_all_type/7.leadville-recycle-TINANDSTEEL-CANS-page-001.png,Recyclable,train,cans_all_type,3,VALID
Non-Recyclable/diapers/nge-color-background-newborn-diapers-open-and-closed-flat-lay-top-1904719375.jpg,/content/drive/MyDrive/Waste_Classification_FINAL/data/processed/stage4_standardized/Non-Recyclable/diapers/nge-color-background-newborn-diapers-open-and-closed-flat-lay-top-1904719375.png,Non-Recyclable,train,diapers,1,VALID
Organic/yard_trimmings/IMG_4398.jpg,/content/drive/MyDrive/Waste_Classification_FINAL/data/processed/stage4_standardized/Organic/yard_trimmings/IMG_4398.png,Organic,train,yard_trimmings,2,VALID
Non-Recyclable/sanitary_napkin/0.57118300_1559106463_sanitary_waste_gettyimages-.jpg,/content/drive/MyDrive/Waste_Classification_FINAL/data/processed/stage4_standardized/Non-Recyclable/sanitary_napkin/0.57118300_1559106463_sanitary_waste_gettyimages-.png,Non-Recyclable,train,sanitary_napkin,1,VALID
Organic/food_scraps/0.07700600_1571147766_14.jpg,/content/drive/MyDrive/Waste_Classification_FINAL/data/processed/stage4_standardized/Organic/food_scraps/0.07700600_1571147766_14.png,Organic,train,food_scraps,2,VALID
Hazardous/batteries/batterien_seen_fotolia_26510842_m.jpg,/content/drive/MyDrive/Waste_Classification_FINAL/data/processed/stage4_standardized/Hazardous/batteries/batterien_seen_fotolia_26510842_m.png,Hazardous,train,batteries,0,VALID
Hazardous/e-waste/how-to-dispose-of-light-bulbs-section-3 - Copy.jpg,/content/drive/MyDrive/Waste_Classification_FINAL/data/processed/stage4_standardized/Hazardous/e-waste/how-to-dispose-of-light-bulbs-section-3 - Copy.png,Hazardous,train,e-waste,0,VALID
Organic/food_scraps/kitchen-waste.jpg,/content/drive/MyDrive/Waste_Classification_FINAL/data/processed/stage4_standardized/Organic/food_scraps/kitchen-waste.png,Organic,train,food_scraps,2,VALID
Non-Recyclable/plastics_bags_wrappers/grocery-plastics-9_slide-709f9469bb300475d6ea6c2038892268a68a2bf0.jpg,/content/drive/MyDrive/Waste_Classification_FINAL/data/processed/stage4_standardized/Non-Recyclable/plastics_bags_wrappers/grocery-plastics-9_slide-709f9469bb300475d6ea6c2038892268a68a2bf0.png,Non-Recyclable,train,plastics_bags_wrappers,1,AUTO_CORRECTED
Recyclable/cans_all_type/plastic-can-c.jpg,/content/drive/MyDrive/Waste_Classification_FINAL/data/processed/stage4_standardized/Recyclable/cans_all_type/plastic-can-c.png,Recyclable,train,cans_all_type,3,VALID
Hazardous/batteries/what-is-a-lithium-ion-battery-what-are-the-types-of-lithium-ion-battery-chemistries.jpg,/content/drive/MyDrive/Waste_Classification_FINAL/data/processed/stage4_standardized/Hazardous/batteries/what-is-a-lithium-ion-battery-what-are-the-types-of-lithium-ion-battery-chemistries.png,Hazardous,train,batteries,0,VALID
Hazardous/batteries/common-alkaline-battery-sizes.jpg,/content/drive/MyDrive/Waste_Classification_FINAL/data/processed/stage4_standardized/Hazardous/batteries/common-alkaline-battery-sizes.png,Hazardous,train,batteries,0,VALID
Recyclable/cans_all_type/steel-food-tin-can-on-white-background-BEG7A4.jpg,/content/drive/MyDrive/Waste_Classification_FINAL/data/processed/stage4_standardized/Recyclable/cans_all_type/steel-food-tin-can-on-white-background-BEG7A4.png,Recyclable,train,cans_all_type,3,VALID
Non-Recyclable/sanitary_napkin/-various-feminine-hygiene-products-zero-waste-objects-panties-pads_602734-60.jpg,/content/drive/MyDrive/Waste_Classification_FINAL/data/processed/stage4_standardized/Non-Recyclable/sanitary_napkin/-various-feminine-hygiene-products-zero-waste-objects-panties-pads_602734-60.png,Non-Recyclable,train,sanitary_napkin,1,VALID
Organic/coffee_tea_bags/main-qimg-54e341d2fe11ce073c93be5f450cee44.jpg,/content/drive/MyDrive/Waste_Classification_FINAL/data/processed/stage4_standardized/Organic/coffee_tea_bags/main-qimg-54e341d2fe11ce073c93be5f450cee44.png,Organic,train,coffee_tea_bags,2,VALID
Organic/food_scraps/unavoidable-waste.jpg,/content/drive/MyDrive/Waste_Classification_FINAL/data/processed/stage4_standardized/Organic/food_scraps/unavoidable-waste.png,Organic,train,food_scraps,2,VALID
Organic/coffee_tea_bags/LaurenElliePhoto-04001_06e128bc-2494-45da-8b95-d58055a1b85d_600x.jpg,/content/drive/MyDrive/Waste_Classification_FINAL/data/processed/stage4_standardized/Organic/coffee_tea_bags/LaurenElliePhoto-04001_06e128bc-2494-45da-8b95-d58055a1b85d_600x.png,Organic,train,coffee_tea_bags,2,VALID
Organic/food_scraps/97085579.jpg,/content/drive/MyDrive/Waste_Classification_FINAL/data/processed/stage4_standardized/Organic/food_scraps/97085579.png,Organic,train,food_scraps,2,VALID
Non-Recyclable/styrofoam_product/Types-of-food-containers-considered-in-the-study-A-Aluminium-takeaway-container-B.jpg,/content/drive/MyDrive/Waste_Classification_FINAL/data/processed/stage4_standardized/Non-Recyclable/styrofoam_product/Types-of-food-containers-considered-in-the-study-A-Aluminium-takeaway-container-B.png,Non-Recyclable,train,styrofoam_product,1,AUTO_CORRECTED
Organic/yard_trimmings/round-lidded-plastic-garbage-cans-awaiting-curbside-collection-on-2085653041.jpg,/content/drive/MyDrive/Waste_Classification_FINAL/data/processed/stage4_standardized/Organic/yard_trimmings/round-lidded-plastic-garbage-cans-awaiting-curbside-collection-on-2085653041.png,Organic,train,yard_trimmings,2,VALID
Organic/kitchen_waste/jf1c07104_0002.jpg,/content/drive/MyDrive/Waste_Classification_FINAL/data/processed/stage4_standardized/Organic/kitchen_waste/jf1c07104_0002.png,Organic,train,kitchen_waste,2,VALID
Non-Recyclable/diapers/530157_25636_XL.jpg,/content/drive/MyDrive/Waste_Classification_FINAL/data/processed/stage4_standardized/Non-Recyclable/diapers/530157_25636_XL.png,Non-Recyclable,train,diapers,1,VALID
Hazardous/batteries/spent-batteries-CNBG3H.jpg,/content/drive/MyDrive/Waste_Classification_FINAL/data/processed/stage4_standardized/Hazardous/batteries/spent-batteries-CNBG3H.png,Hazardous,train,batteries,0,VALID
Hazardous/e-waste/20f1f392-6d51-4fdb-a0a1-b6e0e837a57b.bc4be531fe04703066c45a302f6d7c0e - Copy.jpg,/content/drive/MyDrive/Waste_Classification_FINAL/data/processed/stage4_standardized/Hazardous/e-waste/20f1f392-6d51-4fdb-a0a1-b6e0e837a57b.bc4be531fe04703066c45a302f6d7c0e - Copy.png,Hazardous,train,e-waste,0,VALID
Organic/kitchen_waste/vegan-plant-based-news-food-waste-livekindly.jpg,/content/drive/MyDrive/Waste_Classification_FINAL/data/processed/stage4_standardized/Organic/kitchen_waste/vegan-plant-based-news-food-waste-livekindly.png,Organic,train,kitchen_waste,2,VALID
Non-Recyclable/styrofoam_product/MaterialsBackground.jpg,/content/drive/MyDrive/Waste_Classification_FINAL/data/processed/stage4_standardized/Non-Recyclable/styrofoam_product/MaterialsBackground.png,Non-Recyclable,train,styrofoam_product,1,AUTO_CORRECTED
Hazardous/e-waste/gettyimages-566436837-1559940280 - Copy.jpg,/content/drive/MyDrive/Waste_Classification_FINAL/data/processed/stage4_standardized/Hazardous/e-waste/gettyimages-566436837-1559940280 - Copy.png,Hazardous,train,e-waste,0,VALID
Organic/egg_shells/india-s-fssai-grants-approval-for-nem-2.jpg,/content/drive/MyDrive/Waste_Classification_FINAL/data/processed/stage4_standardized/Organic/egg_shells/india-s-fssai-grants-approval-for-nem-2.png,Organic,train,egg_shells,2,VALID
Hazardous/paints/7EA97D7B-0886-4E16-85DB-2F3BBAC680DA.jpg,/content/drive/MyDrive/Waste_Classification_FINAL/data/processed/stage4_standardized/Hazardous/paints/7EA97D7B-0886-4E16-85DB-2F3BBAC680DA.png,Hazardous,train,paints,0,VALID
Non-Recyclable/styrofoam_product/1608802952plasticfoodpackaging.jpg,/content/drive/MyDrive/Waste_Classification_FINAL/data/processed/stage4_standardized/Non-Recyclable/styrofoam_product/1608802952plasticfoodpackaging.png,Non-Recyclable,train,styrofoam_product,1,AUTO_CORRECTED
Recyclable/glass_containers/Industrial-glass-bottle-and-jar-scheme.jpg,/content/drive/MyDrive/Waste_Classification_FINAL/data/processed/stage4_standardized/Recyclable/glass_containers/Industrial-glass-bottle-and-jar-scheme.png,Recyclable,train,glass_containers,3,VALID
Hazardous/pesticides/how-mali-is-eliminating-hazardous-pesticides-en-01-780.jpg,/content/drive/MyDrive/Waste_Classification_FINAL/data/processed/stage4_standardized/Hazardous/pesticides/how-mali-is-eliminating-hazardous-pesticides-en-01-780.png,Hazardous,train,pesticides,0,VALID
Non-Recyclable/ceramic_product/1f962803384fdb322c4df8ad882b6176.jpg,/content/drive/MyDrive/Waste_Classification_FINAL/data/processed/stage4_standardized/Non-Recyclable/ceramic_product/1f962803384fdb322c4df8ad882b6176.png,Non-Recyclable,train,ceramic_product,1,VALID
Non-Recyclable/plastics_bags_wrappers/60c9935424774f7129485c05_1623823188877.jpg,/content/drive/MyDrive/Waste_Classification_FINAL/data/processed/stage4_standardized/Non-Recyclable/plastics_bags_wrappers/60c9935424774f7129485c05_1623823188877.png,Non-Recyclable,train,plastics_bags_wrappers,1,AUTO_CORRECTED
Non-Recyclable/diapers/cloth-diapers-vs-disposable-2160x1200.jpg,/content/drive/MyDrive/Waste_Classification_FINAL/data/processed/stage4_standardized/Non-Recyclable/diapers/cloth-diapers-vs-disposable-2160x1200.png,Non-Recyclable,train,diapers,1,VALID
Non-Recyclable/sanitary_napkin/main_initial-washroom-supplies-banner.jpg,/content/drive/MyDrive/Waste_Classification_FINAL/data/processed/stage4_standardized/Non-Recyclable/sanitary_napkin/main_initial-washroom-supplies-banner.png,Non-Recyclable,train,sanitary_napkin,1,VALID
Organic/kitchen_waste/D9CA7F37-D4DB-4B38-B024-B08AC53C49DC_623963a3e690a.jpg,/content/drive/MyDrive/Waste_Classification_FINAL/data/processed/stage4_standardized/Organic/kitchen_waste/D9CA7F37-D4DB-4B38-B024-B08AC53C49DC_623963a3e690a.png,Organic,train,kitchen_waste,2,VALID
Non-Recyclable/ceramic_product/recycling-06-00026-g001.jpg,/content/drive/MyDrive/Waste_Classification_FINAL/data/processed/stage4_standardized/Non-Recyclable/ceramic_product/recycling-06-00026-g001.png,Non-Recyclable,train,ceramic_product,1,VALID
Hazardous/e-waste/e-inside-green-recycling-symbol-e-waste-concept-illustration-with-1118223065 - Copy.jpg,/content/drive/MyDrive/Waste_Classification_FINAL/data/processed/stage4_standardized/Hazardous/e-waste/e-inside-green-recycling-symbol-e-waste-concept-illustration-with-1118223065 - Copy.png,Hazardous,train,e-waste,0,VALID
Recyclable/paper_products/Banner-focused-on-plus-products-eng-2-1024x506-1-1024x506.jpg,/content/drive/MyDrive/Waste_Classification_FINAL/data/processed/stage4_standardized/Recyclable/paper_products/Banner-focused-on-plus-products-eng-2-1024x506-1-1024x506.png,Recyclable,train,paper_products,3,VALID
Recyclable/cans_all_type/64667581ef9a05659f8efc9836c51e9a.jpg,/content/drive/MyDrive/Waste_Classification_FINAL/data/processed/stage4_standardized/Recyclable/cans_all_type/64667581ef9a05659f8efc9836c51e9a.png,Recyclable,train,cans_all_type,3,VALID
Recyclable/plastic_bottles/upcycle-plastic-bottles-in-the-garden-pv2.jpg,/content/drive/MyDrive/Waste_Classification_FINAL/data/processed/stage4_standardized/Recyclable/plastic_bottles/upcycle-plastic-bottles-in-the-garden-pv2.png,Recyclable,train,plastic_bottles,3,VALID
Non-Recyclable/sanitary_napkin/c0259187-800px-wm.jpg,/content/drive/MyDrive/Waste_Classification_FINAL/data/processed/stage4_standardized/Non-Recyclable/sanitary_napkin/c0259187-800px-wm.png,Non-Recyclable,train,sanitary_napkin,1,VALID
Organic/egg_shells/Uses-Eggshells-Tips-A138778491.jpg,/content/drive/MyDrive/Waste_Classification_FINAL/data/processed/stage4_standardized/Organic/egg_shells/Uses-Eggshells-Tips-A138778491.png,Organic,train,egg_shells,2,VALID
Non-Recyclable/styrofoam_product/1-s2.0-S0959652618336230-fx1.jpg,/content/drive/MyDrive/Waste_Classification_FINAL/data/processed/stage4_standardized/Non-Recyclable/styrofoam_product/1-s2.0-S0959652618336230-fx1.png,Non-Recyclable,train,styrofoam_product,1,AUTO_CORRECTED
Non-Recyclable/diapers/file-20190704-126340-13f38tz.jpg,/content/drive/MyDrive/Waste_Classification_FINAL/data/processed/stage4_standardized/Non-Recyclable/diapers/file-20190704-126340-13f38tz.png,Non-Recyclable,train,diapers,1,VALID
Organic/kitchen_waste/environmental-impacts-of-a-year-of-wasted-food_0.jpg,/content/drive/MyDrive/Waste_Classification_FINAL/data/processed/stage4_standardized/Organic/kitchen_waste/environmental-impacts-of-a-year-of-wasted-food_0.png,Organic,train,kitchen_waste,2,VALID
Hazardous/paints/North_Seattle_Household_Hazardous_Waste_Collection_Facility_01.jpg,/content/drive/MyDrive/Waste_Classification_FINAL/data/processed/stage4_standardized/Hazardous/paints/North_Seattle_Household_Hazardous_Waste_Collection_Facility_01.png,Hazardous,train,paints,0,VALID
Organic/coffee_tea_bags/hd_panduranga_coffee_900x_afac79ed-a644-49e3-8145-f6b8f7caf3ad.jpg,/content/drive/MyDrive/Waste_Classification_FINAL/data/processed/stage4_standardized/Organic/coffee_tea_bags/hd_panduranga_coffee_900x_afac79ed-a644-49e3-8145-f6b8f7caf3ad.png,Organic,train,coffee_tea_bags,2,VALID
Organic/yard_trimmings/ut-medium-brush-and-yard-waste-660x396.jpg__660.0x396.0_q85_crop_subsampling-2_upscale.jpg,/content/drive/MyDrive/Waste_Classification_FINAL/data/processed/stage4_standardized/Organic/yard_trimmings/ut-medium-brush-and-yard-waste-660x396.jpg__660.0x396.0_q85_crop_subsampling-2_upscale.png,Organic,train,yard_trimmings,2,VALID
Organic/yard_trimmings/stock-photo-row-of-recycling-yard-waste-paper-bags-121844143.jpg,/content/drive/MyDrive/Waste_Classification_FINAL/data/processed/stage4_standardized/Organic/yard_trimmings/stock-photo-row-of-recycling-yard-waste-paper-bags-121844143.png,Organic,train,yard_trimmings,2,VALID
Hazardous/pesticides/43247_2022_601_Fig1_HTML.jpg,/content/drive/MyDrive/Waste_Classification_FINAL/data/processed/stage4_standardized/Hazardous/pesticides/43247_2022_601_Fig1_HTML.png,Hazardous,train,pesticides,0,VALID
Recyclable/paper_products/shutterstock_1135406513_600x600.jpg,/content/drive/MyDrive/Waste_Classification_FINAL/data/processed/stage4_standardized/Recyclable/paper_products/shutterstock_1135406513_600x600.png,Recyclable,train,paper_products,3,VALID
Organic/yard_trimmings/MMRecycleYardLeavesAsMulch900x450min.jpg,/content/drive/MyDrive/Waste_Classification_FINAL/data/processed/stage4_standardized/Organic/yard_trimmings/MMRecycleYardLeavesAsMulch900x450min.png,Organic,train,yard_trimmings,2,VALID
Hazardous/paints/hazardous2Bhousehold2Bmaterials.jpg,/content/drive/MyDrive/Waste_Classification_FINAL/data/processed/stage4_standardized/Hazardous/paints/hazardous2Bhousehold2Bmaterials.png,Hazardous,train,paints,0,VALID
Hazardous/batteries/file-20201020-17-1x28u8s.jpg,/content/drive/MyDrive/Waste_Classification_FINAL/data/processed/stage4_standardized/Hazardous/batteries/file-20201020-17-1x28u8s.png,Hazardous,train,batteries,0,VALID
Organic/yard_trimmings/Kraft-Paper-Lawn-and-Leaf-Bag-Collect-Leaves-and-Yard-Waste.jpg,/content/drive/MyDrive/Waste_Classification_FINAL/data/processed/stage4_standardized/Organic/yard_trimmings/Kraft-Paper-Lawn-and-Leaf-Bag-Collect-Leaves-and-Yard-Waste.png,Organic,validation,yard_trimmings,2,VALID
Hazardous/e-waste/electronic-waste-electronic-waste-old-computers-monitors-other-devices-to-recycle-109977003 - Copy.jpg,/content/drive/MyDrive/Waste_Classification_FINAL/data/processed/stage4_standardized/Hazardous/e-waste/electronic-waste-electronic-waste-old-computers-monitors-other-devices-to-recycle-109977003 - Copy.png,Hazardous,validation,e-waste,0,VALID
Non-Recyclable/ceramic_product/blue-vase-badly-broken.jpg,/content/drive/MyDrive/Waste_Classification_FINAL/data/processed/stage4_standardized/Non-Recyclable/ceramic_product/blue-vase-badly-broken.png,Non-Recyclable,validation,ceramic_product,1,VALID
Non-Recyclable/plastics_bags_wrappers/cenn3ctnls1xawwoaenx.jpg,/content/drive/MyDrive/Waste_Classification_FINAL/data/processed/stage4_standardized/Non-Recyclable/plastics_bags_wrappers/cenn3ctnls1xawwoaenx.png,Non-Recyclable,validation,plastics_bags_wrappers,1,AUTO_CORRECTED
Organic/kitchen_waste/healthy-food-eating-groceries-1200x628-facebook.jpg,/content/drive/MyDrive/Waste_Classification_FINAL/data/processed/stage4_standardized/Organic/kitchen_waste/healthy-food-eating-groceries-1200x628-facebook.png,Organic,validation,kitchen_waste,2,VALID
Hazardous/paints/maxresdefault3.jpg,/content/drive/MyDrive/Waste_Classification_FINAL/data/processed/stage4_standardized/Hazardous/paints/maxresdefault3.png,Hazardous,validation,paints,0,VALID
Non-Recyclable/styrofoam_product/blog-containers.jpg,/content/drive/MyDrive/Waste_Classification_FINAL/data/processed/stage4_standardized/Non-Recyclable/styrofoam_product/blog-containers.png,Non-Recyclable,validation,styrofoam_product,1,AUTO_CORRECTED
Recyclable/glass_containers/Kavi-Recycled-Vodka-Jars-Set-of-Two-2_800x.jpg,/content/drive/MyDrive/Waste_Classification_FINAL/data/processed/stage4_standardized/Recyclable/glass_containers/Kavi-Recycled-Vodka-Jars-Set-of-Two-2_800x.png,Recyclable,validation,glass_containers,3,VALID
Organic/kitchen_waste/3-Figure1-1.jpg,/content/drive/MyDrive/Waste_Classification_FINAL/data/processed/stage4_standardized/Organic/kitchen_waste/3-Figure1-1.png,Organic,validation,kitchen_waste,2,VALID
Hazardous/pesticides/n-spraying-toxic-pesticides-insecticides-corn-growing-plantation_473712-2324.jpg,/content/drive/MyDrive/Waste_Classification_FINAL/data/processed/stage4_standardized/Hazardous/pesticides/n-spraying-toxic-pesticides-insecticides-corn-growing-plantation_473712-2324.png,Hazardous,validation,pesticides,0,VALID
Organic/yard_trimmings/yard-waste-disposal-1-1-.jpg,/content/drive/MyDrive/Waste_Classification_FINAL/data/processed/stage4_standardized/Organic/yard_trimmings/yard-waste-disposal-1-1-.png,Organic,validation,yard_trimmings,2,VALID
Recyclable/cans_all_type/72645168.jpg,/content/drive/MyDrive/Waste_Classification_FINAL/data/processed/stage4_standardized/Recyclable/cans_all_type/72645168.png,Recyclable,validation,cans_all_type,3,VALID
Organic/kitchen_waste/p084qtwc.jpg,/content/drive/MyDrive/Waste_Classification_FINAL/data/processed/stage4_standardized/Organic/kitchen_waste/p084qtwc.png,Organic,validation,kitchen_waste,2,VALID
Hazardous/pesticides/59_92f2f7e8-b088-4d92-8367-bf806cf10b36_lg.jpg,/content/drive/MyDrive/Waste_Classification_FINAL/data/processed/stage4_standardized/Hazardous/pesticides/59_92f2f7e8-b088-4d92-8367-bf806cf10b36_lg.png,Hazardous,validation,pesticides,0,VALID
Organic/yard_trimmings/Banner_YardWaste.jpg,/content/drive/MyDrive/Waste_Classification_FINAL/data/processed/stage4_standardized/Organic/yard_trimmings/Banner_YardWaste.png,Organic,validation,yard_trimmings,2,VALID
Hazardous/e-waste/electronic-waste-disposal - Copy.jpg,/content/drive/MyDrive/Waste_Classification_FINAL/data/processed/stage4_standardized/Hazardous/e-waste/electronic-waste-disposal - Copy.png,Hazardous,validation,e-waste,0,VALID
Non-Recyclable/ceramic_product/broken-bottles-4-1024x818.jpg,/content/drive/MyDrive/Waste_Classification_FINAL/data/processed/stage4_standardized/Non-Recyclable/ceramic_product/broken-bottles-4-1024x818.png,Non-Recyclable,validation,ceramic_product,1,VALID
Non-Recyclable/plastics_bags_wrappers/Tablet_Sleeve_-_Impact_a2c440a0-18f7-45e1-bfeb-23e7aa1b761c.jpg,/content/drive/MyDrive/Waste_Classification_FINAL/data/processed/stage4_standardized/Non-Recyclable/plastics_bags_wrappers/Tablet_Sleeve_-_Impact_a2c440a0-18f7-45e1-bfeb-23e7aa1b761c.png,Non-Recyclable,validation,plastics_bags_wrappers,1,AUTO_CORRECTED
Organic/egg_shells/chicken-of-eggshells.jpg,/content/drive/MyDrive/Waste_Classification_FINAL/data/processed/stage4_standardized/Organic/egg_shells/chicken-of-eggshells.png,Organic,validation,egg_shells,2,VALID
Non-Recyclable/diapers/ty-diapers-disposing-of-used-baby-nappies-environmental-impact-of-disposable.jpg,/content/drive/MyDrive/Waste_Classification_FINAL/data/processed/stage4_standardized/Non-Recyclable/diapers/ty-diapers-disposing-of-used-baby-nappies-environmental-impact-of-disposable.png,Non-Recyclable,validation,diapers,1,VALID
Recyclable/plastic_bottles/51BtdZcVlML._AC_UF10001000_QL80_.jpg,/content/drive/MyDrive/Waste_Classification_FINAL/data/processed/stage4_standardized/Recyclable/plastic_bottles/51BtdZcVlML._AC_UF10001000_QL80_.png,Recyclable,validation,plastic_bottles,3,VALID
Non-Recyclable/ceramic_product/e-clay-broken-ceramic-jug-waste-handmade-plasticine-isolated-white-163744973.jpg,/content/drive/MyDrive/Waste_Classification_FINAL/data/processed/stage4_standardized/Non-Recyclable/ceramic_product/e-clay-broken-ceramic-jug-waste-handmade-plasticine-isolated-white-163744973.png,Non-Recyclable,validation,ceramic_product,1,VALID
Recyclable/paper_products/Is-paper-biodegradable-hero-1230x615-c-default.jpg,/content/drive/MyDrive/Waste_Classification_FINAL/data/processed/stage4_standardized/Recyclable/paper_products/Is-paper-biodegradable-hero-1230x615-c-default.png,Recyclable,validation,paper_products,3,VALID
Organic/yard_trimmings/Ryan-and-Model-at-compost-b.jpg,/content/drive/MyDrive/Waste_Classification_FINAL/data/processed/stage4_standardized/Organic/yard_trimmings/Ryan-and-Model-at-compost-b.png,Organic,validation,yard_trimmings,2,VALID
Organic/yard_trimmings/Yard20Waste202.jpg,/content/drive/MyDrive/Waste_Classification_FINAL/data/processed/stage4_standardized/Organic/yard_trimmings/Yard20Waste202.png,Organic,validation,yard_trimmings,2,VALID
Hazardous/e-waste/09109-scicon-lightbulbcxd - Copy.jpg,/content/drive/MyDrive/Waste_Classification_FINAL/data/processed/stage4_standardized/Hazardous/e-waste/09109-scicon-lightbulbcxd - Copy.png,Hazardous,validation,e-waste,0,VALID
Non-Recyclable/ceramic_product/LZSBWTVMZFLHTBPVKNOIAGPNEY.jpg,/content/drive/MyDrive/Waste_Classification_FINAL/data/processed/stage4_standardized/Non-Recyclable/ceramic_product/LZSBWTVMZFLHTBPVKNOIAGPNEY.png,Non-Recyclable,validation,ceramic_product,1,VALID
Non-Recyclable/styrofoam_product/food-packaging-reports-examples.jpg,/content/drive/MyDrive/Waste_Classification_FINAL/data/processed/stage4_standardized/Non-Recyclable/styrofoam_product/food-packaging-reports-examples.png,Non-Recyclable,validation,styrofoam_product,1,AUTO_CORRECTED
Hazardous/e-waste/1464951746_U1GPlR_e-waste-IndiaBLO-870 - Copy.jpg,/content/drive/MyDrive/Waste_Classification_FINAL/data/processed/stage4_standardized/Hazardous/e-waste/1464951746_U1GPlR_e-waste-IndiaBLO-870 - Copy.png,Hazardous,validation,e-waste,0,VALID
Non-Recyclable/diapers/maxresdefault.jpg,/content/drive/MyDrive/Waste_Classification_FINAL/data/processed/stage4_standardized/Non-Recyclable/diapers/maxresdefault.png,Non-Recyclable,validation,diapers,1,VALID
Non-Recyclable/ceramic_product/shutterstock_1805501278-1.jpg,/content/drive/MyDrive/Waste_Classification_FINAL/data/processed/stage4_standardized/Non-Recyclable/ceramic_product/shutterstock_1805501278-1.png,Non-Recyclable,validation,ceramic_product,1,VALID
Organic/egg_shells/titanosaur-eggs-india-1-1024x705.jpg,/content/drive/MyDrive/Waste_Classification_FINAL/data/processed/stage4_standardized/Organic/egg_shells/titanosaur-eggs-india-1-1024x705.png,Organic,validation,egg_shells,2,VALID
Hazardous/e-waste/stock-photo-pile-of-light-bulbs-energy-saving-diode-glass-etc-recycling-clutter-745555078 - Copy.jpg,/content/drive/MyDrive/Waste_Classification_FINAL/data/processed/stage4_standardized/Hazardous/e-waste/stock-photo-pile-of-light-bulbs-energy-saving-diode-glass-etc-recycling-clutter-745555078 - Copy.png,Hazardous,validation,e-waste,0,VALID
Organic/egg_shells/1-s2.0-S0950061822018086-ga1.jpg,/content/drive/MyDrive/Waste_Classification_FINAL/data/processed/stage4_standardized/Organic/egg_shells/1-s2.0-S0950061822018086-ga1.png,Organic,validation,egg_shells,2,VALID
Organic/kitchen_waste/vegan20books20indybest20copy.jpg,/content/drive/MyDrive/Waste_Classification_FINAL/data/processed/stage4_standardized/Organic/kitchen_waste/vegan20books20indybest20copy.png,Organic,validation,kitchen_waste,2,VALID
Organic/yard_trimmings/paper-sacks-full-or-grass-and-yard-clippings-left-at-the-curb-for-JCR0H8.jpg,/content/drive/MyDrive/Waste_Classification_FINAL/data/processed/stage4_standardized/Organic/yard_trimmings/paper-sacks-full-or-grass-and-yard-clippings-left-at-the-curb-for-JCR0H8.png,Organic,validation,yard_trimmings,2,VALID
Non-Recyclable/ceramic_product/woman-repairing-broken-pottery-kintsugi-royalty-free-image-1680030784.jpg,/content/drive/MyDrive/Waste_Classification_FINAL/data/processed/stage4_standardized/Non-Recyclable/ceramic_product/woman-repairing-broken-pottery-kintsugi-royalty-free-image-1680030784.png,Non-Recyclable,validation,ceramic_product,1,VALID
Hazardous/e-waste/Ewaste-1602590536972 - Copy.jpg,/content/drive/MyDrive/Waste_Classification_FINAL/data/processed/stage4_standardized/Hazardous/e-waste/Ewaste-1602590536972 - Copy.png,Hazardous,validation,e-waste,0,VALID
Recyclable/plastic_bottles/f4a7287c01c992ec201abd897da29b00.jpg,/content/drive/MyDrive/Waste_Classification_FINAL/data/processed/stage4_standardized/Recyclable/plastic_bottles/f4a7287c01c992ec201abd897da29b00.png,Recyclable,validation,plastic_bottles,3,VALID
Recyclable/glass_containers/ae518d0b2da51b3a5332f05eb5f78517.jpg,/content/drive/MyDrive/Waste_Classification_FINAL/data/processed/stage4_standardized/Recyclable/glass_containers/ae518d0b2da51b3a5332f05eb5f78517.png,Recyclable,validation,glass_containers,3,VALID
Recyclable/plastic_bottles/360_F_271992081_U3HO92OxojSCTyZhRnX9op5AyCCz0zYL.jpg,/content/drive/MyDrive/Waste_Classification_FINAL/data/processed/stage4_standardized/Recyclable/plastic_bottles/360_F_271992081_U3HO92OxojSCTyZhRnX9op5AyCCz0zYL.png,Recyclable,validation,plastic_bottles,3,VALID
Hazardous/batteries/technology-0-1.jpg,/content/drive/MyDrive/Waste_Classification_FINAL/data/processed/stage4_standardized/Hazardous/batteries/technology-0-1.png,Hazardous,validation,batteries,0,VALID
Non-Recyclable/sanitary_napkin/Menstrual-irregularities-1.jpg,/content/drive/MyDrive/Waste_Classification_FINAL/data/processed/stage4_standardized/Non-Recyclable/sanitary_napkin/Menstrual-irregularities-1.png,Non-Recyclable,validation,sanitary_napkin,1,VALID
Recyclable/glass_containers/Containers.jpg,/content/drive/MyDrive/Waste_Classification_FINAL/data/processed/stage4_standardized/Recyclable/glass_containers/Containers.png,Recyclable,validation,glass_containers,3,VALID
Organic/food_scraps/food-waste-in-america1.jpg,/content/drive/MyDrive/Waste_Classification_FINAL/data/processed/stage4_standardized/Organic/food_scraps/food-waste-in-america1.png,Organic,validation,food_scraps,2,VALID
Recyclable/cans_all_type/recycle-aluminum-metal-crushed-can-waste-background_293060-14712.jpg,/content/drive/MyDrive/Waste_Classification_FINAL/data/processed/stage4_standardized/Recyclable/cans_all_type/recycle-aluminum-metal-crushed-can-waste-background_293060-14712.png,Recyclable,validation,cans_all_type,3,VALID
Non-Recyclable/styrofoam_product/styro-food-packaging-near-me_orig.jpg,/content/drive/MyDrive/Waste_Classification_FINAL/data/processed/stage4_standardized/Non-Recyclable/styrofoam_product/styro-food-packaging-near-me_orig.png,Non-Recyclable,validation,styrofoam_product,1,AUTO_CORRECTED
Non-Recyclable/ceramic_product/81xHJfbgGS.jpg,/content/drive/MyDrive/Waste_Classification_FINAL/data/processed/stage4_standardized/Non-Recyclable/ceramic_product/81xHJfbgGS.png,Non-Recyclable,validation,ceramic_product,1,VALID
Hazardous/e-waste/mika-baumeister-oXb5tA61wI-unsplash-scaled-e1651078651490 - Copy.jpg,/content/drive/MyDrive/Waste_Classification_FINAL/data/processed/stage4_standardized/Hazardous/e-waste/mika-baumeister-oXb5tA61wI-unsplash-scaled-e1651078651490 - Copy.png,Hazardous,validation,e-waste,0,VALID
Non-Recyclable/plastics_bags_wrappers/LG_2021_Page_one.jpg,/content/drive/MyDrive/Waste_Classification_FINAL/data/processed/stage4_standardized/Non-Recyclable/plastics_bags_wrappers/LG_2021_Page_one.png,Non-Recyclable,validation,plastics_bags_wrappers,1,AUTO_CORRECTED
Non-Recyclable/ceramic_product/1200x628-5-1024x536.jpg,/content/drive/MyDrive/Waste_Classification_FINAL/data/processed/stage4_standardized/Non-Recyclable/ceramic_product/1200x628-5-1024x536.png,Non-Recyclable,validation,ceramic_product,1,VALID
Organic/food_scraps/food-wate.jpg,/content/drive/MyDrive/Waste_Classification_FINAL/data/processed/stage4_standardized/Organic/food_scraps/food-wate.png,Organic,validation,food_scraps,2,VALID
Organic/yard_trimmings/633feb24edb9f162ad4fae10-leaf-bag-garden-lawn-yard-waste-grass.jpg,/content/drive/MyDrive/Waste_Classification_FINAL/data/processed/stage4_standardized/Organic/yard_trimmings/633feb24edb9f162ad4fae10-leaf-bag-garden-lawn-yard-waste-grass.png,Organic,validation,yard_trimmings,2,VALID
Hazardous/paints/buckets-with-paint-dirty-glass-jars-brushes-spray-gun-solvents-and-other-art-supplies-2R3WH8J.jpg,/content/drive/MyDrive/Waste_Classification_FINAL/data/processed/stage4_standardized/Hazardous/paints/buckets-with-paint-dirty-glass-jars-brushes-spray-gun-solvents-and-other-art-supplies-2R3WH8J.png,Hazardous,validation,paints,0,VALID
Recyclable/paper_products/paper-recycling-business.jpg,/content/drive/MyDrive/Waste_Classification_FINAL/data/processed/stage4_standardized/Recyclable/paper_products/paper-recycling-business.png,Recyclable,validation,paper_products,3,VALID
Hazardous/paints/used_paint_cans.jpg,/content/drive/MyDrive/Waste_Classification_FINAL/data/processed/stage4_standardized/Hazardous/paints/used_paint_cans.png,Hazardous,validation,paints,0,VALID
Recyclable/cans_all_type/IMG_20131004_104155_216.jpg,/content/drive/MyDrive/Waste_Classification_FINAL/data/processed/stage4_standardized/Recyclable/cans_all_type/IMG_20131004_104155_216.png,Recyclable,validation,cans_all_type,3,VALID
Organic/kitchen_waste/garbage-crisis-swachh-india.jpg,/content/drive/MyDrive/Waste_Classification_FINAL/data/processed/stage4_standardized/Organic/kitchen_waste/garbage-crisis-swachh-india.png,Organic,validation,kitchen_waste,2,VALID
Hazardous/pesticides/chlordiazinon1.jpg,/content/drive/MyDrive/Waste_Classification_FINAL/data/processed/stage4_standardized/Hazardous/pesticides/chlordiazinon1.png,Hazardous,validation,pesticides,0,VALID
Organic/egg_shells/egg-shell-header.jpg,/content/drive/MyDrive/Waste_Classification_FINAL/data/processed/stage4_standardized/Organic/egg_shells/egg-shell-header.png,Organic,validation,egg_shells,2,VALID
Hazardous/pesticides/insecticides-and-pesticides.jpg,/content/drive/MyDrive/Waste_Classification_FINAL/data/processed/stage4_standardized/Hazardous/pesticides/insecticides-and-pesticides.png,Hazardous,validation,pesticides,0,VALID
Organic/yard_trimmings/lawn-clippings-.jpg,/content/drive/MyDrive/Waste_Classification_FINAL/data/processed/stage4_standardized/Organic/yard_trimmings/lawn-clippings-.png,Organic,validation,yard_trimmings,2,VALID
Non-Recyclable/sanitary_napkin/trual-pads-on-shelving-unit-in-bathroom-feminine-hygiene-products-2063416142.jpg,/content/drive/MyDrive/Waste_Classification_FINAL/data/processed/stage4_standardized/Non-Recyclable/sanitary_napkin/trual-pads-on-shelving-unit-in-bathroom-feminine-hygiene-products-2063416142.png,Non-Recyclable,validation,sanitary_napkin,1,VALID
Hazardous/e-waste/aving-led-and-fluorescent-lightbulbs-infographic-on-a-blue-background-vector - Copy.jpg,/content/drive/MyDrive/Waste_Classification_FINAL/data/processed/stage4_standardized/Hazardous/e-waste/aving-led-and-fluorescent-lightbulbs-infographic-on-a-blue-background-vector - Copy.png,Hazardous,validation,e-waste,0,VALID
Hazardous/pesticides/Pesticides.jpg,/content/drive/MyDrive/Waste_Classification_FINAL/data/processed/stage4_standardized/Hazardous/pesticides/Pesticides.png,Hazardous,validation,pesticides,0,VALID
Hazardous/e-waste/electronic-recycling - Copy.jpg,/content/drive/MyDrive/Waste_Classification_FINAL/data/processed/stage4_standardized/Hazardous/e-waste/electronic-recycling - Copy.png,Hazardous,validation,e-waste,0,VALID
Non-Recyclable/ceramic_product/-bowl-shape-star-bott-bottom-melted-broken-glass-bubbles-air-vessel-85817559.jpg,/content/drive/MyDrive/Waste_Classification_FINAL/data/processed/stage4_standardized/Non-Recyclable/ceramic_product/-bowl-shape-star-bott-bottom-melted-broken-glass-bubbles-air-vessel-85817559.png,Non-Recyclable,validation,ceramic_product,1,VALID
Non-Recyclable/styrofoam_product/food-packaging-1.jpg,/content/drive/MyDrive/Waste_Classification_FINAL/data/processed/stage4_standardized/Non-Recyclable/styrofoam_product/food-packaging-1.png,Non-Recyclable,validation,styrofoam_product,1,AUTO_CORRECTED
Recyclable/plastic_bottles/soda-bottle-2308606.jpg,/content/drive/MyDrive/Waste_Classification_FINAL/data/processed/stage4_standardized/Recyclable/plastic_bottles/soda-bottle-2308606.png,Recyclable,validation,plastic_bottles,3,VALID
Hazardous/paints/various-tins-of-paint-solvents-stirrers-in-a-tidy-collection-on-the-E565YW.jpg,/content/drive/MyDrive/Waste_Classification_FINAL/data/processed/stage4_standardized/Hazardous/paints/various-tins-of-paint-solvents-stirrers-in-a-tidy-collection-on-the-E565YW.png,Hazardous,validation,paints,0,VALID
Recyclable/cans_all_type/Tin-can-crafts-3.jpg,/content/drive/MyDrive/Waste_Classification_FINAL/data/processed/stage4_standardized/Recyclable/cans_all_type/Tin-can-crafts-3.png,Recyclable,validation,cans_all_type,3,VALID
Recyclable/paper_products/maxresdefault4.jpg,/content/drive/MyDrive/Waste_Classification_FINAL/data/processed/stage4_standardized/Recyclable/paper_products/maxresdefault4.png,Recyclable,validation,paper_products,3,VALID
Recyclable/cans_all_type/3d-illustration-of-blank-aluminum-can-png.jpg,/content/drive/MyDrive/Waste_Classification_FINAL/data/processed/stage4_standardized/Recyclable/cans_all_type/3d-illustration-of-blank-aluminum-can-png.png,Recyclable,validation,cans_all_type,3,VALID
Organic/food_scraps/collecting-food-scraps-4-compost-640s.jpg,/content/drive/MyDrive/Waste_Classification_FINAL/data/processed/stage4_standardized/Organic/food_scraps/collecting-food-scraps-4-compost-640s.png,Organic,validation,food_scraps,2,VALID
Non-Recyclable/styrofoam_product/77279c_8d2d3bb39b7e4ee5bb26c1a83e6b5669mv2.jpg,/content/drive/MyDrive/Waste_Classification_FINAL/data/processed/stage4_standardized/Non-Recyclable/styrofoam_product/77279c_8d2d3bb39b7e4ee5bb26c1a83e6b5669mv2.png,Non-Recyclable,validation,styrofoam_product,1,AUTO_CORRECTED
Organic/egg_shells/001_486_IMG_broken-brown-eggshell-marble-surface.jpg,/content/drive/MyDrive/Waste_Classification_FINAL/data/processed/stage4_standardized/Organic/egg_shells/001_486_IMG_broken-brown-eggshell-marble-surface.png,Organic,validation,egg_shells,2,VALID
Organic/yard_trimmings/n-a-garden-piled-full-with-foliage-and-greenery-ready-to-be-moved-1710077149.jpg,/content/drive/MyDrive/Waste_Classification_FINAL/data/processed/stage4_standardized/Organic/yard_trimmings/n-a-garden-piled-full-with-foliage-and-greenery-ready-to-be-moved-1710077149.png,Organic,validation,yard_trimmings,2,VALID
Non-Recyclable/diapers/12B252812529.jpg,/content/drive/MyDrive/Waste_Classification_FINAL/data/processed/stage4_standardized/Non-Recyclable/diapers/12B252812529.png,Non-Recyclable,validation,diapers,1,VALID
Recyclable/glass_containers/1-Glass-Jar-Dry-Goods-Food-Storage-Post-Thumbnail-Copyright-Your-Family-Ark-LLC-950x667.jpg,/content/drive/MyDrive/Waste_Classification_FINAL/data/processed/stage4_standardized/Recyclable/glass_containers/1-Glass-Jar-Dry-Goods-Food-Storage-Post-Thumbnail-Copyright-Your-Family-Ark-LLC-950x667.png,Recyclable,validation,glass_containers,3,VALID
Non-Recyclable/plastics_bags_wrappers/ndle-disposable-plastic-bag-package-illustration-isolated-on-white-488464864.jpg,/content/drive/MyDrive/Waste_Classification_FINAL/data/processed/stage4_standardized/Non-Recyclable/plastics_bags_wrappers/ndle-disposable-plastic-bag-package-illustration-isolated-on-white-488464864.png,Non-Recyclable,validation,plastics_bags_wrappers,1,AUTO_CORRECTED
Hazardous/e-waste/t5-recycling - Copy.jpg,/content/drive/MyDrive/Waste_Classification_FINAL/data/processed/stage4_standardized/Hazardous/e-waste/t5-recycling - Copy.png,Hazardous,validation,e-waste,0,VALID
Recyclable/cans_all_type/Screen-Shot-2019-06-27-at-2.59.36-PM-e1561681171942.jpg,/content/drive/MyDrive/Waste_Classification_FINAL/data/processed/stage4_standardized/Recyclable/cans_all_type/Screen-Shot-2019-06-27-at-2.59.36-PM-e1561681171942.png,Recyclable,validation,cans_all_type,3,VALID
Hazardous/e-waste/AdobeStock_271026267 - Copy.jpg,/content/drive/MyDrive/Waste_Classification_FINAL/data/processed/stage4_standardized/Hazardous/e-waste/AdobeStock_271026267 - Copy.png,Hazardous,validation,e-waste,0,VALID
Recyclable/cans_all_type/coca-cola-07.jpg,/content/drive/MyDrive/Waste_Classification_FINAL/data/processed/stage4_standardized/Recyclable/cans_all_type/coca-cola-07.png,Recyclable,validation,cans_all_type,3,VALID
Recyclable/glass_containers/WG-10026_20_3_800x.jpg,/content/drive/MyDrive/Waste_Classification_FINAL/data/processed/stage4_standardized/Recyclable/glass_containers/WG-10026_20_3_800x.png,Recyclable,validation,glass_containers,3,VALID
Recyclable/cans_all_type/big-tin-can-with-copy-space-isolated-on-white-background-HE441H.jpg,/content/drive/MyDrive/Waste_Classification_FINAL/data/processed/stage4_standardized/Recyclable/cans_all_type/big-tin-can-with-copy-space-isolated-on-white-background-HE441H.png,Recyclable,validation,cans_all_type,3,VALID
Recyclable/paper_products/2021WhereRecycledPaperGoes_logotitle.jpg,/content/drive/MyDrive/Waste_Classification_FINAL/data/processed/stage4_standardized/Recyclable/paper_products/2021WhereRecycledPaperGoes_logotitle.png,Recyclable,validation,paper_products,3,VALID
Non-Recyclable/plastics_bags_wrappers/60c9935424774f7129485c01_1623823188870.jpg,/content/drive/MyDrive/Waste_Classification_FINAL/data/processed/stage4_standardized/Non-Recyclable/plastics_bags_wrappers/60c9935424774f7129485c01_1623823188870.png,Non-Recyclable,validation,plastics_bags_wrappers,1,AUTO_CORRECTED
Non-Recyclable/diapers/s_Matching_Tees_with_hybrid_cloth_diaper_covers_online_with_100_cotton_fabri.jpg,/content/drive/MyDrive/Waste_Classification_FINAL/data/processed/stage4_standardized/Non-Recyclable/diapers/s_Matching_Tees_with_hybrid_cloth_diaper_covers_online_with_100_cotton_fabri.png,Non-Recyclable,validation,diapers,1,VALID
Recyclable/cans_all_type/depositphotos_437224758-stock-photo-recycle-empty-cans-tin-food.jpg,/content/drive/MyDrive/Waste_Classification_FINAL/data/processed/stage4_standardized/Recyclable/cans_all_type/depositphotos_437224758-stock-photo-recycle-empty-cans-tin-food.png,Recyclable,validation,cans_all_type,3,VALID
Organic/yard_trimmings/Trimming-hedges-AdobeStock_70569449-600x399.jpg,/content/drive/MyDrive/Waste_Classification_FINAL/data/processed/stage4_standardized/Organic/yard_trimmings/Trimming-hedges-AdobeStock_70569449-600x399.png,Organic,validation,yard_trimmings,2,VALID
Recyclable/glass_containers/how-to-reuse-glass-bottles-and-jars-og.jpg,/content/drive/MyDrive/Waste_Classification_FINAL/data/processed/stage4_standardized/Recyclable/glass_containers/how-to-reuse-glass-bottles-and-jars-og.png,Recyclable,validation,glass_containers,3,VALID
Non-Recyclable/ceramic_product/How-to-Dispose-of-Broken-Glass-Shards.jpg,/content/drive/MyDrive/Waste_Classification_FINAL/data/processed/stage4_standardized/Non-Recyclable/ceramic_product/How-to-Dispose-of-Broken-Glass-Shards.png,Non-Recyclable,validation,ceramic_product,1,VALID
Organic/egg_shells/l-intro-1680523821.jpg,/content/drive/MyDrive/Waste_Classification_FINAL/data/processed/stage4_standardized/Organic/egg_shells/l-intro-1680523821.png,Organic,validation,egg_shells,2,VALID
Recyclable/paper_products/bundles-of-cardboard-and-paper-for-recycling-ANDB1P.jpg,/content/drive/MyDrive/Waste_Classification_FINAL/data/processed/stage4_standardized/Recyclable/paper_products/bundles-of-cardboard-and-paper-for-recycling-ANDB1P.png,Recyclable,validation,paper_products,3,VALID
Recyclable/cans_all_type/f2682342b94143bdbaac90802452fa81_0_0.jpg,/content/drive/MyDrive/Waste_Classification_FINAL/data/processed/stage4_standardized/Recyclable/cans_all_type/f2682342b94143bdbaac90802452fa81_0_0.png,Recyclable,validation,cans_all_type,3,VALID
Non-Recyclable/ceramic_product/msw-small.jpg,/content/drive/MyDrive/Waste_Classification_FINAL/data/processed/stage4_standardized/Non-Recyclable/ceramic_product/msw-small.png,Non-Recyclable,validation,ceramic_product,1,VALID
Recyclable/glass_containers/euro-pic.jpg,/content/drive/MyDrive/Waste_Classification_FINAL/data/processed/stage4_standardized/Recyclable/glass_containers/euro-pic.png,Recyclable,validation,glass_containers,3,VALID
Organic/egg_shells/ruCCMI2J-eggshells.jpg,/content/drive/MyDrive/Waste_Classification_FINAL/data/processed/stage4_standardized/Organic/egg_shells/ruCCMI2J-eggshells.png,Organic,validation,egg_shells,2,VALID
Organic/yard_trimmings/Leaf-pile-2-e1509567633308.jpg,/content/drive/MyDrive/Waste_Classification_FINAL/data/processed/stage4_standardized/Organic/yard_trimmings/Leaf-pile-2-e1509567633308.png,Organic,validation,yard_trimmings,2,VALID
Organic/yard_trimmings/reusing-garden-waste.jpg,/content/drive/MyDrive/Waste_Classification_FINAL/data/processed/stage4_standardized/Organic/yard_trimmings/reusing-garden-waste.png,Organic,validation,yard_trimmings,2,VALID
Recyclable/cans_all_type/AdobeStock_9525053geo-scaled.jpg,/content/drive/MyDrive/Waste_Classification_FINAL/data/processed/stage4_standardized/Recyclable/cans_all_type/AdobeStock_9525053geo-scaled.png,Recyclable,validation,cans_all_type,3,VALID
Hazardous/paints/coschemicalcleanout-222.jpg,/content/drive/MyDrive/Waste_Classification_FINAL/data/processed/stage4_standardized/Hazardous/paints/coschemicalcleanout-222.png,Hazardous,validation,paints,0,VALID
Hazardous/e-waste/Challenges-and-Opportunities-in-Electronic-Waste-Management-in-India-SHAMI - Copy.jpg,/content/drive/MyDrive/Waste_Classification_FINAL/data/processed/stage4_standardized/Hazardous/e-waste/Challenges-and-Opportunities-in-Electronic-Waste-Management-in-India-SHAMI - Copy.png,Hazardous,validation,e-waste,0,VALID
Hazardous/pesticides/How_to_Start_Manufacturing_Agrochemical_Products_in_India_corpseed.jpg,/content/drive/MyDrive/Waste_Classification_FINAL/data/processed/stage4_standardized/Hazardous/pesticides/How_to_Start_Manufacturing_Agrochemical_Products_in_India_corpseed.png,Hazardous,validation,pesticides,0,VALID
Recyclable/cans_all_type/b7objects_household001.jpg,/content/drive/MyDrive/Waste_Classification_FINAL/data/processed/stage4_standardized/Recyclable/cans_all_type/b7objects_household001.png,Recyclable,validation,cans_all_type,3,VALID
Organic/food_scraps/iStock-1216122354.jpg,/content/drive/MyDrive/Waste_Classification_FINAL/data/processed/stage4_standardized/Organic/food_scraps/iStock-1216122354.png,Organic,validation,food_scraps,2,VALID
Recyclable/cans_all_type/Campbells-WarholCans-scaled.jpg,/content/drive/MyDrive/Waste_Classification_FINAL/data/processed/stage4_standardized/Recyclable/cans_all_type/Campbells-WarholCans-scaled.png,Recyclable,validation,cans_all_type,3,VALID
Recyclable/cans_all_type/recycling-process-soda-cans-after-rinse.jpg,/content/drive/MyDrive/Waste_Classification_FINAL/data/processed/stage4_standardized/Recyclable/cans_all_type/recycling-process-soda-cans-after-rinse.png,Recyclable,validation,cans_all_type,3,VALID
Recyclable/cans_all_type/aluminum-beer-cans-with-keys-stock-image_csp9896786.jpg,/content/drive/MyDrive/Waste_Classification_FINAL/data/processed/stage4_standardized/Recyclable/cans_all_type/aluminum-beer-cans-with-keys-stock-image_csp9896786.png,Recyclable,validation,cans_all_type,3,VALID
Recyclable/glass_containers/korken-jar-with-lid-clear-glass__0171898_pe306756_s5.jpg,/content/drive/MyDrive/Waste_Classification_FINAL/data/processed/stage4_standardized/Recyclable/glass_containers/korken-jar-with-lid-clear-glass__0171898_pe306756_s5.png,Recyclable,validation,glass_containers,3,VALID
Hazardous/e-waste/-1x-1 - Copy.jpg,/content/drive/MyDrive/Waste_Classification_FINAL/data/processed/stage4_standardized/Hazardous/e-waste/-1x-1 - Copy.png,Hazardous,validation,e-waste,0,VALID
Organic/coffee_tea_bags/cup-coffee-coffee-beans_164008-356.jpg,/content/drive/MyDrive/Waste_Classification_FINAL/data/processed/stage4_standardized/Organic/coffee_tea_bags/cup-coffee-coffee-beans_164008-356.png,Organic,validation,coffee_tea_bags,2,VALID
Recyclable/cans_all_type/aluminium-drink-cans-waste-recycle-close-up-view-turin-italy-october-164013257.jpg,/content/drive/MyDrive/Waste_Classification_FINAL/data/processed/stage4_standardized/Recyclable/cans_all_type/aluminium-drink-cans-waste-recycle-close-up-view-turin-italy-october-164013257.png,Recyclable,validation,cans_all_type,3,VALID
Hazardous/paints/Water-Based-Paints-vs-Solvent-Based-Paints.jpg,/content/drive/MyDrive/Waste_Classification_FINAL/data/processed/stage4_standardized/Hazardous/paints/Water-Based-Paints-vs-Solvent-Based-Paints.png,Hazardous,validation,paints,0,VALID
Hazardous/batteries/Photo-collage-of-different-types-of-batteries-12022022.jpg.jpg,/content/drive/MyDrive/Waste_Classification_FINAL/data/processed/stage4_standardized/Hazardous/batteries/Photo-collage-of-different-types-of-batteries-12022022.jpg.png,Hazardous,validation,batteries,0,VALID
Organic/yard_trimmings/yard-waste.jpg,/content/drive/MyDrive/Waste_Classification_FINAL/data/processed/stage4_standardized/Organic/yard_trimmings/yard-waste.png,Organic,validation,yard_trimmings,2,VALID
Organic/egg_shells/depositphotos_42000011-stock-photo-broken-chicken-eggshells.jpg,/content/drive/MyDrive/Waste_Classification_FINAL/data/processed/stage4_standardized/Organic/egg_shells/depositphotos_42000011-stock-photo-broken-chicken-eggshells.png,Organic,validation,egg_shells,2,VALID
Recyclable/glass_containers/HOW-TO-RE-USE-GLASS-JARS-AND-BOTTLES.jpg,/content/drive/MyDrive/Waste_Classification_FINAL/data/processed/stage4_standardized/Recyclable/glass_containers/HOW-TO-RE-USE-GLASS-JARS-AND-BOTTLES.png,Recyclable,validation,glass_containers,3,VALID
Organic/kitchen_waste/87076af8a4cad8874f37b27d9c86b325.jpg,/content/drive/MyDrive/Waste_Classification_FINAL/data/processed/stage4_standardized/Organic/kitchen_waste/87076af8a4cad8874f37b27d9c86b325.png,Organic,validation,kitchen_waste,2,VALID
Organic/kitchen_waste/science-stories-27b.jpg,/content/drive/MyDrive/Waste_Classification_FINAL/data/processed/stage4_standardized/Organic/kitchen_waste/science-stories-27b.png,Organic,validation,kitchen_waste,2,VALID
Organic/food_scraps/iStock-1281092545-1.jpg,/content/drive/MyDrive/Waste_Classification_FINAL/data/processed/stage4_standardized/Organic/food_scraps/iStock-1281092545-1.png,Organic,validation,food_scraps,2,VALID
Recyclable/cans_all_type/crushed-aluminium-drinks-cans-in-a-recycling-basket-2A927XT.jpg,/content/drive/MyDrive/Waste_Classification_FINAL/data/processed/stage4_standardized/Recyclable/cans_all_type/crushed-aluminium-drinks-cans-in-a-recycling-basket-2A927XT.png,Recyclable,validation,cans_all_type,3,VALID
Recyclable/cans_all_type/1000_F_562159019_0bLwz2fRtqYGR6QWwwnF7icyENY6lt07.jpg,/content/drive/MyDrive/Waste_Classification_FINAL/data/processed/stage4_standardized/Recyclable/cans_all_type/1000_F_562159019_0bLwz2fRtqYGR6QWwwnF7icyENY6lt07.png,Recyclable,validation,cans_all_type,3,VALID
Hazardous/pesticides/50-wg-agricultural-pymetrozine-pesticides-500x500.jpg,/content/drive/MyDrive/Waste_Classification_FINAL/data/processed/stage4_standardized/Hazardous/pesticides/50-wg-agricultural-pymetrozine-pesticides-500x500.png,Hazardous,validation,pesticides,0,VALID
Non-Recyclable/styrofoam_product/16-Companies-Rethinking-Packaging.jpg,/content/drive/MyDrive/Waste_Classification_FINAL/data/processed/stage4_standardized/Non-Recyclable/styrofoam_product/16-Companies-Rethinking-Packaging.png,Non-Recyclable,validation,styrofoam_product,1,AUTO_CORRECTED
Non-Recyclable/plastics_bags_wrappers/film-group-image.jpg,/content/drive/MyDrive/Waste_Classification_FINAL/data/processed/stage4_standardized/Non-Recyclable/plastics_bags_wrappers/film-group-image.png,Non-Recyclable,validation,plastics_bags_wrappers,1,AUTO_CORRECTED
Organic/egg_shells/698107-hatched-open-poultry-chicks-egg-shells-shell-706502.jpg,/content/drive/MyDrive/Waste_Classification_FINAL/data/processed/stage4_standardized/Organic/egg_shells/698107-hatched-open-poultry-chicks-egg-shells-shell-706502.png,Organic,validation,egg_shells,2,VALID
Hazardous/e-waste/e-waste-3 - Copy.jpg,/content/drive/MyDrive/Waste_Classification_FINAL/data/processed/stage4_standardized/Hazardous/e-waste/e-waste-3 - Copy.png,Hazardous,validation,e-waste,0,VALID
Recyclable/cans_all_type/1292760.jpg,/content/drive/MyDrive/Waste_Classification_FINAL/data/processed/stage4_standardized/Recyclable/cans_all_type/1292760.png,Recyclable,validation,cans_all_type,3,VALID
Recyclable/glass_containers/glass-recycling-header.jpg,/content/drive/MyDrive/Waste_Classification_FINAL/data/processed/stage4_standardized/Recyclable/glass_containers/glass-recycling-header.png,Recyclable,validation,glass_containers,3,VALID
Non-Recyclable/plastics_bags_wrappers/_117514715_softplasticsimage-002.jpg,/content/drive/MyDrive/Waste_Classification_FINAL/data/processed/stage4_standardized/Non-Recyclable/plastics_bags_wrappers/_117514715_softplasticsimage-002.png,Non-Recyclable,validation,plastics_bags_wrappers,1,AUTO_CORRECTED
Non-Recyclable/ceramic_product/bowl-bottom-broken-glass-w-melted-bubbles-air-vessel-was-lying-flat-85817560.jpg,/content/drive/MyDrive/Waste_Classification_FINAL/data/processed/stage4_standardized/Non-Recyclable/ceramic_product/bowl-bottom-broken-glass-w-melted-bubbles-air-vessel-was-lying-flat-85817560.png,Non-Recyclable,validation,ceramic_product,1,VALID
Hazardous/e-waste/ng-electronic-waste-electronics-recycle-bin-miscellaneous-computer-recycling - Copy.jpg,/content/drive/MyDrive/Waste_Classification_FINAL/data/processed/stage4_standardized/Hazardous/e-waste/ng-electronic-waste-electronics-recycle-bin-miscellaneous-computer-recycling - Copy.png,Hazardous,validation,e-waste,0,VALID
Organic/food_scraps/What_are_the_advantages_of_proper_food_waste_management.jpg,/content/drive/MyDrive/Waste_Classification_FINAL/data/processed/stage4_standardized/Organic/food_scraps/What_are_the_advantages_of_proper_food_waste_management.png,Organic,validation,food_scraps,2,VALID
Recyclable/cans_all_type/689FD0DE-90E7-4492-BE26174EC02EF19F_source.jpg,/content/drive/MyDrive/Waste_Classification_FINAL/data/processed/stage4_standardized/Recyclable/cans_all_type/689FD0DE-90E7-4492-BE26174EC02EF19F_source.png,Recyclable,validation,cans_all_type,3,VALID
Non-Recyclable/sanitary_napkin/feminine-hygiene-products-concept_23-2148660550.jpg,/content/drive/MyDrive/Waste_Classification_FINAL/data/processed/stage4_standardized/Non-Recyclable/sanitary_napkin/feminine-hygiene-products-concept_23-2148660550.png,Non-Recyclable,validation,sanitary_napkin,1,VALID
Non-Recyclable/plastics_bags_wrappers/Obaggo-Dave-andPucks-FTR.jpg,/content/drive/MyDrive/Waste_Classification_FINAL/data/processed/stage4_standardized/Non-Recyclable/plastics_bags_wrappers/Obaggo-Dave-andPucks-FTR.png,Non-Recyclable,validation,plastics_bags_wrappers,1,AUTO_CORRECTED
Organic/coffee_tea_bags/1000_F_607272060_auiUJOv4BIAP91ux7qJz74i3JAKbLegc.jpg,/content/drive/MyDrive/Waste_Classification_FINAL/data/processed/stage4_standardized/Organic/coffee_tea_bags/1000_F_607272060_auiUJOv4BIAP91ux7qJz74i3JAKbLegc.png,Organic,validation,coffee_tea_bags,2,VALID
Organic/food_scraps/food20scraps20MR1540.jpg,/content/drive/MyDrive/Waste_Classification_FINAL/data/processed/stage4_standardized/Organic/food_scraps/food20scraps20MR1540.png,Organic,validation,food_scraps,2,VALID
Non-Recyclable/styrofoam_product/food-packaging-regulations-fi-1.jpg,/content/drive/MyDrive/Waste_Classification_FINAL/data/processed/stage4_standardized/Non-Recyclable/styrofoam_product/food-packaging-regulations-fi-1.png,Non-Recyclable,validation,styrofoam_product,1,AUTO_CORRECTED
Recyclable/glass_containers/Glass-Jars-on-the-Counter.jpg,/content/drive/MyDrive/Waste_Classification_FINAL/data/processed/stage4_standardized/Recyclable/glass_containers/Glass-Jars-on-the-Counter.png,Recyclable,validation,glass_containers,3,VALID
Organic/food_scraps/kisspng-drawing-tree-apple-clip-art-food-scraps-5b1a04b3888213.1340075715284317955592.jpg,/content/drive/MyDrive/Waste_Classification_FINAL/data/processed/stage4_standardized/Organic/food_scraps/kisspng-drawing-tree-apple-clip-art-food-scraps-5b1a04b3888213.1340075715284317955592.png,Organic,validation,food_scraps,2,VALID
Hazardous/pesticides/Image-5-800x450.jpg,/content/drive/MyDrive/Waste_Classification_FINAL/data/processed/stage4_standardized/Hazardous/pesticides/Image-5-800x450.png,Hazardous,validation,pesticides,0,VALID
Organic/egg_shells/brown-crushed-egg-shell.jpg,/content/drive/MyDrive/Waste_Classification_FINAL/data/processed/stage4_standardized/Organic/egg_shells/brown-crushed-egg-shell.png,Organic,validation,egg_shells,2,VALID
Organic/coffee_tea_bags/Green-Coffee.jpg,/content/drive/MyDrive/Waste_Classification_FINAL/data/processed/stage4_standardized/Organic/coffee_tea_bags/Green-Coffee.png,Organic,validation,coffee_tea_bags,2,VALID
Hazardous/e-waste/sustainability-15-01837-g001 - Copy.jpg,/content/drive/MyDrive/Waste_Classification_FINAL/data/processed/stage4_standardized/Hazardous/e-waste/sustainability-15-01837-g001 - Copy.png,Hazardous,validation,e-waste,0,VALID
Hazardous/e-waste/how-to-dispose-of-light-bulbs-section-4 - Copy.jpg,/content/drive/MyDrive/Waste_Classification_FINAL/data/processed/stage4_standardized/Hazardous/e-waste/how-to-dispose-of-light-bulbs-section-4 - Copy.png,Hazardous,validation,e-waste,0,VALID
Non-Recyclable/sanitary_napkin/blog.jpg,/content/drive/MyDrive/Waste_Classification_FINAL/data/processed/stage4_standardized/Non-Recyclable/sanitary_napkin/blog.png,Non-Recyclable,validation,sanitary_napkin,1,VALID
Hazardous/pesticides/Cropduster_spraying_pesticides.jpg,/content/drive/MyDrive/Waste_Classification_FINAL/data/processed/stage4_standardized/Hazardous/pesticides/Cropduster_spraying_pesticides.png,Hazardous,validation,pesticides,0,VALID
Non-Recyclable/styrofoam_product/TYPES-OF-FOOD-PACKAGING.jpg,/content/drive/MyDrive/Waste_Classification_FINAL/data/processed/stage4_standardized/Non-Recyclable/styrofoam_product/TYPES-OF-FOOD-PACKAGING.png,Non-Recyclable,validation,styrofoam_product,1,AUTO_CORRECTED
Non-Recyclable/styrofoam_product/strawberry-packaging_.jpg,/content/drive/MyDrive/Waste_Classification_FINAL/data/processed/stage4_standardized/Non-Recyclable/styrofoam_product/strawberry-packaging_.png,Non-Recyclable,validation,styrofoam_product,1,AUTO_CORRECTED
Recyclable/plastic_bottles/minium-vs-carton-carbon-footprint-p6s8ct2sc0qlo3sipt9k1m2zjocwp37mfzvcpsjmh4.jpg,/content/drive/MyDrive/Waste_Classification_FINAL/data/processed/stage4_standardized/Recyclable/plastic_bottles/minium-vs-carton-carbon-footprint-p6s8ct2sc0qlo3sipt9k1m2zjocwp37mfzvcpsjmh4.png,Recyclable,validation,plastic_bottles,3,VALID
Non-Recyclable/plastics_bags_wrappers/maxresdefault.jpg,/content/drive/MyDrive/Waste_Classification_FINAL/data/processed/stage4_standardized/Non-Recyclable/plastics_bags_wrappers/maxresdefault.png,Non-Recyclable,validation,plastics_bags_wrappers,1,AUTO_CORRECTED
Organic/food_scraps/1600x960_804605-food-waste.jpg,/content/drive/MyDrive/Waste_Classification_FINAL/data/processed/stage4_standardized/Organic/food_scraps/1600x960_804605-food-waste.png,Organic,validation,food_scraps,2,VALID
Recyclable/glass_containers/header-spice-jar-992x556.jpg,/content/drive/MyDrive/Waste_Classification_FINAL/data/processed/stage4_standardized/Recyclable/glass_containers/header-spice-jar-992x556.png,Recyclable,validation,glass_containers,3,VALID
Non-Recyclable/diapers/image8-1638302456823_1200x.jpg,/content/drive/MyDrive/Waste_Classification_FINAL/data/processed/stage4_standardized/Non-Recyclable/diapers/image8-1638302456823_1200x.png,Non-Recyclable,validation,diapers,1,VALID
Organic/yard_trimmings/yard-waste-header.jpg,/content/drive/MyDrive/Waste_Classification_FINAL/data/processed/stage4_standardized/Organic/yard_trimmings/yard-waste-header.png,Organic,validation,yard_trimmings,2,VALID
Hazardous/pesticides/pesticides_og.jpg,/content/drive/MyDrive/Waste_Classification_FINAL/data/processed/stage4_standardized/Hazardous/pesticides/pesticides_og.png,Hazardous,validation,pesticides,0,VALID
Non-Recyclable/sanitary_napkin/GettyImages-menstruation-taboo_1200-1.jpg,/content/drive/MyDrive/Waste_Classification_FINAL/data/processed/stage4_standardized/Non-Recyclable/sanitary_napkin/GettyImages-menstruation-taboo_1200-1.png,Non-Recyclable,validation,sanitary_napkin,1,VALID
Non-Recyclable/sanitary_napkin/feminine-hygiene-products-in-a-shop-2BJWRFF.jpg,/content/drive/MyDrive/Waste_Classification_FINAL/data/processed/stage4_standardized/Non-Recyclable/sanitary_napkin/feminine-hygiene-products-in-a-shop-2BJWRFF.png,Non-Recyclable,validation,sanitary_napkin,1,VALID
Recyclable/cans_all_type/2_piece_DI_02.jpg,/content/drive/MyDrive/Waste_Classification_FINAL/data/processed/stage4_standardized/Recyclable/cans_all_type/2_piece_DI_02.png,Recyclable,validation,cans_all_type,3,VALID
Non-Recyclable/styrofoam_product/ing-takeaway-foam-lunch-boxes-single-use-food-containers-close-up-1792562215.jpg,/content/drive/MyDrive/Waste_Classification_FINAL/data/processed/stage4_standardized/Non-Recyclable/styrofoam_product/ing-takeaway-foam-lunch-boxes-single-use-food-containers-close-up-1792562215.png,Non-Recyclable,validation,styrofoam_product,1,AUTO_CORRECTED
Non-Recyclable/sanitary_napkin/357_main.jpg,/content/drive/MyDrive/Waste_Classification_FINAL/data/processed/stage4_standardized/Non-Recyclable/sanitary_napkin/357_main.png,Non-Recyclable,validation,sanitary_napkin,1,VALID
Organic/coffee_tea_bags/Kilimanjaro-Tanzania-Roasted-Coffee-Beans-_2_1200x.jpg,/content/drive/MyDrive/Waste_Classification_FINAL/data/processed/stage4_standardized/Organic/coffee_tea_bags/Kilimanjaro-Tanzania-Roasted-Coffee-Beans-_2_1200x.png,Organic,validation,coffee_tea_bags,2,VALID
Recyclable/paper_products/stock-vector-paper-waste-items-paper-packaging-flat-design-illustrations-2291614661.jpg,/content/drive/MyDrive/Waste_Classification_FINAL/data/processed/stage4_standardized/Recyclable/paper_products/stock-vector-paper-waste-items-paper-packaging-flat-design-illustrations-2291614661.png,Recyclable,validation,paper_products,3,VALID
Non-Recyclable/ceramic_product/e-patterns-isolated-white-background-vector-cartoon-illustration_76964-12320.jpg,/content/drive/MyDrive/Waste_Classification_FINAL/data/processed/stage4_standardized/Non-Recyclable/ceramic_product/e-patterns-isolated-white-background-vector-cartoon-illustration_76964-12320.png,Non-Recyclable,validation,ceramic_product,1,VALID
Non-Recyclable/sanitary_napkin/AHB2013q072679_cropped.jpg,/content/drive/MyDrive/Waste_Classification_FINAL/data/processed/stage4_standardized/Non-Recyclable/sanitary_napkin/AHB2013q072679_cropped.png,Non-Recyclable,validation,sanitary_napkin,1,VALID
Hazardous/e-waste/1-compact-fluorescent-bird-lamp-full-spectrum-lighting-bulb-2-4-original-imag9836wgsrnaev - Copy.jpg,/content/drive/MyDrive/Waste_Classification_FINAL/data/processed/stage4_standardized/Hazardous/e-waste/1-compact-fluorescent-bird-lamp-full-spectrum-lighting-bulb-2-4-original-imag9836wgsrnaev - Copy.png,Hazardous,validation,e-waste,0,VALID
Non-Recyclable/plastics_bags_wrappers/3678_428fd902f4247199467725e7eccf1673.jpg,/content/drive/MyDrive/Waste_Classification_FINAL/data/processed/stage4_standardized/Non-Recyclable/plastics_bags_wrappers/3678_428fd902f4247199467725e7eccf1673.png,Non-Recyclable,validation,plastics_bags_wrappers,1,AUTO_CORRECTED
Recyclable/paper_products/1000_F_253622625_mRkOKr6jfOmiHINdIBQHZWCBNOZhdxsG.jpg,/content/drive/MyDrive/Waste_Classification_FINAL/data/processed/stage4_standardized/Recyclable/paper_products/1000_F_253622625_mRkOKr6jfOmiHINdIBQHZWCBNOZhdxsG.png,Recyclable,validation,paper_products,3,VALID
Non-Recyclable/plastics_bags_wrappers/plasticwrapped.jpg,/content/drive/MyDrive/Waste_Classification_FINAL/data/processed/stage4_standardized/Non-Recyclable/plastics_bags_wrappers/plasticwrapped.png,Non-Recyclable,validation,plastics_bags_wrappers,1,AUTO_CORRECTED
Hazardous/pesticides/Diagram-showing-the-main-impacts-of-pesticides-on-soil-plant-and-arthropod-communities.jpg,/content/drive/MyDrive/Waste_Classification_FINAL/data/processed/stage4_standardized/Hazardous/pesticides/Diagram-showing-the-main-impacts-of-pesticides-on-soil-plant-and-arthropod-communities.png,Hazardous,validation,pesticides,0,VALID
Hazardous/pesticides/icide-spray-lettuce-iceberg-field-sunset-insecticides-agricultural-180035011.jpg,/content/drive/MyDrive/Waste_Classification_FINAL/data/processed/stage4_standardized/Hazardous/pesticides/icide-spray-lettuce-iceberg-field-sunset-insecticides-agricultural-180035011.png,Hazardous,validation,pesticides,0,VALID
Recyclable/cans_all_type/aluminum-recycling.jpg,/content/drive/MyDrive/Waste_Classification_FINAL/data/processed/stage4_standardized/Recyclable/cans_all_type/aluminum-recycling.png,Recyclable,validation,cans_all_type,3,VALID
Organic/yard_trimmings/Can-You-Put-Yard-Waste-In-Trash.jpg,/content/drive/MyDrive/Waste_Classification_FINAL/data/processed/stage4_standardized/Organic/yard_trimmings/Can-You-Put-Yard-Waste-In-Trash.png,Organic,validation,yard_trimmings,2,VALID
Hazardous/e-waste/1507096064_kRvRf8_e-waste - Copy.jpg,/content/drive/MyDrive/Waste_Classification_FINAL/data/processed/stage4_standardized/Hazardous/e-waste/1507096064_kRvRf8_e-waste - Copy.png,Hazardous,validation,e-waste,0,VALID
Recyclable/cans_all_type/white-background-metal-waste-recycling-empty-crumpled-aluminum-can-120063176.jpg,/content/drive/MyDrive/Waste_Classification_FINAL/data/processed/stage4_standardized/Recyclable/cans_all_type/white-background-metal-waste-recycling-empty-crumpled-aluminum-can-120063176.png,Recyclable,validation,cans_all_type,3,VALID
Organic/coffee_tea_bags/Green-Coffee-Green-Tea-Bags-SDL352859297-1-9e4d7.jpg,/content/drive/MyDrive/Waste_Classification_FINAL/data/processed/stage4_standardized/Organic/coffee_tea_bags/Green-Coffee-Green-Tea-Bags-SDL352859297-1-9e4d7.png,Organic,validation,coffee_tea_bags,2,VALID
Organic/food_scraps/Website-Thumbnail-food-india-junk-food-eating.jpg,/content/drive/MyDrive/Waste_Classification_FINAL/data/processed/stage4_standardized/Organic/food_scraps/Website-Thumbnail-food-india-junk-food-eating.png,Organic,validation,food_scraps,2,VALID
Organic/kitchen_waste/Articleheader_Dora.jpg,/content/drive/MyDrive/Waste_Classification_FINAL/data/processed/stage4_standardized/Organic/kitchen_waste/Articleheader_Dora.png,Organic,validation,kitchen_waste,2,VALID
Hazardous/paints/50215931-hazardous-waste-paints-and-varnishes.jpg,/content/drive/MyDrive/Waste_Classification_FINAL/data/processed/stage4_standardized/Hazardous/paints/50215931-hazardous-waste-paints-and-varnishes.png,Hazardous,validation,paints,0,VALID
Hazardous/paints/aerosol_170164178_small-250x167.jpg,/content/drive/MyDrive/Waste_Classification_FINAL/data/processed/stage4_standardized/Hazardous/paints/aerosol_170164178_small-250x167.png,Hazardous,validation,paints,0,VALID
Non-Recyclable/styrofoam_product/7AOOT_12_KXFOOD_02.jpg,/content/drive/MyDrive/Waste_Classification_FINAL/data/processed/stage4_standardized/Non-Recyclable/styrofoam_product/7AOOT_12_KXFOOD_02.png,Non-Recyclable,validation,styrofoam_product,1,AUTO_CORRECTED
Organic/kitchen_waste/Eco_friendly_bulk_food_shopping_bags_940x.jpg,/content/drive/MyDrive/Waste_Classification_FINAL/data/processed/stage4_standardized/Organic/kitchen_waste/Eco_friendly_bulk_food_shopping_bags_940x.png,Organic,validation,kitchen_waste,2,VALID
Non-Recyclable/ceramic_product/letsbeclear-glass-jp-dd3_original.jpg,/content/drive/MyDrive/Waste_Classification_FINAL/data/processed/stage4_standardized/Non-Recyclable/ceramic_product/letsbeclear-glass-jp-dd3_original.png,Non-Recyclable,validation,ceramic_product,1,VALID
Non-Recyclable/diapers/Representational-Image-only-3.jpg,/content/drive/MyDrive/Waste_Classification_FINAL/data/processed/stage4_standardized/Non-Recyclable/diapers/Representational-Image-only-3.png,Non-Recyclable,validation,diapers,1,VALID
Recyclable/glass_containers/MP000000008225078_1348Wx2000H_202011202358181.jpg,/content/drive/MyDrive/Waste_Classification_FINAL/data/processed/stage4_standardized/Recyclable/glass_containers/MP000000008225078_1348Wx2000H_202011202358181.png,Recyclable,validation,glass_containers,3,VALID
Recyclable/glass_containers/44084530822_acb18d4ea4_c-1200x900.jpg,/content/drive/MyDrive/Waste_Classification_FINAL/data/processed/stage4_standardized/Recyclable/glass_containers/44084530822_acb18d4ea4_c-1200x900.png,Recyclable,validation,glass_containers,3,VALID
Non-Recyclable/styrofoam_product/English-quick-summary_2021-11-16-014257_agwg.jpg,/content/drive/MyDrive/Waste_Classification_FINAL/data/processed/stage4_standardized/Non-Recyclable/styrofoam_product/English-quick-summary_2021-11-16-014257_agwg.png,Non-Recyclable,validation,styrofoam_product,1,AUTO_CORRECTED
Organic/coffee_tea_bags/tea-bags-and-coffee-beans-DE0A54.jpg,/content/drive/MyDrive/Waste_Classification_FINAL/data/processed/stage4_standardized/Organic/coffee_tea_bags/tea-bags-and-coffee-beans-DE0A54.png,Organic,validation,coffee_tea_bags,2,VALID
Hazardous/batteries/rechargeable-battery-2048px-5925.jpg,/content/drive/MyDrive/Waste_Classification_FINAL/data/processed/stage4_standardized/Hazardous/batteries/rechargeable-battery-2048px-5925.png,Hazardous,validation,batteries,0,VALID
Hazardous/batteries/battery-recycling.jpg,/content/drive/MyDrive/Waste_Classification_FINAL/data/processed/stage4_standardized/Hazardous/batteries/battery-recycling.png,Hazardous,validation,batteries,0,VALID
Organic/coffee_tea_bags/Green-Beans-Coffee-2.jpg,/content/drive/MyDrive/Waste_Classification_FINAL/data/processed/stage4_standardized/Organic/coffee_tea_bags/Green-Beans-Coffee-2.png,Organic,validation,coffee_tea_bags,2,VALID
Organic/coffee_tea_bags/set-isometric-line-coffee-beans-cup-tea-with-bag-vector-46606594.jpg,/content/drive/MyDrive/Waste_Classification_FINAL/data/processed/stage4_standardized/Organic/coffee_tea_bags/set-isometric-line-coffee-beans-cup-tea-with-bag-vector-46606594.png,Organic,validation,coffee_tea_bags,2,VALID
Non-Recyclable/diapers/disposable-baby-diapers.jpg,/content/drive/MyDrive/Waste_Classification_FINAL/data/processed/stage4_standardized/Non-Recyclable/diapers/disposable-baby-diapers.png,Non-Recyclable,validation,diapers,1,VALID
Organic/coffee_tea_bags/Types-Of-Coffee-Packaging.jpg,/content/drive/MyDrive/Waste_Classification_FINAL/data/processed/stage4_standardized/Organic/coffee_tea_bags/Types-Of-Coffee-Packaging.png,Organic,validation,coffee_tea_bags,2,VALID
Organic/food_scraps/Food20scraps20into20green20cart.jpg,/content/drive/MyDrive/Waste_Classification_FINAL/data/processed/stage4_standardized/Organic/food_scraps/Food20scraps20into20green20cart.png,Organic,validation,food_scraps,2,VALID
Non-Recyclable/styrofoam_product/McDonalds_Molded_Pulp_Drink_Tray_Top.jpg,/content/drive/MyDrive/Waste_Classification_FINAL/data/processed/stage4_standardized/Non-Recyclable/styrofoam_product/McDonalds_Molded_Pulp_Drink_Tray_Top.png,Non-Recyclable,validation,styrofoam_product,1,AUTO_CORRECTED
Hazardous/paints/bottles234.jpg,/content/drive/MyDrive/Waste_Classification_FINAL/data/processed/stage4_standardized/Hazardous/paints/bottles234.png,Hazardous,validation,paints,0,VALID
Hazardous/e-waste/archives-ewaste-one_one - Copy.jpg,/content/drive/MyDrive/Waste_Classification_FINAL/data/processed/stage4_standardized/Hazardous/e-waste/archives-ewaste-one_one - Copy.png,Hazardous,validation,e-waste,0,VALID
Recyclable/cans_all_type/RauTZ.jpg,/content/drive/MyDrive/Waste_Classification_FINAL/data/processed/stage4_standardized/Recyclable/cans_all_type/RauTZ.png,Recyclable,validation,cans_all_type,3,VALID
Recyclable/paper_products/csm_Sperli_Tuetenverpackung_KarlKnauer_5af44b4933.jpg,/content/drive/MyDrive/Waste_Classification_FINAL/data/processed/stage4_standardized/Recyclable/paper_products/csm_Sperli_Tuetenverpackung_KarlKnauer_5af44b4933.png,Recyclable,validation,paper_products,3,VALID
Hazardous/e-waste/Compact-Flourescent-Lighbulb - Copy.jpg,/content/drive/MyDrive/Waste_Classification_FINAL/data/processed/stage4_standardized/Hazardous/e-waste/Compact-Flourescent-Lighbulb - Copy.png,Hazardous,validation,e-waste,0,VALID
Hazardous/e-waste/LED-CLF-Incandescent-2 - Copy.jpg,/content/drive/MyDrive/Waste_Classification_FINAL/data/processed/stage4_standardized/Hazardous/e-waste/LED-CLF-Incandescent-2 - Copy.png,Hazardous,validation,e-waste,0,VALID
Hazardous/paints/2022-2023-HHW-Flyer-updated2.jpg,/content/drive/MyDrive/Waste_Classification_FINAL/data/processed/stage4_standardized/Hazardous/paints/2022-2023-HHW-Flyer-updated2.png,Hazardous,validation,paints,0,VALID
Organic/food_scraps/HOW-CAN-WE-HELP-1.jpg,/content/drive/MyDrive/Waste_Classification_FINAL/data/processed/stage4_standardized/Organic/food_scraps/HOW-CAN-WE-HELP-1.png,Organic,validation,food_scraps,2,VALID
Non-Recyclable/styrofoam_product/foam20containers.jpg,/content/drive/MyDrive/Waste_Classification_FINAL/data/processed/stage4_standardized/Non-Recyclable/styrofoam_product/foam20containers.png,Non-Recyclable,validation,styrofoam_product,1,AUTO_CORRECTED
Recyclable/paper_products/cardboard-box-packing-peanuts-GettyImages-177495280-MLedit.jpg,/content/drive/MyDrive/Waste_Classification_FINAL/data/processed/stage4_standardized/Recyclable/paper_products/cardboard-box-packing-peanuts-GettyImages-177495280-MLedit.png,Recyclable,validation,paper_products,3,VALID
Non-Recyclable/styrofoam_product/styrofoam-packaging-peanuts-DM6D71.jpg,/content/drive/MyDrive/Waste_Classification_FINAL/data/processed/stage4_standardized/Non-Recyclable/styrofoam_product/styrofoam-packaging-peanuts-DM6D71.png,Non-Recyclable,validation,styrofoam_product,1,AUTO_CORRECTED
Non-Recyclable/sanitary_napkin/vagina-vulva-1296x728-header.jpg,/content/drive/MyDrive/Waste_Classification_FINAL/data/processed/stage4_standardized/Non-Recyclable/sanitary_napkin/vagina-vulva-1296x728-header.png,Non-Recyclable,validation,sanitary_napkin,1,VALID
Non-Recyclable/styrofoam_product/800px-Yummp_hk_lunchbox.jpg,/content/drive/MyDrive/Waste_Classification_FINAL/data/processed/stage4_standardized/Non-Recyclable/styrofoam_product/800px-Yummp_hk_lunchbox.png,Non-Recyclable,validation,styrofoam_product,1,AUTO_CORRECTED
Recyclable/plastic_bottles/depositphotos_17414663-stock-photo-little-bottle-of-soda.jpg,/content/drive/MyDrive/Waste_Classification_FINAL/data/processed/stage4_standardized/Recyclable/plastic_bottles/depositphotos_17414663-stock-photo-little-bottle-of-soda.png,Recyclable,validation,plastic_bottles,3,VALID
Recyclable/plastic_bottles/sprite_custom-69f1695b46d4430dda05de4503fc55028693fe4c.jpg,/content/drive/MyDrive/Waste_Classification_FINAL/data/processed/stage4_standardized/Recyclable/plastic_bottles/sprite_custom-69f1695b46d4430dda05de4503fc55028693fe4c.png,Recyclable,validation,plastic_bottles,3,VALID
Hazardous/pesticides/NThZgLN.jpg,/content/drive/MyDrive/Waste_Classification_FINAL/data/processed/stage4_standardized/Hazardous/pesticides/NThZgLN.png,Hazardous,validation,pesticides,0,VALID
Non-Recyclable/ceramic_product/Recycle-Disposal.jpg,/content/drive/MyDrive/Waste_Classification_FINAL/data/processed/stage4_standardized/Non-Recyclable/ceramic_product/Recycle-Disposal.png,Non-Recyclable,validation,ceramic_product,1,VALID
Organic/coffee_tea_bags/th-coffee-beans-top-view-with-shadow-isolated-on-white-background-1839213553.jpg,/content/drive/MyDrive/Waste_Classification_FINAL/data/processed/stage4_standardized/Organic/coffee_tea_bags/th-coffee-beans-top-view-with-shadow-isolated-on-white-background-1839213553.png,Organic,validation,coffee_tea_bags,2,VALID
Non-Recyclable/diapers/1-s2.0-S0921344919304549-ga1.jpg,/content/drive/MyDrive/Waste_Classification_FINAL/data/processed/stage4_standardized/Non-Recyclable/diapers/1-s2.0-S0921344919304549-ga1.png,Non-Recyclable,validation,diapers,1,VALID
Recyclable/cans_all_type/canned-food_0.jpg,/content/drive/MyDrive/Waste_Classification_FINAL/data/processed/stage4_standardized/Recyclable/cans_all_type/canned-food_0.png,Recyclable,validation,cans_all_type,3,VALID
Hazardous/e-waste/WASTE-superJumbo - Copy.jpg,/content/drive/MyDrive/Waste_Classification_FINAL/data/processed/stage4_standardized/Hazardous/e-waste/WASTE-superJumbo - Copy.png,Hazardous,validation,e-waste,0,VALID
Hazardous/paints/Solvent-based-paints-1024x640.jpg,/content/drive/MyDrive/Waste_Classification_FINAL/data/processed/stage4_standardized/Hazardous/paints/Solvent-based-paints-1024x640.png,Hazardous,validation,paints,0,VALID
Non-Recyclable/diapers/Blog-10-internal-img-colourfull-diaper.jpg,/content/drive/MyDrive/Waste_Classification_FINAL/data/processed/stage4_standardized/Non-Recyclable/diapers/Blog-10-internal-img-colourfull-diaper.png,Non-Recyclable,validation,diapers,1,VALID
Recyclable/plastic_bottles/SodaBottle2.jpg,/content/drive/MyDrive/Waste_Classification_FINAL/data/processed/stage4_standardized/Recyclable/plastic_bottles/SodaBottle2.png,Recyclable,validation,plastic_bottles,3,VALID
Hazardous/pesticides/pesticides.jpg,/content/drive/MyDrive/Waste_Classification_FINAL/data/processed/stage4_standardized/Hazardous/pesticides/pesticides.png,Hazardous,validation,pesticides,0,VALID
Hazardous/e-waste/international-e-waste-day - Copy.jpg,/content/drive/MyDrive/Waste_Classification_FINAL/data/processed/stage4_standardized/Hazardous/e-waste/international-e-waste-day - Copy.png,Hazardous,validation,e-waste,0,VALID
Hazardous/batteries/alkaline-battery_en.jpg,/content/drive/MyDrive/Waste_Classification_FINAL/data/processed/stage4_standardized/Hazardous/batteries/alkaline-battery_en.png,Hazardous,validation,batteries,0,VALID
Non-Recyclable/styrofoam_product/Carryout-Pkg-AdobeStock_249951953-20New-Africa-FTR.jpg,/content/drive/MyDrive/Waste_Classification_FINAL/data/processed/stage4_standardized/Non-Recyclable/styrofoam_product/Carryout-Pkg-AdobeStock_249951953-20New-Africa-FTR.png,Non-Recyclable,validation,styrofoam_product,1,AUTO_CORRECTED
Hazardous/paints/006827571_1-ee962a21b5d2673a4c1f0ed05d640bb6.jpg,/content/drive/MyDrive/Waste_Classification_FINAL/data/processed/stage4_standardized/Hazardous/paints/006827571_1-ee962a21b5d2673a4c1f0ed05d640bb6.png,Hazardous,validation,paints,0,VALID
Recyclable/cans_all_type/canned-pumpkin-can-1296x728-body.jpg,/content/drive/MyDrive/Waste_Classification_FINAL/data/processed/stage4_standardized/Recyclable/cans_all_type/canned-pumpkin-can-1296x728-body.png,Recyclable,validation,cans_all_type,3,VALID
Recyclable/cans_all_type/aluminum-cans.jpg,/content/drive/MyDrive/Waste_Classification_FINAL/data/processed/stage4_standardized/Recyclable/cans_all_type/aluminum-cans.png,Recyclable,validation,cans_all_type,3,VALID
Non-Recyclable/plastics_bags_wrappers/61oUvhDzMlL.jpg,/content/drive/MyDrive/Waste_Classification_FINAL/data/processed/stage4_standardized/Non-Recyclable/plastics_bags_wrappers/61oUvhDzMlL.png,Non-Recyclable,validation,plastics_bags_wrappers,1,AUTO_CORRECTED
Organic/coffee_tea_bags/71zKEKtQfL.jpg,/content/drive/MyDrive/Waste_Classification_FINAL/data/processed/stage4_standardized/Organic/coffee_tea_bags/71zKEKtQfL.png,Organic,validation,coffee_tea_bags,2,VALID
Hazardous/e-waste/incandescent-led-cfl - Copy.jpg,/content/drive/MyDrive/Waste_Classification_FINAL/data/processed/stage4_standardized/Hazardous/e-waste/incandescent-led-cfl - Copy.png,Hazardous,validation,e-waste,0,VALID
Organic/food_scraps/food-waste-at-home-independence-day-special.jpg,/content/drive/MyDrive/Waste_Classification_FINAL/data/processed/stage4_standardized/Organic/food_scraps/food-waste-at-home-independence-day-special.png,Organic,validation,food_scraps,2,VALID
Recyclable/plastic_bottles/le-soda-lemon-orange-and-water-drinks-in-bottles-plastic-beverage-1296536842.jpg,/content/drive/MyDrive/Waste_Classification_FINAL/data/processed/stage4_standardized/Recyclable/plastic_bottles/le-soda-lemon-orange-and-water-drinks-in-bottles-plastic-beverage-1296536842.png,Recyclable,validation,plastic_bottles,3,VALID
Hazardous/e-waste/cfl-waste-recycling - Copy.jpg,/content/drive/MyDrive/Waste_Classification_FINAL/data/processed/stage4_standardized/Hazardous/e-waste/cfl-waste-recycling - Copy.png,Hazardous,validation,e-waste,0,VALID
Organic/food_scraps/DSC_0543.jpg,/content/drive/MyDrive/Waste_Classification_FINAL/data/processed/stage4_standardized/Organic/food_scraps/DSC_0543.png,Organic,validation,food_scraps,2,VALID
Recyclable/plastic_bottles/linder-with-tap-and-pump-containers-for-clean-water-and-beverages-2175350909.jpg,/content/drive/MyDrive/Waste_Classification_FINAL/data/processed/stage4_standardized/Recyclable/plastic_bottles/linder-with-tap-and-pump-containers-for-clean-water-and-beverages-2175350909.png,Recyclable,validation,plastic_bottles,3,VALID
Recyclable/paper_products/art-attachment-background-boat-40906.jpg,/content/drive/MyDrive/Waste_Classification_FINAL/data/processed/stage4_standardized/Recyclable/paper_products/art-attachment-background-boat-40906.png,Recyclable,validation,paper_products,3,VALID
Organic/egg_shells/maxresdefault.jpg,/content/drive/MyDrive/Waste_Classification_FINAL/data/processed/stage4_standardized/Organic/egg_shells/maxresdefault.png,Organic,validation,egg_shells,2,VALID
Recyclable/plastic_bottles/drinks-cans-plastic-bottles-illustrations-set_74855-16864.jpg,/content/drive/MyDrive/Waste_Classification_FINAL/data/processed/stage4_standardized/Recyclable/plastic_bottles/drinks-cans-plastic-bottles-illustrations-set_74855-16864.png,Recyclable,validation,plastic_bottles,3,VALID
Hazardous/pesticides/foods-09-01468-ag.jpg,/content/drive/MyDrive/Waste_Classification_FINAL/data/processed/stage4_standardized/Hazardous/pesticides/foods-09-01468-ag.png,Hazardous,validation,pesticides,0,VALID
Non-Recyclable/ceramic_product/broken-glass-mosaic-tile-decoration-in-park-guell-barcelona-spain-1017069073.jpg,/content/drive/MyDrive/Waste_Classification_FINAL/data/processed/stage4_standardized/Non-Recyclable/ceramic_product/broken-glass-mosaic-tile-decoration-in-park-guell-barcelona-spain-1017069073.png,Non-Recyclable,validation,ceramic_product,1,VALID
Organic/egg_shells/FB-eggshells-for-the-garden.jpg,/content/drive/MyDrive/Waste_Classification_FINAL/data/processed/stage4_standardized/Organic/egg_shells/FB-eggshells-for-the-garden.png,Organic,validation,egg_shells,2,VALID
Recyclable/plastic_bottles/soda-bottle-watering-can.jpg,/content/drive/MyDrive/Waste_Classification_FINAL/data/processed/stage4_standardized/Recyclable/plastic_bottles/soda-bottle-watering-can.png,Recyclable,validation,plastic_bottles,3,VALID
Non-Recyclable/plastics_bags_wrappers/51xqA8a-wsL._AC_UF10001000_QL80_.jpg,/content/drive/MyDrive/Waste_Classification_FINAL/data/processed/stage4_standardized/Non-Recyclable/plastics_bags_wrappers/51xqA8a-wsL._AC_UF10001000_QL80_.png,Non-Recyclable,validation,plastics_bags_wrappers,1,AUTO_CORRECTED
Organic/yard_trimmings/depositphotos_24939463-stock-photo-garden-waste-recycling-ii.jpg,/content/drive/MyDrive/Waste_Classification_FINAL/data/processed/stage4_standardized/Organic/yard_trimmings/depositphotos_24939463-stock-photo-garden-waste-recycling-ii.png,Organic,validation,yard_trimmings,2,VALID
Hazardous/paints/paints-solvents.jpg,/content/drive/MyDrive/Waste_Classification_FINAL/data/processed/stage4_standardized/Hazardous/paints/paints-solvents.png,Hazardous,validation,paints,0,VALID
Non-Recyclable/ceramic_product/Is-Recycling-Glass-Worth-It.jpg,/content/drive/MyDrive/Waste_Classification_FINAL/data/processed/stage4_standardized/Non-Recyclable/ceramic_product/Is-Recycling-Glass-Worth-It.png,Non-Recyclable,validation,ceramic_product,1,VALID
Non-Recyclable/ceramic_product/guide-glass-brokenglass.jpg,/content/drive/MyDrive/Waste_Classification_FINAL/data/processed/stage4_standardized/Non-Recyclable/ceramic_product/guide-glass-brokenglass.png,Non-Recyclable,validation,ceramic_product,1,VALID
Hazardous/e-waste/hazardous-waste-solutions-fluorescent-tubes - Copy.jpg,/content/drive/MyDrive/Waste_Classification_FINAL/data/processed/stage4_standardized/Hazardous/e-waste/hazardous-waste-solutions-fluorescent-tubes - Copy.png,Hazardous,validation,e-waste,0,VALID
Non-Recyclable/ceramic_product/de-bowl-in-the-shape-of-a-star-at-the-bottom-of-the-bowl-melted-broken-glass.jpg,/content/drive/MyDrive/Waste_Classification_FINAL/data/processed/stage4_standardized/Non-Recyclable/ceramic_product/de-bowl-in-the-shape-of-a-star-at-the-bottom-of-the-bowl-melted-broken-glass.png,Non-Recyclable,validation,ceramic_product,1,VALID
Organic/food_scraps/Organic-waste-to-wealth.jpg,/content/drive/MyDrive/Waste_Classification_FINAL/data/processed/stage4_standardized/Organic/food_scraps/Organic-waste-to-wealth.png,Organic,validation,food_scraps,2,VALID
Organic/egg_shells/The-color-and-pigment-patterns-of-eggshells-vary-greatly-across-avian-lineages-We.jpg,/content/drive/MyDrive/Waste_Classification_FINAL/data/processed/stage4_standardized/Organic/egg_shells/The-color-and-pigment-patterns-of-eggshells-vary-greatly-across-avian-lineages-We.png,Organic,validation,egg_shells,2,VALID
Hazardous/e-waste/energy-saving-bulbs-spent-incandescent-halogen-cfi-fluorescent-led-174891292 - Copy.jpg,/content/drive/MyDrive/Waste_Classification_FINAL/data/processed/stage4_standardized/Hazardous/e-waste/energy-saving-bulbs-spent-incandescent-halogen-cfi-fluorescent-led-174891292 - Copy.png,Hazardous,validation,e-waste,0,VALID
Recyclable/cans_all_type/used-beverage-cans-aluminum-scrap-ubc--500x500.jpg,/content/drive/MyDrive/Waste_Classification_FINAL/data/processed/stage4_standardized/Recyclable/cans_all_type/used-beverage-cans-aluminum-scrap-ubc--500x500.png,Recyclable,validation,cans_all_type,3,VALID
Non-Recyclable/styrofoam_product/1cd-600x600.jpg,/content/drive/MyDrive/Waste_Classification_FINAL/data/processed/stage4_standardized/Non-Recyclable/styrofoam_product/1cd-600x600.png,Non-Recyclable,validation,styrofoam_product,1,AUTO_CORRECTED
Non-Recyclable/ceramic_product/largepreview.jpg,/content/drive/MyDrive/Waste_Classification_FINAL/data/processed/stage4_standardized/Non-Recyclable/ceramic_product/largepreview.png,Non-Recyclable,validation,ceramic_product,1,VALID
Recyclable/paper_products/5cc8f28751a9ad23a663a94e_paper-blog.jpg,/content/drive/MyDrive/Waste_Classification_FINAL/data/processed/stage4_standardized/Recyclable/paper_products/5cc8f28751a9ad23a663a94e_paper-blog.png,Recyclable,validation,paper_products,3,VALID
Hazardous/pesticides/toxics-09-00042-ag.jpg,/content/drive/MyDrive/Waste_Classification_FINAL/data/processed/stage4_standardized/Hazardous/pesticides/toxics-09-00042-ag.png,Hazardous,validation,pesticides,0,VALID
Organic/coffee_tea_bags/stock-photo-three-tea-bags-lie-on-a-background-of-coffee-beans-2135663021.jpg,/content/drive/MyDrive/Waste_Classification_FINAL/data/processed/stage4_standardized/Organic/coffee_tea_bags/stock-photo-three-tea-bags-lie-on-a-background-of-coffee-beans-2135663021.png,Organic,validation,coffee_tea_bags,2,VALID
Recyclable/glass_containers/can-you-recycled-glass.jpg,/content/drive/MyDrive/Waste_Classification_FINAL/data/processed/stage4_standardized/Recyclable/glass_containers/can-you-recycled-glass.png,Recyclable,validation,glass_containers,3,VALID
Organic/kitchen_waste/d-prepared-with-tomatoes-cucumber-paper-bowl-zero-waste-dishware_118631-3969.jpg,/content/drive/MyDrive/Waste_Classification_FINAL/data/processed/stage4_standardized/Organic/kitchen_waste/d-prepared-with-tomatoes-cucumber-paper-bowl-zero-waste-dishware_118631-3969.png,Organic,validation,kitchen_waste,2,VALID
Hazardous/e-waste/depositphotos_38625459-stock-photo-incandescent-compact-fluorescent-halogen-lamps - Copy.jpg,/content/drive/MyDrive/Waste_Classification_FINAL/data/processed/stage4_standardized/Hazardous/e-waste/depositphotos_38625459-stock-photo-incandescent-compact-fluorescent-halogen-lamps - Copy.png,Hazardous,validation,e-waste,0,VALID
Organic/food_scraps/depositphotos_68423525-stock-photo-a-pile-of-food-waste.jpg,/content/drive/MyDrive/Waste_Classification_FINAL/data/processed/stage4_standardized/Organic/food_scraps/depositphotos_68423525-stock-photo-a-pile-of-food-waste.png,Organic,validation,food_scraps,2,VALID
Hazardous/paints/IMG_2667-scaled.jpg,/content/drive/MyDrive/Waste_Classification_FINAL/data/processed/stage4_standardized/Hazardous/paints/IMG_2667-scaled.png,Hazardous,validation,paints,0,VALID
Hazardous/paints/productgrid_solvents_w900-1.jpg,/content/drive/MyDrive/Waste_Classification_FINAL/data/processed/stage4_standardized/Hazardous/paints/productgrid_solvents_w900-1.png,Hazardous,validation,paints,0,VALID
Organic/egg_shells/Reusing2520Eggshells25201.jpg,/content/drive/MyDrive/Waste_Classification_FINAL/data/processed/stage4_standardized/Organic/egg_shells/Reusing2520Eggshells25201.png,Organic,validation,egg_shells,2,VALID
Organic/yard_trimmings/sidential-lawns-gardens-grass-clippings-leaves-branches-silhouette-210345973.jpg,/content/drive/MyDrive/Waste_Classification_FINAL/data/processed/stage4_standardized/Organic/yard_trimmings/sidential-lawns-gardens-grass-clippings-leaves-branches-silhouette-210345973.png,Organic,validation,yard_trimmings,2,VALID
Non-Recyclable/diapers/Dyper_lifestyle_Jan_2022-128.jpg,/content/drive/MyDrive/Waste_Classification_FINAL/data/processed/stage4_standardized/Non-Recyclable/diapers/Dyper_lifestyle_Jan_2022-128.png,Non-Recyclable,validation,diapers,1,VALID
Non-Recyclable/plastics_bags_wrappers/gettyimages-163310627.jpg,/content/drive/MyDrive/Waste_Classification_FINAL/data/processed/stage4_standardized/Non-Recyclable/plastics_bags_wrappers/gettyimages-163310627.png,Non-Recyclable,validation,plastics_bags_wrappers,1,AUTO_CORRECTED
Recyclable/plastic_bottles/maxresdefault.jpg,/content/drive/MyDrive/Waste_Classification_FINAL/data/processed/stage4_standardized/Recyclable/plastic_bottles/maxresdefault.png,Recyclable,validation,plastic_bottles,3,VALID
Hazardous/paints/empty-paint-cans-waiting-disposal-los-angeles-california-52298309.jpg,/content/drive/MyDrive/Waste_Classification_FINAL/data/processed/stage4_standardized/Hazardous/paints/empty-paint-cans-waiting-disposal-los-angeles-california-52298309.png,Hazardous,validation,paints,0,VALID
Non-Recyclable/sanitary_napkin/infectious-waste-disposal.jpg,/content/drive/MyDrive/Waste_Classification_FINAL/data/processed/stage4_standardized/Non-Recyclable/sanitary_napkin/infectious-waste-disposal.png,Non-Recyclable,validation,sanitary_napkin,1,VALID
Hazardous/pesticides/209531-dc.jpg,/content/drive/MyDrive/Waste_Classification_FINAL/data/processed/stage4_standardized/Hazardous/pesticides/209531-dc.png,Hazardous,validation,pesticides,0,VALID
Organic/coffee_tea_bags/FUR.TEA.27739890_1672739478453.jpg,/content/drive/MyDrive/Waste_Classification_FINAL/data/processed/stage4_standardized/Organic/coffee_tea_bags/FUR.TEA.27739890_1672739478453.png,Organic,validation,coffee_tea_bags,2,VALID
Non-Recyclable/styrofoam_product/Thermoplastics-and-their-used-in-food-packaging.jpg,/content/drive/MyDrive/Waste_Classification_FINAL/data/processed/stage4_standardized/Non-Recyclable/styrofoam_product/Thermoplastics-and-their-used-in-food-packaging.png,Non-Recyclable,validation,styrofoam_product,1,AUTO_CORRECTED
Organic/food_scraps/A1MBvKpOlxL._AC_UF10001000_QL80_.jpg,/content/drive/MyDrive/Waste_Classification_FINAL/data/processed/stage4_standardized/Organic/food_scraps/A1MBvKpOlxL._AC_UF10001000_QL80_.png,Organic,validation,food_scraps,2,VALID
Organic/egg_shells/maxresdefault2.jpg,/content/drive/MyDrive/Waste_Classification_FINAL/data/processed/stage4_standardized/Organic/egg_shells/maxresdefault2.png,Organic,validation,egg_shells,2,VALID
Recyclable/glass_containers/jar.Cosmeticpetbottle_emptycontainers_acrylicshanjar_acrylicjar_50gmjarglass.jpg,/content/drive/MyDrive/Waste_Classification_FINAL/data/processed/stage4_standardized/Recyclable/glass_containers/jar.Cosmeticpetbottle_emptycontainers_acrylicshanjar_acrylicjar_50gmjarglass.png,Recyclable,validation,glass_containers,3,VALID
Hazardous/e-waste/ImageForArticle_8587_16733568303499477 - Copy.jpg,/content/drive/MyDrive/Waste_Classification_FINAL/data/processed/stage4_standardized/Hazardous/e-waste/ImageForArticle_8587_16733568303499477 - Copy.png,Hazardous,validation,e-waste,0,VALID
Hazardous/pesticides/aimco-products.jpg,/content/drive/MyDrive/Waste_Classification_FINAL/data/processed/stage4_standardized/Hazardous/pesticides/aimco-products.png,Hazardous,validation,pesticides,0,VALID
Hazardous/batteries/lifecycleimagebatteries.jpg,/content/drive/MyDrive/Waste_Classification_FINAL/data/processed/stage4_standardized/Hazardous/batteries/lifecycleimagebatteries.png,Hazardous,validation,batteries,0,VALID
Hazardous/paints/people-mixing-paint.jpg,/content/drive/MyDrive/Waste_Classification_FINAL/data/processed/stage4_standardized/Hazardous/paints/people-mixing-paint.png,Hazardous,validation,paints,0,VALID
Organic/food_scraps/Cooking-With-Food-Scraps.jpg,/content/drive/MyDrive/Waste_Classification_FINAL/data/processed/stage4_standardized/Organic/food_scraps/Cooking-With-Food-Scraps.png,Organic,validation,food_scraps,2,VALID
Organic/coffee_tea_bags/Maplenut-Large.jpg,/content/drive/MyDrive/Waste_Classification_FINAL/data/processed/stage4_standardized/Organic/coffee_tea_bags/Maplenut-Large.png,Organic,validation,coffee_tea_bags,2,VALID
Organic/coffee_tea_bags/634e56bb6131e628c47a9d26-coffee-tea-bags-single-serve-premium.jpg,/content/drive/MyDrive/Waste_Classification_FINAL/data/processed/stage4_standardized/Organic/coffee_tea_bags/634e56bb6131e628c47a9d26-coffee-tea-bags-single-serve-premium.png,Organic,validation,coffee_tea_bags,2,VALID
Recyclable/plastic_bottles/shutterstock-large-file.jpg,/content/drive/MyDrive/Waste_Classification_FINAL/data/processed/stage4_standardized/Recyclable/plastic_bottles/shutterstock-large-file.png,Recyclable,validation,plastic_bottles,3,VALID
Organic/yard_trimmings/in-gardens-and-squares-full-recirculation-of-mother-natures-products-2R1E55N.jpg,/content/drive/MyDrive/Waste_Classification_FINAL/data/processed/stage4_standardized/Organic/yard_trimmings/in-gardens-and-squares-full-recirculation-of-mother-natures-products-2R1E55N.png,Organic,validation,yard_trimmings,2,VALID
Organic/food_scraps/food-waste-adobe.jpg,/content/drive/MyDrive/Waste_Classification_FINAL/data/processed/stage4_standardized/Organic/food_scraps/food-waste-adobe.png,Organic,validation,food_scraps,2,VALID
Recyclable/plastic_bottles/230316091950-01-plastic-water-bottle-industry-climate.jpg,/content/drive/MyDrive/Waste_Classification_FINAL/data/processed/stage4_standardized/Recyclable/plastic_bottles/230316091950-01-plastic-water-bottle-industry-climate.png,Recyclable,validation,plastic_bottles,3,VALID
Non-Recyclable/sanitary_napkin/sanitarywastedisposal-170109141454-thumbnail.jpg,/content/drive/MyDrive/Waste_Classification_FINAL/data/processed/stage4_standardized/Non-Recyclable/sanitary_napkin/sanitarywastedisposal-170109141454-thumbnail.png,Non-Recyclable,validation,sanitary_napkin,1,VALID
Non-Recyclable/diapers/s-environmental-impact-disposable-pollution-environment-soil-water-235999995.jpg,/content/drive/MyDrive/Waste_Classification_FINAL/data/processed/stage4_standardized/Non-Recyclable/diapers/s-environmental-impact-disposable-pollution-environment-soil-water-235999995.png,Non-Recyclable,validation,diapers,1,VALID
Recyclable/paper_products/SHEYN-Shipping-Box-04-2.jpg,/content/drive/MyDrive/Waste_Classification_FINAL/data/processed/stage4_standardized/Recyclable/paper_products/SHEYN-Shipping-Box-04-2.png,Recyclable,validation,paper_products,3,VALID
Hazardous/pesticides/United-Chemicals-2.jpg,/content/drive/MyDrive/Waste_Classification_FINAL/data/processed/stage4_standardized/Hazardous/pesticides/United-Chemicals-2.png,Hazardous,validation,pesticides,0,VALID
Hazardous/paints/page_1.jpg,/content/drive/MyDrive/Waste_Classification_FINAL/data/processed/stage4_standardized/Hazardous/paints/page_1.png,Hazardous,validation,paints,0,VALID
Recyclable/cans_all_type/maxres2.jpg,/content/drive/MyDrive/Waste_Classification_FINAL/data/processed/stage4_standardized/Recyclable/cans_all_type/maxres2.png,Recyclable,validation,cans_all_type,3,VALID
Organic/coffee_tea_bags/016_2a2d9b08-8e22-428e-be37-585f08a246dc_2700x.jpg,/content/drive/MyDrive/Waste_Classification_FINAL/data/processed/stage4_standardized/Organic/coffee_tea_bags/016_2a2d9b08-8e22-428e-be37-585f08a246dc_2700x.png,Organic,validation,coffee_tea_bags,2,VALID
Hazardous/batteries/Lithium-ion_battery.jpg,/content/drive/MyDrive/Waste_Classification_FINAL/data/processed/stage4_standardized/Hazardous/batteries/Lithium-ion_battery.png,Hazardous,validation,batteries,0,VALID
Non-Recyclable/ceramic_product/Photo-Waste-Recycled-glass-lifecycle.jpg,/content/drive/MyDrive/Waste_Classification_FINAL/data/processed/stage4_standardized/Non-Recyclable/ceramic_product/Photo-Waste-Recycled-glass-lifecycle.png,Non-Recyclable,validation,ceramic_product,1,VALID
Hazardous/e-waste/spiral-20-23-watt-cfl-bulbs - Copy.jpg,/content/drive/MyDrive/Waste_Classification_FINAL/data/processed/stage4_standardized/Hazardous/e-waste/spiral-20-23-watt-cfl-bulbs - Copy.png,Hazardous,validation,e-waste,0,VALID
Recyclable/glass_containers/61yOCnlgOLL._SL1500_-1.jpg,/content/drive/MyDrive/Waste_Classification_FINAL/data/processed/stage4_standardized/Recyclable/glass_containers/61yOCnlgOLL._SL1500_-1.png,Recyclable,validation,glass_containers,3,VALID
Non-Recyclable/ceramic_product/dishes-not-recyclable.jpg,/content/drive/MyDrive/Waste_Classification_FINAL/data/processed/stage4_standardized/Non-Recyclable/ceramic_product/dishes-not-recyclable.png,Non-Recyclable,validation,ceramic_product,1,VALID
Hazardous/paints/BX_Lacke-Makros-12_1110px.jpg,/content/drive/MyDrive/Waste_Classification_FINAL/data/processed/stage4_standardized/Hazardous/paints/BX_Lacke-Makros-12_1110px.png,Hazardous,validation,paints,0,VALID
Organic/coffee_tea_bags/8906088701667_2_533x.jpg,/content/drive/MyDrive/Waste_Classification_FINAL/data/processed/stage4_standardized/Organic/coffee_tea_bags/8906088701667_2_533x.png,Organic,validation,coffee_tea_bags,2,VALID
Organic/coffee_tea_bags/White-Chocolate-Covered-Cappuccino-Coffee-Beans-2.jpg,/content/drive/MyDrive/Waste_Classification_FINAL/data/processed/stage4_standardized/Organic/coffee_tea_bags/White-Chocolate-Covered-Cappuccino-Coffee-Beans-2.png,Organic,validation,coffee_tea_bags,2,VALID
Hazardous/e-waste/Featured-pictures-for-webiste11 - Copy.jpg,/content/drive/MyDrive/Waste_Classification_FINAL/data/processed/stage4_standardized/Hazardous/e-waste/Featured-pictures-for-webiste11 - Copy.png,Hazardous,validation,e-waste,0,VALID
Organic/food_scraps/Food-waste-Indian-weddings.jpg,/content/drive/MyDrive/Waste_Classification_FINAL/data/processed/stage4_standardized/Organic/food_scraps/Food-waste-Indian-weddings.png,Organic,validation,food_scraps,2,VALID
Recyclable/cans_all_type/IMG_0800.jpg,/content/drive/MyDrive/Waste_Classification_FINAL/data/processed/stage4_standardized/Recyclable/cans_all_type/IMG_0800.png,Recyclable,validation,cans_all_type,3,VALID
Non-Recyclable/styrofoam_product/styrofoam-box-on-white-background-food-container-MXTH80.jpg,/content/drive/MyDrive/Waste_Classification_FINAL/data/processed/stage4_standardized/Non-Recyclable/styrofoam_product/styrofoam-box-on-white-background-food-container-MXTH80.png,Non-Recyclable,validation,styrofoam_product,1,AUTO_CORRECTED
Non-Recyclable/ceramic_product/Beer_bottles_2018_G1.jpg,/content/drive/MyDrive/Waste_Classification_FINAL/data/processed/stage4_standardized/Non-Recyclable/ceramic_product/Beer_bottles_2018_G1.png,Non-Recyclable,validation,ceramic_product,1,VALID
Hazardous/paints/8.jpg,/content/drive/MyDrive/Waste_Classification_FINAL/data/processed/stage4_standardized/Hazardous/paints/8.png,Hazardous,validation,paints,0,VALID
Organic/food_scraps/maxresdefault.jpg,/content/drive/MyDrive/Waste_Classification_FINAL/data/processed/stage4_standardized/Organic/food_scraps/maxresdefault.png,Organic,validation,food_scraps,2,VALID
Organic/kitchen_waste/Untitled-design-5-2-770x433.jpg,/content/drive/MyDrive/Waste_Classification_FINAL/data/processed/stage4_standardized/Organic/kitchen_waste/Untitled-design-5-2-770x433.png,Organic,validation,kitchen_waste,2,VALID
Organic/yard_trimmings/grass-clippings_0.jpg,/content/drive/MyDrive/Waste_Classification_FINAL/data/processed/stage4_standardized/Organic/yard_trimmings/grass-clippings_0.png,Organic,validation,yard_trimmings,2,VALID
Recyclable/paper_products/gift-box-rose-and-pocket-watch-on-brown-old-newspaper-KH0GXK.jpg,/content/drive/MyDrive/Waste_Classification_FINAL/data/processed/stage4_standardized/Recyclable/paper_products/gift-box-rose-and-pocket-watch-on-brown-old-newspaper-KH0GXK.png,Recyclable,validation,paper_products,3,VALID
Organic/coffee_tea_bags/440-jaggery-hot-coffee-440gm-box-box-1-coffee-beans-foodia-original-imagmqtcjstu7ngm.jpg,/content/drive/MyDrive/Waste_Classification_FINAL/data/processed/stage4_standardized/Organic/coffee_tea_bags/440-jaggery-hot-coffee-440gm-box-box-1-coffee-beans-foodia-original-imagmqtcjstu7ngm.png,Organic,validation,coffee_tea_bags,2,VALID
Recyclable/glass_containers/500-GM-SQ-FANCY-scaled-e1674476779127.jpg,/content/drive/MyDrive/Waste_Classification_FINAL/data/processed/stage4_standardized/Recyclable/glass_containers/500-GM-SQ-FANCY-scaled-e1674476779127.png,Recyclable,validation,glass_containers,3,VALID
Hazardous/batteries/Batteries-.jpg,/content/drive/MyDrive/Waste_Classification_FINAL/data/processed/stage4_standardized/Hazardous/batteries/Batteries-.png,Hazardous,validation,batteries,0,VALID
Hazardous/batteries/EG-BA-LR20-01_hires_photo---dea0b151-d0a5-4bac-9036-259aa2110a20.JPG.jpg,/content/drive/MyDrive/Waste_Classification_FINAL/data/processed/stage4_standardized/Hazardous/batteries/EG-BA-LR20-01_hires_photo---dea0b151-d0a5-4bac-9036-259aa2110a20.JPG.png,Hazardous,validation,batteries,0,VALID
Recyclable/cans_all_type/can-sizes.jpg,/content/drive/MyDrive/Waste_Classification_FINAL/data/processed/stage4_standardized/Recyclable/cans_all_type/can-sizes.png,Recyclable,validation,cans_all_type,3,VALID
Non-Recyclable/styrofoam_product/food-packaging_0.jpg,/content/drive/MyDrive/Waste_Classification_FINAL/data/processed/stage4_standardized/Non-Recyclable/styrofoam_product/food-packaging_0.png,Non-Recyclable,validation,styrofoam_product,1,AUTO_CORRECTED
Recyclable/glass_containers/ttles-and-jars-glass-waste-empty-bottles-isolated-on-white-background-vector.jpg,/content/drive/MyDrive/Waste_Classification_FINAL/data/processed/stage4_standardized/Recyclable/glass_containers/ttles-and-jars-glass-waste-empty-bottles-isolated-on-white-background-vector.png,Recyclable,validation,glass_containers,3,VALID
Non-Recyclable/ceramic_product/how_to_creatively_use_the_broken_coffee_mugs.jpg,/content/drive/MyDrive/Waste_Classification_FINAL/data/processed/stage4_standardized/Non-Recyclable/ceramic_product/how_to_creatively_use_the_broken_coffee_mugs.png,Non-Recyclable,validation,ceramic_product,1,VALID
Organic/kitchen_waste/13399_2022_2473_Fig1_HTML.jpg,/content/drive/MyDrive/Waste_Classification_FINAL/data/processed/stage4_standardized/Organic/kitchen_waste/13399_2022_2473_Fig1_HTML.png,Organic,validation,kitchen_waste,2,VALID
Recyclable/cans_all_type/Cans.jpg,/content/drive/MyDrive/Waste_Classification_FINAL/data/processed/stage4_standardized/Recyclable/cans_all_type/Cans.png,Recyclable,validation,cans_all_type,3,VALID
Hazardous/paints/Solvents2.jpg,/content/drive/MyDrive/Waste_Classification_FINAL/data/processed/stage4_standardized/Hazardous/paints/Solvents2.png,Hazardous,validation,paints,0,VALID
Hazardous/pesticides/jefferson-city-pesticide-collection-2018.jpg,/content/drive/MyDrive/Waste_Classification_FINAL/data/processed/stage4_standardized/Hazardous/pesticides/jefferson-city-pesticide-collection-2018.png,Hazardous,validation,pesticides,0,VALID
Recyclable/paper_products/d820hero20newspaper20-20second20try.jpg,/content/drive/MyDrive/Waste_Classification_FINAL/data/processed/stage4_standardized/Recyclable/paper_products/d820hero20newspaper20-20second20try.png,Recyclable,validation,paper_products,3,VALID
Recyclable/plastic_bottles/maxresdefault2.jpg,/content/drive/MyDrive/Waste_Classification_FINAL/data/processed/stage4_standardized/Recyclable/plastic_bottles/maxresdefault2.png,Recyclable,validation,plastic_bottles,3,VALID
Non-Recyclable/plastics_bags_wrappers/Somerset1.jpg,/content/drive/MyDrive/Waste_Classification_FINAL/data/processed/stage4_standardized/Non-Recyclable/plastics_bags_wrappers/Somerset1.png,Non-Recyclable,validation,plastics_bags_wrappers,1,AUTO_CORRECTED
Recyclable/plastic_bottles/71MgpJ3gFZL.jpg,/content/drive/MyDrive/Waste_Classification_FINAL/data/processed/stage4_standardized/Recyclable/plastic_bottles/71MgpJ3gFZL.png,Recyclable,validation,plastic_bottles,3,VALID
Organic/food_scraps/file7g1gomxjw28p61iggbn-993894-1622829644.jpg,/content/drive/MyDrive/Waste_Classification_FINAL/data/processed/stage4_standardized/Organic/food_scraps/file7g1gomxjw28p61iggbn-993894-1622829644.png,Organic,validation,food_scraps,2,VALID
Non-Recyclable/sanitary_napkin/800px-Feminine_Hygiene_Products_in_a_Walmart.jpg,/content/drive/MyDrive/Waste_Classification_FINAL/data/processed/stage4_standardized/Non-Recyclable/sanitary_napkin/800px-Feminine_Hygiene_Products_in_a_Walmart.png,Non-Recyclable,validation,sanitary_napkin,1,VALID
Organic/food_scraps/190726-compost-al-1416.jpg,/content/drive/MyDrive/Waste_Classification_FINAL/data/processed/stage4_standardized/Organic/food_scraps/190726-compost-al-1416.png,Organic,validation,food_scraps,2,VALID
Non-Recyclable/diapers/DiaperNCloth-scaled.jpg,/content/drive/MyDrive/Waste_Classification_FINAL/data/processed/stage4_standardized/Non-Recyclable/diapers/DiaperNCloth-scaled.png,Non-Recyclable,validation,diapers,1,VALID
Recyclable/cans_all_type/soup-cans-paintings-campbell-s-andy-warhol-as-seen-museumsquartier-vienna-austria-56224494.jpg,/content/drive/MyDrive/Waste_Classification_FINAL/data/processed/stage4_standardized/Recyclable/cans_all_type/soup-cans-paintings-campbell-s-andy-warhol-as-seen-museumsquartier-vienna-austria-56224494.png,Recyclable,validation,cans_all_type,3,VALID
Organic/yard_trimmings/maxresdefault2.jpg,/content/drive/MyDrive/Waste_Classification_FINAL/data/processed/stage4_standardized/Organic/yard_trimmings/maxresdefault2.png,Organic,validation,yard_trimmings,2,VALID
Organic/kitchen_waste/garbage-hero.jpg,/content/drive/MyDrive/Waste_Classification_FINAL/data/processed/stage4_standardized/Organic/kitchen_waste/garbage-hero.png,Organic,validation,kitchen_waste,2,VALID
Hazardous/batteries/power-one-c-size-1-5v-battery-pack-of-2--500x500.jpg,/content/drive/MyDrive/Waste_Classification_FINAL/data/processed/stage4_standardized/Hazardous/batteries/power-one-c-size-1-5v-battery-pack-of-2--500x500.png,Hazardous,validation,batteries,0,VALID
Recyclable/cans_all_type/Empty_tin_can2009-01-19.jpg,/content/drive/MyDrive/Waste_Classification_FINAL/data/processed/stage4_standardized/Recyclable/cans_all_type/Empty_tin_can2009-01-19.png,Recyclable,validation,cans_all_type,3,VALID
Recyclable/plastic_bottles/empty-plastic-soda-bottle-200ml.jpg,/content/drive/MyDrive/Waste_Classification_FINAL/data/processed/stage4_standardized/Recyclable/plastic_bottles/empty-plastic-soda-bottle-200ml.png,Recyclable,validation,plastic_bottles,3,VALID
Hazardous/batteries/AA_matchstick-1.jpg,/content/drive/MyDrive/Waste_Classification_FINAL/data/processed/stage4_standardized/Hazardous/batteries/AA_matchstick-1.png,Hazardous,validation,batteries,0,VALID
Recyclable/cans_all_type/collected-tin-cans-vietnam-AF9KEP.jpg,/content/drive/MyDrive/Waste_Classification_FINAL/data/processed/stage4_standardized/Recyclable/cans_all_type/collected-tin-cans-vietnam-AF9KEP.png,Recyclable,validation,cans_all_type,3,VALID
Non-Recyclable/ceramic_product/amic-tiles-floor-family-quarrel-irritation-broken-dishes-for-happiness-photo.jpg,/content/drive/MyDrive/Waste_Classification_FINAL/data/processed/stage4_standardized/Non-Recyclable/ceramic_product/amic-tiles-floor-family-quarrel-irritation-broken-dishes-for-happiness-photo.png,Non-Recyclable,validation,ceramic_product,1,VALID
Hazardous/pesticides/Detected-pesticides-divided-into-three-groups-herbicides-insecticides-and-fungicides.jpg,/content/drive/MyDrive/Waste_Classification_FINAL/data/processed/stage4_standardized/Hazardous/pesticides/Detected-pesticides-divided-into-three-groups-herbicides-insecticides-and-fungicides.png,Hazardous,validation,pesticides,0,VALID
Organic/food_scraps/apples.jpg,/content/drive/MyDrive/Waste_Classification_FINAL/data/processed/stage4_standardized/Organic/food_scraps/apples.png,Organic,validation,food_scraps,2,VALID
Organic/food_scraps/stock-photo-vegetable-food-scraps-1895608405.jpg,/content/drive/MyDrive/Waste_Classification_FINAL/data/processed/stage4_standardized/Organic/food_scraps/stock-photo-vegetable-food-scraps-1895608405.png,Organic,validation,food_scraps,2,VALID
Non-Recyclable/sanitary_napkin/feminine-hygiene-items-vector-32004349.jpg,/content/drive/MyDrive/Waste_Classification_FINAL/data/processed/stage4_standardized/Non-Recyclable/sanitary_napkin/feminine-hygiene-items-vector-32004349.png,Non-Recyclable,validation,sanitary_napkin,1,VALID
Hazardous/pesticides/toxics-09-00042-g001.jpg,/content/drive/MyDrive/Waste_Classification_FINAL/data/processed/stage4_standardized/Hazardous/pesticides/toxics-09-00042-g001.png,Hazardous,validation,pesticides,0,VALID
Recyclable/glass_containers/etics-cartoon-style-clip-art-for-mobile-app-isolated-rgb-illustration-vector.jpg,/content/drive/MyDrive/Waste_Classification_FINAL/data/processed/stage4_standardized/Recyclable/glass_containers/etics-cartoon-style-clip-art-for-mobile-app-isolated-rgb-illustration-vector.png,Recyclable,validation,glass_containers,3,VALID
Organic/egg_shells/81E5gnm5CnL._AC_UF10001000_QL80_.jpg,/content/drive/MyDrive/Waste_Classification_FINAL/data/processed/stage4_standardized/Organic/egg_shells/81E5gnm5CnL._AC_UF10001000_QL80_.png,Organic,validation,egg_shells,2,VALID
Hazardous/pesticides/EFFECTS-OF-PESTICIDES-AND-INSECTICIDES-ON-ENVIRONMENT-AND-HUMAN-HEALTH-BleedGreen.jpg,/content/drive/MyDrive/Waste_Classification_FINAL/data/processed/stage4_standardized/Hazardous/pesticides/EFFECTS-OF-PESTICIDES-AND-INSECTICIDES-ON-ENVIRONMENT-AND-HUMAN-HEALTH-BleedGreen.png,Hazardous,validation,pesticides,0,VALID
Recyclable/plastic_bottles/mysoda-bottle-0.5l-white-2pcs-crop.jpg,/content/drive/MyDrive/Waste_Classification_FINAL/data/processed/stage4_standardized/Recyclable/plastic_bottles/mysoda-bottle-0.5l-white-2pcs-crop.png,Recyclable,validation,plastic_bottles,3,VALID
Organic/yard_trimmings/Grasscycling_545px5B35D.jpg,/content/drive/MyDrive/Waste_Classification_FINAL/data/processed/stage4_standardized/Organic/yard_trimmings/Grasscycling_545px5B35D.png,Organic,validation,yard_trimmings,2,VALID
Hazardous/paints/paint_storage.jpg,/content/drive/MyDrive/Waste_Classification_FINAL/data/processed/stage4_standardized/Hazardous/paints/paint_storage.png,Hazardous,validation,paints,0,VALID
Hazardous/paints/5-Hazardous-Waste-Examples-Image-1.jpg,/content/drive/MyDrive/Waste_Classification_FINAL/data/processed/stage4_standardized/Hazardous/paints/5-Hazardous-Waste-Examples-Image-1.png,Hazardous,validation,paints,0,VALID
Hazardous/batteries/collected-to-take-to-be-recycled-rather-than-be-dumped-into-landfill-2GDCM0M.jpg,/content/drive/MyDrive/Waste_Classification_FINAL/data/processed/stage4_standardized/Hazardous/batteries/collected-to-take-to-be-recycled-rather-than-be-dumped-into-landfill-2GDCM0M.png,Hazardous,validation,batteries,0,VALID
Recyclable/cans_all_type/How-Much-Energy-Does-Recycling-One-Aluminum-Can-Save.jpg,/content/drive/MyDrive/Waste_Classification_FINAL/data/processed/stage4_standardized/Recyclable/cans_all_type/How-Much-Energy-Does-Recycling-One-Aluminum-Can-Save.png,Recyclable,validation,cans_all_type,3,VALID
Hazardous/e-waste/old-used-led-halogen-bulbs-fluorescent-tubes-different-light-bulbs-collected-recycling-217026394 - Copy.jpg,/content/drive/MyDrive/Waste_Classification_FINAL/data/processed/stage4_standardized/Hazardous/e-waste/old-used-led-halogen-bulbs-fluorescent-tubes-different-light-bulbs-collected-recycling-217026394 - Copy.png,Hazardous,validation,e-waste,0,VALID
Organic/yard_trimmings/wn-and-leaf-bags-full-of-yard-waste-sit-on-street-curb-waiting-to-2214986939.jpg,/content/drive/MyDrive/Waste_Classification_FINAL/data/processed/stage4_standardized/Organic/yard_trimmings/wn-and-leaf-bags-full-of-yard-waste-sit-on-street-curb-waiting-to-2214986939.png,Organic,validation,yard_trimmings,2,VALID
Non-Recyclable/plastics_bags_wrappers/200723230749-02-japan-plastic-waste-restricted.jpg,/content/drive/MyDrive/Waste_Classification_FINAL/data/processed/stage4_standardized/Non-Recyclable/plastics_bags_wrappers/200723230749-02-japan-plastic-waste-restricted.png,Non-Recyclable,validation,plastics_bags_wrappers,1,AUTO_CORRECTED
Hazardous/pesticides/y-herbicides-farmers-spray-insecticides-in-rice-fields-in-vietnam-1827065294.jpg,/content/drive/MyDrive/Waste_Classification_FINAL/data/processed/stage4_standardized/Hazardous/pesticides/y-herbicides-farmers-spray-insecticides-in-rice-fields-in-vietnam-1827065294.png,Hazardous,validation,pesticides,0,VALID
Recyclable/glass_containers/Kavi-Recycled-Vodka-Jars-Set-of-Four-4_800x.jpg,/content/drive/MyDrive/Waste_Classification_FINAL/data/processed/stage4_standardized/Recyclable/glass_containers/Kavi-Recycled-Vodka-Jars-Set-of-Four-4_800x.png,Recyclable,validation,glass_containers,3,VALID
Hazardous/paints/14580596996402728873807_600.jpg,/content/drive/MyDrive/Waste_Classification_FINAL/data/processed/stage4_standardized/Hazardous/paints/14580596996402728873807_600.png,Hazardous,validation,paints,0,VALID
Recyclable/cans_all_type/88e4ee48ecbd4b52ba034205595b58f4.jpg,/content/drive/MyDrive/Waste_Classification_FINAL/data/processed/stage4_standardized/Recyclable/cans_all_type/88e4ee48ecbd4b52ba034205595b58f4.png,Recyclable,validation,cans_all_type,3,VALID
Non-Recyclable/sanitary_napkin/sanitary-napkins.jpg,/content/drive/MyDrive/Waste_Classification_FINAL/data/processed/stage4_standardized/Non-Recyclable/sanitary_napkin/sanitary-napkins.png,Non-Recyclable,validation,sanitary_napkin,1,VALID
Hazardous/batteries/AMP-17_61f252bb2428a.jpg,/content/drive/MyDrive/Waste_Classification_FINAL/data/processed/stage4_standardized/Hazardous/batteries/AMP-17_61f252bb2428a.png,Hazardous,validation,batteries,0,VALID
Hazardous/paints/nexus3-paint-cans.jpg,/content/drive/MyDrive/Waste_Classification_FINAL/data/processed/stage4_standardized/Hazardous/paints/nexus3-paint-cans.png,Hazardous,validation,paints,0,VALID
Organic/kitchen_waste/p0dq9c0j.jpg,/content/drive/MyDrive/Waste_Classification_FINAL/data/processed/stage4_standardized/Organic/kitchen_waste/p0dq9c0j.png,Organic,validation,kitchen_waste,2,VALID
Hazardous/pesticides/81Fr9VLIgL._AC_UF10001000_QL80_.jpg,/content/drive/MyDrive/Waste_Classification_FINAL/data/processed/stage4_standardized/Hazardous/pesticides/81Fr9VLIgL._AC_UF10001000_QL80_.png,Hazardous,validation,pesticides,0,VALID
Non-Recyclable/ceramic_product/Turn-a-Broken-Porcelain-Vase-into-an-Art-Piece-with-3D-Printing-Pen_FacFox-1.jpg,/content/drive/MyDrive/Waste_Classification_FINAL/data/processed/stage4_standardized/Non-Recyclable/ceramic_product/Turn-a-Broken-Porcelain-Vase-into-an-Art-Piece-with-3D-Printing-Pen_FacFox-1.png,Non-Recyclable,validation,ceramic_product,1,VALID
Hazardous/e-waste/ectronic-gadgets-devices-on-white-table-e-waste-planned-obsolescence-2KF1CDY - Copy.jpg,/content/drive/MyDrive/Waste_Classification_FINAL/data/processed/stage4_standardized/Hazardous/e-waste/ectronic-gadgets-devices-on-white-table-e-waste-planned-obsolescence-2KF1CDY - Copy.png,Hazardous,validation,e-waste,0,VALID
Non-Recyclable/styrofoam_product/SS-KH_ShippingGuideTypesOfProtectivePackaging_KH-HRO.jpg,/content/drive/MyDrive/Waste_Classification_FINAL/data/processed/stage4_standardized/Non-Recyclable/styrofoam_product/SS-KH_ShippingGuideTypesOfProtectivePackaging_KH-HRO.png,Non-Recyclable,validation,styrofoam_product,1,AUTO_CORRECTED
Hazardous/e-waste/nergy-saving-bulbs-tube-spent-incandescent-halogen-cfi-fluorescent-174891307 - Copy.jpg,/content/drive/MyDrive/Waste_Classification_FINAL/data/processed/stage4_standardized/Hazardous/e-waste/nergy-saving-bulbs-tube-spent-incandescent-halogen-cfi-fluorescent-174891307 - Copy.png,Hazardous,validation,e-waste,0,VALID
Non-Recyclable/ceramic_product/maxresdefault2.jpg,/content/drive/MyDrive/Waste_Classification_FINAL/data/processed/stage4_standardized/Non-Recyclable/ceramic_product/maxresdefault2.png,Non-Recyclable,validation,ceramic_product,1,VALID
Recyclable/cans_all_type/aluminum-recycling2.jpg,/content/drive/MyDrive/Waste_Classification_FINAL/data/processed/stage4_standardized/Recyclable/cans_all_type/aluminum-recycling2.png,Recyclable,validation,cans_all_type,3,VALID
Recyclable/glass_containers/jar-825x510.jpg,/content/drive/MyDrive/Waste_Classification_FINAL/data/processed/stage4_standardized/Recyclable/glass_containers/jar-825x510.png,Recyclable,validation,glass_containers,3,VALID
Non-Recyclable/ceramic_product/kintsugi-portata.jpg,/content/drive/MyDrive/Waste_Classification_FINAL/data/processed/stage4_standardized/Non-Recyclable/ceramic_product/kintsugi-portata.png,Non-Recyclable,validation,ceramic_product,1,VALID
Organic/coffee_tea_bags/FUR.TEA.27739890_1672739479680.jpg,/content/drive/MyDrive/Waste_Classification_FINAL/data/processed/stage4_standardized/Organic/coffee_tea_bags/FUR.TEA.27739890_1672739479680.png,Organic,validation,coffee_tea_bags,2,VALID
Non-Recyclable/diapers/4e2a79e2666c--baby-bum-music-a04902.jpg,/content/drive/MyDrive/Waste_Classification_FINAL/data/processed/stage4_standardized/Non-Recyclable/diapers/4e2a79e2666c--baby-bum-music-a04902.png,Non-Recyclable,validation,diapers,1,VALID
Recyclable/cans_all_type/recycle-aluminum-metal-crushed-can-waste-background-photo.jpg,/content/drive/MyDrive/Waste_Classification_FINAL/data/processed/stage4_standardized/Recyclable/cans_all_type/recycle-aluminum-metal-crushed-can-waste-background-photo.png,Recyclable,validation,cans_all_type,3,VALID
Hazardous/e-waste/cfl_bulbs - Copy.jpg,/content/drive/MyDrive/Waste_Classification_FINAL/data/processed/stage4_standardized/Hazardous/e-waste/cfl_bulbs - Copy.png,Hazardous,validation,e-waste,0,VALID
Recyclable/paper_products/cardboard_bales.jpg,/content/drive/MyDrive/Waste_Classification_FINAL/data/processed/stage4_standardized/Recyclable/paper_products/cardboard_bales.png,Recyclable,validation,paper_products,3,VALID
Hazardous/e-waste/Fluorescent_light_bulb_from_inside_2 - Copy.jpg,/content/drive/MyDrive/Waste_Classification_FINAL/data/processed/stage4_standardized/Hazardous/e-waste/Fluorescent_light_bulb_from_inside_2 - Copy.png,Hazardous,validation,e-waste,0,VALID
Recyclable/plastic_bottles/facts-about-plastic-bottles1.jpg,/content/drive/MyDrive/Waste_Classification_FINAL/data/processed/stage4_standardized/Recyclable/plastic_bottles/facts-about-plastic-bottles1.png,Recyclable,validation,plastic_bottles,3,VALID
Non-Recyclable/diapers/cloth-vs-disposable-diapers-722x406.jpg,/content/drive/MyDrive/Waste_Classification_FINAL/data/processed/stage4_standardized/Non-Recyclable/diapers/cloth-vs-disposable-diapers-722x406.png,Non-Recyclable,validation,diapers,1,VALID
Non-Recyclable/styrofoam_product/food_packaging_i8860_20180911_093_3x2.jpg,/content/drive/MyDrive/Waste_Classification_FINAL/data/processed/stage4_standardized/Non-Recyclable/styrofoam_product/food_packaging_i8860_20180911_093_3x2.png,Non-Recyclable,validation,styrofoam_product,1,AUTO_CORRECTED
Organic/food_scraps/zero-waste-26.jpg,/content/drive/MyDrive/Waste_Classification_FINAL/data/processed/stage4_standardized/Organic/food_scraps/zero-waste-26.png,Organic,validation,food_scraps,2,VALID
Non-Recyclable/plastics_bags_wrappers/rechakra-cropped-1618918786.jpg,/content/drive/MyDrive/Waste_Classification_FINAL/data/processed/stage4_standardized/Non-Recyclable/plastics_bags_wrappers/rechakra-cropped-1618918786.png,Non-Recyclable,validation,plastics_bags_wrappers,1,AUTO_CORRECTED
Recyclable/cans_all_type/img_171534713499.jpg,/content/drive/MyDrive/Waste_Classification_FINAL/data/processed/stage4_standardized/Recyclable/cans_all_type/img_171534713499.png,Recyclable,validation,cans_all_type,3,VALID
Organic/yard_trimmings/yard_waste_plants1.jpg,/content/drive/MyDrive/Waste_Classification_FINAL/data/processed/stage4_standardized/Organic/yard_trimmings/yard_waste_plants1.png,Organic,validation,yard_trimmings,2,VALID
Hazardous/pesticides/Are-They-Hazardous-WastesE280A6-Pesticides-and-Herbicides.jpg,/content/drive/MyDrive/Waste_Classification_FINAL/data/processed/stage4_standardized/Hazardous/pesticides/Are-They-Hazardous-WastesE280A6-Pesticides-and-Herbicides.png,Hazardous,validation,pesticides,0,VALID
Recyclable/plastic_bottles/ht-p-make-a-soda-shorter.jpg,/content/drive/MyDrive/Waste_Classification_FINAL/data/processed/stage4_standardized/Recyclable/plastic_bottles/ht-p-make-a-soda-shorter.png,Recyclable,test,plastic_bottles,3,VALID
Organic/food_scraps/l-intro-1644823869.jpg,/content/drive/MyDrive/Waste_Classification_FINAL/data/processed/stage4_standardized/Organic/food_scraps/l-intro-1644823869.png,Organic,test,food_scraps,2,VALID
Organic/egg_shells/Eggshells.jpg,/content/drive/MyDrive/Waste_Classification_FINAL/data/processed/stage4_standardized/Organic/egg_shells/Eggshells.png,Organic,test,egg_shells,2,VALID
Organic/coffee_tea_bags/shutterstock_1976758055.jpg,/content/drive/MyDrive/Waste_Classification_FINAL/data/processed/stage4_standardized/Organic/coffee_tea_bags/shutterstock_1976758055.png,Organic,test,coffee_tea_bags,2,VALID
Non-Recyclable/styrofoam_product/plastic_food_containers.jpg,/content/drive/MyDrive/Waste_Classification_FINAL/data/processed/stage4_standardized/Non-Recyclable/styrofoam_product/plastic_food_containers.png,Non-Recyclable,test,styrofoam_product,1,AUTO_CORRECTED
Organic/food_scraps/food_scraps_pile.jpg,/content/drive/MyDrive/Waste_Classification_FINAL/data/processed/stage4_standardized/Organic/food_scraps/food_scraps_pile.png,Organic,test,food_scraps,2,VALID
Hazardous/e-waste/t-diverse-old-halogen-and-fluorescent-light-bulbs-in-and-around-a-2197969345 - Copy.jpg,/content/drive/MyDrive/Waste_Classification_FINAL/data/processed/stage4_standardized/Hazardous/e-waste/t-diverse-old-halogen-and-fluorescent-light-bulbs-in-and-around-a-2197969345 - Copy.png,Hazardous,test,e-waste,0,VALID
Recyclable/cans_all_type/recycle-aluminum-metal-crushed-can-waste-background_293060-10750.jpg,/content/drive/MyDrive/Waste_Classification_FINAL/data/processed/stage4_standardized/Recyclable/cans_all_type/recycle-aluminum-metal-crushed-can-waste-background_293060-10750.png,Recyclable,test,cans_all_type,3,VALID
Hazardous/batteries/image-2-716x1024.jpg,/content/drive/MyDrive/Waste_Classification_FINAL/data/processed/stage4_standardized/Hazardous/batteries/image-2-716x1024.png,Hazardous,test,batteries,0,VALID
Hazardous/e-waste/e-waste4 - Copy.jpg,/content/drive/MyDrive/Waste_Classification_FINAL/data/processed/stage4_standardized/Hazardous/e-waste/e-waste4 - Copy.png,Hazardous,test,e-waste,0,VALID
Organic/food_scraps/Composting-Matt-Vasilogambros.jpg,/content/drive/MyDrive/Waste_Classification_FINAL/data/processed/stage4_standardized/Organic/food_scraps/Composting-Matt-Vasilogambros.png,Organic,test,food_scraps,2,VALID
Non-Recyclable/ceramic_product/09928-cover-opener.jpg,/content/drive/MyDrive/Waste_Classification_FINAL/data/processed/stage4_standardized/Non-Recyclable/ceramic_product/09928-cover-opener.png,Non-Recyclable,test,ceramic_product,1,VALID
Recyclable/plastic_bottles/facts-about-plastic-bottles2.jpg,/content/drive/MyDrive/Waste_Classification_FINAL/data/processed/stage4_standardized/Recyclable/plastic_bottles/facts-about-plastic-bottles2.png,Recyclable,test,plastic_bottles,3,VALID
Recyclable/cans_all_type/old-canned-soup.jpg,/content/drive/MyDrive/Waste_Classification_FINAL/data/processed/stage4_standardized/Recyclable/cans_all_type/old-canned-soup.png,Recyclable,test,cans_all_type,3,VALID
Hazardous/e-waste/cfllightbulbs - Copy.jpg,/content/drive/MyDrive/Waste_Classification_FINAL/data/processed/stage4_standardized/Hazardous/e-waste/cfllightbulbs - Copy.png,Hazardous,test,e-waste,0,VALID
Non-Recyclable/diapers/Issue43.jpg,/content/drive/MyDrive/Waste_Classification_FINAL/data/processed/stage4_standardized/Non-Recyclable/diapers/Issue43.png,Non-Recyclable,test,diapers,1,VALID
Non-Recyclable/styrofoam_product/Food-Packaging-Waste-Statistics-Understanding-the-Rise-of-Food-Packaging-Waste-Feature-Images.jpg,/content/drive/MyDrive/Waste_Classification_FINAL/data/processed/stage4_standardized/Non-Recyclable/styrofoam_product/Food-Packaging-Waste-Statistics-Understanding-the-Rise-of-Food-Packaging-Waste-Feature-Images.png,Non-Recyclable,test,styrofoam_product,1,AUTO_CORRECTED
Recyclable/paper_products/04mag-cardboard-copy-videoSixteenByNine3000-v2.jpg,/content/drive/MyDrive/Waste_Classification_FINAL/data/processed/stage4_standardized/Recyclable/paper_products/04mag-cardboard-copy-videoSixteenByNine3000-v2.png,Recyclable,test,paper_products,3,VALID
Hazardous/pesticides/spraying-pesticides-28301470.jpg,/content/drive/MyDrive/Waste_Classification_FINAL/data/processed/stage4_standardized/Hazardous/pesticides/spraying-pesticides-28301470.png,Hazardous,test,pesticides,0,VALID
Non-Recyclable/ceramic_product/shards-of-broken-pottery-CFKKAG.jpg,/content/drive/MyDrive/Waste_Classification_FINAL/data/processed/stage4_standardized/Non-Recyclable/ceramic_product/shards-of-broken-pottery-CFKKAG.png,Non-Recyclable,test,ceramic_product,1,VALID
Non-Recyclable/plastics_bags_wrappers/91t-2KbjSxL._AC_UF8941000_QL80_.jpg,/content/drive/MyDrive/Waste_Classification_FINAL/data/processed/stage4_standardized/Non-Recyclable/plastics_bags_wrappers/91t-2KbjSxL._AC_UF8941000_QL80_.png,Non-Recyclable,test,plastics_bags_wrappers,1,AUTO_CORRECTED
Non-Recyclable/styrofoam_product/Styrolution_Polystyrene_Yogurt_Pack.5556431b08b331afb8caff3e2378a101.jpg,/content/drive/MyDrive/Waste_Classification_FINAL/data/processed/stage4_standardized/Non-Recyclable/styrofoam_product/Styrolution_Polystyrene_Yogurt_Pack.5556431b08b331afb8caff3e2378a101.png,Non-Recyclable,test,styrofoam_product,1,AUTO_CORRECTED
Non-Recyclable/sanitary_napkin/different-angle-view-d-render-blank-soft-cleaner-tissue-cellulose-2250374381.jpg,/content/drive/MyDrive/Waste_Classification_FINAL/data/processed/stage4_standardized/Non-Recyclable/sanitary_napkin/different-angle-view-d-render-blank-soft-cleaner-tissue-cellulose-2250374381.png,Non-Recyclable,test,sanitary_napkin,1,VALID
Recyclable/plastic_bottles/plastic-water-bottles-facts.jpg,/content/drive/MyDrive/Waste_Classification_FINAL/data/processed/stage4_standardized/Recyclable/plastic_bottles/plastic-water-bottles-facts.png,Recyclable,test,plastic_bottles,3,VALID
Organic/yard_trimmings/composting-yard-waste.jpg,/content/drive/MyDrive/Waste_Classification_FINAL/data/processed/stage4_standardized/Organic/yard_trimmings/composting-yard-waste.png,Organic,test,yard_trimmings,2,VALID
Non-Recyclable/styrofoam_product/square-paper-bowl-e1641526056341.jpg,/content/drive/MyDrive/Waste_Classification_FINAL/data/processed/stage4_standardized/Non-Recyclable/styrofoam_product/square-paper-bowl-e1641526056341.png,Non-Recyclable,test,styrofoam_product,1,AUTO_CORRECTED
Recyclable/paper_products/paper-recycling-paper-recycling-waste-cardboard-png-favpng-99SFN2yLMarC3zFexdVbAmz2h.jpg,/content/drive/MyDrive/Waste_Classification_FINAL/data/processed/stage4_standardized/Recyclable/paper_products/paper-recycling-paper-recycling-waste-cardboard-png-favpng-99SFN2yLMarC3zFexdVbAmz2h.png,Recyclable,test,paper_products,3,VALID
Non-Recyclable/ceramic_product/granby-workshop-waste-ceramics-design_dezeen_2364_sq-1.jpg,/content/drive/MyDrive/Waste_Classification_FINAL/data/processed/stage4_standardized/Non-Recyclable/ceramic_product/granby-workshop-waste-ceramics-design_dezeen_2364_sq-1.png,Non-Recyclable,test,ceramic_product,1,VALID
Hazardous/batteries/Batteries3.jpg,/content/drive/MyDrive/Waste_Classification_FINAL/data/processed/stage4_standardized/Hazardous/batteries/Batteries3.png,Hazardous,test,batteries,0,VALID
Recyclable/cans_all_type/di-steel-2-new-6.jpg,/content/drive/MyDrive/Waste_Classification_FINAL/data/processed/stage4_standardized/Recyclable/cans_all_type/di-steel-2-new-6.png,Recyclable,test,cans_all_type,3,VALID
Organic/yard_trimmings/grass_mowing722x550-1.jpg,/content/drive/MyDrive/Waste_Classification_FINAL/data/processed/stage4_standardized/Organic/yard_trimmings/grass_mowing722x550-1.png,Organic,test,yard_trimmings,2,VALID
Organic/coffee_tea_bags/Tassyam-Ground-Coffee-150-gm-SDL893659180-1-dc5dd.jpg,/content/drive/MyDrive/Waste_Classification_FINAL/data/processed/stage4_standardized/Organic/coffee_tea_bags/Tassyam-Ground-Coffee-150-gm-SDL893659180-1-dc5dd.png,Organic,test,coffee_tea_bags,2,VALID
Non-Recyclable/diapers/img-20220517-62834aa4b613d.jpg,/content/drive/MyDrive/Waste_Classification_FINAL/data/processed/stage4_standardized/Non-Recyclable/diapers/img-20220517-62834aa4b613d.png,Non-Recyclable,test,diapers,1,VALID
Organic/coffee_tea_bags/coffe-1.jpg.jpg,/content/drive/MyDrive/Waste_Classification_FINAL/data/processed/stage4_standardized/Organic/coffee_tea_bags/coffe-1.jpg.png,Organic,test,coffee_tea_bags,2,VALID
Hazardous/e-waste/What-is-e-waste-Great-Lakes-Electronics-Corporation-collection - Copy.jpg,/content/drive/MyDrive/Waste_Classification_FINAL/data/processed/stage4_standardized/Hazardous/e-waste/What-is-e-waste-Great-Lakes-Electronics-Corporation-collection - Copy.png,Hazardous,test,e-waste,0,VALID
Hazardous/paints/Screen-Shot-2022-09-22-at-12.37.23-PM-568x400.jpg,/content/drive/MyDrive/Waste_Classification_FINAL/data/processed/stage4_standardized/Hazardous/paints/Screen-Shot-2022-09-22-at-12.37.23-PM-568x400.png,Hazardous,test,paints,0,VALID
Recyclable/cans_all_type/aluminum-cans-in-recycling-bin-C3W0CR.jpg,/content/drive/MyDrive/Waste_Classification_FINAL/data/processed/stage4_standardized/Recyclable/cans_all_type/aluminum-cans-in-recycling-bin-C3W0CR.png,Recyclable,test,cans_all_type,3,VALID
Non-Recyclable/ceramic_product/r-broken-ceramic-vase-green-bottle-dandellions-remains-of-the-paint-old-wood.jpg,/content/drive/MyDrive/Waste_Classification_FINAL/data/processed/stage4_standardized/Non-Recyclable/ceramic_product/r-broken-ceramic-vase-green-bottle-dandellions-remains-of-the-paint-old-wood.png,Non-Recyclable,test,ceramic_product,1,VALID
Recyclable/cans_all_type/360_F_141404485_na6RQwOXUQcEvWupbecza08k35l69Ben.jpg,/content/drive/MyDrive/Waste_Classification_FINAL/data/processed/stage4_standardized/Recyclable/cans_all_type/360_F_141404485_na6RQwOXUQcEvWupbecza08k35l69Ben.png,Recyclable,test,cans_all_type,3,VALID
Non-Recyclable/sanitary_napkin/360_F_465014210_QB7BenWr9n27w5Tm630XKGzJknSostm8.jpg,/content/drive/MyDrive/Waste_Classification_FINAL/data/processed/stage4_standardized/Non-Recyclable/sanitary_napkin/360_F_465014210_QB7BenWr9n27w5Tm630XKGzJknSostm8.png,Non-Recyclable,test,sanitary_napkin,1,VALID
Recyclable/paper_products/w-newspaper-box-used-for-the-distribution-of-free-circulation-papers-7744258.jpg,/content/drive/MyDrive/Waste_Classification_FINAL/data/processed/stage4_standardized/Recyclable/paper_products/w-newspaper-box-used-for-the-distribution-of-free-circulation-papers-7744258.png,Recyclable,test,paper_products,3,VALID
Hazardous/pesticides/24168828280_943a25d118_z-640x400.jpg,/content/drive/MyDrive/Waste_Classification_FINAL/data/processed/stage4_standardized/Hazardous/pesticides/24168828280_943a25d118_z-640x400.png,Hazardous,test,pesticides,0,VALID
Recyclable/cans_all_type/-can-massa-italy-august-condensed-white-background-company-american-76189952.jpg,/content/drive/MyDrive/Waste_Classification_FINAL/data/processed/stage4_standardized/Recyclable/cans_all_type/-can-massa-italy-august-condensed-white-background-company-american-76189952.png,Recyclable,test,cans_all_type,3,VALID
Non-Recyclable/diapers/diaper-composition_orig.jpg,/content/drive/MyDrive/Waste_Classification_FINAL/data/processed/stage4_standardized/Non-Recyclable/diapers/diaper-composition_orig.png,Non-Recyclable,test,diapers,1,VALID
Hazardous/paints/200x177-hazardous-waste-items.jpg,/content/drive/MyDrive/Waste_Classification_FINAL/data/processed/stage4_standardized/Hazardous/paints/200x177-hazardous-waste-items.png,Hazardous,test,paints,0,VALID
Recyclable/glass_containers/66dafa_2842aed6c4954075bf0d58dcb5ed5cecmv2.jpg,/content/drive/MyDrive/Waste_Classification_FINAL/data/processed/stage4_standardized/Recyclable/glass_containers/66dafa_2842aed6c4954075bf0d58dcb5ed5cecmv2.png,Recyclable,test,glass_containers,3,VALID
Non-Recyclable/diapers/cloth-diapers-vs-disposable-diapers-comparison.jpg,/content/drive/MyDrive/Waste_Classification_FINAL/data/processed/stage4_standardized/Non-Recyclable/diapers/cloth-diapers-vs-disposable-diapers-comparison.png,Non-Recyclable,test,diapers,1,VALID
Hazardous/paints/5350017_image_2_46.jpg,/content/drive/MyDrive/Waste_Classification_FINAL/data/processed/stage4_standardized/Hazardous/paints/5350017_image_2_46.png,Hazardous,test,paints,0,VALID
Hazardous/e-waste/e_waste_1572344183_725x725 - Copy.jpg,/content/drive/MyDrive/Waste_Classification_FINAL/data/processed/stage4_standardized/Hazardous/e-waste/e_waste_1572344183_725x725 - Copy.png,Hazardous,test,e-waste,0,VALID
Recyclable/cans_all_type/aluminum-can-sculptures-noah-deledda-thumbnail.jpg,/content/drive/MyDrive/Waste_Classification_FINAL/data/processed/stage4_standardized/Recyclable/cans_all_type/aluminum-can-sculptures-noah-deledda-thumbnail.png,Recyclable,test,cans_all_type,3,VALID
Recyclable/glass_containers/Header-Image-1-1200x838.jpg,/content/drive/MyDrive/Waste_Classification_FINAL/data/processed/stage4_standardized/Recyclable/glass_containers/Header-Image-1-1200x838.png,Recyclable,test,glass_containers,3,VALID
Hazardous/paints/page_image2.jpg,/content/drive/MyDrive/Waste_Classification_FINAL/data/processed/stage4_standardized/Hazardous/paints/page_image2.png,Hazardous,test,paints,0,VALID
Hazardous/e-waste/5927e3e4f1744da1ce90e7a09c175334 - Copy.jpg,/content/drive/MyDrive/Waste_Classification_FINAL/data/processed/stage4_standardized/Hazardous/e-waste/5927e3e4f1744da1ce90e7a09c175334 - Copy.png,Hazardous,test,e-waste,0,VALID
Organic/egg_shells/rinsing-eggshells-with-water-before-drying-and-crushing.jpg,/content/drive/MyDrive/Waste_Classification_FINAL/data/processed/stage4_standardized/Organic/egg_shells/rinsing-eggshells-with-water-before-drying-and-crushing.png,Organic,test,egg_shells,2,VALID
Hazardous/paints/Methylated-rubber2_pdp_Thinners-1.jpg,/content/drive/MyDrive/Waste_Classification_FINAL/data/processed/stage4_standardized/Hazardous/paints/Methylated-rubber2_pdp_Thinners-1.png,Hazardous,test,paints,0,VALID
Organic/kitchen_waste/768-Glad-C2A9-Salty-Dingo-2021-2846-Frame-1.jpg,/content/drive/MyDrive/Waste_Classification_FINAL/data/processed/stage4_standardized/Organic/kitchen_waste/768-Glad-C2A9-Salty-Dingo-2021-2846-Frame-1.png,Organic,test,kitchen_waste,2,VALID
Organic/kitchen_waste/sustainability-12-01976-g001.jpg,/content/drive/MyDrive/Waste_Classification_FINAL/data/processed/stage4_standardized/Organic/kitchen_waste/sustainability-12-01976-g001.png,Organic,test,kitchen_waste,2,VALID
Organic/egg_shells/stock-photo-eggshell-shell-of-eggs-on-wooden-kitchen-table-1626806662.jpg,/content/drive/MyDrive/Waste_Classification_FINAL/data/processed/stage4_standardized/Organic/egg_shells/stock-photo-eggshell-shell-of-eggs-on-wooden-kitchen-table-1626806662.png,Organic,test,egg_shells,2,VALID
Non-Recyclable/diapers/81b6OBTrb6L.jpg,/content/drive/MyDrive/Waste_Classification_FINAL/data/processed/stage4_standardized/Non-Recyclable/diapers/81b6OBTrb6L.png,Non-Recyclable,test,diapers,1,VALID
Hazardous/batteries/alkaline-batteries-for-recyling.jpg,/content/drive/MyDrive/Waste_Classification_FINAL/data/processed/stage4_standardized/Hazardous/batteries/alkaline-batteries-for-recyling.png,Hazardous,test,batteries,0,VALID
Recyclable/cans_all_type/Examples-of-aluminum-items-that-are-recyclable-1.jpg,/content/drive/MyDrive/Waste_Classification_FINAL/data/processed/stage4_standardized/Recyclable/cans_all_type/Examples-of-aluminum-items-that-are-recyclable-1.png,Recyclable,test,cans_all_type,3,VALID
Organic/kitchen_waste/img_5e753bd9d6549-1.jpg,/content/drive/MyDrive/Waste_Classification_FINAL/data/processed/stage4_standardized/Organic/kitchen_waste/img_5e753bd9d6549-1.png,Organic,test,kitchen_waste,2,VALID
Organic/egg_shells/egg-shells.jpg,/content/drive/MyDrive/Waste_Classification_FINAL/data/processed/stage4_standardized/Organic/egg_shells/egg-shells.png,Organic,test,egg_shells,2,VALID
Recyclable/glass_containers/SiONEER_glass_recycling_blog.jpg,/content/drive/MyDrive/Waste_Classification_FINAL/data/processed/stage4_standardized/Recyclable/glass_containers/SiONEER_glass_recycling_blog.png,Recyclable,test,glass_containers,3,VALID
Hazardous/pesticides/1-s2.0-S2352186420313262-gr1.jpg,/content/drive/MyDrive/Waste_Classification_FINAL/data/processed/stage4_standardized/Hazardous/pesticides/1-s2.0-S2352186420313262-gr1.png,Hazardous,test,pesticides,0,VALID
Recyclable/cans_all_type/77f9877872b344e2be60aee8e19b757b_0_0.jpg,/content/drive/MyDrive/Waste_Classification_FINAL/data/processed/stage4_standardized/Recyclable/cans_all_type/77f9877872b344e2be60aee8e19b757b_0_0.png,Recyclable,test,cans_all_type,3,VALID
Organic/yard_trimmings/raking-up-grass-cuttings-in-spring-during-yard-maintenance-with-a-GT8C20.jpg,/content/drive/MyDrive/Waste_Classification_FINAL/data/processed/stage4_standardized/Organic/yard_trimmings/raking-up-grass-cuttings-in-spring-during-yard-maintenance-with-a-GT8C20.png,Organic,test,yard_trimmings,2,VALID
Organic/coffee_tea_bags/13-Best-Coffee-Powders-In-India-2021.jpg,/content/drive/MyDrive/Waste_Classification_FINAL/data/processed/stage4_standardized/Organic/coffee_tea_bags/13-Best-Coffee-Powders-In-India-2021.png,Organic,test,coffee_tea_bags,2,VALID
Organic/food_scraps/foodwaste3.jpg,/content/drive/MyDrive/Waste_Classification_FINAL/data/processed/stage4_standardized/Organic/food_scraps/foodwaste3.png,Organic,test,food_scraps,2,VALID
Recyclable/cans_all_type/steel-can-header-inset.jpg,/content/drive/MyDrive/Waste_Classification_FINAL/data/processed/stage4_standardized/Recyclable/cans_all_type/steel-can-header-inset.png,Recyclable,test,cans_all_type,3,VALID
Recyclable/cans_all_type/uuk754zo.jpg,/content/drive/MyDrive/Waste_Classification_FINAL/data/processed/stage4_standardized/Recyclable/cans_all_type/uuk754zo.png,Recyclable,test,cans_all_type,3,VALID
Non-Recyclable/diapers/en-img-education-thumb-01-mb.jpg,/content/drive/MyDrive/Waste_Classification_FINAL/data/processed/stage4_standardized/Non-Recyclable/diapers/en-img-education-thumb-01-mb.png,Non-Recyclable,test,diapers,1,VALID
Recyclable/cans_all_type/94163431.jpg,/content/drive/MyDrive/Waste_Classification_FINAL/data/processed/stage4_standardized/Recyclable/cans_all_type/94163431.png,Recyclable,test,cans_all_type,3,VALID
Non-Recyclable/diapers/78a62dd24472a69bddf67cc48cfdcf31.jpg,/content/drive/MyDrive/Waste_Classification_FINAL/data/processed/stage4_standardized/Non-Recyclable/diapers/78a62dd24472a69bddf67cc48cfdcf31.png,Non-Recyclable,test,diapers,1,VALID
Hazardous/e-waste/Energiesparlampe_01_retouched - Copy.jpg,/content/drive/MyDrive/Waste_Classification_FINAL/data/processed/stage4_standardized/Hazardous/e-waste/Energiesparlampe_01_retouched - Copy.png,Hazardous,test,e-waste,0,VALID
Hazardous/pesticides/pest-control-tools-bottle-insecticide-disinfection-abstract-concept-graphic-design_133260-4276.jpg,/content/drive/MyDrive/Waste_Classification_FINAL/data/processed/stage4_standardized/Hazardous/pesticides/pest-control-tools-bottle-insecticide-disinfection-abstract-concept-graphic-design_133260-4276.png,Hazardous,test,pesticides,0,VALID
Hazardous/paints/10-Non-Hazardous-Waste-Disposal-Methods.jpg,/content/drive/MyDrive/Waste_Classification_FINAL/data/processed/stage4_standardized/Hazardous/paints/10-Non-Hazardous-Waste-Disposal-Methods.png,Hazardous,test,paints,0,VALID
Hazardous/e-waste/Mercury-bulb-ban-1024x341 - Copy.jpg,/content/drive/MyDrive/Waste_Classification_FINAL/data/processed/stage4_standardized/Hazardous/e-waste/Mercury-bulb-ban-1024x341 - Copy.png,Hazardous,test,e-waste,0,VALID
Organic/food_scraps/What-is-Food-Waste.jpg,/content/drive/MyDrive/Waste_Classification_FINAL/data/processed/stage4_standardized/Organic/food_scraps/What-is-Food-Waste.png,Organic,test,food_scraps,2,VALID
Recyclable/glass_containers/zero-waste-home.jpg.jpg,/content/drive/MyDrive/Waste_Classification_FINAL/data/processed/stage4_standardized/Recyclable/glass_containers/zero-waste-home.jpg.png,Recyclable,test,glass_containers,3,VALID
Organic/kitchen_waste/food-waste-shutterstock.jpg,/content/drive/MyDrive/Waste_Classification_FINAL/data/processed/stage4_standardized/Organic/kitchen_waste/food-waste-shutterstock.png,Organic,test,kitchen_waste,2,VALID
Hazardous/e-waste/ic-waste-old-products-china-cyclic-utilization-broken-energy-saving-47934966 - Copy.jpg,/content/drive/MyDrive/Waste_Classification_FINAL/data/processed/stage4_standardized/Hazardous/e-waste/ic-waste-old-products-china-cyclic-utilization-broken-energy-saving-47934966 - Copy.png,Hazardous,test,e-waste,0,VALID
Non-Recyclable/plastics_bags_wrappers/plastic-bags-wraps-different-colors-blue-background-no-concept-high-quality-photo-245039624.jpg,/content/drive/MyDrive/Waste_Classification_FINAL/data/processed/stage4_standardized/Non-Recyclable/plastics_bags_wrappers/plastic-bags-wraps-different-colors-blue-background-no-concept-high-quality-photo-245039624.png,Non-Recyclable,test,plastics_bags_wrappers,1,AUTO_CORRECTED
Organic/food_scraps/maxresdefault2.jpg,/content/drive/MyDrive/Waste_Classification_FINAL/data/processed/stage4_standardized/Organic/food_scraps/maxresdefault2.png,Organic,test,food_scraps,2,VALID
Hazardous/e-waste/800px-Ewaste-pile - Copy.jpg,/content/drive/MyDrive/Waste_Classification_FINAL/data/processed/stage4_standardized/Hazardous/e-waste/800px-Ewaste-pile - Copy.png,Hazardous,test,e-waste,0,VALID
Hazardous/e-waste/rk-background-the-concept-of-recycling-and-disposal-of-electronic-2199207751 - Copy.jpg,/content/drive/MyDrive/Waste_Classification_FINAL/data/processed/stage4_standardized/Hazardous/e-waste/rk-background-the-concept-of-recycling-and-disposal-of-electronic-2199207751 - Copy.png,Hazardous,test,e-waste,0,VALID
Organic/coffee_tea_bags/2013-03-05-08.51.26.jpg,/content/drive/MyDrive/Waste_Classification_FINAL/data/processed/stage4_standardized/Organic/coffee_tea_bags/2013-03-05-08.51.26.png,Organic,test,coffee_tea_bags,2,VALID
Organic/egg_shells/grinding-eggshells-2x.jpg,/content/drive/MyDrive/Waste_Classification_FINAL/data/processed/stage4_standardized/Organic/egg_shells/grinding-eggshells-2x.png,Organic,test,egg_shells,2,VALID
Non-Recyclable/ceramic_product/lacey-williams-175638-unsplash-1024x595.jpg,/content/drive/MyDrive/Waste_Classification_FINAL/data/processed/stage4_standardized/Non-Recyclable/ceramic_product/lacey-williams-175638-unsplash-1024x595.png,Non-Recyclable,test,ceramic_product,1,VALID
Recyclable/cans_all_type/-can-mock-up-blank-template-juice-soda-beer-jar-blank-isolated-on-2163144491.jpg,/content/drive/MyDrive/Waste_Classification_FINAL/data/processed/stage4_standardized/Recyclable/cans_all_type/-can-mock-up-blank-template-juice-soda-beer-jar-blank-isolated-on-2163144491.png,Recyclable,test,cans_all_type,3,VALID
Organic/kitchen_waste/compost-food-waste-1200x628-facebook.jpg,/content/drive/MyDrive/Waste_Classification_FINAL/data/processed/stage4_standardized/Organic/kitchen_waste/compost-food-waste-1200x628-facebook.png,Organic,test,kitchen_waste,2,VALID
Recyclable/plastic_bottles/_116927274_adez_paper_bottle.jpg,/content/drive/MyDrive/Waste_Classification_FINAL/data/processed/stage4_standardized/Recyclable/plastic_bottles/_116927274_adez_paper_bottle.png,Recyclable,test,plastic_bottles,3,VALID
Non-Recyclable/diapers/disposable-diapers-to-take-care-hygiene-babies-168544880.jpg,/content/drive/MyDrive/Waste_Classification_FINAL/data/processed/stage4_standardized/Non-Recyclable/diapers/disposable-diapers-to-take-care-hygiene-babies-168544880.png,Non-Recyclable,test,diapers,1,VALID
Recyclable/glass_containers/800px-Beer_bottles_2018_G1.jpg,/content/drive/MyDrive/Waste_Classification_FINAL/data/processed/stage4_standardized/Recyclable/glass_containers/800px-Beer_bottles_2018_G1.png,Recyclable,test,glass_containers,3,VALID
Recyclable/cans_all_type/01_ref_aerosol_dekxr6_4x3.jpg,/content/drive/MyDrive/Waste_Classification_FINAL/data/processed/stage4_standardized/Recyclable/cans_all_type/01_ref_aerosol_dekxr6_4x3.png,Recyclable,test,cans_all_type,3,VALID
Organic/coffee_tea_bags/slider_25.jpg,/content/drive/MyDrive/Waste_Classification_FINAL/data/processed/stage4_standardized/Organic/coffee_tea_bags/slider_25.png,Organic,test,coffee_tea_bags,2,VALID
Recyclable/plastic_bottles/tanvi-sharma--4bD2p5.jpg,/content/drive/MyDrive/Waste_Classification_FINAL/data/processed/stage4_standardized/Recyclable/plastic_bottles/tanvi-sharma--4bD2p5.png,Recyclable,test,plastic_bottles,3,VALID
Non-Recyclable/sanitary_napkin/sq_overview.jpg,/content/drive/MyDrive/Waste_Classification_FINAL/data/processed/stage4_standardized/Non-Recyclable/sanitary_napkin/sq_overview.png,Non-Recyclable,test,sanitary_napkin,1,VALID
Hazardous/e-waste/stock-photo-pile-of-broken-fluorescent-light-bulb-is-danger-for-health-386850775 - Copy.jpg,/content/drive/MyDrive/Waste_Classification_FINAL/data/processed/stage4_standardized/Hazardous/e-waste/stock-photo-pile-of-broken-fluorescent-light-bulb-is-danger-for-health-386850775 - Copy.png,Hazardous,test,e-waste,0,VALID
Recyclable/paper_products/og-large-recycling-symbol.jpg,/content/drive/MyDrive/Waste_Classification_FINAL/data/processed/stage4_standardized/Recyclable/paper_products/og-large-recycling-symbol.png,Recyclable,test,paper_products,3,VALID
Recyclable/paper_products/maxresdefault2.jpg,/content/drive/MyDrive/Waste_Classification_FINAL/data/processed/stage4_standardized/Recyclable/paper_products/maxresdefault2.png,Recyclable,test,paper_products,3,VALID
Non-Recyclable/diapers/Unguarded-disposal-of-soiled-disposable-diapers-in-land-depressions-26_Q320.jpg,/content/drive/MyDrive/Waste_Classification_FINAL/data/processed/stage4_standardized/Non-Recyclable/diapers/Unguarded-disposal-of-soiled-disposable-diapers-in-land-depressions-26_Q320.png,Non-Recyclable,test,diapers,1,VALID
Organic/food_scraps/food-scraps-flyer-1-1.jpg,/content/drive/MyDrive/Waste_Classification_FINAL/data/processed/stage4_standardized/Organic/food_scraps/food-scraps-flyer-1-1.png,Organic,test,food_scraps,2,VALID
Hazardous/batteries/machinedesign_7204_pulse_plus_batteries_promo_0.jpg,/content/drive/MyDrive/Waste_Classification_FINAL/data/processed/stage4_standardized/Hazardous/batteries/machinedesign_7204_pulse_plus_batteries_promo_0.png,Hazardous,test,batteries,0,VALID
Non-Recyclable/ceramic_product/3D5RzKh5xf0shYAlvPrUAnD5Sw3lHKXdYM0BF953.jpg,/content/drive/MyDrive/Waste_Classification_FINAL/data/processed/stage4_standardized/Non-Recyclable/ceramic_product/3D5RzKh5xf0shYAlvPrUAnD5Sw3lHKXdYM0BF953.png,Non-Recyclable,test,ceramic_product,1,VALID
Organic/coffee_tea_bags/teabag.jpg,/content/drive/MyDrive/Waste_Classification_FINAL/data/processed/stage4_standardized/Organic/coffee_tea_bags/teabag.png,Organic,test,coffee_tea_bags,2,VALID
Organic/coffee_tea_bags/coffee-grounds.jpg,/content/drive/MyDrive/Waste_Classification_FINAL/data/processed/stage4_standardized/Organic/coffee_tea_bags/coffee-grounds.png,Organic,test,coffee_tea_bags,2,VALID
Hazardous/e-waste/25896 - Copy.jpg,/content/drive/MyDrive/Waste_Classification_FINAL/data/processed/stage4_standardized/Hazardous/e-waste/25896 - Copy.png,Hazardous,test,e-waste,0,VALID
Organic/coffee_tea_bags/Green-Zipper-15-Tea-Bags-500x500.jpg,/content/drive/MyDrive/Waste_Classification_FINAL/data/processed/stage4_standardized/Organic/coffee_tea_bags/Green-Zipper-15-Tea-Bags-500x500.png,Organic,test,coffee_tea_bags,2,VALID
Hazardous/batteries/Lithium-Batteries-vs-Alkaline-Batteries.jpg,/content/drive/MyDrive/Waste_Classification_FINAL/data/processed/stage4_standardized/Hazardous/batteries/Lithium-Batteries-vs-Alkaline-Batteries.png,Hazardous,test,batteries,0,VALID
Hazardous/e-waste/2020_8largeimg_799107359 - Copy.jpg,/content/drive/MyDrive/Waste_Classification_FINAL/data/processed/stage4_standardized/Hazardous/e-waste/2020_8largeimg_799107359 - Copy.png,Hazardous,test,e-waste,0,VALID
Hazardous/paints/slide_6.jpg,/content/drive/MyDrive/Waste_Classification_FINAL/data/processed/stage4_standardized/Hazardous/paints/slide_6.png,Hazardous,test,paints,0,VALID
Hazardous/e-waste/8ft-Fluorescent-Box-Gallery-Image-1 - Copy.jpg,/content/drive/MyDrive/Waste_Classification_FINAL/data/processed/stage4_standardized/Hazardous/e-waste/8ft-Fluorescent-Box-Gallery-Image-1 - Copy.png,Hazardous,test,e-waste,0,VALID
Non-Recyclable/ceramic_product/370177714.jpg,/content/drive/MyDrive/Waste_Classification_FINAL/data/processed/stage4_standardized/Non-Recyclable/ceramic_product/370177714.png,Non-Recyclable,test,ceramic_product,1,VALID
Non-Recyclable/plastics_bags_wrappers/SDO.jpg,/content/drive/MyDrive/Waste_Classification_FINAL/data/processed/stage4_standardized/Non-Recyclable/plastics_bags_wrappers/SDO.png,Non-Recyclable,test,plastics_bags_wrappers,1,AUTO_CORRECTED
Hazardous/paints/paiting-a-wall_iStock-1251274075_1100x620px_200917.jpg,/content/drive/MyDrive/Waste_Classification_FINAL/data/processed/stage4_standardized/Hazardous/paints/paiting-a-wall_iStock-1251274075_1100x620px_200917.png,Hazardous,test,paints,0,VALID
Recyclable/cans_all_type/depositphotos_537407962-stock-photo-ukraine-chernivtsi-november-pile-garbage.jpg,/content/drive/MyDrive/Waste_Classification_FINAL/data/processed/stage4_standardized/Recyclable/cans_all_type/depositphotos_537407962-stock-photo-ukraine-chernivtsi-november-pile-garbage.png,Recyclable,test,cans_all_type,3,VALID
Recyclable/plastic_bottles/pet-plastic-soda-bottles-category.jpg,/content/drive/MyDrive/Waste_Classification_FINAL/data/processed/stage4_standardized/Recyclable/plastic_bottles/pet-plastic-soda-bottles-category.png,Recyclable,test,plastic_bottles,3,VALID
Recyclable/plastic_bottles/ctor-set-illustration-container-water-bottle-plastic-with-liquid_102902-4326.jpg,/content/drive/MyDrive/Waste_Classification_FINAL/data/processed/stage4_standardized/Recyclable/plastic_bottles/ctor-set-illustration-container-water-bottle-plastic-with-liquid_102902-4326.png,Recyclable,test,plastic_bottles,3,VALID
Organic/food_scraps/food-waste-problem.jpg,/content/drive/MyDrive/Waste_Classification_FINAL/data/processed/stage4_standardized/Organic/food_scraps/food-waste-problem.png,Organic,test,food_scraps,2,VALID
Non-Recyclable/ceramic_product/recycled-glass.jpg,/content/drive/MyDrive/Waste_Classification_FINAL/data/processed/stage4_standardized/Non-Recyclable/ceramic_product/recycled-glass.png,Non-Recyclable,test,ceramic_product,1,VALID
Recyclable/cans_all_type/empty-food-cans-recycling-19652090.jpg,/content/drive/MyDrive/Waste_Classification_FINAL/data/processed/stage4_standardized/Recyclable/cans_all_type/empty-food-cans-recycling-19652090.png,Recyclable,test,cans_all_type,3,VALID
Non-Recyclable/diapers/71rjWQFJhL._AC_UF8941000_QL80_.jpg,/content/drive/MyDrive/Waste_Classification_FINAL/data/processed/stage4_standardized/Non-Recyclable/diapers/71rjWQFJhL._AC_UF8941000_QL80_.png,Non-Recyclable,test,diapers,1,VALID
Organic/egg_shells/how-to-use-egg-shells-in-your-beauty-and-skincare-routine-500x300-piccontent.jpg,/content/drive/MyDrive/Waste_Classification_FINAL/data/processed/stage4_standardized/Organic/egg_shells/how-to-use-egg-shells-in-your-beauty-and-skincare-routine-500x300-piccontent.png,Organic,test,egg_shells,2,VALID
Recyclable/cans_all_type/empty-metal-cans-23939723.jpg,/content/drive/MyDrive/Waste_Classification_FINAL/data/processed/stage4_standardized/Recyclable/cans_all_type/empty-metal-cans-23939723.png,Recyclable,test,cans_all_type,3,VALID
Non-Recyclable/ceramic_product/Your-Complete-Guide-to-Safely-Disposing-of-Broken-Glass-1-y8t9a48ynxihx5k9r33im8.jpg,/content/drive/MyDrive/Waste_Classification_FINAL/data/processed/stage4_standardized/Non-Recyclable/ceramic_product/Your-Complete-Guide-to-Safely-Disposing-of-Broken-Glass-1-y8t9a48ynxihx5k9r33im8.png,Non-Recyclable,test,ceramic_product,1,VALID
Recyclable/glass_containers/811bBLcwdXL._SL1500_-1.jpg,/content/drive/MyDrive/Waste_Classification_FINAL/data/processed/stage4_standardized/Recyclable/glass_containers/811bBLcwdXL._SL1500_-1.png,Recyclable,test,glass_containers,3,VALID
Organic/kitchen_waste/p0dq9blh.jpg,/content/drive/MyDrive/Waste_Classification_FINAL/data/processed/stage4_standardized/Organic/kitchen_waste/p0dq9blh.png,Organic,test,kitchen_waste,2,VALID
Organic/coffee_tea_bags/tea-bags-ready-for-despatch-india-AR828D.jpg,/content/drive/MyDrive/Waste_Classification_FINAL/data/processed/stage4_standardized/Organic/coffee_tea_bags/tea-bags-ready-for-despatch-india-AR828D.png,Organic,test,coffee_tea_bags,2,VALID
Recyclable/cans_all_type/Recycling-saves-money.jpg,/content/drive/MyDrive/Waste_Classification_FINAL/data/processed/stage4_standardized/Recyclable/cans_all_type/Recycling-saves-money.png,Recyclable,test,cans_all_type,3,VALID
Organic/food_scraps/Crafts-from-Food-Scraps.jpg,/content/drive/MyDrive/Waste_Classification_FINAL/data/processed/stage4_standardized/Organic/food_scraps/Crafts-from-Food-Scraps.png,Organic,test,food_scraps,2,VALID
Non-Recyclable/diapers/dirty-and-soiled-baby-babys-disposable-nappies-discarded-thrown-away-G0KRA6.jpg,/content/drive/MyDrive/Waste_Classification_FINAL/data/processed/stage4_standardized/Non-Recyclable/diapers/dirty-and-soiled-baby-babys-disposable-nappies-discarded-thrown-away-G0KRA6.png,Non-Recyclable,test,diapers,1,VALID
Recyclable/cans_all_type/63782947220781457915.3.20-20Recycling20main800.jpg,/content/drive/MyDrive/Waste_Classification_FINAL/data/processed/stage4_standardized/Recyclable/cans_all_type/63782947220781457915.3.20-20Recycling20main800.png,Recyclable,test,cans_all_type,3,VALID
Recyclable/paper_products/Paper-and-cardboard-recycling-blog-banner.jpg,/content/drive/MyDrive/Waste_Classification_FINAL/data/processed/stage4_standardized/Recyclable/paper_products/Paper-and-cardboard-recycling-blog-banner.png,Recyclable,test,paper_products,3,VALID
Hazardous/batteries/batteries_as_hero.jpg,/content/drive/MyDrive/Waste_Classification_FINAL/data/processed/stage4_standardized/Hazardous/batteries/batteries_as_hero.png,Hazardous,test,batteries,0,VALID
Organic/coffee_tea_bags/coffe-hyper-Are-there-Coffee-Bags-Like-Tea-Bags.jpg,/content/drive/MyDrive/Waste_Classification_FINAL/data/processed/stage4_standardized/Organic/coffee_tea_bags/coffe-hyper-Are-there-Coffee-Bags-Like-Tea-Bags.png,Organic,test,coffee_tea_bags,2,VALID
Organic/coffee_tea_bags/Coffee-and-tea-bags_Shutterstock_Jouke-van-Keulen.jpg,/content/drive/MyDrive/Waste_Classification_FINAL/data/processed/stage4_standardized/Organic/coffee_tea_bags/Coffee-and-tea-bags_Shutterstock_Jouke-van-Keulen.png,Organic,test,coffee_tea_bags,2,VALID
Non-Recyclable/diapers/MHSOLIDDIPRMIXP3-2_600x.jpg,/content/drive/MyDrive/Waste_Classification_FINAL/data/processed/stage4_standardized/Non-Recyclable/diapers/MHSOLIDDIPRMIXP3-2_600x.png,Non-Recyclable,test,diapers,1,VALID
Non-Recyclable/sanitary_napkin/r-illustrations-menstruation-cup-cycle-feminine-uterus-zero-waste-2292968321.jpg,/content/drive/MyDrive/Waste_Classification_FINAL/data/processed/stage4_standardized/Non-Recyclable/sanitary_napkin/r-illustrations-menstruation-cup-cycle-feminine-uterus-zero-waste-2292968321.png,Non-Recyclable,test,sanitary_napkin,1,VALID
Organic/egg_shells/eggshell-fertilizer.jpg,/content/drive/MyDrive/Waste_Classification_FINAL/data/processed/stage4_standardized/Organic/egg_shells/eggshell-fertilizer.png,Organic,test,egg_shells,2,VALID
Hazardous/pesticides/Books-on-Agrochemicals-Pesticides-Insecticides-1.jpg,/content/drive/MyDrive/Waste_Classification_FINAL/data/processed/stage4_standardized/Hazardous/pesticides/Books-on-Agrochemicals-Pesticides-Insecticides-1.png,Hazardous,test,pesticides,0,VALID
Recyclable/cans_all_type/fss-empty-cans.jpg,/content/drive/MyDrive/Waste_Classification_FINAL/data/processed/stage4_standardized/Recyclable/cans_all_type/fss-empty-cans.png,Recyclable,test,cans_all_type,3,VALID
Recyclable/glass_containers/maxresdefault2.jpg,/content/drive/MyDrive/Waste_Classification_FINAL/data/processed/stage4_standardized/Recyclable/glass_containers/maxresdefault2.png,Recyclable,test,glass_containers,3,VALID
Hazardous/e-waste/cfl_app - Copy.jpg,/content/drive/MyDrive/Waste_Classification_FINAL/data/processed/stage4_standardized/Hazardous/e-waste/cfl_app - Copy.png,Hazardous,test,e-waste,0,VALID
Organic/egg_shells/succulents1.jpg,/content/drive/MyDrive/Waste_Classification_FINAL/data/processed/stage4_standardized/Organic/egg_shells/succulents1.png,Organic,test,egg_shells,2,VALID
Non-Recyclable/styrofoam_product/eco-friendly-food-packaging_header.jpg,/content/drive/MyDrive/Waste_Classification_FINAL/data/processed/stage4_standardized/Non-Recyclable/styrofoam_product/eco-friendly-food-packaging_header.png,Non-Recyclable,test,styrofoam_product,1,AUTO_CORRECTED
Hazardous/e-waste/https3A2F2Fwww.elektormagazine.com2Fassets2Fupload2Fimages2F02Fe-waste4 - Copy.jpg,/content/drive/MyDrive/Waste_Classification_FINAL/data/processed/stage4_standardized/Hazardous/e-waste/https3A2F2Fwww.elektormagazine.com2Fassets2Fupload2Fimages2F02Fe-waste4 - Copy.png,Hazardous,test,e-waste,0,VALID
Recyclable/paper_products/best-crafts-using-newspaper.jpg,/content/drive/MyDrive/Waste_Classification_FINAL/data/processed/stage4_standardized/Recyclable/paper_products/best-crafts-using-newspaper.png,Recyclable,test,paper_products,3,VALID
Organic/egg_shells/ew-group-of-broken-eggshells-stacked-on-white-background-flat-lay-2071149671.jpg,/content/drive/MyDrive/Waste_Classification_FINAL/data/processed/stage4_standardized/Organic/egg_shells/ew-group-of-broken-eggshells-stacked-on-white-background-flat-lay-2071149671.png,Organic,test,egg_shells,2,VALID
Hazardous/paints/EWM_paint_2007.jpg,/content/drive/MyDrive/Waste_Classification_FINAL/data/processed/stage4_standardized/Hazardous/paints/EWM_paint_2007.png,Hazardous,test,paints,0,VALID
Organic/food_scraps/watermelon-rind-rinds-1296x728-header.jpg,/content/drive/MyDrive/Waste_Classification_FINAL/data/processed/stage4_standardized/Organic/food_scraps/watermelon-rind-rinds-1296x728-header.png,Organic,test,food_scraps,2,VALID
Organic/food_scraps/t-and-egg-waste-collected-in-a-bin-for-home-composting-and-gardening-2BTFMN4.jpg,/content/drive/MyDrive/Waste_Classification_FINAL/data/processed/stage4_standardized/Organic/food_scraps/t-and-egg-waste-collected-in-a-bin-for-home-composting-and-gardening-2BTFMN4.png,Organic,test,food_scraps,2,VALID
Recyclable/cans_all_type/12-oz-soda-can.jpg,/content/drive/MyDrive/Waste_Classification_FINAL/data/processed/stage4_standardized/Recyclable/cans_all_type/12-oz-soda-can.png,Recyclable,test,cans_all_type,3,VALID
Non-Recyclable/plastics_bags_wrappers/plasticbags.jpg,/content/drive/MyDrive/Waste_Classification_FINAL/data/processed/stage4_standardized/Non-Recyclable/plastics_bags_wrappers/plasticbags.png,Non-Recyclable,test,plastics_bags_wrappers,1,AUTO_CORRECTED
Non-Recyclable/sanitary_napkin/homegrown2Fimport2Fimg2Fbook2Fqqipdhbhkz-1492594351.PNG.jpg,/content/drive/MyDrive/Waste_Classification_FINAL/data/processed/stage4_standardized/Non-Recyclable/sanitary_napkin/homegrown2Fimport2Fimg2Fbook2Fqqipdhbhkz-1492594351.PNG.png,Non-Recyclable,test,sanitary_napkin,1,VALID
Recyclable/paper_products/13.20WEB-IMAGES-Paper-216x216.jpg,/content/drive/MyDrive/Waste_Classification_FINAL/data/processed/stage4_standardized/Recyclable/paper_products/13.20WEB-IMAGES-Paper-216x216.png,Recyclable,test,paper_products,3,VALID
Non-Recyclable/diapers/1-uv-fs5l01nzvbxmtbuhwvw.jpg,/content/drive/MyDrive/Waste_Classification_FINAL/data/processed/stage4_standardized/Non-Recyclable/diapers/1-uv-fs5l01nzvbxmtbuhwvw.png,Non-Recyclable,test,diapers,1,VALID
Recyclable/cans_all_type/gh-052720-best-healthy-canned-soups-1590698072.jpg,/content/drive/MyDrive/Waste_Classification_FINAL/data/processed/stage4_standardized/Recyclable/cans_all_type/gh-052720-best-healthy-canned-soups-1590698072.png,Recyclable,test,cans_all_type,3,VALID
Organic/egg_shells/eggshells_uses_incopy.jpg,/content/drive/MyDrive/Waste_Classification_FINAL/data/processed/stage4_standardized/Organic/egg_shells/eggshells_uses_incopy.png,Organic,test,egg_shells,2,VALID
Hazardous/e-waste/ewaste-hero-banner - Copy.jpg,/content/drive/MyDrive/Waste_Classification_FINAL/data/processed/stage4_standardized/Hazardous/e-waste/ewaste-hero-banner - Copy.png,Hazardous,test,e-waste,0,VALID
Recyclable/paper_products/stack-of-newspapers-for-recycling.jpg,/content/drive/MyDrive/Waste_Classification_FINAL/data/processed/stage4_standardized/Recyclable/paper_products/stack-of-newspapers-for-recycling.png,Recyclable,test,paper_products,3,VALID
Non-Recyclable/ceramic_product/broken-plastic-glass-ceramic-trash-polluting-rocky-shoreline-lake-washington-close-up-166216643.jpg,/content/drive/MyDrive/Waste_Classification_FINAL/data/processed/stage4_standardized/Non-Recyclable/ceramic_product/broken-plastic-glass-ceramic-trash-polluting-rocky-shoreline-lake-washington-close-up-166216643.png,Non-Recyclable,test,ceramic_product,1,VALID
Recyclable/cans_all_type/-drops-mock-up-labels-marks-showing-ice-chips-show-freshness-to-eye-89023184.jpg,/content/drive/MyDrive/Waste_Classification_FINAL/data/processed/stage4_standardized/Recyclable/cans_all_type/-drops-mock-up-labels-marks-showing-ice-chips-show-freshness-to-eye-89023184.png,Recyclable,test,cans_all_type,3,VALID
Organic/egg_shells/-shells-with-warm-water-used-as-a-calcium-supplement-and-popular-in-asia-and.jpg,/content/drive/MyDrive/Waste_Classification_FINAL/data/processed/stage4_standardized/Organic/egg_shells/-shells-with-warm-water-used-as-a-calcium-supplement-and-popular-in-asia-and.png,Organic,test,egg_shells,2,VALID
Hazardous/pesticides/2018-Pesticide-Waste-Collection-Flyer-112818.jpg,/content/drive/MyDrive/Waste_Classification_FINAL/data/processed/stage4_standardized/Hazardous/pesticides/2018-Pesticide-Waste-Collection-Flyer-112818.png,Hazardous,test,pesticides,0,VALID
Recyclable/paper_products/boxed20packed20goods-min.jpg,/content/drive/MyDrive/Waste_Classification_FINAL/data/processed/stage4_standardized/Recyclable/paper_products/boxed20packed20goods-min.png,Recyclable,test,paper_products,3,VALID
Non-Recyclable/ceramic_product/tures-of-broken-porcelain-vases-within-other-glass-ones-by-bouke-de-vries-14.jpg,/content/drive/MyDrive/Waste_Classification_FINAL/data/processed/stage4_standardized/Non-Recyclable/ceramic_product/tures-of-broken-porcelain-vases-within-other-glass-ones-by-bouke-de-vries-14.png,Non-Recyclable,test,ceramic_product,1,VALID
Hazardous/batteries/rechargeable-battery-2048px-5963-2x1-1.jpg,/content/drive/MyDrive/Waste_Classification_FINAL/data/processed/stage4_standardized/Hazardous/batteries/rechargeable-battery-2048px-5963-2x1-1.png,Hazardous,test,batteries,0,VALID
Non-Recyclable/ceramic_product/22222222.jpg,/content/drive/MyDrive/Waste_Classification_FINAL/data/processed/stage4_standardized/Non-Recyclable/ceramic_product/22222222.png,Non-Recyclable,test,ceramic_product,1,VALID
Recyclable/glass_containers/1000006360930-1000006360929_01-750-1.jpg,/content/drive/MyDrive/Waste_Classification_FINAL/data/processed/stage4_standardized/Recyclable/glass_containers/1000006360930-1000006360929_01-750-1.png,Recyclable,test,glass_containers,3,VALID
Non-Recyclable/diapers/Untitled-5-2.jpg,/content/drive/MyDrive/Waste_Classification_FINAL/data/processed/stage4_standardized/Non-Recyclable/diapers/Untitled-5-2.png,Non-Recyclable,test,diapers,1,VALID
Hazardous/e-waste/Incandescent_and_fluorescent_light_bulbs - Copy.jpg,/content/drive/MyDrive/Waste_Classification_FINAL/data/processed/stage4_standardized/Hazardous/e-waste/Incandescent_and_fluorescent_light_bulbs - Copy.png,Hazardous,test,e-waste,0,VALID
Hazardous/pesticides/a-man-spraying-pesticides-into-a-field-of-crops-that-will-be-used-for-food.jpg,/content/drive/MyDrive/Waste_Classification_FINAL/data/processed/stage4_standardized/Hazardous/pesticides/a-man-spraying-pesticides-into-a-field-of-crops-that-will-be-used-for-food.png,Hazardous,test,pesticides,0,VALID
Recyclable/plastic_bottles/drip-feeder-338x600.jpg,/content/drive/MyDrive/Waste_Classification_FINAL/data/processed/stage4_standardized/Recyclable/plastic_bottles/drip-feeder-338x600.png,Recyclable,test,plastic_bottles,3,VALID
Non-Recyclable/styrofoam_product/tapioca20meal20box02.jpg,/content/drive/MyDrive/Waste_Classification_FINAL/data/processed/stage4_standardized/Non-Recyclable/styrofoam_product/tapioca20meal20box02.png,Non-Recyclable,test,styrofoam_product,1,AUTO_CORRECTED
Organic/food_scraps/food-ngo_bbdf8874-4643-11e6-8e05-c384b245cd95.jpg,/content/drive/MyDrive/Waste_Classification_FINAL/data/processed/stage4_standardized/Organic/food_scraps/food-ngo_bbdf8874-4643-11e6-8e05-c384b245cd95.png,Organic,test,food_scraps,2,VALID
Organic/yard_trimmings/yard-waste-paper-bag-AdobeStock_14631106-600x400.jpg,/content/drive/MyDrive/Waste_Classification_FINAL/data/processed/stage4_standardized/Organic/yard_trimmings/yard-waste-paper-bag-AdobeStock_14631106-600x400.png,Organic,test,yard_trimmings,2,VALID
Recyclable/plastic_bottles/360_F_231374564_5AGJByMj7j82L1BBMkxtTIntwrykx7Ys.jpg,/content/drive/MyDrive/Waste_Classification_FINAL/data/processed/stage4_standardized/Recyclable/plastic_bottles/360_F_231374564_5AGJByMj7j82L1BBMkxtTIntwrykx7Ys.png,Recyclable,test,plastic_bottles,3,VALID
Recyclable/plastic_bottles/bottles-with-soft-drink_1339-1839.jpg,/content/drive/MyDrive/Waste_Classification_FINAL/data/processed/stage4_standardized/Recyclable/plastic_bottles/bottles-with-soft-drink_1339-1839.png,Recyclable,test,plastic_bottles,3,VALID
Non-Recyclable/sanitary_napkin/EP_Mar_2023_CoverStory_Feature_750.jpg,/content/drive/MyDrive/Waste_Classification_FINAL/data/processed/stage4_standardized/Non-Recyclable/sanitary_napkin/EP_Mar_2023_CoverStory_Feature_750.png,Non-Recyclable,test,sanitary_napkin,1,VALID
Non-Recyclable/diapers/Waste_disposal_tvm_422021_1200-compressed.jpg,/content/drive/MyDrive/Waste_Classification_FINAL/data/processed/stage4_standardized/Non-Recyclable/diapers/Waste_disposal_tvm_422021_1200-compressed.png,Non-Recyclable,test,diapers,1,VALID
Hazardous/pesticides/fmicb-13-962619-g001.jpg,/content/drive/MyDrive/Waste_Classification_FINAL/data/processed/stage4_standardized/Hazardous/pesticides/fmicb-13-962619-g001.png,Hazardous,test,pesticides,0,VALID
Organic/kitchen_waste/foodwaste_custom-419d4cfb36e0fc8ed48fe293b8c1d2bb6aba670d.jpg,/content/drive/MyDrive/Waste_Classification_FINAL/data/processed/stage4_standardized/Organic/kitchen_waste/foodwaste_custom-419d4cfb36e0fc8ed48fe293b8c1d2bb6aba670d.png,Organic,test,kitchen_waste,2,VALID
Non-Recyclable/ceramic_product/nish-gray_glaze2C_gold_lacquer_-_Ethnological_Museum2C_Berlin_-_DSC02061.JPG.jpg,/content/drive/MyDrive/Waste_Classification_FINAL/data/processed/stage4_standardized/Non-Recyclable/ceramic_product/nish-gray_glaze2C_gold_lacquer_-_Ethnological_Museum2C_Berlin_-_DSC02061.JPG.png,Non-Recyclable,test,ceramic_product,1,VALID
Recyclable/plastic_bottles/plastic-water-bottles-environmental-impacts.jpg,/content/drive/MyDrive/Waste_Classification_FINAL/data/processed/stage4_standardized/Recyclable/plastic_bottles/plastic-water-bottles-environmental-impacts.png,Recyclable,test,plastic_bottles,3,VALID
Organic/kitchen_waste/plantbased-ingredient.jpg,/content/drive/MyDrive/Waste_Classification_FINAL/data/processed/stage4_standardized/Organic/kitchen_waste/plantbased-ingredient.png,Organic,test,kitchen_waste,2,VALID
Recyclable/paper_products/a731cae2796caebdfadd16d9b8454e3b.jpg,/content/drive/MyDrive/Waste_Classification_FINAL/data/processed/stage4_standardized/Recyclable/paper_products/a731cae2796caebdfadd16d9b8454e3b.png,Recyclable,test,paper_products,3,VALID
Hazardous/e-waste/Parts_of_CFL_large - Copy.jpg,/content/drive/MyDrive/Waste_Classification_FINAL/data/processed/stage4_standardized/Hazardous/e-waste/Parts_of_CFL_large - Copy.png,Hazardous,test,e-waste,0,VALID
Hazardous/paints/984.jpg,/content/drive/MyDrive/Waste_Classification_FINAL/data/processed/stage4_standardized/Hazardous/paints/984.png,Hazardous,test,paints,0,VALID
Hazardous/e-waste/LED-CLF-Incandescent_1024x1024 - Copy.jpg,/content/drive/MyDrive/Waste_Classification_FINAL/data/processed/stage4_standardized/Hazardous/e-waste/LED-CLF-Incandescent_1024x1024 - Copy.png,Hazardous,test,e-waste,0,VALID
Organic/coffee_tea_bags/250-kerala-fresh-coffee-beans-powder-blended-with-chicory-80-20-original-imag9rfchctuww9g.jpg,/content/drive/MyDrive/Waste_Classification_FINAL/data/processed/stage4_standardized/Organic/coffee_tea_bags/250-kerala-fresh-coffee-beans-powder-blended-with-chicory-80-20-original-imag9rfchctuww9g.png,Organic,test,coffee_tea_bags,2,VALID
Hazardous/paints/41LxYlhuRLL._AC_UF10001000_QL80_.jpg,/content/drive/MyDrive/Waste_Classification_FINAL/data/processed/stage4_standardized/Hazardous/paints/41LxYlhuRLL._AC_UF10001000_QL80_.png,Hazardous,test,paints,0,VALID
Organic/egg_shells/catalysts-12-00246-ag.jpg,/content/drive/MyDrive/Waste_Classification_FINAL/data/processed/stage4_standardized/Organic/egg_shells/catalysts-12-00246-ag.png,Organic,test,egg_shells,2,VALID
Hazardous/e-waste/depositphotos_30453211-stock-photo-modern-electronic-waste - Copy.jpg,/content/drive/MyDrive/Waste_Classification_FINAL/data/processed/stage4_standardized/Hazardous/e-waste/depositphotos_30453211-stock-photo-modern-electronic-waste - Copy.png,Hazardous,test,e-waste,0,VALID
Hazardous/paints/JC_Licht_Blog_Water-Based_vs._Solvent-Based_Paints_800x800.jpg,/content/drive/MyDrive/Waste_Classification_FINAL/data/processed/stage4_standardized/Hazardous/paints/JC_Licht_Blog_Water-Based_vs._Solvent-Based_Paints_800x800.png,Hazardous,test,paints,0,VALID
Organic/egg_shells/8d25mv_ncpmpairindiafoodeggshells_625x300_08_October_19.jpg,/content/drive/MyDrive/Waste_Classification_FINAL/data/processed/stage4_standardized/Organic/egg_shells/8d25mv_ncpmpairindiafoodeggshells_625x300_08_October_19.png,Organic,test,egg_shells,2,VALID
Non-Recyclable/diapers/bigstock-Group-Of-Disposable-Diapers-Ar-296238739.jpg,/content/drive/MyDrive/Waste_Classification_FINAL/data/processed/stage4_standardized/Non-Recyclable/diapers/bigstock-Group-Of-Disposable-Diapers-Ar-296238739.png,Non-Recyclable,test,diapers,1,VALID
Hazardous/batteries/thehistoryan.jpg,/content/drive/MyDrive/Waste_Classification_FINAL/data/processed/stage4_standardized/Hazardous/batteries/thehistoryan.png,Hazardous,test,batteries,0,VALID
Recyclable/paper_products/media2F14d2F14d799bf-bb7d-4c4f-ab41-23cb516d7c292Fimage.jpg,/content/drive/MyDrive/Waste_Classification_FINAL/data/processed/stage4_standardized/Recyclable/paper_products/media2F14d2F14d799bf-bb7d-4c4f-ab41-23cb516d7c292Fimage.png,Recyclable,test,paper_products,3,VALID
Hazardous/e-waste/1200px-Energiesparlampe_01_retouched - Copy.jpg,/content/drive/MyDrive/Waste_Classification_FINAL/data/processed/stage4_standardized/Hazardous/e-waste/1200px-Energiesparlampe_01_retouched - Copy.png,Hazardous,test,e-waste,0,VALID
Hazardous/e-waste/circuit-board-electronic-waste-for-recycling-with-selective-focus-main-board - Copy.jpg,/content/drive/MyDrive/Waste_Classification_FINAL/data/processed/stage4_standardized/Hazardous/e-waste/circuit-board-electronic-waste-for-recycling-with-selective-focus-main-board - Copy.png,Hazardous,test,e-waste,0,VALID
Recyclable/glass_containers/81B-xzZbOvL.jpg,/content/drive/MyDrive/Waste_Classification_FINAL/data/processed/stage4_standardized/Recyclable/glass_containers/81B-xzZbOvL.png,Recyclable,test,glass_containers,3,VALID
Hazardous/pesticides/9788193863909__jpg-550x550h.jpg,/content/drive/MyDrive/Waste_Classification_FINAL/data/processed/stage4_standardized/Hazardous/pesticides/9788193863909__jpg-550x550h.png,Hazardous,test,pesticides,0,VALID
Organic/coffee_tea_bags/coffee-tea-bags.jpg,/content/drive/MyDrive/Waste_Classification_FINAL/data/processed/stage4_standardized/Organic/coffee_tea_bags/coffee-tea-bags.png,Organic,test,coffee_tea_bags,2,VALID
Non-Recyclable/styrofoam_product/8f4dfec62271432d866768b7f62c88b4.jpg,/content/drive/MyDrive/Waste_Classification_FINAL/data/processed/stage4_standardized/Non-Recyclable/styrofoam_product/8f4dfec62271432d866768b7f62c88b4.png,Non-Recyclable,test,styrofoam_product,1,AUTO_CORRECTED
Non-Recyclable/ceramic_product/hq720.jpg,/content/drive/MyDrive/Waste_Classification_FINAL/data/processed/stage4_standardized/Non-Recyclable/ceramic_product/hq720.png,Non-Recyclable,test,ceramic_product,1,VALID
Non-Recyclable/plastics_bags_wrappers/non-recyclable-plastic-food-bags-food-wrappers-that-cant-be-recycled-EWE9J4.jpg,/content/drive/MyDrive/Waste_Classification_FINAL/data/processed/stage4_standardized/Non-Recyclable/plastics_bags_wrappers/non-recyclable-plastic-food-bags-food-wrappers-that-cant-be-recycled-EWE9J4.png,Non-Recyclable,test,plastics_bags_wrappers,1,AUTO_CORRECTED
Non-Recyclable/sanitary_napkin/toilet-bathroom-cleaning-productsbleach-toilet-duct-in-asda-supermarket-uk-R0GWFY.jpg,/content/drive/MyDrive/Waste_Classification_FINAL/data/processed/stage4_standardized/Non-Recyclable/sanitary_napkin/toilet-bathroom-cleaning-productsbleach-toilet-duct-in-asda-supermarket-uk-R0GWFY.png,Non-Recyclable,test,sanitary_napkin,1,VALID
Recyclable/cans_all_type/crushed-tin-can-isolated-2BY4XX9.jpg,/content/drive/MyDrive/Waste_Classification_FINAL/data/processed/stage4_standardized/Recyclable/cans_all_type/crushed-tin-can-isolated-2BY4XX9.png,Recyclable,test,cans_all_type,3,VALID
Hazardous/pesticides/Causes_and_effects_of_soil_pollution.jpg,/content/drive/MyDrive/Waste_Classification_FINAL/data/processed/stage4_standardized/Hazardous/pesticides/Causes_and_effects_of_soil_pollution.png,Hazardous,test,pesticides,0,VALID
Organic/egg_shells/Singapore20Eggshell20Coaster20Making20Workshop20by20Eco20Rangers20Pte20Ltd.jpg,/content/drive/MyDrive/Waste_Classification_FINAL/data/processed/stage4_standardized/Organic/egg_shells/Singapore20Eggshell20Coaster20Making20Workshop20by20Eco20Rangers20Pte20Ltd.png,Organic,test,egg_shells,2,VALID
Hazardous/pesticides/discarded-pesticide-cartons-cans-beside-fence-of-orange-orchard-in-ABHE97.jpg,/content/drive/MyDrive/Waste_Classification_FINAL/data/processed/stage4_standardized/Hazardous/pesticides/discarded-pesticide-cartons-cans-beside-fence-of-orange-orchard-in-ABHE97.png,Hazardous,test,pesticides,0,VALID
Organic/egg_shells/top-view-trash-cooking-concept_1_700x.jpg,/content/drive/MyDrive/Waste_Classification_FINAL/data/processed/stage4_standardized/Organic/egg_shells/top-view-trash-cooking-concept_1_700x.png,Organic,test,egg_shells,2,VALID
Non-Recyclable/ceramic_product/broken-glass-waste-and-disposal-drawing_csp79427295.jpg,/content/drive/MyDrive/Waste_Classification_FINAL/data/processed/stage4_standardized/Non-Recyclable/ceramic_product/broken-glass-waste-and-disposal-drawing_csp79427295.png,Non-Recyclable,test,ceramic_product,1,VALID
Non-Recyclable/ceramic_product/broken-ceramic-glass-which-damaged-260nw-1420943837.jpg,/content/drive/MyDrive/Waste_Classification_FINAL/data/processed/stage4_standardized/Non-Recyclable/ceramic_product/broken-ceramic-glass-which-damaged-260nw-1420943837.png,Non-Recyclable,test,ceramic_product,1,VALID
Hazardous/e-waste/bbf3173e-a750-4687-97be-50f2a4cd2d2b - Copy.jpg,/content/drive/MyDrive/Waste_Classification_FINAL/data/processed/stage4_standardized/Hazardous/e-waste/bbf3173e-a750-4687-97be-50f2a4cd2d2b - Copy.png,Hazardous,test,e-waste,0,VALID
Organic/egg_shells/elisa-sheehan-kintsugi-eggshells-1.jpg,/content/drive/MyDrive/Waste_Classification_FINAL/data/processed/stage4_standardized/Organic/egg_shells/elisa-sheehan-kintsugi-eggshells-1.png,Organic,test,egg_shells,2,VALID
Non-Recyclable/diapers/The-chemistry-of-disposable-nappies.jpg,/content/drive/MyDrive/Waste_Classification_FINAL/data/processed/stage4_standardized/Non-Recyclable/diapers/The-chemistry-of-disposable-nappies.png,Non-Recyclable,test,diapers,1,VALID
Organic/coffee_tea_bags/EwRibzWW8AMwyeP.jpg,/content/drive/MyDrive/Waste_Classification_FINAL/data/processed/stage4_standardized/Organic/coffee_tea_bags/EwRibzWW8AMwyeP.png,Organic,test,coffee_tea_bags,2,VALID
Organic/yard_trimmings/21234793-standard.jpg,/content/drive/MyDrive/Waste_Classification_FINAL/data/processed/stage4_standardized/Organic/yard_trimmings/21234793-standard.png,Organic,test,yard_trimmings,2,VALID
Organic/coffee_tea_bags/CA4A5069b_300x.jpg,/content/drive/MyDrive/Waste_Classification_FINAL/data/processed/stage4_standardized/Organic/coffee_tea_bags/CA4A5069b_300x.png,Organic,test,coffee_tea_bags,2,VALID
Hazardous/paints/solvent-selection-mix-at-Jacksons.jpg,/content/drive/MyDrive/Waste_Classification_FINAL/data/processed/stage4_standardized/Hazardous/paints/solvent-selection-mix-at-Jacksons.png,Hazardous,test,paints,0,VALID
Recyclable/glass_containers/51KO9Np8h0L.jpg,/content/drive/MyDrive/Waste_Classification_FINAL/data/processed/stage4_standardized/Recyclable/glass_containers/51KO9Np8h0L.png,Recyclable,test,glass_containers,3,VALID
Organic/egg_shells/eggshells1.jpg,/content/drive/MyDrive/Waste_Classification_FINAL/data/processed/stage4_standardized/Organic/egg_shells/eggshells1.png,Organic,test,egg_shells,2,VALID
Organic/coffee_tea_bags/tea-5174668_1280-e1619903116935.jpg,/content/drive/MyDrive/Waste_Classification_FINAL/data/processed/stage4_standardized/Organic/coffee_tea_bags/tea-5174668_1280-e1619903116935.png,Organic,test,coffee_tea_bags,2,VALID
Recyclable/paper_products/1250ml-kraft-paper-food-box-500x500.jpg,/content/drive/MyDrive/Waste_Classification_FINAL/data/processed/stage4_standardized/Recyclable/paper_products/1250ml-kraft-paper-food-box-500x500.png,Recyclable,test,paper_products,3,VALID
Recyclable/cans_all_type/cd28515cb9fbaf5589376da505766a8f.jpg,/content/drive/MyDrive/Waste_Classification_FINAL/data/processed/stage4_standardized/Recyclable/cans_all_type/cd28515cb9fbaf5589376da505766a8f.png,Recyclable,test,cans_all_type,3,VALID
Recyclable/glass_containers/korken-bottle-shaped-jar-with-lid-clear-glass__1152252_pe885219_s5.jpg,/content/drive/MyDrive/Waste_Classification_FINAL/data/processed/stage4_standardized/Recyclable/glass_containers/korken-bottle-shaped-jar-with-lid-clear-glass__1152252_pe885219_s5.png,Recyclable,test,glass_containers,3,VALID
Recyclable/glass_containers/soogo-clear-glass-cube-jar-580-ml-set-of-3-product-images-o492867151-p597681808-1-202301181840.jpg,/content/drive/MyDrive/Waste_Classification_FINAL/data/processed/stage4_standardized/Recyclable/glass_containers/soogo-clear-glass-cube-jar-580-ml-set-of-3-product-images-o492867151-p597681808-1-202301181840.png,Recyclable,test,glass_containers,3,VALID
Organic/kitchen_waste/te-Vegan-Meal-Plan-Digital-Recipe-Book-Plant-based-recipes-zero-waste-living.jpg,/content/drive/MyDrive/Waste_Classification_FINAL/data/processed/stage4_standardized/Organic/kitchen_waste/te-Vegan-Meal-Plan-Digital-Recipe-Book-Plant-based-recipes-zero-waste-living.png,Organic,test,kitchen_waste,2,VALID
Organic/coffee_tea_bags/premiumcoffe.jpg,/content/drive/MyDrive/Waste_Classification_FINAL/data/processed/stage4_standardized/Organic/coffee_tea_bags/premiumcoffe.png,Organic,test,coffee_tea_bags,2,VALID
Non-Recyclable/sanitary_napkin/006965731_1-a906255231db326e1934217ae548db6a.jpg,/content/drive/MyDrive/Waste_Classification_FINAL/data/processed/stage4_standardized/Non-Recyclable/sanitary_napkin/006965731_1-a906255231db326e1934217ae548db6a.png,Non-Recyclable,test,sanitary_napkin,1,VALID
Recyclable/cans_all_type/empty-beverage-cans.jpg,/content/drive/MyDrive/Waste_Classification_FINAL/data/processed/stage4_standardized/Recyclable/cans_all_type/empty-beverage-cans.png,Recyclable,test,cans_all_type,3,VALID
Hazardous/paints/10123-cover-barrel.jpg,/content/drive/MyDrive/Waste_Classification_FINAL/data/processed/stage4_standardized/Hazardous/paints/10123-cover-barrel.png,Hazardous,test,paints,0,VALID
Hazardous/batteries/Lithium-ion-lithium-polymer-superhero-battery-blog-cover-image.jpg,/content/drive/MyDrive/Waste_Classification_FINAL/data/processed/stage4_standardized/Hazardous/batteries/Lithium-ion-lithium-polymer-superhero-battery-blog-cover-image.png,Hazardous,test,batteries,0,VALID
Hazardous/batteries/12209_2020_236_Fig2_HTML.jpg,/content/drive/MyDrive/Waste_Classification_FINAL/data/processed/stage4_standardized/Hazardous/batteries/12209_2020_236_Fig2_HTML.png,Hazardous,test,batteries,0,VALID
Non-Recyclable/ceramic_product/broken-chinese-ceramic-vase-on-white-background-CR2H8C.jpg,/content/drive/MyDrive/Waste_Classification_FINAL/data/processed/stage4_standardized/Non-Recyclable/ceramic_product/broken-chinese-ceramic-vase-on-white-background-CR2H8C.png,Non-Recyclable,test,ceramic_product,1,VALID
Non-Recyclable/diapers/63befce33e92406c3c1dac8a-diapers-size-4-144-count-pampers-pull.jpg,/content/drive/MyDrive/Waste_Classification_FINAL/data/processed/stage4_standardized/Non-Recyclable/diapers/63befce33e92406c3c1dac8a-diapers-size-4-144-count-pampers-pull.png,Non-Recyclable,test,diapers,1,VALID
Non-Recyclable/ceramic_product/Blog-Images-15.jpg,/content/drive/MyDrive/Waste_Classification_FINAL/data/processed/stage4_standardized/Non-Recyclable/ceramic_product/Blog-Images-15.png,Non-Recyclable,test,ceramic_product,1,VALID
Recyclable/glass_containers/DIYlabeljarszerowastespicesReusableNation.jpg,/content/drive/MyDrive/Waste_Classification_FINAL/data/processed/stage4_standardized/Recyclable/glass_containers/DIYlabeljarszerowastespicesReusableNation.png,Recyclable,test,glass_containers,3,VALID
Recyclable/glass_containers/431275_l.jpg,/content/drive/MyDrive/Waste_Classification_FINAL/data/processed/stage4_standardized/Recyclable/glass_containers/431275_l.png,Recyclable,test,glass_containers,3,VALID
Recyclable/paper_products/how-to-dispose-of-used-cardboard-boxes-01.jpg,/content/drive/MyDrive/Waste_Classification_FINAL/data/processed/stage4_standardized/Recyclable/paper_products/how-to-dispose-of-used-cardboard-boxes-01.png,Recyclable,test,paper_products,3,VALID
Organic/food_scraps/Typical_North_India_Food_Prepared_for_Rongmei_Naga.jpg,/content/drive/MyDrive/Waste_Classification_FINAL/data/processed/stage4_standardized/Organic/food_scraps/Typical_North_India_Food_Prepared_for_Rongmei_Naga.png,Organic,test,food_scraps,2,VALID
Organic/food_scraps/food.jpg,/content/drive/MyDrive/Waste_Classification_FINAL/data/processed/stage4_standardized/Organic/food_scraps/food.png,Organic,test,food_scraps,2,VALID
Hazardous/batteries/1-s2.0-S2405829720304827-fx1.jpg,/content/drive/MyDrive/Waste_Classification_FINAL/data/processed/stage4_standardized/Hazardous/batteries/1-s2.0-S2405829720304827-fx1.png,Hazardous,test,batteries,0,VALID
Non-Recyclable/sanitary_napkin/stock-photo-women-s-pads-pattern-feminine-hygiene-items-2269418989.jpg,/content/drive/MyDrive/Waste_Classification_FINAL/data/processed/stage4_standardized/Non-Recyclable/sanitary_napkin/stock-photo-women-s-pads-pattern-feminine-hygiene-items-2269418989.png,Non-Recyclable,test,sanitary_napkin,1,VALID
Recyclable/glass_containers/can-glass-be-recycled-683x1024.jpg,/content/drive/MyDrive/Waste_Classification_FINAL/data/processed/stage4_standardized/Recyclable/glass_containers/can-glass-be-recycled-683x1024.png,Recyclable,test,glass_containers,3,VALID
Non-Recyclable/diapers/medium-size-baby-diapers-md-76-count-anti-rash-diapers-lotion-original-imafx2hzdcn6zkyb.jpg,/content/drive/MyDrive/Waste_Classification_FINAL/data/processed/stage4_standardized/Non-Recyclable/diapers/medium-size-baby-diapers-md-76-count-anti-rash-diapers-lotion-original-imafx2hzdcn6zkyb.png,Non-Recyclable,test,diapers,1,VALID
Organic/egg_shells/Eggshell_001.jpg,/content/drive/MyDrive/Waste_Classification_FINAL/data/processed/stage4_standardized/Organic/egg_shells/Eggshell_001.png,Organic,test,egg_shells,2,VALID
Organic/kitchen_waste/vegan-plant-based-protein-food-waste-solution-header.jpg,/content/drive/MyDrive/Waste_Classification_FINAL/data/processed/stage4_standardized/Organic/kitchen_waste/vegan-plant-based-protein-food-waste-solution-header.png,Organic,test,kitchen_waste,2,VALID
Recyclable/glass_containers/home-glass-packaging-food-beverages-1024x666.jpg,/content/drive/MyDrive/Waste_Classification_FINAL/data/processed/stage4_standardized/Recyclable/glass_containers/home-glass-packaging-food-beverages-1024x666.png,Recyclable,test,glass_containers,3,VALID
Non-Recyclable/styrofoam_product/AMP-58_62348a9647c53.jpg,/content/drive/MyDrive/Waste_Classification_FINAL/data/processed/stage4_standardized/Non-Recyclable/styrofoam_product/AMP-58_62348a9647c53.png,Non-Recyclable,test,styrofoam_product,1,AUTO_CORRECTED
Recyclable/paper_products/251911498.jpg,/content/drive/MyDrive/Waste_Classification_FINAL/data/processed/stage4_standardized/Recyclable/paper_products/251911498.png,Recyclable,test,paper_products,3,VALID
Hazardous/e-waste/AdobeStock_365525290 - Copy.jpg,/content/drive/MyDrive/Waste_Classification_FINAL/data/processed/stage4_standardized/Hazardous/e-waste/AdobeStock_365525290 - Copy.png,Hazardous,test,e-waste,0,VALID
Recyclable/plastic_bottles/bottle-crafts-720x405.jpg,/content/drive/MyDrive/Waste_Classification_FINAL/data/processed/stage4_standardized/Recyclable/plastic_bottles/bottle-crafts-720x405.png,Recyclable,test,plastic_bottles,3,VALID
Recyclable/plastic_bottles/png-clipart-plastic-bag-plastic-bottle-water-bottles-water-dam-photography-recycling.jpg,/content/drive/MyDrive/Waste_Classification_FINAL/data/processed/stage4_standardized/Recyclable/plastic_bottles/png-clipart-plastic-bag-plastic-bottle-water-bottles-water-dam-photography-recycling.png,Recyclable,test,plastic_bottles,3,VALID
Non-Recyclable/sanitary_napkin/8d032ff8-b08d-48cf-b3e2-8dc62c08c30a.jpg,/content/drive/MyDrive/Waste_Classification_FINAL/data/processed/stage4_standardized/Non-Recyclable/sanitary_napkin/8d032ff8-b08d-48cf-b3e2-8dc62c08c30a.png,Non-Recyclable,test,sanitary_napkin,1,VALID
Non-Recyclable/plastics_bags_wrappers/lebanon-waste-trash-beach-1.jpg__1600x900_q85_crop_subsampling-2.jpg,/content/drive/MyDrive/Waste_Classification_FINAL/data/processed/stage4_standardized/Non-Recyclable/plastics_bags_wrappers/lebanon-waste-trash-beach-1.jpg__1600x900_q85_crop_subsampling-2.png,Non-Recyclable,test,plastics_bags_wrappers,1,AUTO_CORRECTED
Non-Recyclable/plastics_bags_wrappers/2-bags-of-morrisons-shopping-discarded-on-the-ground-BMKDN3.jpg,/content/drive/MyDrive/Waste_Classification_FINAL/data/processed/stage4_standardized/Non-Recyclable/plastics_bags_wrappers/2-bags-of-morrisons-shopping-discarded-on-the-ground-BMKDN3.png,Non-Recyclable,test,plastics_bags_wrappers,1,AUTO_CORRECTED
Hazardous/batteries/rechargeable-battery-2048px-5939.jpg,/content/drive/MyDrive/Waste_Classification_FINAL/data/processed/stage4_standardized/Hazardous/batteries/rechargeable-battery-2048px-5939.png,Hazardous,test,batteries,0,VALID
Hazardous/e-waste/e_waste_1572334975 - Copy.jpg,/content/drive/MyDrive/Waste_Classification_FINAL/data/processed/stage4_standardized/Hazardous/e-waste/e_waste_1572334975 - Copy.png,Hazardous,test,e-waste,0,VALID
Non-Recyclable/ceramic_product/1000_F_172501432_IhEVRC2DHxNv7FchR8D5RbTA7f2gWbee.jpg,/content/drive/MyDrive/Waste_Classification_FINAL/data/processed/stage4_standardized/Non-Recyclable/ceramic_product/1000_F_172501432_IhEVRC2DHxNv7FchR8D5RbTA7f2gWbee.png,Non-Recyclable,test,ceramic_product,1,VALID
Non-Recyclable/plastics_bags_wrappers/bags-and-film-you-can-recycle-in-exeter.jpg,/content/drive/MyDrive/Waste_Classification_FINAL/data/processed/stage4_standardized/Non-Recyclable/plastics_bags_wrappers/bags-and-film-you-can-recycle-in-exeter.png,Non-Recyclable,test,plastics_bags_wrappers,1,AUTO_CORRECTED
Non-Recyclable/plastics_bags_wrappers/Plastic-Film-Recycling-Image-from-PMIP.jpg,/content/drive/MyDrive/Waste_Classification_FINAL/data/processed/stage4_standardized/Non-Recyclable/plastics_bags_wrappers/Plastic-Film-Recycling-Image-from-PMIP.png,Non-Recyclable,test,plastics_bags_wrappers,1,AUTO_CORRECTED
Organic/food_scraps/TasteofTelangana_BlogPhotos_30052021_1200.jpg,/content/drive/MyDrive/Waste_Classification_FINAL/data/processed/stage4_standardized/Organic/food_scraps/TasteofTelangana_BlogPhotos_30052021_1200.png,Organic,test,food_scraps,2,VALID
Organic/food_scraps/rbage-thrown-open-ground-food-waste-polythene-bags-dump-yard-scrap-228828546.jpg,/content/drive/MyDrive/Waste_Classification_FINAL/data/processed/stage4_standardized/Organic/food_scraps/rbage-thrown-open-ground-food-waste-polythene-bags-dump-yard-scrap-228828546.png,Organic,test,food_scraps,2,VALID
Non-Recyclable/sanitary_napkin/5-Ways-To-Use-A-Hygiene-Kit_2.jpg,/content/drive/MyDrive/Waste_Classification_FINAL/data/processed/stage4_standardized/Non-Recyclable/sanitary_napkin/5-Ways-To-Use-A-Hygiene-Kit_2.png,Non-Recyclable,test,sanitary_napkin,1,VALID
Organic/kitchen_waste/Start-up-upcycles-liquid-food-waste-into-plant-based-cheese.jpg,/content/drive/MyDrive/Waste_Classification_FINAL/data/processed/stage4_standardized/Organic/kitchen_waste/Start-up-upcycles-liquid-food-waste-into-plant-based-cheese.png,Organic,test,kitchen_waste,2,VALID
Non-Recyclable/diapers/Percentage-of-diapers-in-urban-solid-waste-in-some-countries-in-North-America-Europe-and.jpg,/content/drive/MyDrive/Waste_Classification_FINAL/data/processed/stage4_standardized/Non-Recyclable/diapers/Percentage-of-diapers-in-urban-solid-waste-in-some-countries-in-North-America-Europe-and.png,Non-Recyclable,test,diapers,1,VALID
Hazardous/e-waste/Electronic-waste-1 - Copy.jpg,/content/drive/MyDrive/Waste_Classification_FINAL/data/processed/stage4_standardized/Hazardous/e-waste/Electronic-waste-1 - Copy.png,Hazardous,test,e-waste,0,VALID
Non-Recyclable/plastics_bags_wrappers/arkets-for-kitchen-waste-household-plastic-waste-single-use-plastics-2E25P1B.jpg,/content/drive/MyDrive/Waste_Classification_FINAL/data/processed/stage4_standardized/Non-Recyclable/plastics_bags_wrappers/arkets-for-kitchen-waste-household-plastic-waste-single-use-plastics-2E25P1B.png,Non-Recyclable,test,plastics_bags_wrappers,1,AUTO_CORRECTED
Recyclable/cans_all_type/Alum20Cans_JPG.jpg,/content/drive/MyDrive/Waste_Classification_FINAL/data/processed/stage4_standardized/Recyclable/cans_all_type/Alum20Cans_JPG.png,Recyclable,test,cans_all_type,3,VALID
Hazardous/e-waste/New-RepBan_Guide-FluorescentBulbs_2008 - Copy.jpg,/content/drive/MyDrive/Waste_Classification_FINAL/data/processed/stage4_standardized/Hazardous/e-waste/New-RepBan_Guide-FluorescentBulbs_2008 - Copy.png,Hazardous,test,e-waste,0,VALID
Non-Recyclable/diapers/jklzz5r5uwCcP-xxlarge.jpg,/content/drive/MyDrive/Waste_Classification_FINAL/data/processed/stage4_standardized/Non-Recyclable/diapers/jklzz5r5uwCcP-xxlarge.png,Non-Recyclable,test,diapers,1,VALID
Recyclable/paper_products/paper_and_paperboard_ff_materials_0.jpg,/content/drive/MyDrive/Waste_Classification_FINAL/data/processed/stage4_standardized/Recyclable/paper_products/paper_and_paperboard_ff_materials_0.png,Recyclable,test,paper_products,3,VALID
Hazardous/e-waste/Intro-to-E-Waste - Copy.jpg,/content/drive/MyDrive/Waste_Classification_FINAL/data/processed/stage4_standardized/Hazardous/e-waste/Intro-to-E-Waste - Copy.png,Hazardous,test,e-waste,0,VALID
Hazardous/batteries/lithium-ion-batteries3.jpg,/content/drive/MyDrive/Waste_Classification_FINAL/data/processed/stage4_standardized/Hazardous/batteries/lithium-ion-batteries3.png,Hazardous,test,batteries,0,VALID
Hazardous/paints/Mixed_Brand_Solvents_Atmos_2.jpg,/content/drive/MyDrive/Waste_Classification_FINAL/data/processed/stage4_standardized/Hazardous/paints/Mixed_Brand_Solvents_Atmos_2.png,Hazardous,test,paints,0,VALID
Hazardous/e-waste/onic-waste-on-white-background-reuse-and-recycle-concept-top-view-1011557155 - Copy.jpg,/content/drive/MyDrive/Waste_Classification_FINAL/data/processed/stage4_standardized/Hazardous/e-waste/onic-waste-on-white-background-reuse-and-recycle-concept-top-view-1011557155 - Copy.png,Hazardous,test,e-waste,0,VALID
Recyclable/paper_products/WPC26RS_Section20Photo201_Eng.jpg,/content/drive/MyDrive/Waste_Classification_FINAL/data/processed/stage4_standardized/Recyclable/paper_products/WPC26RS_Section20Photo201_Eng.png,Recyclable,test,paper_products,3,VALID
Non-Recyclable/sanitary_napkin/340003-MenstrualHygieneDay_1_1080x1080.jpg,/content/drive/MyDrive/Waste_Classification_FINAL/data/processed/stage4_standardized/Non-Recyclable/sanitary_napkin/340003-MenstrualHygieneDay_1_1080x1080.png,Non-Recyclable,test,sanitary_napkin,1,VALID
Hazardous/paints/household_hazardous_waste_flier.jpg,/content/drive/MyDrive/Waste_Classification_FINAL/data/processed/stage4_standardized/Hazardous/paints/household_hazardous_waste_flier.png,Hazardous,test,paints,0,VALID
Recyclable/glass_containers/rsemptyemptycontainerforcosmeticsemptylipbalmcontainercreamjarsemptycosmetic.jpg,/content/drive/MyDrive/Waste_Classification_FINAL/data/processed/stage4_standardized/Recyclable/glass_containers/rsemptyemptycontainerforcosmeticsemptylipbalmcontainercreamjarsemptycosmetic.png,Recyclable,test,glass_containers,3,VALID
Hazardous/e-waste/n1-e1639575580776 - Copy.jpg,/content/drive/MyDrive/Waste_Classification_FINAL/data/processed/stage4_standardized/Hazardous/e-waste/n1-e1639575580776 - Copy.png,Hazardous,test,e-waste,0,VALID
Non-Recyclable/plastics_bags_wrappers/rappers-green-lawn-park-cleaning-up-respecting-environment-concept-245258516.jpg,/content/drive/MyDrive/Waste_Classification_FINAL/data/processed/stage4_standardized/Non-Recyclable/plastics_bags_wrappers/rappers-green-lawn-park-cleaning-up-respecting-environment-concept-245258516.png,Non-Recyclable,test,plastics_bags_wrappers,1,AUTO_CORRECTED
Hazardous/paints/deco-shine-paint-solvent-385994667-b0zph.jpg,/content/drive/MyDrive/Waste_Classification_FINAL/data/processed/stage4_standardized/Hazardous/paints/deco-shine-paint-solvent-385994667-b0zph.png,Hazardous,test,paints,0,VALID
Non-Recyclable/ceramic_product/1000_F_220512221_OCfWwiGHcPm7X37OJvsjbF5poVjBLNgZ.jpg,/content/drive/MyDrive/Waste_Classification_FINAL/data/processed/stage4_standardized/Non-Recyclable/ceramic_product/1000_F_220512221_OCfWwiGHcPm7X37OJvsjbF5poVjBLNgZ.png,Non-Recyclable,test,ceramic_product,1,VALID
Hazardous/e-waste/ewaste-type - Copy.jpg,/content/drive/MyDrive/Waste_Classification_FINAL/data/processed/stage4_standardized/Hazardous/e-waste/ewaste-type - Copy.png,Hazardous,test,e-waste,0,VALID
Organic/coffee_tea_bags/coffee-beans-leaf-tea-packed-paper-bag-storage-mockup-white-tag-logo_616001-3365.jpg,/content/drive/MyDrive/Waste_Classification_FINAL/data/processed/stage4_standardized/Organic/coffee_tea_bags/coffee-beans-leaf-tea-packed-paper-bag-storage-mockup-white-tag-logo_616001-3365.png,Organic,test,coffee_tea_bags,2,VALID
Organic/egg_shells/Engravings-on-ostrich-eggshell-fragment-Patne-western-India-early-Upper-Palaeolithic.jpg,/content/drive/MyDrive/Waste_Classification_FINAL/data/processed/stage4_standardized/Organic/egg_shells/Engravings-on-ostrich-eggshell-fragment-Patne-western-India-early-Upper-Palaeolithic.png,Organic,test,egg_shells,2,VALID
Organic/food_scraps/4-Easy-Methods-to-Repurpose-Food-Scraps-Through-Kitchen-Composting.jpg,/content/drive/MyDrive/Waste_Classification_FINAL/data/processed/stage4_standardized/Organic/food_scraps/4-Easy-Methods-to-Repurpose-Food-Scraps-Through-Kitchen-Composting.png,Organic,test,food_scraps,2,VALID
Organic/egg_shells/Egg-rmh.jpg,/content/drive/MyDrive/Waste_Classification_FINAL/data/processed/stage4_standardized/Organic/egg_shells/Egg-rmh.png,Organic,test,egg_shells,2,VALID
Organic/coffee_tea_bags/1-elaichi-tea-blended-with-100-natural-ground-1kg-1-pouch-original-imagpgyq39ssnd4s.jpg,/content/drive/MyDrive/Waste_Classification_FINAL/data/processed/stage4_standardized/Organic/coffee_tea_bags/1-elaichi-tea-blended-with-100-natural-ground-1kg-1-pouch-original-imagpgyq39ssnd4s.png,Organic,test,coffee_tea_bags,2,VALID
Organic/yard_trimmings/Yard_and_garden_waste.JPG.jpg,/content/drive/MyDrive/Waste_Classification_FINAL/data/processed/stage4_standardized/Organic/yard_trimmings/Yard_and_garden_waste.JPG.png,Organic,test,yard_trimmings,2,VALID
Hazardous/paints/Solvents.jpg,/content/drive/MyDrive/Waste_Classification_FINAL/data/processed/stage4_standardized/Hazardous/paints/Solvents.png,Hazardous,test,paints,0,VALID
Hazardous/e-waste/lightbulb-average-rated-lifetime-hours-1 - Copy.jpg,/content/drive/MyDrive/Waste_Classification_FINAL/data/processed/stage4_standardized/Hazardous/e-waste/lightbulb-average-rated-lifetime-hours-1 - Copy.png,Hazardous,test,e-waste,0,VALID
Hazardous/e-waste/129249_iStock-636655004---Hero - Copy.jpg,/content/drive/MyDrive/Waste_Classification_FINAL/data/processed/stage4_standardized/Hazardous/e-waste/129249_iStock-636655004---Hero - Copy.png,Hazardous,test,e-waste,0,VALID
Recyclable/plastic_bottles/SodaBottle1.jpg,/content/drive/MyDrive/Waste_Classification_FINAL/data/processed/stage4_standardized/Recyclable/plastic_bottles/SodaBottle1.png,Recyclable,test,plastic_bottles,3,VALID
Non-Recyclable/styrofoam_product/styrofoam2.jpg,/content/drive/MyDrive/Waste_Classification_FINAL/data/processed/stage4_standardized/Non-Recyclable/styrofoam_product/styrofoam2.png,Non-Recyclable,test,styrofoam_product,1,AUTO_CORRECTED
Organic/kitchen_waste/jovitaaranha_bluru_cooking_gas_from_waste.jpg,/content/drive/MyDrive/Waste_Classification_FINAL/data/processed/stage4_standardized/Organic/kitchen_waste/jovitaaranha_bluru_cooking_gas_from_waste.png,Organic,test,kitchen_waste,2,VALID
Organic/egg_shells/making-faces-on-eggshell.jpg,/content/drive/MyDrive/Waste_Classification_FINAL/data/processed/stage4_standardized/Organic/egg_shells/making-faces-on-eggshell.png,Organic,test,egg_shells,2,VALID
Non-Recyclable/styrofoam_product/types-of-sustainable-packaging-fb.jpg,/content/drive/MyDrive/Waste_Classification_FINAL/data/processed/stage4_standardized/Non-Recyclable/styrofoam_product/types-of-sustainable-packaging-fb.png,Non-Recyclable,test,styrofoam_product,1,AUTO_CORRECTED
Organic/yard_trimmings/yard-waste-set-out.jpg,/content/drive/MyDrive/Waste_Classification_FINAL/data/processed/stage4_standardized/Organic/yard_trimmings/yard-waste-set-out.png,Organic,test,yard_trimmings,2,VALID
Hazardous/e-waste/CFL - Copy.jpg,/content/drive/MyDrive/Waste_Classification_FINAL/data/processed/stage4_standardized/Hazardous/e-waste/CFL - Copy.png,Hazardous,test,e-waste,0,VALID
Recyclable/cans_all_type/Tomato-Bisque-ERA-scaled.jpg,/content/drive/MyDrive/Waste_Classification_FINAL/data/processed/stage4_standardized/Recyclable/cans_all_type/Tomato-Bisque-ERA-scaled.png,Recyclable,test,cans_all_type,3,VALID
Recyclable/cans_all_type/bd81ae39b970475bae9524c6018794aa_0_0.jpg,/content/drive/MyDrive/Waste_Classification_FINAL/data/processed/stage4_standardized/Recyclable/cans_all_type/bd81ae39b970475bae9524c6018794aa_0_0.png,Recyclable,test,cans_all_type,3,VALID
Organic/kitchen_waste/compost-food-waste-732x549-thumbnail.jpg,/content/drive/MyDrive/Waste_Classification_FINAL/data/processed/stage4_standardized/Organic/kitchen_waste/compost-food-waste-732x549-thumbnail.png,Organic,test,kitchen_waste,2,VALID
Hazardous/pesticides/miscellaneous-pesticides-stored-in-old-garden-shed-E672N3.jpg,/content/drive/MyDrive/Waste_Classification_FINAL/data/processed/stage4_standardized/Hazardous/pesticides/miscellaneous-pesticides-stored-in-old-garden-shed-E672N3.png,Hazardous,test,pesticides,0,VALID
Organic/yard_trimmings/5ef29252e080f.image.jpg,/content/drive/MyDrive/Waste_Classification_FINAL/data/processed/stage4_standardized/Organic/yard_trimmings/5ef29252e080f.image.png,Organic,test,yard_trimmings,2,VALID
Hazardous/batteries/Types-of-BatteriesPrimary-and-Secondary.jpg,/content/drive/MyDrive/Waste_Classification_FINAL/data/processed/stage4_standardized/Hazardous/batteries/Types-of-BatteriesPrimary-and-Secondary.png,Hazardous,test,batteries,0,VALID
Organic/yard_trimmings/yard-waste-TS_1.jpg,/content/drive/MyDrive/Waste_Classification_FINAL/data/processed/stage4_standardized/Organic/yard_trimmings/yard-waste-TS_1.png,Organic,test,yard_trimmings,2,VALID
Recyclable/plastic_bottles/plastic-bottles-mineral-water-soda-can_101087-305.jpg,/content/drive/MyDrive/Waste_Classification_FINAL/data/processed/stage4_standardized/Recyclable/plastic_bottles/plastic-bottles-mineral-water-soda-can_101087-305.png,Recyclable,test,plastic_bottles,3,VALID
Organic/kitchen_waste/maxresdefault3.jpg,/content/drive/MyDrive/Waste_Classification_FINAL/data/processed/stage4_standardized/Organic/kitchen_waste/maxresdefault3.png,Organic,test,kitchen_waste,2,VALID
Organic/kitchen_waste/iStock-1179964582.jpg,/content/drive/MyDrive/Waste_Classification_FINAL/data/processed/stage4_standardized/Organic/kitchen_waste/iStock-1179964582.png,Organic,test,kitchen_waste,2,VALID
Organic/food_scraps/6106-05977845a_2400x1600.jpg.jpg,/content/drive/MyDrive/Waste_Classification_FINAL/data/processed/stage4_standardized/Organic/food_scraps/6106-05977845a_2400x1600.jpg.png,Organic,test,food_scraps,2,VALID
Hazardous/paints/1-s2.0-S2589004221010828-fx1.jpg,/content/drive/MyDrive/Waste_Classification_FINAL/data/processed/stage4_standardized/Hazardous/paints/1-s2.0-S2589004221010828-fx1.png,Hazardous,test,paints,0,VALID
Non-Recyclable/sanitary_napkin/Waste.jpg,/content/drive/MyDrive/Waste_Classification_FINAL/data/processed/stage4_standardized/Non-Recyclable/sanitary_napkin/Waste.png,Non-Recyclable,test,sanitary_napkin,1,VALID
Non-Recyclable/sanitary_napkin/hygiene-products-soft-and-fresh-sanitary-items-vector-32560436.jpg,/content/drive/MyDrive/Waste_Classification_FINAL/data/processed/stage4_standardized/Non-Recyclable/sanitary_napkin/hygiene-products-soft-and-fresh-sanitary-items-vector-32560436.png,Non-Recyclable,test,sanitary_napkin,1,VALID
Organic/kitchen_waste/scandinavian-kitchen.jpg,/content/drive/MyDrive/Waste_Classification_FINAL/data/processed/stage4_standardized/Organic/kitchen_waste/scandinavian-kitchen.png,Organic,test,kitchen_waste,2,VALID
Hazardous/pesticides/garbage.jpg,/content/drive/MyDrive/Waste_Classification_FINAL/data/processed/stage4_standardized/Hazardous/pesticides/garbage.png,Hazardous,test,pesticides,0,VALID
Organic/yard_trimmings/iStock-leaves-rack-fall-sized.jpg,/content/drive/MyDrive/Waste_Classification_FINAL/data/processed/stage4_standardized/Organic/yard_trimmings/iStock-leaves-rack-fall-sized.png,Organic,test,yard_trimmings,2,VALID
Recyclable/paper_products/the-drive-toward-sustainability-5050-1536x1536.jpg,/content/drive/MyDrive/Waste_Classification_FINAL/data/processed/stage4_standardized/Recyclable/paper_products/the-drive-toward-sustainability-5050-1536x1536.png,Recyclable,test,paper_products,3,VALID
Hazardous/paints/8e22955011cf8d6d8ac7d13a1e62a2ee_XL.jpg,/content/drive/MyDrive/Waste_Classification_FINAL/data/processed/stage4_standardized/Hazardous/paints/8e22955011cf8d6d8ac7d13a1e62a2ee_XL.png,Hazardous,test,paints,0,VALID
Hazardous/paints/slide_62.jpg,/content/drive/MyDrive/Waste_Classification_FINAL/data/processed/stage4_standardized/Hazardous/paints/slide_62.png,Hazardous,test,paints,0,VALID
Non-Recyclable/diapers/pile-discarded-used-baby-diapers-footage-170531202_prevstill.jpg,/content/drive/MyDrive/Waste_Classification_FINAL/data/processed/stage4_standardized/Non-Recyclable/diapers/pile-discarded-used-baby-diapers-footage-170531202_prevstill.png,Non-Recyclable,test,diapers,1,VALID
Recyclable/glass_containers/81KUXai6eQL._SL1500_.jpg,/content/drive/MyDrive/Waste_Classification_FINAL/data/processed/stage4_standardized/Recyclable/glass_containers/81KUXai6eQL._SL1500_.png,Recyclable,test,glass_containers,3,VALID
Hazardous/paints/Recycled_solvent_or_virgin_maratek-881x588.jpg,/content/drive/MyDrive/Waste_Classification_FINAL/data/processed/stage4_standardized/Hazardous/paints/Recycled_solvent_or_virgin_maratek-881x588.png,Hazardous,test,paints,0,VALID
Non-Recyclable/styrofoam_product/containers_and_packaging_picture.jpg,/content/drive/MyDrive/Waste_Classification_FINAL/data/processed/stage4_standardized/Non-Recyclable/styrofoam_product/containers_and_packaging_picture.png,Non-Recyclable,test,styrofoam_product,1,AUTO_CORRECTED
Non-Recyclable/sanitary_napkin/Eco-friendly-pads.jpg,/content/drive/MyDrive/Waste_Classification_FINAL/data/processed/stage4_standardized/Non-Recyclable/sanitary_napkin/Eco-friendly-pads.png,Non-Recyclable,test,sanitary_napkin,1,VALID
Hazardous/e-waste/disposing-lightbulbs-batteries - Copy.jpg,/content/drive/MyDrive/Waste_Classification_FINAL/data/processed/stage4_standardized/Hazardous/e-waste/disposing-lightbulbs-batteries - Copy.png,Hazardous,test,e-waste,0,VALID
Non-Recyclable/styrofoam_product/shutterstock_1027804891-scaled-1.jpg,/content/drive/MyDrive/Waste_Classification_FINAL/data/processed/stage4_standardized/Non-Recyclable/styrofoam_product/shutterstock_1027804891-scaled-1.png,Non-Recyclable,test,styrofoam_product,1,AUTO_CORRECTED
Non-Recyclable/ceramic_product/339751732.jpg,/content/drive/MyDrive/Waste_Classification_FINAL/data/processed/stage4_standardized/Non-Recyclable/ceramic_product/339751732.png,Non-Recyclable,test,ceramic_product,1,VALID
Organic/coffee_tea_bags/Masala-Chai-Tin-Can-_200gm.jpg,/content/drive/MyDrive/Waste_Classification_FINAL/data/processed/stage4_standardized/Organic/coffee_tea_bags/Masala-Chai-Tin-Can-_200gm.png,Organic,test,coffee_tea_bags,2,VALID
Recyclable/glass_containers/jar2.jpg,/content/drive/MyDrive/Waste_Classification_FINAL/data/processed/stage4_standardized/Recyclable/glass_containers/jar2.png,Recyclable,test,glass_containers,3,VALID
Hazardous/pesticides/pic2.jpg,/content/drive/MyDrive/Waste_Classification_FINAL/data/processed/stage4_standardized/Hazardous/pesticides/pic2.png,Hazardous,test,pesticides,0,VALID
Recyclable/cans_all_type/bev-can-by-size.jpg,/content/drive/MyDrive/Waste_Classification_FINAL/data/processed/stage4_standardized/Recyclable/cans_all_type/bev-can-by-size.png,Recyclable,test,cans_all_type,3,VALID
Organic/food_scraps/42f8fcd0-2ddc-4d55-bb9f-ed434d_1200x768.jpg,/content/drive/MyDrive/Waste_Classification_FINAL/data/processed/stage4_standardized/Organic/food_scraps/42f8fcd0-2ddc-4d55-bb9f-ed434d_1200x768.png,Organic,test,food_scraps,2,VALID
Non-Recyclable/sanitary_napkin/sustainability-10-04146-g001-550.jpg,/content/drive/MyDrive/Waste_Classification_FINAL/data/processed/stage4_standardized/Non-Recyclable/sanitary_napkin/sustainability-10-04146-g001-550.png,Non-Recyclable,test,sanitary_napkin,1,VALID
Non-Recyclable/sanitary_napkin/tor-illustration-isolated-on-transparent-background-menstrual-cup-1546366844.jpg,/content/drive/MyDrive/Waste_Classification_FINAL/data/processed/stage4_standardized/Non-Recyclable/sanitary_napkin/tor-illustration-isolated-on-transparent-background-menstrual-cup-1546366844.png,Non-Recyclable,test,sanitary_napkin,1,VALID
Recyclable/plastic_bottles/bottles3-kEpF--621x414LiveMint.JPG.jpg,/content/drive/MyDrive/Waste_Classification_FINAL/data/processed/stage4_standardized/Recyclable/plastic_bottles/bottles3-kEpF--621x414LiveMint.JPG.png,Recyclable,test,plastic_bottles,3,VALID
Non-Recyclable/sanitary_napkin/pads-1024x573-1.jpg,/content/drive/MyDrive/Waste_Classification_FINAL/data/processed/stage4_standardized/Non-Recyclable/sanitary_napkin/pads-1024x573-1.png,Non-Recyclable,test,sanitary_napkin,1,VALID
Recyclable/glass_containers/bff67913df873d7923e53a51e5139edb.jpg,/content/drive/MyDrive/Waste_Classification_FINAL/data/processed/stage4_standardized/Recyclable/glass_containers/bff67913df873d7923e53a51e5139edb.png,Recyclable,test,glass_containers,3,VALID
Recyclable/glass_containers/empty-glass-jar-vector-5062356.jpg,/content/drive/MyDrive/Waste_Classification_FINAL/data/processed/stage4_standardized/Recyclable/glass_containers/empty-glass-jar-vector-5062356.png,Recyclable,test,glass_containers,3,VALID
Hazardous/e-waste/Electronic_waste_at_Agbogbloshie2C_Ghana - Copy.jpg,/content/drive/MyDrive/Waste_Classification_FINAL/data/processed/stage4_standardized/Hazardous/e-waste/Electronic_waste_at_Agbogbloshie2C_Ghana - Copy.png,Hazardous,test,e-waste,0,VALID
Hazardous/batteries/sc0c04940_0022.jpg,/content/drive/MyDrive/Waste_Classification_FINAL/data/processed/stage4_standardized/Hazardous/batteries/sc0c04940_0022.png,Hazardous,test,batteries,0,VALID
Organic/coffee_tea_bags/mysore-nuggets-405586_595x.jpg,/content/drive/MyDrive/Waste_Classification_FINAL/data/processed/stage4_standardized/Organic/coffee_tea_bags/mysore-nuggets-405586_595x.png,Organic,test,coffee_tea_bags,2,VALID
Recyclable/glass_containers/recycled-glass.jpg,/content/drive/MyDrive/Waste_Classification_FINAL/data/processed/stage4_standardized/Recyclable/glass_containers/recycled-glass.png,Recyclable,test,glass_containers,3,VALID
Hazardous/paints/18109287.jpg,/content/drive/MyDrive/Waste_Classification_FINAL/data/processed/stage4_standardized/Hazardous/paints/18109287.png,Hazardous,test,paints,0,VALID
Hazardous/paints/maxresdefault.jpg,/content/drive/MyDrive/Waste_Classification_FINAL/data/processed/stage4_standardized/Hazardous/paints/maxresdefault.png,Hazardous,test,paints,0,VALID
Hazardous/e-waste/Noteable_ewaste_main-760x378 - Copy.jpg,/content/drive/MyDrive/Waste_Classification_FINAL/data/processed/stage4_standardized/Hazardous/e-waste/Noteable_ewaste_main-760x378 - Copy.png,Hazardous,test,e-waste,0,VALID
Hazardous/pesticides/nsecticides-fungicides-molluscicides-plant-protections-in-agriculture-vector.jpg,/content/drive/MyDrive/Waste_Classification_FINAL/data/processed/stage4_standardized/Hazardous/pesticides/nsecticides-fungicides-molluscicides-plant-protections-in-agriculture-vector.png,Hazardous,test,pesticides,0,VALID
Organic/kitchen_waste/waste-segregation.jpg,/content/drive/MyDrive/Waste_Classification_FINAL/data/processed/stage4_standardized/Organic/kitchen_waste/waste-segregation.png,Organic,test,kitchen_waste,2,VALID
Organic/coffee_tea_bags/225-green-coffee-beans-powder-225-g-with-lemongrass-ginger-green-original-imafbh9ygzhgqh82.jpg,/content/drive/MyDrive/Waste_Classification_FINAL/data/processed/stage4_standardized/Organic/coffee_tea_bags/225-green-coffee-beans-powder-225-g-with-lemongrass-ginger-green-original-imafbh9ygzhgqh82.png,Organic,test,coffee_tea_bags,2,VALID
Organic/egg_shells/cc8b3c.jpg,/content/drive/MyDrive/Waste_Classification_FINAL/data/processed/stage4_standardized/Organic/egg_shells/cc8b3c.png,Organic,test,egg_shells,2,VALID
Hazardous/e-waste/stock-photo-old-lamps-and-lightbulbs-collection-in-a-waste-bin-2167268987 - Copy.jpg,/content/drive/MyDrive/Waste_Classification_FINAL/data/processed/stage4_standardized/Hazardous/e-waste/stock-photo-old-lamps-and-lightbulbs-collection-in-a-waste-bin-2167268987 - Copy.png,Hazardous,test,e-waste,0,VALID
Recyclable/cans_all_type/crumpled-aluminum-can-2022-06-02-17-14-48-utc-scaled.jpg,/content/drive/MyDrive/Waste_Classification_FINAL/data/processed/stage4_standardized/Recyclable/cans_all_type/crumpled-aluminum-can-2022-06-02-17-14-48-utc-scaled.png,Recyclable,test,cans_all_type,3,VALID
Organic/egg_shells/eggshells_759.jpg,/content/drive/MyDrive/Waste_Classification_FINAL/data/processed/stage4_standardized/Organic/egg_shells/eggshells_759.png,Organic,test,egg_shells,2,VALID
Recyclable/glass_containers/korken-jar-with-lid-clear-glass__1060982_ph168838_s5.jpg,/content/drive/MyDrive/Waste_Classification_FINAL/data/processed/stage4_standardized/Recyclable/glass_containers/korken-jar-with-lid-clear-glass__1060982_ph168838_s5.png,Recyclable,test,glass_containers,3,VALID
Organic/coffee_tea_bags/1200px-Latte_and_dark_coffee.jpg,/content/drive/MyDrive/Waste_Classification_FINAL/data/processed/stage4_standardized/Organic/coffee_tea_bags/1200px-Latte_and_dark_coffee.png,Organic,test,coffee_tea_bags,2,VALID
Recyclable/paper_products/paper-recycling-at-plant-600x500.jpg,/content/drive/MyDrive/Waste_Classification_FINAL/data/processed/stage4_standardized/Recyclable/paper_products/paper-recycling-at-plant-600x500.png,Recyclable,test,paper_products,3,VALID
Recyclable/glass_containers/how-to-reuse-glass-bottles-and-jars.jpg,/content/drive/MyDrive/Waste_Classification_FINAL/data/processed/stage4_standardized/Recyclable/glass_containers/how-to-reuse-glass-bottles-and-jars.png,Recyclable,test,glass_containers,3,VALID
Hazardous/paints/The-oil-painters-guide.jpg,/content/drive/MyDrive/Waste_Classification_FINAL/data/processed/stage4_standardized/Hazardous/paints/The-oil-painters-guide.png,Hazardous,test,paints,0,VALID
Recyclable/plastic_bottles/plastic-bottle-ocean-1200x600.jpg,/content/drive/MyDrive/Waste_Classification_FINAL/data/processed/stage4_standardized/Recyclable/plastic_bottles/plastic-bottle-ocean-1200x600.png,Recyclable,test,plastic_bottles,3,VALID
Non-Recyclable/ceramic_product/plate-smashed-blue-glass.jpg,/content/drive/MyDrive/Waste_Classification_FINAL/data/processed/stage4_standardized/Non-Recyclable/ceramic_product/plate-smashed-blue-glass.png,Non-Recyclable,test,ceramic_product,1,VALID
Recyclable/plastic_bottles/Dasani_web_3.6303e0c91079d.jpg,/content/drive/MyDrive/Waste_Classification_FINAL/data/processed/stage4_standardized/Recyclable/plastic_bottles/Dasani_web_3.6303e0c91079d.png,Recyclable,test,plastic_bottles,3,VALID
Recyclable/plastic_bottles/1574672891_p_5170256_1028237.jpg,/content/drive/MyDrive/Waste_Classification_FINAL/data/processed/stage4_standardized/Recyclable/plastic_bottles/1574672891_p_5170256_1028237.png,Recyclable,test,plastic_bottles,3,VALID
Hazardous/e-waste/compact-fluorescent-light-bulb-vector-3890 - Copy.jpg,/content/drive/MyDrive/Waste_Classification_FINAL/data/processed/stage4_standardized/Hazardous/e-waste/compact-fluorescent-light-bulb-vector-3890 - Copy.png,Hazardous,test,e-waste,0,VALID
Non-Recyclable/ceramic_product/WDPRGPFC001b-Waste-Broken-Glass-n-Ceramic-Pieces-design.jpg,/content/drive/MyDrive/Waste_Classification_FINAL/data/processed/stage4_standardized/Non-Recyclable/ceramic_product/WDPRGPFC001b-Waste-Broken-Glass-n-Ceramic-Pieces-design.png,Non-Recyclable,test,ceramic_product,1,VALID
Recyclable/cans_all_type/empty-tin-cans-8572637.jpg,/content/drive/MyDrive/Waste_Classification_FINAL/data/processed/stage4_standardized/Recyclable/cans_all_type/empty-tin-cans-8572637.png,Recyclable,test,cans_all_type,3,VALID
Organic/kitchen_waste/vermicomposting-1536x1028-1.jpg,/content/drive/MyDrive/Waste_Classification_FINAL/data/processed/stage4_standardized/Organic/kitchen_waste/vermicomposting-1536x1028-1.png,Organic,test,kitchen_waste,2,VALID
Organic/yard_trimmings/yard-waste-in-trash.jpg,/content/drive/MyDrive/Waste_Classification_FINAL/data/processed/stage4_standardized/Organic/yard_trimmings/yard-waste-in-trash.png,Organic,test,yard_trimmings,2,VALID
Non-Recyclable/diapers/image-asset.jpg,/content/drive/MyDrive/Waste_Classification_FINAL/data/processed/stage4_standardized/Non-Recyclable/diapers/image-asset.png,Non-Recyclable,test,diapers,1,VALID
Recyclable/cans_all_type/tin_can_collage.jpg,/content/drive/MyDrive/Waste_Classification_FINAL/data/processed/stage4_standardized/Recyclable/cans_all_type/tin_can_collage.png,Recyclable,test,cans_all_type,3,VALID
Hazardous/pesticides/n-spraying-toxic-pesticides-insecticides-corn-growing-plantation_473712-3189.jpg,/content/drive/MyDrive/Waste_Classification_FINAL/data/processed/stage4_standardized/Hazardous/pesticides/n-spraying-toxic-pesticides-insecticides-corn-growing-plantation_473712-3189.png,Hazardous,test,pesticides,0,VALID
Organic/coffee_tea_bags/ted-ground-coffee-beans-product-images-orvj6ewaogu-p602294106-1-202306100653.jpg,/content/drive/MyDrive/Waste_Classification_FINAL/data/processed/stage4_standardized/Organic/coffee_tea_bags/ted-ground-coffee-beans-product-images-orvj6ewaogu-p602294106-1-202306100653.png,Organic,test,coffee_tea_bags,2,VALID
Non-Recyclable/ceramic_product/EDII_NMUS_V_2007_289_1-001.jpg,/content/drive/MyDrive/Waste_Classification_FINAL/data/processed/stage4_standardized/Non-Recyclable/ceramic_product/EDII_NMUS_V_2007_289_1-001.png,Non-Recyclable,test,ceramic_product,1,VALID
Recyclable/paper_products/small-business-packaging-ideas.jpg,/content/drive/MyDrive/Waste_Classification_FINAL/data/processed/stage4_standardized/Recyclable/paper_products/small-business-packaging-ideas.png,Recyclable,test,paper_products,3,VALID
Non-Recyclable/diapers/disposable-diapers-in-garbage.jpg,/content/drive/MyDrive/Waste_Classification_FINAL/data/processed/stage4_standardized/Non-Recyclable/diapers/disposable-diapers-in-garbage.png,Non-Recyclable,test,diapers,1,VALID
Organic/food_scraps/top-view-trash-cooking-concept_23-2149056487.jpg,/content/drive/MyDrive/Waste_Classification_FINAL/data/processed/stage4_standardized/Organic/food_scraps/top-view-trash-cooking-concept_23-2149056487.png,Organic,test,food_scraps,2,VALID
Non-Recyclable/diapers/thumb_counties_agonise_ove5e18d060ba572.jpg,/content/drive/MyDrive/Waste_Classification_FINAL/data/processed/stage4_standardized/Non-Recyclable/diapers/thumb_counties_agonise_ove5e18d060ba572.png,Non-Recyclable,test,diapers,1,VALID
Non-Recyclable/sanitary_napkin/AdobeStock_121922416-e1568427026836.jpg,/content/drive/MyDrive/Waste_Classification_FINAL/data/processed/stage4_standardized/Non-Recyclable/sanitary_napkin/AdobeStock_121922416-e1568427026836.png,Non-Recyclable,test,sanitary_napkin,1,VALID
Non-Recyclable/plastics_bags_wrappers/310c3010-b798-41cc-adde-005ca83df37b.jpg,/content/drive/MyDrive/Waste_Classification_FINAL/data/processed/stage4_standardized/Non-Recyclable/plastics_bags_wrappers/310c3010-b798-41cc-adde-005ca83df37b.png,Non-Recyclable,test,plastics_bags_wrappers,1,AUTO_CORRECTED
Non-Recyclable/ceramic_product/c7c78ff954653f5d1aa71fc29f6ed604.jpg,/content/drive/MyDrive/Waste_Classification_FINAL/data/processed/stage4_standardized/Non-Recyclable/ceramic_product/c7c78ff954653f5d1aa71fc29f6ed604.png,Non-Recyclable,test,ceramic_product,1,VALID
Recyclable/plastic_bottles/1600x960_205472-untitled-design-2021-10-26t214840301.jpg,/content/drive/MyDrive/Waste_Classification_FINAL/data/processed/stage4_standardized/Recyclable/plastic_bottles/1600x960_205472-untitled-design-2021-10-26t214840301.png,Recyclable,test,plastic_bottles,3,VALID
Hazardous/paints/paint-waste-disposal-e1652382599202.jpg,/content/drive/MyDrive/Waste_Classification_FINAL/data/processed/stage4_standardized/Hazardous/paints/paint-waste-disposal-e1652382599202.png,Hazardous,test,paints,0,VALID
Organic/yard_trimmings/leaves-branches-clippings-and-yard-waste-in-clear-bags-and-blue-barrels-BAJ6R7.jpg,/content/drive/MyDrive/Waste_Classification_FINAL/data/processed/stage4_standardized/Organic/yard_trimmings/leaves-branches-clippings-and-yard-waste-in-clear-bags-and-blue-barrels-BAJ6R7.png,Organic,test,yard_trimmings,2,VALID
Hazardous/paints/32242531531_03d057a31c_o.jpg,/content/drive/MyDrive/Waste_Classification_FINAL/data/processed/stage4_standardized/Hazardous/paints/32242531531_03d057a31c_o.png,Hazardous,test,paints,0,VALID
Hazardous/paints/paintcans_Depositphotos_20131433_s-2019.jpg,/content/drive/MyDrive/Waste_Classification_FINAL/data/processed/stage4_standardized/Hazardous/paints/paintcans_Depositphotos_20131433_s-2019.png,Hazardous,test,paints,0,VALID
Non-Recyclable/ceramic_product/f81b7221c3c8ec31c91a739838b342e1--mosaic-tray-mosaic-tables.jpg,/content/drive/MyDrive/Waste_Classification_FINAL/data/processed/stage4_standardized/Non-Recyclable/ceramic_product/f81b7221c3c8ec31c91a739838b342e1--mosaic-tray-mosaic-tables.png,Non-Recyclable,test,ceramic_product,1,VALID
Organic/yard_trimmings/grass-clippings.jpg.jpg,/content/drive/MyDrive/Waste_Classification_FINAL/data/processed/stage4_standardized/Organic/yard_trimmings/grass-clippings.jpg.png,Organic,test,yard_trimmings,2,VALID
Recyclable/glass_containers/100ml-clear-acrylic-jar-cap-with-foam-liner-plastic-jars-314.jpg,/content/drive/MyDrive/Waste_Classification_FINAL/data/processed/stage4_standardized/Recyclable/glass_containers/100ml-clear-acrylic-jar-cap-with-foam-liner-plastic-jars-314.png,Recyclable,test,glass_containers,3,VALID
Organic/yard_trimmings/grass-clippings-as-mulch_featured.jpg,/content/drive/MyDrive/Waste_Classification_FINAL/data/processed/stage4_standardized/Organic/yard_trimmings/grass-clippings-as-mulch_featured.png,Organic,test,yard_trimmings,2,VALID
Non-Recyclable/ceramic_product/Beauty-in-Broken-Things-Hero.jpg,/content/drive/MyDrive/Waste_Classification_FINAL/data/processed/stage4_standardized/Non-Recyclable/ceramic_product/Beauty-in-Broken-Things-Hero.png,Non-Recyclable,test,ceramic_product,1,VALID
Hazardous/batteries/batteries-05-00068-g001.jpg,/content/drive/MyDrive/Waste_Classification_FINAL/data/processed/stage4_standardized/Hazardous/batteries/batteries-05-00068-g001.png,Hazardous,test,batteries,0,VALID
