relative_path,filename,class,phash,phash_int
Hazardous/Hazardous/batteries/1-s2.0-S0892687521004477-ga1.jpg,1-s2.0-S0892687521004477-ga1.jpg,Hazardous,cf8f1e922955a2f0,14956206500628243184
Hazardous/Hazardous/batteries/1-s2.0-S2405829720304827-fx1.jpg,1-s2.0-S2405829720304827-fx1.jpg,Hazardous,ef33ace0f00e82e6,17236310280977154790
Hazardous/Hazardous/batteries/1-s2.0-S2666016421000268-ga1.jpg,1-s2.0-S2666016421000268-ga1.jpg,Hazardous,f1f9b606a52dca06,17436167571998886406
Hazardous/Hazardous/batteries/12209_2020_236_Fig1_HTML.png,12209_2020_236_Fig1_HTML.png,Hazardous,ecd2aaa3837c7071,17064889557322592369
Hazardous/Hazardous/batteries/12209_2020_236_Fig2_HTML.png,12209_2020_236_Fig2_HTML.png,Hazardous,eaef48999700af62,16928829348809584482
Hazardous/Hazardous/batteries/18650Cell.jpg,18650Cell.jpg,Hazardous,b01bcf648f313999,12689964405852551577
Hazardous/Hazardous/batteries/19.13.jpg,19.13.jpg,Hazardous,8b0fdcf07356c826,10020470621207971878
Hazardous/Hazardous/batteries/1_Picture7.png,1_Picture7.png,Hazardous,eca5c17e96899691,17052248313543890577
Hazardous/Hazardous/batteries/40422.MN2400B8.jpg,40422.MN2400B8.jpg,Hazardous,9cec4b8fa92b2133,11307495844811055411
Hazardous/Hazardous/batteries/41560_2019_368_Fig1_HTML.png,41560_2019_368_Fig1_HTML.png,Hazardous,bce13cd2c2c38d1d,13610226424798743837
Hazardous/Hazardous/batteries/41586_2019_1682_Fig1_HTML.png,41586_2019_1682_Fig1_HTML.png,Hazardous,ef0d980e1717629d,17225591336046387869
Hazardous/Hazardous/batteries/41598_2013_Article_BFsrep01946_Fig1_HTML.jpg,41598_2013_Article_BFsrep01946_Fig1_HTML.jpg,Hazardous,8c70fba724e72534,10119865057998742836
Hazardous/Hazardous/batteries/800px-Alkali_battery_5.jpg,800px-Alkali_battery_5.jpg,Hazardous,9e83e16ca5b35a89,11422220936694422153
Hazardous/Hazardous/batteries/AA_matchstick-1.jpg,AA_matchstick-1.jpg,Hazardous,b1398c4e4ba54eb3,12770392486290214579
Hazardous/Hazardous/batteries/AMP-17_61f252bb2428a.jpg,AMP-17_61f252bb2428a.jpg,Hazardous,b24136bcde497a25,12844607797048474149
Hazardous/Hazardous/batteries/AdobeStock_58870390.jpeg,AdobeStock_58870390.jpeg,Hazardous,eb64c1c39d1a9c39,16961895142482680889
Hazardous/Hazardous/batteries/Alkaline-Batteries-What-Battery-Suppliers-Consider-Their-Advantages--e1538514638890.jpg,Alkaline-Batteries-What-Battery-Suppliers-Consider-Their-Advantages--e1538514638890.jpg,Hazardous,d7c6c89936c8c936,15548335323917895990
Hazardous/Hazardous/batteries/Alkaline-Battery-vs-Lithium-Battery.jpg,Alkaline-Battery-vs-Lithium-Battery.jpg,Hazardous,b726741dc8759721,13197363429321840417
Hazardous/Hazardous/batteries/Alkaline-batteries.jpg,Alkaline-batteries.jpg,Hazardous,9ea1e82cb3d281d7,11430672607936152023
Hazardous/Hazardous/batteries/Alkaline-vs.-Lithium-Batteries.png,Alkaline-vs.-Lithium-Batteries.png,Hazardous,c631491da4b7e9b4,14281276285034949044
Hazardous/Hazardous/batteries/Batteries-.jpg,Batteries-.jpg,Hazardous,bec0d33e6cc133d0,13745218327800787920
Hazardous/Hazardous/batteries/Batteries3.jpg,Batteries3.jpg,Hazardous,cbc93466cbd9c186,14684325676129567110
Hazardous/Hazardous/batteries/Batteries_-Lithium-Ion-Battery-and-Lithium-Polymer-Battery-Explained.png,Batteries_-Lithium-Ion-Battery-and-Lithium-Polymer-Battery-Explained.png,Hazardous,d27c01037cfedb44,15166998759570594628
Hazardous/Hazardous/batteries/Cutaway-view-dioxide-power-cell.jpg,Cutaway-view-dioxide-power-cell.jpg,Hazardous,e72798669a628a37,16656449313297304119
Hazardous/Hazardous/batteries/Difference-Between-Alkaline-and-Lithium-Batteries-Tabular-Form.jpg,Difference-Between-Alkaline-and-Lithium-Batteries-Tabular-Form.jpg,Hazardous,b48f8d838f1e1473,13010773444677997683
Hazardous/Hazardous/batteries/Different-Types-of-Batteries.jpg,Different-Types-of-Batteries.jpg,Hazardous,da52e5a588e1a537,15731888947487417655
Hazardous/Hazardous/batteries/EDR-2.jpg,EDR-2.jpg,Hazardous,cc12a486b96dcbe6,14704996631861644262
Hazardous/Hazardous/batteries/EG-BA-LR20-01_hires_photo---dea0b151-d0a5-4bac-9036-259aa2110a20.JPG.jpg,EG-BA-LR20-01_hires_photo---dea0b151-d0a5-4bac-9036-259aa2110a20.JPG.jpg,Hazardous,f893876c78963853,17911809042931923027
Hazardous/Hazardous/batteries/Eneloop_6420.jpg,Eneloop_6420.jpg,Hazardous,a7d22d8bf024cf34,12092778028495851316
Hazardous/Hazardous/batteries/Intro-to-batteries-featured.jpg,Intro-to-batteries-featured.jpg,Hazardous,edd292e56c643293,17136921046161830547
Hazardous/Hazardous/batteries/Li-Batteries-for-Disposal-or-Recycling-1024x575.png,Li-Batteries-for-Disposal-or-Recycling-1024x575.png,Hazardous,cd56c1cd92299e35,14796226714437000757
Hazardous/Hazardous/batteries/Life-cycle-inventory-of-Li-ion-battery-Ecoinvent-30-Battery-Li-ion-rechargeable.png,Life-cycle-inventory-of-Li-ion-battery-Ecoinvent-30-Battery-Li-ion-rechargeable.png,Hazardous,8e38e7087919e747,10248194975659059015
Hazardous/Hazardous/batteries/Lithium-Batteries-vs-Alkaline-Batteries.jpg,Lithium-Batteries-vs-Alkaline-Batteries.jpg,Hazardous,ba4a94b56dc79449,13423705146282972233
Hazardous/Hazardous/batteries/Lithium-Batteries.jpg,Lithium-Batteries.jpg,Hazardous,9e38c1e366959c1e,11401075639111228446
Hazardous/Hazardous/batteries/Lithium-ion-lithium-polymer-superhero-battery-blog-cover-image.jpg,Lithium-ion-lithium-polymer-superhero-battery-blog-cover-image.jpg,Hazardous,c83077e71f1944dc,14425161441010599132
Hazardous/Hazardous/batteries/Lithium-ion_battery.jpg,Lithium-ion_battery.jpg,Hazardous,efcb901416aebb21,17279062811291335457
Hazardous/Hazardous/batteries/Lithium20batttery20pic.jpg,Lithium20batttery20pic.jpg,Hazardous,ebcfd830a544348f,16992037622534911119
Hazardous/Hazardous/batteries/Lithium_battery_terminal_image_EN.jpg,Lithium_battery_terminal_image_EN.jpg,Hazardous,fc3964668b4e390d,18174668162816948493
Hazardous/Hazardous/batteries/NAWMA-Safe-Battery-Recycling-content.jpg,NAWMA-Safe-Battery-Recycling-content.jpg,Hazardous,e71cd129ac439b63,16653415499023227747
Hazardous/Hazardous/batteries/Nokia_Battery.jpg,Nokia_Battery.jpg,Hazardous,c3983f4b70e5e506,14094084627105178886
Hazardous/Hazardous/batteries/Photo-collage-of-different-types-of-batteries-12022022.jpg.webp,Photo-collage-of-different-types-of-batteries-12022022.jpg.webp,Hazardous,b94cc3a1b6e31c93,13352262094572166291
Hazardous/Hazardous/batteries/Primary-battery-types.png,Primary-battery-types.png,Hazardous,fe0ed85aa5a1c0b6,18306807419145142454
Hazardous/Hazardous/batteries/Screen-Shot-2021-07-20-at-10.37.08-AM.png,Screen-Shot-2021-07-20-at-10.37.08-AM.png,Hazardous,aad4d5d5d53a2a41,12309698795892517441
Hazardous/Hazardous/batteries/The_ultimate_comparative_analysis_of_carbon_zinc_battery_vs_alkaline_800x.jpg,The_ultimate_comparative_analysis_of_carbon_zinc_battery_vs_alkaline_800x.jpg,Hazardous,9e40feb14415d9cb,11403394293807045067
Hazardous/Hazardous/batteries/Types-of-Batteries-1.jpg,Types-of-Batteries-1.jpg,Hazardous,fa9f2c60855b5299,18059201823844815513
Hazardous/Hazardous/batteries/Types-of-Batteries-Featured-Image.jpg,Types-of-Batteries-Featured-Image.jpg,Hazardous,eca9959451b2d366,17053325928273466214
Hazardous/Hazardous/batteries/Types-of-Batteries.jpg,Types-of-Batteries.jpg,Hazardous,db8ba4349e5a69a1,15819918661970979233
Hazardous/Hazardous/batteries/Types-of-BatteriesPrimary-and-Secondary.jpg,Types-of-BatteriesPrimary-and-Secondary.jpg,Hazardous,82fef8c9fd0407a2,9439255415432152994
Hazardous/Hazardous/batteries/Types-of-rechargeable-batteries-.jpg,Types-of-rechargeable-batteries-.jpg,Hazardous,e872936995972d25,16749612045834857765
Hazardous/Hazardous/batteries/TypesofBatteries.jpg,TypesofBatteries.jpg,Hazardous,e896937dc268956a,16759745231647708522
Hazardous/Hazardous/batteries/What_Batteries_are_Best_for_Flashlights_2991x.jpg,What_Batteries_are_Best_for_Flashlights_2991x.jpg,Hazardous,d22dc0d23f2989f6,15144973131152198134
Hazardous/Hazardous/batteries/aenm202102917-fig-0006-m.jpg,aenm202102917-fig-0006-m.jpg,Hazardous,baf6e5181ac3293c,13472207227016390972
Hazardous/Hazardous/batteries/alkaline-batteries-for-recyling.jpg,alkaline-batteries-for-recyling.jpg,Hazardous,b9270cd2ed81bd26,13341646521175751974
Hazardous/Hazardous/batteries/alkaline-battery_en.jpg,alkaline-battery_en.jpg,Hazardous,af5a9535e08596f0,12635575763174004464
Hazardous/Hazardous/batteries/alkaline-zinc-carbon.jpg,alkaline-zinc-carbon.jpg,Hazardous,be9cc34b9d63c124,13735067693103694116
Hazardous/Hazardous/batteries/basic-lithium-ion-battery-5-2_en.png,basic-lithium-ion-battery-5-2_en.png,Hazardous,fa67858707783c85,18043537247075581061
Hazardous/Hazardous/batteries/batterien_seen_fotolia_26510842_m.jpg,batterien_seen_fotolia_26510842_m.jpg,Hazardous,e5aac4963c33da8a,16549255930260478602
Hazardous/Hazardous/batteries/batteries-04-00007-g002.png,batteries-04-00007-g002.png,Hazardous,d2b9adc4b7802bd4,15184358679060163540
Hazardous/Hazardous/batteries/batteries-05-00068-g001.png,batteries-05-00068-g001.png,Hazardous,e1cc6c6359e6641b,16270498727748592667
Hazardous/Hazardous/batteries/batteries-scaled.jpg,batteries-scaled.jpg,Hazardous,816661b1cf1b4b6e,9324247494828968814
Hazardous/Hazardous/batteries/batteries2.jpg,batteries2.jpg,Hazardous,c3f80fd1a6f7402c,14121054024743993388
Hazardous/Hazardous/batteries/batteries20in20a20pile20WEEE.jpeg,batteries20in20a20pile20WEEE.jpeg,Hazardous,a266aa97271da1ce,11702228247941849550
Hazardous/Hazardous/batteries/batteries_as_hero.jpg,batteries_as_hero.jpg,Hazardous,da5ba5b0cc709366,15734351901911716710
Hazardous/Hazardous/batteries/battery-directive-european-union.jpg,battery-directive-european-union.jpg,Hazardous,fadd85ce9528d821,18076751601647278113
Hazardous/Hazardous/batteries/battery-recycling.jpg,battery-recycling.jpg,Hazardous,ba4bc3a4471e86e9,13424038224643131113
Hazardous/Hazardous/batteries/battery-recycling2.jpg,battery-recycling2.jpg,Hazardous,8ad1263b0fd2ed92,10002818282476989842
Hazardous/Hazardous/batteries/battery-types-and-sizes.jpg.webp,battery-types-and-sizes.jpg.webp,Hazardous,8e6a0e96f338e18d,10262030742405570957
Hazardous/Hazardous/batteries/battery_recycling.jpg,battery_recycling.jpg,Hazardous,ce21387c694fe263,14853215153038549603
Hazardous/Hazardous/batteries/battery_sizing.jpg,battery_sizing.jpg,Hazardous,daca85b485a272dd,15765560455946466013
Hazardous/Hazardous/batteries/bu-social.jpg,bu-social.jpg,Hazardous,da8c6f7097926a46,15748084526377757254
Hazardous/Hazardous/batteries/carbon-zinc-battery-vs-alkaline.jpg,carbon-zinc-battery-vs-alkaline.jpg,Hazardous,9bc7e1e01e5a23a5,11225188948942398373
Hazardous/Hazardous/batteries/collected-to-take-to-be-recycled-rather-than-be-dumped-into-landfill-2GDCM0M.jpg,collected-to-take-to-be-recycled-rather-than-be-dumped-into-landfill-2GDCM0M.jpg,Hazardous,b9fb309074f70b84,13401358513166814084
Hazardous/Hazardous/batteries/common-alkaline-battery-sizes.jpg,common-alkaline-battery-sizes.jpg,Hazardous,8a74015ae59af13f,9976600564443312447
Hazardous/Hazardous/batteries/creens-LCD-iPhone-panels-laptop-collected-for-disposal-in-plastic-containers.png,creens-LCD-iPhone-panels-laptop-collected-for-disposal-in-plastic-containers.png,Hazardous,9a9be06c66688afa,11140744859410270970
Hazardous/Hazardous/batteries/d1ma00216c-f4_hi-res.gif,d1ma00216c-f4_hi-res.gif,Hazardous,83a49e717534f5a2,9485880925284005282
Hazardous/Hazardous/batteries/d1ma00216c-f6_hi-res.gif,d1ma00216c-f6_hi-res.gif,Hazardous,afe8b012f26d0f1a,12675574746657394458
Hazardous/Hazardous/batteries/ef1c02489_0011.jpeg,ef1c02489_0011.jpeg,Hazardous,ae60f19de10f2867,12565308620751710311
Hazardous/Hazardous/batteries/energizer-cold-weather-lithium-aa-battery.jpg,energizer-cold-weather-lithium-aa-battery.jpg,Hazardous,b0c7cf3874c73930,12738377912425068848
Hazardous/Hazardous/batteries/fenrg-08-571440-g001.jpg,fenrg-08-571440-g001.jpg,Hazardous,9b02a5e480afeb5b,11169672426662390619
Hazardous/Hazardous/batteries/file-20201020-17-1x28u8s.jpg,file-20201020-17-1x28u8s.jpg,Hazardous,ba95c01ac562cf6b,13444863483797753707
Hazardous/Hazardous/batteries/image-2-716x1024.png,image-2-716x1024.png,Hazardous,abbe971135a0173a,12375494926230624058
Hazardous/Hazardous/batteries/imageqz6zbg.png,imageqz6zbg.png,Hazardous,b99f963c64c2c3c2,13375574604446352322
Hazardous/Hazardous/batteries/imagescxsuu.png,imagescxsuu.png,Hazardous,ee4f95b1d89560d0,17172108495262408912
Hazardous/Hazardous/batteries/inf212000-fig-0001-m.jpg,inf212000-fig-0001-m.jpg,Hazardous,a78db870f064279b,12073508971259111323
Hazardous/Hazardous/batteries/inf212000-fig-0004-m.jpg,inf212000-fig-0004-m.jpg,Hazardous,eaef48999700bf60,16928829348809588576
Hazardous/Hazardous/batteries/know-what-type-of-battery-to-use-in-equipment2.jpg,know-what-type-of-battery-to-use-in-equipment2.jpg,Hazardous,eb8fb2c8841bce62,16973982094862306914
Hazardous/Hazardous/batteries/lifecycleimagebatteries.png,lifecycleimagebatteries.png,Hazardous,eb0985b9d2da90d6,16936214906856444118
Hazardous/Hazardous/batteries/lithium-ion-aa-batteries.jpg,lithium-ion-aa-batteries.jpg,Hazardous,ae7fc583f880c11e,12573985855242289438
Hazardous/Hazardous/batteries/lithium-ion-batteries3.png,lithium-ion-batteries3.png,Hazardous,eb60b11b9c86ce9c,16960750928825601692
Hazardous/Hazardous/batteries/lithium-ion-watt-hours-highlighted.jpg,lithium-ion-watt-hours-highlighted.jpg,Hazardous,e85acbe5b69b0885,16742918752174803077
Hazardous/Hazardous/batteries/lithium-vs-alkaline-batteries-where-the-differences-and-which-is-better.jpg,lithium-vs-alkaline-batteries-where-the-differences-and-which-is-better.jpg,Hazardous,8fe6e0784f8790f0,10369221999402127600
Hazardous/Hazardous/batteries/lithium-vs-alkaline-batteries.png,lithium-vs-alkaline-batteries.png,Hazardous,db75704d4952273c,15813669143826278204
Hazardous/Hazardous/batteries/machinedesign_7204_pulse_plus_batteries_promo_0.png,machinedesign_7204_pulse_plus_batteries_promo_0.png,Hazardous,bbb1d00e2ef45a0d,13524819915306195469
Hazardous/Hazardous/batteries/maxresdefault.jpg,maxresdefault.jpg,Hazardous,909fe56aa4915ad5,10421300308948900565
Hazardous/Hazardous/batteries/non-rechargeable-batteries-product-image_0.png,non-rechargeable-batteries-product-image_0.png,Hazardous,b3e5cc1a32b163e4,12962991515347543012
Hazardous/Hazardous/batteries/photo_news_lithium_batteries_1100x500_NEW.jpg,photo_news_lithium_batteries_1100x500_NEW.jpg,Hazardous,d257ad856a2a85da,15156773859462120922
Hazardous/Hazardous/batteries/power-one-c-size-1-5v-battery-pack-of-2--500x500.jpg,power-one-c-size-1-5v-battery-pack-of-2--500x500.jpg,Hazardous,949b0cb69b796466,10708166517435491430
Hazardous/Hazardous/batteries/poweron-longlife-power-9v-mrp-265.jpg,poweron-longlife-power-9v-mrp-265.jpg,Hazardous,ec46913d99c93791,17025455135079872401
Hazardous/Hazardous/batteries/rechargeable-battery-2048px-5925.jpg,rechargeable-battery-2048px-5925.jpg,Hazardous,9ecc613236cbc566,11442627621537170790
Hazardous/Hazardous/batteries/rechargeable-battery-2048px-5939.jpg,rechargeable-battery-2048px-5939.jpg,Hazardous,8cc0f33f0cd0d72e,10142373812961859374
Hazardous/Hazardous/batteries/rechargeable-battery-2048px-5963-2x1-1.jpg,rechargeable-battery-2048px-5963-2x1-1.jpg,Hazardous,ccd83327c9d854cb,14760604024689939659
Hazardous/Hazardous/batteries/sc0c04940_0022.gif,sc0c04940_0022.gif,Hazardous,ae94e0cb933e0e4b,12579926824105938507
Hazardous/Hazardous/batteries/sciadv.abm2422-f1.jpg,sciadv.abm2422-f1.jpg,Hazardous,e858e2b78f0e19e8,16742380892756777448
Hazardous/Hazardous/batteries/smtd202000039-fig-0001-m.jpg,smtd202000039-fig-0001-m.jpg,Hazardous,a3f1950ee8973466,11813387188833825894
Hazardous/Hazardous/batteries/spent-batteries-CNBG3H.jpg,spent-batteries-CNBG3H.jpg,Hazardous,dde96185129d7994,15990419176126511508
Hazardous/Hazardous/batteries/suschem-02-00011-g001.png,suschem-02-00011-g001.png,Hazardous,fbc48c3b856b5a48,18141779386224564808
Hazardous/Hazardous/batteries/technology-0-1.jpg,technology-0-1.jpg,Hazardous,b14e3c6c335c4e39,12776215628312497721
Hazardous/Hazardous/batteries/thehistoryan.jpg,thehistoryan.jpg,Hazardous,8ce24725ca9fb62a,10151754737685345834
Hazardous/Hazardous/batteries/typical-lithium-ion-battery.png,typical-lithium-ion-battery.png,Hazardous,9cf2e33ee21e1c88,11309351473501838472
Hazardous/Hazardous/batteries/un3480.png,un3480.png,Hazardous,bc3cc4d363c2932d,13563932589923930925
Hazardous/Hazardous/batteries/using-alkaline-batteries-in-your-application.jpg,using-alkaline-batteries-in-your-application.jpg,Hazardous,be89f0f1549c32e8,13729769858312975080
Hazardous/Hazardous/batteries/van_dragt_102517_0032_how_to_choose_batteries.jpg,van_dragt_102517_0032_how_to_choose_batteries.jpg,Hazardous,a5a4f57f9911910b,11935934840816374027
Hazardous/Hazardous/batteries/what-is-a-lithium-ion-battery-what-are-the-types-of-lithium-ion-battery-chemistries.webp,what-is-a-lithium-ion-battery-what-are-the-types-of-lithium-ion-battery-chemistries.webp,Hazardous,9984bb8e72ca21f9,11062172805214380537
Hazardous/Hazardous/e-waste/-1x-1 - Copy.jpg,-1x-1 - Copy.jpg,Hazardous,c91836c76336d9c3,14490392031055501763
Hazardous/Hazardous/e-waste/-august-heap-of-broken-smartphone-screen-e-waste-electronic-waste-1100705909 - Copy.jpg,-august-heap-of-broken-smartphone-screen-e-waste-electronic-waste-1100705909 - Copy.jpg,Hazardous,a15b22a15bbe7583,11626924939411355011
Hazardous/Hazardous/e-waste/-garbage-sorting-eco-friendly-sign-for-web-page-app-ui-ux-gui-design-2CPCA8A - Copy.jpg,-garbage-sorting-eco-friendly-sign-for-web-page-app-ui-ux-gui-design-2CPCA8A - Copy.jpg,Hazardous,cb8c26b04cf375ca,14667140625085986250
Hazardous/Hazardous/e-waste/-mixed-electronic-waste-old-broken-computer-parts-and-cell-phones-1545599141 - Copy.jpg,-mixed-electronic-waste-old-broken-computer-parts-and-cell-phones-1545599141 - Copy.jpg,Hazardous,f3bfe8e0c1814a55,17564013123785017941
Hazardous/Hazardous/e-waste/0.40042800_1555498967_e-waste2 - Copy.jpg,0.40042800_1555498967_e-waste2 - Copy.jpg,Hazardous,8d95c2fc2843a39f,10202274919140795295
Hazardous/Hazardous/e-waste/01-e-waste-millions-tons - Copy.jpg,01-e-waste-millions-tons - Copy.jpg,Hazardous,ab5d162f5434c39c,12348050145851786140
Hazardous/Hazardous/e-waste/01-e-waste-millions-tons_square - Copy.jpg,01-e-waste-millions-tons_square - Copy.jpg,Hazardous,b4cc04554c2ff1af,13027792586472944047
Hazardous/Hazardous/e-waste/02bulb-web2-1454343899851-superJumbo - Copy.jpg,02bulb-web2-1454343899851-superJumbo - Copy.jpg,Hazardous,ce3639c930cd33cc,14859127556825494476
Hazardous/Hazardous/e-waste/04801E3UVtxDTDY9ek1ovu0-3..v1618408208 - Copy.jpg,04801E3UVtxDTDY9ek1ovu0-3..v1618408208 - Copy.jpg,Hazardous,de6895ea5809e43e,16026224107729839166
Hazardous/Hazardous/e-waste/09109-scicon-lightbulbcxd - Copy.jpg,09109-scicon-lightbulbcxd - Copy.jpg,Hazardous,bf9ce2719a658892,13807159535160625298
Hazardous/Hazardous/e-waste/1-compact-fluorescent-bird-lamp-full-spectrum-lighting-bulb-2-4-original-imag9836wgsrnaev - Copy.jpeg,1-compact-fluorescent-bird-lamp-full-spectrum-lighting-bulb-2-4-original-imag9836wgsrnaev - Copy.jpeg,Hazardous,abe88f308d19629f,12387308213771002527
Hazardous/Hazardous/e-waste/1-s2.0-S2352186421006970-gr4 - Copy.jpg,1-s2.0-S2352186421006970-gr4 - Copy.jpg,Hazardous,ca89e31d0ef1d199,14594445781415088537
Hazardous/Hazardous/e-waste/1000_F_137113944_B7B2w62hhwjr7dWy8R5nYwwlHIwCRu6S - Copy.jpg,1000_F_137113944_B7B2w62hhwjr7dWy8R5nYwwlHIwCRu6S - Copy.jpg,Hazardous,a2dd82df9922dd22,11735680100855897378
Hazardous/Hazardous/e-waste/1200px-Energiesparlampe_01_retouched - Copy.jpg,1200px-Energiesparlampe_01_retouched - Copy.jpg,Hazardous,d21e69e01e32fc99,15140655408566434969
Hazardous/Hazardous/e-waste/1200px-Ewaste-pile - Copy.jpg,1200px-Ewaste-pile - Copy.jpg,Hazardous,c29e6f632c5d7821,14023768761415071777
Hazardous/Hazardous/e-waste/1200px-Handy_schrott_mobile_phone_scrap - Copy.jpg,1200px-Handy_schrott_mobile_phone_scrap - Copy.jpg,Hazardous,b7065907e69764b2,13188326449269400754
Hazardous/Hazardous/e-waste/129249_iStock-636655004---Hero - Copy.jpg,129249_iStock-636655004---Hero - Copy.jpg,Hazardous,b3740e59648f276a,12930976207189518186
Hazardous/Hazardous/e-waste/1464951746_U1GPlR_e-waste-IndiaBLO-870 - Copy.jpg,1464951746_U1GPlR_e-waste-IndiaBLO-870 - Copy.jpg,Hazardous,9c1e6d66732ce621,11249549206004491809
Hazardous/Hazardous/e-waste/1507096064_kRvRf8_e-waste - Copy.jpg,1507096064_kRvRf8_e-waste - Copy.jpg,Hazardous,c07605ea5de35356,13868278606689686358
Hazardous/Hazardous/e-waste/1521042165621 - Copy.jpg,1521042165621 - Copy.jpg,Hazardous,e9cfc8bc214674cc,16847905441353987276
Hazardous/Hazardous/e-waste/156050-wrdgfxdtvg-1615456453 - Copy.jpg,156050-wrdgfxdtvg-1615456453 - Copy.jpg,Hazardous,db2d124c26b39e66,15793299586534317670
Hazardous/Hazardous/e-waste/17175 - Copy.jpeg,17175 - Copy.jpeg,Hazardous,b865c392a58d916f,13287241310236676463
Hazardous/Hazardous/e-waste/2020_8largeimg_799107359 - Copy.jpg,2020_8largeimg_799107359 - Copy.jpg,Hazardous,b0b3c62e9ec1c33c,12732738475040817980
Hazardous/Hazardous/e-waste/2050_E-Waste_Asian_Outlook_Web_title - Copy.jpg,2050_E-Waste_Asian_Outlook_Web_title - Copy.jpg,Hazardous,f48b9979e6129946,17621346715847268678
Hazardous/Hazardous/e-waste/20_20130315 - Copy.jpg,20_20130315 - Copy.jpg,Hazardous,bcc39c4343b1d95a,13601887112301500762
Hazardous/Hazardous/e-waste/20f1f392-6d51-4fdb-a0a1-b6e0e837a57b.bc4be531fe04703066c45a302f6d7c0e - Copy.jpeg,20f1f392-6d51-4fdb-a0a1-b6e0e837a57b.bc4be531fe04703066c45a302f6d7c0e - Copy.jpeg,Hazardous,fac6b5b7884983b0,18070330354740855728
Hazardous/Hazardous/e-waste/25896 - Copy.jpg,25896 - Copy.jpg,Hazardous,edd3922c449567aa,17137201725901727658
Hazardous/Hazardous/e-waste/3283392878_d023c2ef93 - Copy.jpg,3283392878_d023c2ef93 - Copy.jpg,Hazardous,97696a666d949196,10910368560439398806
Hazardous/Hazardous/e-waste/341a4407444002d51dff14946e857c65 - Copy.jpg,341a4407444002d51dff14946e857c65 - Copy.jpg,Hazardous,b31435678d93bb09,12903997551196486409
Hazardous/Hazardous/e-waste/47-e-waste-a-growing-concern - Copy.jpg,47-e-waste-a-growing-concern - Copy.jpg,Hazardous,b22fddfb1811c381,12839725133166920577
Hazardous/Hazardous/e-waste/516ee9d3b98a42557dc49476674823f0--e-waste-recycling-recycling-programs - Copy.jpg,516ee9d3b98a42557dc49476674823f0--e-waste-recycling-recycling-programs - Copy.jpg,Hazardous,ee81917ac436bcc9,17186177609486482633
Hazardous/Hazardous/e-waste/5927e3e4f1744da1ce90e7a09c175334 - Copy.jpg,5927e3e4f1744da1ce90e7a09c175334 - Copy.jpg,Hazardous,98fb69ccb3464435,11023520840821392437
Hazardous/Hazardous/e-waste/5g-internet-race-huawei-04 - Copy.jpg,5g-internet-race-huawei-04 - Copy.jpg,Hazardous,ad5a2589aed9f02c,12491337789739757612
Hazardous/Hazardous/e-waste/615c6bf230f40d9decf916ae97e192681b20e27238a8ae30ccbab09630fd0a53 - Copy.jpg,615c6bf230f40d9decf916ae97e192681b20e27238a8ae30ccbab09630fd0a53 - Copy.jpg,Hazardous,ef8d494e98427a35,17261533548691749429
Hazardous/Hazardous/e-waste/6184AcGb9XL - Copy.jpg,6184AcGb9XL - Copy.jpg,Hazardous,bf68e083c687949e,13792520715398255774
Hazardous/Hazardous/e-waste/61DVdFF9f-L - Copy.jpg,61DVdFF9f-L - Copy.jpg,Hazardous,bec09e13e00fa6bc,13745159870935443132
Hazardous/Hazardous/e-waste/634ec7fb55fe19788b75085f-18-watt-cfl-light-bulbs-4-pin-g24q-2 - Copy.jpg,634ec7fb55fe19788b75085f-18-watt-cfl-light-bulbs-4-pin-g24q-2 - Copy.jpg,Hazardous,da00d4dfc425c4f7,15708789557801895159
Hazardous/Hazardous/e-waste/640339-50P_PRO - Copy.jpg,640339-50P_PRO - Copy.jpg,Hazardous,af42607ee1bc9c61,12628762403169672289
Hazardous/Hazardous/e-waste/65481011 - Copy.jpg,65481011 - Copy.jpg,Hazardous,a9d22ed529d82597,12236894630584001943
Hazardous/Hazardous/e-waste/66016104-inefficient-tungsten-light-bulbs-discarded-in-a-trash-can-green-eco-concept - Copy.jpg,66016104-inefficient-tungsten-light-bulbs-discarded-in-a-trash-can-green-eco-concept - Copy.jpg,Hazardous,8ac355ad67946a93,9998929800948116115
Hazardous/Hazardous/e-waste/694898-electronic-waste-thinkstock - Copy.jpg,694898-electronic-waste-thinkstock - Copy.jpg,Hazardous,b4c7968cc9cd9839,13026545978617731129
Hazardous/Hazardous/e-waste/6ft-Fluorescent-Box-Gallery-Image-1 - Copy.jpg,6ft-Fluorescent-Box-Gallery-Image-1 - Copy.jpg,Hazardous,ea95956a379d6023,16903581059837157411
Hazardous/Hazardous/e-waste/74409247-old-cellphones-and-battery-electronic-waste-concept - Copy.jpg,74409247-old-cellphones-and-battery-electronic-waste-concept - Copy.jpg,Hazardous,ebccb10987364e39,16991150148643343929
Hazardous/Hazardous/e-waste/7ade6617-865a-42bf-b8f8-12859169a351.a7819c077ec87ce47606d6942a125eea - Copy.jpeg,7ade6617-865a-42bf-b8f8-12859169a351.a7819c077ec87ce47606d6942a125eea - Copy.jpeg,Hazardous,ff4080c0d49f953f,18392842443870410047
Hazardous/Hazardous/e-waste/800px-Ewaste-pile - Copy.jpg,800px-Ewaste-pile - Copy.jpg,Hazardous,c29e6f632c5d7821,14023768761415071777
Hazardous/Hazardous/e-waste/8085 - Copy.jpg,8085 - Copy.jpg,Hazardous,ed6892376d989313,17107083951326401299
Hazardous/Hazardous/e-waste/85a44d0f-d9a2-37b6-93c1-1c21fed330cf - Copy.png,85a44d0f-d9a2-37b6-93c1-1c21fed330cf - Copy.png,Hazardous,9dbf25c040d0b63f,11366845492157789759
Hazardous/Hazardous/e-waste/8ft-Fluorescent-Box-Gallery-Image-1 - Copy.jpg,8ft-Fluorescent-Box-Gallery-Image-1 - Copy.jpg,Hazardous,eb968d42f1e8b603,16975911164085581315
Hazardous/Hazardous/e-waste/AdobeStock_271026267 - Copy.jpeg,AdobeStock_271026267 - Copy.jpeg,Hazardous,bf1bd064c3c9cce0,13770829416815512800
Hazardous/Hazardous/e-waste/AdobeStock_365525290 - Copy.jpg,AdobeStock_365525290 - Copy.jpg,Hazardous,e9a69699b293264b,16836309843841328715
Hazardous/Hazardous/e-waste/Alabama_CurtisPalmer - Copy.jpg,Alabama_CurtisPalmer - Copy.jpg,Hazardous,ccdf016ac9d5e609,14762519661708174857
Hazardous/Hazardous/e-waste/Avv5bVd22NhcKDUGMWzvNW - Copy.jpg,Avv5bVd22NhcKDUGMWzvNW - Copy.jpg,Hazardous,aa72170f789cc6ca,12281904489008252618
Hazardous/Hazardous/e-waste/BLOG-Which-light-bulbs-need-a-ballast - Copy.jpg,BLOG-Which-light-bulbs-need-a-ballast - Copy.jpg,Hazardous,c4ec1ba13e473971,14189746905286130033
Hazardous/Hazardous/e-waste/BulbSchematic - Copy.jpg,BulbSchematic - Copy.jpg,Hazardous,e818e6899791cae7,16724370694868159207
Hazardous/Hazardous/e-waste/CFL - Copy.jpg,CFL - Copy.jpg,Hazardous,81f86eec3846da5a,9365357385952451162
Hazardous/Hazardous/e-waste/CFL-1 - Copy.jpg,CFL-1 - Copy.jpg,Hazardous,9993323133d99799,11066243896284125081
Hazardous/Hazardous/e-waste/CFL-Broken-Bulb-scaled - Copy.jpeg,CFL-Broken-Bulb-scaled - Copy.jpeg,Hazardous,8af1571c4c8933bb,10011879225676084155
Hazardous/Hazardous/e-waste/CFL-VS-LED-Lighting - Copy.jpg,CFL-VS-LED-Lighting - Copy.jpg,Hazardous,bcc769c6c1b09669,13602957501869889129
Hazardous/Hazardous/e-waste/Challenges-and-Opportunities-in-Electronic-Waste-Management-in-India-SHAMI - Copy.jpg,Challenges-and-Opportunities-in-Electronic-Waste-Management-in-India-SHAMI - Copy.jpg,Hazardous,b64839372b344bb5,13134811222336883637
Hazardous/Hazardous/e-waste/Compact-Flourescent-Lighbulb - Copy.png,Compact-Flourescent-Lighbulb - Copy.png,Hazardous,cddb24c96365868e,14833490245049484942
Hazardous/Hazardous/e-waste/Compact-fluorescent-lamps - Copy.jpg,Compact-fluorescent-lamps - Copy.jpg,Hazardous,96160ebc390be9c7,10814847756750547399
Hazardous/Hazardous/e-waste/Compact_fluorescent_light_bulb_with_GU24_connector - Copy.png,Compact_fluorescent_light_bulb_with_GU24_connector - Copy.png,Hazardous,cbb4956ab5947289,14678521371052765833
Hazardous/Hazardous/e-waste/Dont-Trash-fluorescent-bulbs - Copy.png,Dont-Trash-fluorescent-bulbs - Copy.png,Hazardous,b7013e27c9e245ba,13186889524529219002
Hazardous/Hazardous/e-waste/E-Waste - Copy.jpg,E-Waste - Copy.jpg,Hazardous,87112da5b77ac9e0,9732610459495483872
Hazardous/Hazardous/e-waste/E-Waste-Management-in-India - Copy.jpg,E-Waste-Management-in-India - Copy.jpg,Hazardous,9d29dcd0c2b6933a,11324825527177876282
Hazardous/Hazardous/e-waste/E-Waste-Management-in-India-2016-Rules-Challenges-upsc-ias-essay3-e1559907374322 - Copy.jpg,E-Waste-Management-in-India-2016-Rules-Challenges-upsc-ias-essay3-e1559907374322 - Copy.jpg,Hazardous,ee5ac19da1d11636,17175253011699668534
Hazardous/Hazardous/e-waste/E-Waste20Wednesday20-20Waste20Reduction20Week202022 - Copy.png,E-Waste20Wednesday20-20Waste20Reduction20Week202022 - Copy.png,Hazardous,8c43a232677d1f72,10107100326117842802
Hazardous/Hazardous/e-waste/E-Waste20types-493414483 - Copy.jpg,E-Waste20types-493414483 - Copy.jpg,Hazardous,f38dc1b5b4708c5a,17549896309093207130
Hazardous/Hazardous/e-waste/E-Waste_Landfill - Copy.jpg,E-Waste_Landfill - Copy.jpg,Hazardous,d3efcda0bc7c2208,15271650951677354504
Hazardous/Hazardous/e-waste/E-waste - Copy.png,E-waste - Copy.png,Hazardous,e67099ed2cf83027,16604941070055780391
Hazardous/Hazardous/e-waste/Electronic-Waste-E-Waste-WEEE - Copy.jpg,Electronic-Waste-E-Waste-WEEE - Copy.jpg,Hazardous,94bfd4426f1be0a1,10718519019962097825
Hazardous/Hazardous/e-waste/Electronic-waste-1 - Copy.png,Electronic-waste-1 - Copy.png,Hazardous,fe68a50fca25e065,18332083770446176357
Hazardous/Hazardous/e-waste/Electronic-waste-management - Copy.jpg,Electronic-waste-management - Copy.jpg,Hazardous,b16fc72cd6341a92,12785656862514354834
Hazardous/Hazardous/e-waste/Electronic-waste2-scaled - Copy.jpg,Electronic-waste2-scaled - Copy.jpg,Hazardous,b3bfe8c0e483740b,12952326968506020875
Hazardous/Hazardous/e-waste/Electronic_waste_at_Agbogbloshie2C_Ghana - Copy.jpg,Electronic_waste_at_Agbogbloshie2C_Ghana - Copy.jpg,Hazardous,d0986606ebd1376b,15030875936261224299
Hazardous/Hazardous/e-waste/Energiesparlampe_01_retouched - Copy.jpg,Energiesparlampe_01_retouched - Copy.jpg,Hazardous,d21e69e01e32fc99,15140655408566434969
Hazardous/Hazardous/e-waste/Ewaste - Copy.png,Ewaste - Copy.png,Hazardous,f0f2e78e8c98d858,17362194112896882776
Hazardous/Hazardous/e-waste/Ewaste-1602590536972 - Copy.png,Ewaste-1602590536972 - Copy.png,Hazardous,aa85957a6c9463e9,12287391511390479337
Hazardous/Hazardous/e-waste/Example-of-e-waste-in-Category-3-ICT-a-used-mobile-phones-and-b-used-monitors_Q320 - Copy.jpg,Example-of-e-waste-in-Category-3-ICT-a-used-mobile-phones-and-b-used-monitors_Q320 - Copy.jpg,Hazardous,d9cf9319a070bc2e,15694924964684676142
Hazardous/Hazardous/e-waste/Featured-pictures-for-webiste11 - Copy.png,Featured-pictures-for-webiste11 - Copy.png,Hazardous,f60e04c90d9d6d6d,17730114044567580013
Hazardous/Hazardous/e-waste/Five-Reasons-Why-E-Waste-Recycling-is-Important-1-1024x517 - Copy.jpg,Five-Reasons-Why-E-Waste-Recycling-is-Important-1-1024x517 - Copy.jpg,Hazardous,abb38ff6036110bc,12372390888098304188
Hazardous/Hazardous/e-waste/Fluorescent-Bulbs-in-Trash-1-1024x683 - Copy.jpg,Fluorescent-Bulbs-in-Trash-1-1024x683 - Copy.jpg,Hazardous,d8e770301cfeb330,15629584383759790896
Hazardous/Hazardous/e-waste/Fluorescent-Bulbs-in-Trash-2-e1434205961573 - Copy.jpg,Fluorescent-Bulbs-in-Trash-2-e1434205961573 - Copy.jpg,Hazardous,c1383b911de83e1f,13922943742473944607
Hazardous/Hazardous/e-waste/FluorescentBulbs - Copy.jpg,FluorescentBulbs - Copy.jpg,Hazardous,b398ce63cc669839,12941320457275480121
Hazardous/Hazardous/e-waste/Fluorescent_Light_Video - Copy.jpg,Fluorescent_Light_Video - Copy.jpg,Hazardous,958f60772fa070dc,10776938498337304796
Hazardous/Hazardous/e-waste/Fluorescent_light_bulb_from_inside_2 - Copy.jpg,Fluorescent_light_bulb_from_inside_2 - Copy.jpg,Hazardous,d38e8ee1431ccdc3,15244278886840454595
Hazardous/Hazardous/e-waste/GettyImages-1298365434 - Copy.jpg,GettyImages-1298365434 - Copy.jpg,Hazardous,814e761ab63513e7,9317514536174293991
Hazardous/Hazardous/e-waste/HHW_Bulbs-updated - Copy.jpg,HHW_Bulbs-updated - Copy.jpg,Hazardous,c4c63b2bccbc5c1c,14179085536127114268
Hazardous/Hazardous/e-waste/ImageForArticle_8587_16733568303499477 - Copy.jpg,ImageForArticle_8587_16733568303499477 - Copy.jpg,Hazardous,e89211e8d6b5c976,16758476855131359606
Hazardous/Hazardous/e-waste/Incandescent_and_fluorescent_light_bulbs - Copy.png,Incandescent_and_fluorescent_light_bulbs - Copy.png,Hazardous,ad928d83d66cd22e,12507214712538976814
Hazardous/Hazardous/e-waste/Intro-to-E-Waste - Copy.jpg,Intro-to-E-Waste - Copy.jpg,Hazardous,bbc4c44b9795842f,13530155009472562223
Hazardous/Hazardous/e-waste/Is-it-hazardous-waste...flourescent-light-bulbs - Copy.png,Is-it-hazardous-waste...flourescent-light-bulbs - Copy.png,Hazardous,e699b24c9b929966,16616508342257490278
Hazardous/Hazardous/e-waste/JunkDevices-607673850 - Copy.jpg,JunkDevices-607673850 - Copy.jpg,Hazardous,94ea31630fd45d33,10730443363700727091
Hazardous/Hazardous/e-waste/LED-CLF-Incandescent-2 - Copy.jpg,LED-CLF-Incandescent-2 - Copy.jpg,Hazardous,a5add05a5a7b5858,11938427273712719960
Hazardous/Hazardous/e-waste/LED-CLF-Incandescent_1024x1024 - Copy.jpg,LED-CLF-Incandescent_1024x1024 - Copy.jpg,Hazardous,95956b6b6a85b0e4,10778639392273969380
Hazardous/Hazardous/e-waste/LED-vs-fluorescent-2022-section-1 - Copy.jpg,LED-vs-fluorescent-2022-section-1 - Copy.jpg,Hazardous,d593166359ac5663,15389668967617156707
Hazardous/Hazardous/e-waste/LED20vs20Fluorescent20Image20202120Blog20Sized - Copy.png,LED20vs20Fluorescent20Image20202120Blog20Sized - Copy.png,Hazardous,83f01e6ba5543ea3,9507132261063212707
Hazardous/Hazardous/e-waste/Led-CFL-And-Incandescent-Bulbs-Wi-6719889-scaled - Copy.jpg,Led-CFL-And-Incandescent-Bulbs-Wi-6719889-scaled - Copy.jpg,Hazardous,9f9cf42f90f0614c,11501336033529717068
Hazardous/Hazardous/e-waste/Light-Bulb-Recycling - Copy.jpg,Light-Bulb-Recycling - Copy.jpg,Hazardous,ad87c3e0703cec93,12504178259140603027
Hazardous/Hazardous/e-waste/Light20bulbs.JPG - Copy.jpg,Light20bulbs.JPG - Copy.jpg,Hazardous,b88de3308763dc27,13298535072264346663
Hazardous/Hazardous/e-waste/Lights-Hero - Copy.jpg,Lights-Hero - Copy.jpg,Hazardous,81859308b6f34faf,9333027468433641391
Hazardous/Hazardous/e-waste/Maple-Leaf-Foods-Electronic-Recycling-Program-Photo-Credit-Lya_Cattel - Copy.jpg,Maple-Leaf-Foods-Electronic-Recycling-Program-Photo-Credit-Lya_Cattel - Copy.jpg,Hazardous,f0cbb479e340c695,17351160424971683477
Hazardous/Hazardous/e-waste/Mercury-bulb-ban-1024x341 - Copy.png,Mercury-bulb-ban-1024x341 - Copy.png,Hazardous,80bcbf8569cf011f,9276499912203108639
Hazardous/Hazardous/e-waste/Namo-Blog_Cover-7-1024x536 - Copy.jpg,Namo-Blog_Cover-7-1024x536 - Copy.jpg,Hazardous,81c93c3673c16f93,9352072305779502995
Hazardous/Hazardous/e-waste/New-RepBan_Guide-FluorescentBulbs_2008 - Copy.jpg,New-RepBan_Guide-FluorescentBulbs_2008 - Copy.jpg,Hazardous,cbe420b53bd3c16c,14691903847154303340
Hazardous/Hazardous/e-waste/Noteable_ewaste_main-760x378 - Copy.jpg,Noteable_ewaste_main-760x378 - Copy.jpg,Hazardous,98b5a726e5b924c5,11003885050054386885
Hazardous/Hazardous/e-waste/Optimized-ewaste-middle-east - Copy.jpg,Optimized-ewaste-middle-east - Copy.jpg,Hazardous,dbe3905aee86a0c6,15844666634242793670
Hazardous/Hazardous/e-waste/Parts_of_CFL_large - Copy.jpg,Parts_of_CFL_large - Copy.jpg,Hazardous,b34e59624f1b6631,12920362659741394481
Hazardous/Hazardous/e-waste/Reciclaje_electronico_categorias_inglC3A9s - Copy.jpg,Reciclaje_electronico_categorias_inglC3A9s - Copy.jpg,Hazardous,ab63376b95941a92,12349775538390571666
Hazardous/Hazardous/e-waste/S4cyF6X8zyxWbqHjnI83ICAtzm6CgAqDFVIA9UZG95I.JPG - Copy.jpg,S4cyF6X8zyxWbqHjnI83ICAtzm6CgAqDFVIA9UZG95I.JPG - Copy.jpg,Hazardous,c35365ae0d95fa14,14074705058689579540
Hazardous/Hazardous/e-waste/Solutions-to-e-waste-problems1 - Copy.jpg,Solutions-to-e-waste-problems1 - Copy.jpg,Hazardous,d0986606ebd1376b,15030875936261224299
Hazardous/Hazardous/e-waste/WASTE-superJumbo - Copy.jpg,WASTE-superJumbo - Copy.jpg,Hazardous,8b1774f3a1845bac,10022608085472009132
Hazardous/Hazardous/e-waste/What-is-e-waste-Great-Lakes-Electronics-Corporation-collection - Copy.jpg,What-is-e-waste-Great-Lakes-Electronics-Corporation-collection - Copy.jpg,Hazardous,f0b8ee07433098fd,17345875679776905469
Hazardous/Hazardous/e-waste/What_is_electronic_waste_recycling - Copy.jpg,What_is_electronic_waste_recycling - Copy.jpg,Hazardous,996ae61bb036ad15,11054901241929182485
Hazardous/Hazardous/e-waste/_108381526_mediaitem108381525 - Copy.jpg,_108381526_mediaitem108381525 - Copy.jpg,Hazardous,8b0cd68732af9369,10019619147151807337
Hazardous/Hazardous/e-waste/_elektroschrott_hardware_kp_1200_a97c5f3517_8f5684198f6489c7d84856d3efe3ad10 - Copy.jpg,_elektroschrott_hardware_kp_1200_a97c5f3517_8f5684198f6489c7d84856d3efe3ad10 - Copy.jpg,Hazardous,cebaf4178c9b01b1,14896487099461730737
Hazardous/Hazardous/e-waste/abfall-ressourcen_produktverantwortung_elektronikaltgeraete_foto_fernseher-berg - Copy.jpg,abfall-ressourcen_produktverantwortung_elektronikaltgeraete_foto_fernseher-berg - Copy.jpg,Hazardous,ea93792885fb3415,16902987041405088789
Hazardous/Hazardous/e-waste/an-electronics-e-waste-recycling-collection-area-the-collection-is-APK6DT - Copy.jpg,an-electronics-e-waste-recycling-collection-area-the-collection-is-APK6DT - Copy.jpg,Hazardous,e02f1fd48683709f,16154165386051547295
Hazardous/Hazardous/e-waste/archives-ewaste-one_one - Copy.jpg,archives-ewaste-one_one - Copy.jpg,Hazardous,857b1632b8aff112,9618305836282540306
Hazardous/Hazardous/e-waste/archives-ewaste-one_one.jpg,archives-ewaste-one_one.jpg,Hazardous,857b1632b8aff112,9618305836282540306
Hazardous/Hazardous/e-waste/aving-led-and-fluorescent-lightbulbs-infographic-on-a-blue-background-vector - Copy.jpg,aving-led-and-fluorescent-lightbulbs-infographic-on-a-blue-background-vector - Copy.jpg,Hazardous,d494cce1336b1bb4,15318093500196264884
Hazardous/Hazardous/e-waste/bbf3173e-a750-4687-97be-50f2a4cd2d2b - Copy.jpg,bbf3173e-a750-4687-97be-50f2a4cd2d2b - Copy.jpg,Hazardous,ab88add3f1e8c4a8,12360320303126594728
Hazardous/Hazardous/e-waste/box1-img - Copy.png,box1-img - Copy.png,Hazardous,8c4db834c7b607ec,10109939275345037292
Hazardous/Hazardous/e-waste/bulbs2 - Copy.jpg,bulbs2 - Copy.jpg,Hazardous,f7e402851b313ccf,17862404792768347343
Hazardous/Hazardous/e-waste/bulbs_2 - Copy.png,bulbs_2 - Copy.png,Hazardous,ab90d629d46fcc92,12362616452278111378
Hazardous/Hazardous/e-waste/bulbs_lg - Copy.jpg,bulbs_lg - Copy.jpg,Hazardous,e69399266639d199,16614791840502763929
Hazardous/Hazardous/e-waste/cfl-product-family - Copy.png,cfl-product-family - Copy.png,Hazardous,cecf329669349269,14902185313583796841
Hazardous/Hazardous/e-waste/cfl-waste-recycling - Copy.gif,cfl-waste-recycling - Copy.gif,Hazardous,bb4c4d67585ae0d2,13496247289581854930
Hazardous/Hazardous/e-waste/cfl_app - Copy.jpg,cfl_app - Copy.jpg,Hazardous,c1d83e5f76342523,13967982824015537443
Hazardous/Hazardous/e-waste/cfl_bulbs - Copy.jpg,cfl_bulbs - Copy.jpg,Hazardous,c4cd306d9372cd87,14181044048842902919
Hazardous/Hazardous/e-waste/cfllightbulbs - Copy.jpg,cfllightbulbs - Copy.jpg,Hazardous,f8c2b42f92534f92,17925087583299391378
Hazardous/Hazardous/e-waste/circuit-board-electronic-waste-for-recycling-with-selective-focus-main-board - Copy.jpg,circuit-board-electronic-waste-for-recycling-with-selective-focus-main-board - Copy.jpg,Hazardous,b4ea6a94484bdd9a,13036349256477957530
Hazardous/Hazardous/e-waste/cling-bin-with-discarded-electrical-and-electronic-devices-such-as-277722974 - Copy.jpg,cling-bin-with-discarded-electrical-and-electronic-devices-such-as-277722974 - Copy.jpg,Hazardous,e2b319cf4c8c78b1,16335428651536119985
Hazardous/Hazardous/e-waste/close-up-shot-of-some-electronic-waste-E88KF4 - Copy.jpg,close-up-shot-of-some-electronic-waste-E88KF4 - Copy.jpg,Hazardous,888679b962207feb,9837684273159634923
Hazardous/Hazardous/e-waste/compact-fluorescent-light-bulb-vector-3890 - Copy.jpg,compact-fluorescent-light-bulb-vector-3890 - Copy.jpg,Hazardous,e5c912a619b219ef,16557786009609312751
Hazardous/Hazardous/e-waste/compact-fluorescent-light-bulbs-with-typical-color-temperatures-vector-HGPGPK - Copy.jpg,compact-fluorescent-light-bulbs-with-typical-color-temperatures-vector-HGPGPK - Copy.jpg,Hazardous,fe807ca97ea27182,18338794750068552066
Hazardous/Hazardous/e-waste/computer-electronic-waste-29637446 - Copy.jpg,computer-electronic-waste-29637446 - Copy.jpg,Hazardous,b4c39c2ec33c7338,13025426271943553848
Hazardous/Hazardous/e-waste/crompton-bulbs-and-cfls-19-08-2021-975-240174309-zjbfq - Copy.png,crompton-bulbs-and-cfls-19-08-2021-975-240174309-zjbfq - Copy.png,Hazardous,e6999b6699989932,16616483165126039858
Hazardous/Hazardous/e-waste/db4789b29626 - Copy.jpg,db4789b29626 - Copy.jpg,Hazardous,9cbd47e0b2c174b1,11294262470912341169
Hazardous/Hazardous/e-waste/depositphotos_30453211-stock-photo-modern-electronic-waste - Copy.jpg,depositphotos_30453211-stock-photo-modern-electronic-waste - Copy.jpg,Hazardous,838e39392b786bd2,9479577183366704082
Hazardous/Hazardous/e-waste/depositphotos_38625459-stock-photo-incandescent-compact-fluorescent-halogen-lamps - Copy.jpg,depositphotos_38625459-stock-photo-incandescent-compact-fluorescent-halogen-lamps - Copy.jpg,Hazardous,9e82ad578b3856a5,11421882196474484389
Hazardous/Hazardous/e-waste/detail_th_lightbulbs_cfl_content.jpg - Copy.jpg,detail_th_lightbulbs_cfl_content.jpg - Copy.jpg,Hazardous,c44f79794e660bb0,14145658516507331504
Hazardous/Hazardous/e-waste/disposing-lightbulbs-batteries - Copy.jpg,disposing-lightbulbs-batteries - Copy.jpg,Hazardous,d1c555254892ff66,15115581342958681958
Hazardous/Hazardous/e-waste/e-inside-green-recycling-symbol-e-waste-concept-illustration-with-1118223065 - Copy.jpg,e-inside-green-recycling-symbol-e-waste-concept-illustration-with-1118223065 - Copy.jpg,Hazardous,b1b34e8c68b153a7,12804664530503291815
Hazardous/Hazardous/e-waste/e-schrott2 - Copy.jpg,e-schrott2 - Copy.jpg,Hazardous,d1fa970c1e625c47,15130571976409766983
Hazardous/Hazardous/e-waste/e-waste-2049017_1280 - Copy.jpg,e-waste-2049017_1280 - Copy.jpg,Hazardous,85e39353cb871e16,9647716814863932950
Hazardous/Hazardous/e-waste/e-waste-3 - Copy.jpg,e-waste-3 - Copy.jpg,Hazardous,ef84915bc20ecea5,17259079495274385061
Hazardous/Hazardous/e-waste/e-waste-e-waste-old-mobile-phones-battery-isolated-white-background-177536164 - Copy.jpg,e-waste-e-waste-old-mobile-phones-battery-isolated-white-background-177536164 - Copy.jpg,Hazardous,c2ac98a3b3cca53b,14027754768215876923
Hazardous/Hazardous/e-waste/e-waste-electronic-waste-recycling-and-management - Copy.jpg,e-waste-electronic-waste-recycling-and-management - Copy.jpg,Hazardous,caac3acc6c4d7313,14604112341320430355
Hazardous/Hazardous/e-waste/e-waste-lg-238744418 - Copy.jpg,e-waste-lg-238744418 - Copy.jpg,Hazardous,de8d4130dd8c786d,16036545526267410541
Hazardous/Hazardous/e-waste/e-waste-policy-recast-to-focus-on-no-of-products-recycled - Copy.jpg,e-waste-policy-recast-to-focus-on-no-of-products-recycled - Copy.jpg,Hazardous,e2988d61b34dc6f2,16327955899791296242
Hazardous/Hazardous/e-waste/e-waste-process - Copy.jpg,e-waste-process - Copy.jpg,Hazardous,a1a4fefe4621819b,11647714904338694555
Hazardous/Hazardous/e-waste/e-waste-recycling-law-1 - Copy.jpg,e-waste-recycling-law-1 - Copy.jpg,Hazardous,c4ecb4117b131a3f,14189914513109883455
Hazardous/Hazardous/e-waste/e-waste2 - Copy.jpg,e-waste2 - Copy.jpg,Hazardous,9f903d481b6c369d,11497757228583892637
Hazardous/Hazardous/e-waste/e-waste3 - Copy.jpg,e-waste3 - Copy.jpg,Hazardous,dc843d70e0d167ab,15889892940287403947
Hazardous/Hazardous/e-waste/e-waste4 - Copy.jpg,e-waste4 - Copy.jpg,Hazardous,a7ac98c96da1bc2a,12082199891223362602
Hazardous/Hazardous/e-waste/eWaste - Copy.jpg,eWaste - Copy.jpg,Hazardous,e9c832b3a57c3c61,16845770153336257633
Hazardous/Hazardous/e-waste/e_waste_1572334975 - Copy.jpg,e_waste_1572334975 - Copy.jpg,Hazardous,95d50a9e68ba2379,10796547357168771961
Hazardous/Hazardous/e-waste/e_waste_1572344183_725x725 - Copy.jpg,e_waste_1572344183_725x725 - Copy.jpg,Hazardous,bb38fc84476a3692,13490810328852346514
Hazardous/Hazardous/e-waste/e_waste_660_062019115620 - Copy.jpg,e_waste_660_062019115620 - Copy.jpg,Hazardous,9bbb4c446eb33071,11221646753322446961
Hazardous/Hazardous/e-waste/ectric-lighting-types-incandescent-light-bulb-halogen-lamp-cfl-and-573739525 - Copy.jpg,ectric-lighting-types-incandescent-light-bulb-halogen-lamp-cfl-and-573739525 - Copy.jpg,Hazardous,938278976969389f,10629190662251690143
Hazardous/Hazardous/e-waste/ectronic-gadgets-devices-on-white-table-e-waste-planned-obsolescence-2KF1CDY - Copy.jpg,ectronic-gadgets-devices-on-white-table-e-waste-planned-obsolescence-2KF1CDY - Copy.jpg,Hazardous,9d80e66f19966d83,11349324425818697091
Hazardous/Hazardous/e-waste/electonic-waste - Copy.jpg,electonic-waste - Copy.jpg,Hazardous,9af2b033ac7745a4,11165180162188199332
Hazardous/Hazardous/e-waste/electrical-electronic-waste-1 - Copy.jpg,electrical-electronic-waste-1 - Copy.jpg,Hazardous,c3c84be894867d37,14107609295034416439
Hazardous/Hazardous/e-waste/electronic-recycling - Copy.jpg,electronic-recycling - Copy.jpg,Hazardous,adcb94210e076f7a,12523266058523996026
Hazardous/Hazardous/e-waste/electronic-waste - Copy.jpg,electronic-waste - Copy.jpg,Hazardous,c0d94eb0cd13db35,13896224646490217269
Hazardous/Hazardous/e-waste/electronic-waste-collection-center-subsequent-recycling-circular-economy_761147-84 - Copy.jpg,electronic-waste-collection-center-subsequent-recycling-circular-economy_761147-84 - Copy.jpg,Hazardous,d67a2c570774384b,15454713823574112331
Hazardous/Hazardous/e-waste/electronic-waste-disposal - Copy.jpg,electronic-waste-disposal - Copy.jpg,Hazardous,9df4c4534312fe1c,11381938020158733852
Hazardous/Hazardous/e-waste/electronic-waste-e-waste - Copy.jpg,electronic-waste-e-waste - Copy.jpg,Hazardous,dadc25a323212dde,15770521377743908318
Hazardous/Hazardous/e-waste/electronic-waste-e-waste-167412842216x9 - Copy.jpg,electronic-waste-e-waste-167412842216x9 - Copy.jpg,Hazardous,d8dc5cded8a134d0,15626466919255717072
Hazardous/Hazardous/e-waste/electronic-waste-electronic-waste-old-computers-monitors-other-devices-to-recycle-109977003 - Copy.jpg,electronic-waste-electronic-waste-old-computers-monitors-other-devices-to-recycle-109977003 - Copy.jpg,Hazardous,adcb94210e076f7a,12523266058523996026
Hazardous/Hazardous/e-waste/electronic-waste-hand-dropping-old-damaged-smartphone-bin-e-garbage-152109224 - Copy.jpg,electronic-waste-hand-dropping-old-damaged-smartphone-bin-e-garbage-152109224 - Copy.jpg,Hazardous,827e78e10fecd8c8,9403085980026329288
Hazardous/Hazardous/e-waste/electronic-waste-hero - Copy.jpg,electronic-waste-hero - Copy.jpg,Hazardous,c3773da84c23fe08,14084794152665742856
Hazardous/Hazardous/e-waste/electronic-waste-ready-for-recycling-isolated-on-white-background-J769FF - Copy.jpg,electronic-waste-ready-for-recycling-isolated-on-white-background-J769FF - Copy.jpg,Hazardous,afe0c48749b85e99,12673345436757024409
Hazardous/Hazardous/e-waste/electronic-waste-statistics - Copy.jpg,electronic-waste-statistics - Copy.jpg,Hazardous,9983db8ecc8723c9,11061926516115317705
Hazardous/Hazardous/e-waste/electronic-waste-stock-photo_csp13003320 - Copy.jpg,electronic-waste-stock-photo_csp13003320 - Copy.jpg,Hazardous,fc6e42d0a9648b79,18189549408958581625
Hazardous/Hazardous/e-waste/energy-saving-bulbs-spent-incandescent-halogen-cfi-fluorescent-led-174891292 - Copy.jpg,energy-saving-bulbs-spent-incandescent-halogen-cfi-fluorescent-led-174891292 - Copy.jpg,Hazardous,bd9e96a4d8287263,13663523954233995875
Hazardous/Hazardous/e-waste/es-2012-02886m_0005 - Copy.gif,es-2012-02886m_0005 - Copy.gif,Hazardous,d8a417075be0b5dc,15610627528746644956
Hazardous/Hazardous/e-waste/esy-042966920 - Copy.jpg,esy-042966920 - Copy.jpg,Hazardous,a1f0692676667a8b,11668942248433056395
Hazardous/Hazardous/e-waste/ewaste-3 - Copy.jpg,ewaste-3 - Copy.jpg,Hazardous,bab4c9d86463c399,13453599918096892825
Hazardous/Hazardous/e-waste/ewaste-aspect-ratio-2000-1200-1024x614 - Copy.jpg,ewaste-aspect-ratio-2000-1200-1024x614 - Copy.jpg,Hazardous,8b53d4c70d7892ec,10039601945728553708
Hazardous/Hazardous/e-waste/ewaste-hero-banner - Copy.jpg,ewaste-hero-banner - Copy.jpg,Hazardous,ffaf3db3a0b00520,18424012442300319008
Hazardous/Hazardous/e-waste/ewaste-recycling - Copy.jpg,ewaste-recycling - Copy.jpg,Hazardous,869e209d8969b5fc,9700226508389987836
Hazardous/Hazardous/e-waste/ewaste-type - Copy.png,ewaste-type - Copy.png,Hazardous,b7c283bc403ebd0b,13241290698977623307
Hazardous/Hazardous/e-waste/ey-waste-bin-full-of-e-waste - Copy.jpg,ey-waste-bin-full-of-e-waste - Copy.jpg,Hazardous,f5b7c848ad1e6407,17705840674498044935
Hazardous/Hazardous/e-waste/file-20200709-58-1grgzv5 - Copy.jpg,file-20200709-58-1grgzv5 - Copy.jpg,Hazardous,a6c529b8c66bb02f,12017057054287704111
Hazardous/Hazardous/e-waste/file-20210216-19-57bzc1 - Copy.jpg,file-20210216-19-57bzc1 - Copy.jpg,Hazardous,e4b5c35e9969122d,16480293222500340269
Hazardous/Hazardous/e-waste/flourescents - Copy.gif,flourescents - Copy.gif,Hazardous,bed3c01b0e3ae11d,13750545309727645981
Hazardous/Hazardous/e-waste/fluorescent - Copy.jpg,fluorescent - Copy.jpg,Hazardous,b05d39cec6e0e13c,12708377283772080444
Hazardous/Hazardous/e-waste/fluorescent-lightbulb-abstract-15600002 - Copy.jpg,fluorescent-lightbulb-abstract-15600002 - Copy.jpg,Hazardous,e16ccf9a8eb29892,16243586218744518802
Hazardous/Hazardous/e-waste/fluorescent2 - Copy.jpg,fluorescent2 - Copy.jpg,Hazardous,b3f3711c1e05c3b2,12966832117706507186
Hazardous/Hazardous/e-waste/fluorescent20lights20hero - Copy.png,fluorescent20lights20hero - Copy.png,Hazardous,c7d03d5bda794070,14398075473420173424
Hazardous/Hazardous/e-waste/fluorescentlights - Copy.png,fluorescentlights - Copy.png,Hazardous,eae5c3a585255a1e,16926149890212715038
Hazardous/Hazardous/e-waste/gettyimages-522580785 - Copy.jpg,gettyimages-522580785 - Copy.jpg,Hazardous,b87a6f9051c6b623,13293059915775391267
Hazardous/Hazardous/e-waste/gettyimages-566436837-1559940280 - Copy.jpg,gettyimages-566436837-1559940280 - Copy.jpg,Hazardous,a299c5ec2d6293d3,11716613523745444819
Hazardous/Hazardous/e-waste/going-greener-by-recycling-burnt-out-bulbs-1523856076-3781852 - Copy.jpeg,going-greener-by-recycling-burnt-out-bulbs-1523856076-3781852 - Copy.jpeg,Hazardous,c8ed0b879681f96a,14478241054039603562
Hazardous/Hazardous/e-waste/hazardous-waste-solutions-fluorescent-tubes - Copy.jpg,hazardous-waste-solutions-fluorescent-tubes - Copy.jpg,Hazardous,a4999be6d1696664,11860682509315040868
Hazardous/Hazardous/e-waste/hazardous-waste-wooden-background-74234943 - Copy.jpg,hazardous-waste-wooden-background-74234943 - Copy.jpg,Hazardous,e1833f5c544fa0e3,16249901546266927331
Hazardous/Hazardous/e-waste/how-fluorescents-work - Copy.jpg,how-fluorescents-work - Copy.jpg,Hazardous,989516cb6d34ca2f,10994719128261282351
Hazardous/Hazardous/e-waste/how-to-dispose-of-fluorescent-light-bulbs - Copy.jpg,how-to-dispose-of-fluorescent-light-bulbs - Copy.jpg,Hazardous,896c27d05e1f62d9,9902333456566674137
Hazardous/Hazardous/e-waste/how-to-dispose-of-light-bulbs-section-3 - Copy.jpg,how-to-dispose-of-light-bulbs-section-3 - Copy.jpg,Hazardous,c9e63b0f32d93c12,14548380582730611730
Hazardous/Hazardous/e-waste/how-to-dispose-of-light-bulbs-section-4 - Copy.jpg,how-to-dispose-of-light-bulbs-section-4 - Copy.jpg,Hazardous,c3c53e973b393430,14106750227062535216
Hazardous/Hazardous/e-waste/how_to_upcycle_ewaste_1573547808 - Copy.jpg,how_to_upcycle_ewaste_1573547808 - Copy.jpg,Hazardous,bfc0c6f1d924c88e,13817262398805166222
Hazardous/Hazardous/e-waste/https3A2F2Fwww.elektormagazine.com2Fassets2Fupload2Fimages2F02Fe-waste4 - Copy.jpg,https3A2F2Fwww.elektormagazine.com2Fassets2Fupload2Fimages2F02Fe-waste4 - Copy.jpg,Hazardous,9cefcc0ca498655d,11308481544023729501
Hazardous/Hazardous/e-waste/iPleaders-17 - Copy.jpg,iPleaders-17 - Copy.jpg,Hazardous,9d5d22668dd930b6,11339257260650606774
Hazardous/Hazardous/e-waste/ic-waste-old-products-china-cyclic-utilization-broken-energy-saving-47934966 - Copy.jpg,ic-waste-old-products-china-cyclic-utilization-broken-energy-saving-47934966 - Copy.jpg,Hazardous,fa873a6e278a0599,18052461876122092953
Hazardous/Hazardous/e-waste/icons-led-lamps-types-fluorescent-filament-halogen-diode-and-other-632016899 - Copy.jpg,icons-led-lamps-types-fluorescent-filament-halogen-diode-and-other-632016899 - Copy.jpg,Hazardous,eaad709725d2608f,16910295970322997391
Hazardous/Hazardous/e-waste/image31 - Copy.png,image31 - Copy.png,Hazardous,c6991956b76991e2,14310497151181492706
Hazardous/Hazardous/e-waste/img878241 - Copy.jpg,img878241 - Copy.jpg,Hazardous,91927b6478ec2d71,10489582153554996593
Hazardous/Hazardous/e-waste/impact-of-e-waste-hero1540775416137 - Copy.jpg,impact-of-e-waste-hero1540775416137 - Copy.jpg,Hazardous,bfb9c446ef2d0812,13815289140875167762
Hazardous/Hazardous/e-waste/impact-of-e-waste-infographic1541812360135 - Copy.jpg,impact-of-e-waste-infographic1541812360135 - Copy.jpg,Hazardous,c925d2abb44d31d6,14494222610668007894
Hazardous/Hazardous/e-waste/incandescent-led-cfl - Copy.png,incandescent-led-cfl - Copy.png,Hazardous,aa329595c4c4957f,12264029205767165311
Hazardous/Hazardous/e-waste/international-e-waste-day - Copy.jpg,international-e-waste-day - Copy.jpg,Hazardous,bba45a944f30e4d3,13521031574303335635
Hazardous/Hazardous/e-waste/lable-black-line-icon-varieties-of-lamps-waste-recycling-garbage-sorting-eco - Copy.jpg,lable-black-line-icon-varieties-of-lamps-waste-recycling-garbage-sorting-eco - Copy.jpg,Hazardous,ef949663c069b2cc,17263588626792035020
Hazardous/Hazardous/e-waste/lamps - Copy.jpg,lamps - Copy.jpg,Hazardous,941d6b7863a7b426,10672804856750126118
Hazardous/Hazardous/e-waste/light-bulb-fluorescent - Copy.jpg,light-bulb-fluorescent - Copy.jpg,Hazardous,cac897b5a50d7853,14612095797417572435
Hazardous/Hazardous/e-waste/light-bulb-recycling-waste-legacy-tungsten-on-white-background-GJ5BDK - Copy.jpg,light-bulb-recycling-waste-legacy-tungsten-on-white-background-GJ5BDK - Copy.jpg,Hazardous,9ee0619f60d60bb3,11448257589928135603
Hazardous/Hazardous/e-waste/light-bulbs-and-recycling-bin-for-them-light-bulbs-and-fluorescent-lamps-are - Copy.jpg,light-bulbs-and-recycling-bin-for-them-light-bulbs-and-fluorescent-lamps-are - Copy.jpg,Hazardous,cab5b64abd328649,14606781398564111945
Hazardous/Hazardous/e-waste/lightbulb-average-rated-lifetime-hours-1 - Copy.jpg,lightbulb-average-rated-lifetime-hours-1 - Copy.jpg,Hazardous,b21d4de218376f49,12834500146540015433
Hazardous/Hazardous/e-waste/lightbulb-recycling - Copy.jpg,lightbulb-recycling - Copy.jpg,Hazardous,cc8923339b9ecccc,14738349960107838668
Hazardous/Hazardous/e-waste/lightbulbs - Copy.png,lightbulbs - Copy.png,Hazardous,fe85813fc4626b94,18340207168413920148
Hazardous/Hazardous/e-waste/ling-electronic-waste-electronics-hazardous-waste-recycle-computer-recycling - Copy.png,ling-electronic-waste-electronics-hazardous-waste-recycle-computer-recycling - Copy.png,Hazardous,b493d3c5c30e8e3c,13011976594738023996
Hazardous/Hazardous/e-waste/ling-issue-concept-copy-space-text-damaged-held-disposal-challenge-277763587 - Copy.jpg,ling-issue-concept-copy-space-text-damaged-held-disposal-challenge-277763587 - Copy.jpg,Hazardous,d093f7d0c3c45335,15029628857475158837
Hazardous/Hazardous/e-waste/maxresdefault - Copy.jpg,maxresdefault - Copy.jpg,Hazardous,8496984f36e8f8f2,9553991125504162034
Hazardous/Hazardous/e-waste/maxresdefault2 - Copy.jpg,maxresdefault2 - Copy.jpg,Hazardous,cf991306e2cc9ccd,14959008557583604941
Hazardous/Hazardous/e-waste/mika-baumeister-oXb5tA61wI-unsplash-scaled-e1651078651490 - Copy.jpg,mika-baumeister-oXb5tA61wI-unsplash-scaled-e1651078651490 - Copy.jpg,Hazardous,d995466219c9799e,15678515064913623454
Hazardous/Hazardous/e-waste/n-edison-fluorescent-and-led-isolated-on-a-transparent-background-1242075553 - Copy.jpg,n-edison-fluorescent-and-led-isolated-on-a-transparent-background-1242075553 - Copy.jpg,Hazardous,919b6a25a4ce5a9b,10492096466801023643
Hazardous/Hazardous/e-waste/n1-e1639575580776 - Copy.jpg,n1-e1639575580776 - Copy.jpg,Hazardous,c9ae0ee6df780072,14532569432325619826
Hazardous/Hazardous/e-waste/negative-side-of-compact-flourescent-bulbs-cfls - Copy.jpg,negative-side-of-compact-flourescent-bulbs-cfls - Copy.jpg,Hazardous,cfcf343232319365,14974244676225307493
Hazardous/Hazardous/e-waste/nergy-saving-bulbs-tube-spent-incandescent-halogen-cfi-fluorescent-174891297 - Copy.jpg,nergy-saving-bulbs-tube-spent-incandescent-halogen-cfi-fluorescent-174891297 - Copy.jpg,Hazardous,a1679a03d0b1f0fd,11630433903884497149
Hazardous/Hazardous/e-waste/nergy-saving-bulbs-tube-spent-incandescent-halogen-cfi-fluorescent-174891307 - Copy.jpg,nergy-saving-bulbs-tube-spent-incandescent-halogen-cfi-fluorescent-174891307 - Copy.jpg,Hazardous,cce69ce2f3803b0e,14764660926942558990
Hazardous/Hazardous/e-waste/ng-electronic-waste-electronics-recycle-bin-miscellaneous-computer-recycling - Copy.png,ng-electronic-waste-electronics-recycle-bin-miscellaneous-computer-recycling - Copy.png,Hazardous,ea1284e8c6ed9e35,16866689689760669237
Hazardous/Hazardous/e-waste/old-burnt-fluorescent-energy-saving-lamps-hazardous-toxic-electronic-waste-75820716 - Copy.jpg,old-burnt-fluorescent-energy-saving-lamps-hazardous-toxic-electronic-waste-75820716 - Copy.jpg,Hazardous,a7b032e3458f5ccc,12083213751941029068
Hazardous/Hazardous/e-waste/old-used-led-halogen-bulbs-fluorescent-tubes-different-light-bulbs-collected-recycling-217026394 - Copy.jpg,old-used-led-halogen-bulbs-fluorescent-tubes-different-light-bulbs-collected-recycling-217026394 - Copy.jpg,Hazardous,c0ca2bf1a467f52c,13891964317423105324
Hazardous/Hazardous/e-waste/omponents-mainboards-pcb-connectors-hardware-electronics-industry-eco-PNX35G - Copy.jpg,omponents-mainboards-pcb-connectors-hardware-electronics-industry-eco-PNX35G - Copy.jpg,Hazardous,db9918f91cd26989,15823706223952423305
Hazardous/Hazardous/e-waste/onic-waste-on-white-background-reuse-and-recycle-concept-top-view-1011557155 - Copy.jpg,onic-waste-on-white-background-reuse-and-recycle-concept-top-view-1011557155 - Copy.jpg,Hazardous,ab8badb3d1a8c4a4,12361164590076708004
Hazardous/Hazardous/e-waste/outlined-compact-fluorescent-light-bulbs-stock-illustrations_csp49558453 - Copy.jpg,outlined-compact-fluorescent-light-bulbs-stock-illustrations_csp49558453 - Copy.jpg,Hazardous,9a0e0fb2c61cb5cb,11100827392017216971
Hazardous/Hazardous/e-waste/page_1 - Copy.jpg,page_1 - Copy.jpg,Hazardous,81cb6e3495b963c6,9352690223294276550
Hazardous/Hazardous/e-waste/pile-o-light-bulbs-1024x683 - Copy.jpg,pile-o-light-bulbs-1024x683 - Copy.jpg,Hazardous,ea85956a63b21ce5,16899077460949343461
Hazardous/Hazardous/e-waste/post_lighting_waste - Copy.png,post_lighting_waste - Copy.png,Hazardous,dae965c7778f0088,15774251077220630664
Hazardous/Hazardous/e-waste/r-illustrations-set-different-lightbulb-types-with-various-shapes-2035328045 - Copy.jpg,r-illustrations-set-different-lightbulb-types-with-various-shapes-2035328045 - Copy.jpg,Hazardous,ba97708f70c37485,13445338973912396933
Hazardous/Hazardous/e-waste/rcury-lamps-e-waste-environmental-pollution-crime-dirty-broken-old-128643963 - Copy.jpg,rcury-lamps-e-waste-environmental-pollution-crime-dirty-broken-old-128643963 - Copy.jpg,Hazardous,9775f462465c06bc,10913897974926673596
Hazardous/Hazardous/e-waste/reciclaje-industrial-portada - Copy.jpg,reciclaje-industrial-portada - Copy.jpg,Hazardous,859aa71d1227f366,9627190896758354790
Hazardous/Hazardous/e-waste/recycle-e-waste-new-aug-22 - Copy.png,recycle-e-waste-new-aug-22 - Copy.png,Hazardous,fb8956b68ca6445c,18125113517373015132
Hazardous/Hazardous/e-waste/recycle-old-phones-1617128956 - Copy.png,recycle-old-phones-1617128956 - Copy.png,Hazardous,bef3cb830d0cb4c8,13759565050267088072
Hazardous/Hazardous/e-waste/rk-background-the-concept-of-recycling-and-disposal-of-electronic-2188810405 - Copy.jpg,rk-background-the-concept-of-recycling-and-disposal-of-electronic-2188810405 - Copy.jpg,Hazardous,ead219cd52a755c8,16920615119630063048
Hazardous/Hazardous/e-waste/rk-background-the-concept-of-recycling-and-disposal-of-electronic-2199207751 - Copy.jpg,rk-background-the-concept-of-recycling-and-disposal-of-electronic-2199207751 - Copy.jpg,Hazardous,88d71948a0b5f5af,9860377708875609519
Hazardous/Hazardous/e-waste/s-devices-and-used-electronic-components-intended-for-waste-disposal-2F3X0P0 - Copy.jpg,s-devices-and-used-electronic-components-intended-for-waste-disposal-2F3X0P0 - Copy.jpg,Hazardous,de9888c63dc432f9,16039720457901191929
Hazardous/Hazardous/e-waste/safe-disposal-any-logos-brand-names-have-been-removed-great-recycle-33215495 - Copy.jpg,safe-disposal-any-logos-brand-names-have-been-removed-great-recycle-33215495 - Copy.jpg,Hazardous,92c9f49799b73620,10577254131812480544
Hazardous/Hazardous/e-waste/sddefault - Copy.jpg,sddefault - Copy.jpg,Hazardous,87ad78674e1871c6,9776602751178404294
Hazardous/Hazardous/e-waste/set-different-types-light-bulbs-incandescent-compact-fluorescent-lamp_223337-667 - Copy.jpg,set-different-types-light-bulbs-incandescent-compact-fluorescent-lamp_223337-667 - Copy.jpg,Hazardous,ebe04ad8e594b50b,16996667289121371403
Hazardous/Hazardous/e-waste/shutterstock_101806765-Bulbs - Copy.jpg,shutterstock_101806765-Bulbs - Copy.jpg,Hazardous,d9196f6626e4988b,15643657265177991307
Hazardous/Hazardous/e-waste/shutterstock_139275554-1024x600 - Copy.jpg,shutterstock_139275554-1024x600 - Copy.jpg,Hazardous,cdf2300f4c71a39e,14839976564404364190
Hazardous/Hazardous/e-waste/shutterstock_29134336 - Copy.jpg,shutterstock_29134336 - Copy.jpg,Hazardous,9e6979b430f2849b,11414788545369506971
Hazardous/Hazardous/e-waste/spiral-20-23-watt-cfl-bulbs - Copy.jpg,spiral-20-23-watt-cfl-bulbs - Copy.jpg,Hazardous,b2cc9933cc33cccc,12883841081748475084
Hazardous/Hazardous/e-waste/stock-photo-electronic-waste-and-garbage-for-recycling-1675112317 - Copy.jpg,stock-photo-electronic-waste-and-garbage-for-recycling-1675112317 - Copy.jpg,Hazardous,899caea664e374d1,9915992509243421905
Hazardous/Hazardous/e-waste/stock-photo-hazardous-waste-on-a-black-background-681808615 - Copy.jpg,stock-photo-hazardous-waste-on-a-black-background-681808615 - Copy.jpg,Hazardous,d9e66f9f07892016,15701359879690723350
Hazardous/Hazardous/e-waste/stock-photo-hazardous-waste-on-a-black-background-with-space-for-text-681808597 - Copy.jpg,stock-photo-hazardous-waste-on-a-black-background-with-space-for-text-681808597 - Copy.jpg,Hazardous,b4d56a6a6a9a6994,13030438102153980308
Hazardous/Hazardous/e-waste/stock-photo-old-and-dusty-light-incandescent-bulb-isolated-on-white-background-2289784737 - Copy.jpg,stock-photo-old-and-dusty-light-incandescent-bulb-isolated-on-white-background-2289784737 - Copy.jpg,Hazardous,e99212e96c9678e9,16830535551195445481
Hazardous/Hazardous/e-waste/stock-photo-old-lamps-and-lightbulbs-collection-in-a-waste-bin-2167268987 - Copy.jpg,stock-photo-old-lamps-and-lightbulbs-collection-in-a-waste-bin-2167268987 - Copy.jpg,Hazardous,918d6d336964e41f,10488159174794732575
Hazardous/Hazardous/e-waste/stock-photo-pile-of-broken-fluorescent-light-bulb-is-danger-for-health-386850775 - Copy.jpg,stock-photo-pile-of-broken-fluorescent-light-bulb-is-danger-for-health-386850775 - Copy.jpg,Hazardous,a78605ae7ee286c9,12071342098224416457
Hazardous/Hazardous/e-waste/stock-photo-pile-of-light-bulbs-energy-saving-diode-glass-etc-recycling-clutter-745555078 - Copy.jpg,stock-photo-pile-of-light-bulbs-energy-saving-diode-glass-etc-recycling-clutter-745555078 - Copy.jpg,Hazardous,d16b66d4638363c3,15090268038823633859
Hazardous/Hazardous/e-waste/stock-photo-spent-fluorescent-lamps-and-energy-saving-bulbs-awaiting-disposal-243014344 - Copy.jpg,stock-photo-spent-fluorescent-lamps-and-energy-saving-bulbs-awaiting-disposal-243014344 - Copy.jpg,Hazardous,c6b92ce63f0520de,14319525857612603614
Hazardous/Hazardous/e-waste/stock-vector-led-incandescent-and-energy-saving-light-bulbs-vector-illustration-1898745574 - Copy.jpg,stock-vector-led-incandescent-and-energy-saving-light-bulbs-vector-illustration-1898745574 - Copy.jpg,Hazardous,9d8d62e26587728d,11352838960176394893
Hazardous/Hazardous/e-waste/sustainability-15-01837-g001 - Copy.png,sustainability-15-01837-g001 - Copy.png,Hazardous,9b3b6464ec64d09b,11185644484130295963
Hazardous/Hazardous/e-waste/t-diverse-old-halogen-and-fluorescent-light-bulbs-in-and-around-a-2197969323 - Copy.jpg,t-diverse-old-halogen-and-fluorescent-light-bulbs-in-and-around-a-2197969323 - Copy.jpg,Hazardous,89c376bc6889c1eb,9926908555234492907
Hazardous/Hazardous/e-waste/t-diverse-old-halogen-and-fluorescent-light-bulbs-in-and-around-a-2197969345 - Copy.jpg,t-diverse-old-halogen-and-fluorescent-light-bulbs-in-and-around-a-2197969345 - Copy.jpg,Hazardous,d39624cb6ccb5196,15246414044631617942
Hazardous/Hazardous/e-waste/t5-recycling - Copy.jpg,t5-recycling - Copy.jpg,Hazardous,86c078aed2dc7297,9709893488868094615
Hazardous/Hazardous/e-waste/ulbs-at-recycling-event-old-broken-and-burnt-light-bulbs-waits-to-1593279565 - Copy.jpg,ulbs-at-recycling-event-old-broken-and-burnt-light-bulbs-waits-to-1593279565 - Copy.jpg,Hazardous,8bfc348679a122db,10086995017573933787
Hazardous/Hazardous/e-waste/uter-gold-as-ingredient-motherboards-e-waste-problem-environmental-279793363 - Copy.jpg,uter-gold-as-ingredient-motherboards-e-waste-problem-environmental-279793363 - Copy.jpg,Hazardous,84d36fa1a653526d,9571116373163332205
Hazardous/Hazardous/e-waste/waste - Copy.jpg,waste - Copy.jpg,Hazardous,ef5ec106b36b4682,17248435857399694978
Hazardous/Hazardous/e-waste/what_are_cfl_bulbs_and_where_should_they_be_used - Copy.jpg,what_are_cfl_bulbs_and_where_should_they_be_used - Copy.jpg,Hazardous,c08fa2b21d748df3,13875487862833843699
Hazardous/Hazardous/paints/006827571_1-ee962a21b5d2673a4c1f0ed05d640bb6.png,006827571_1-ee962a21b5d2673a4c1f0ed05d640bb6.png,Hazardous,bf30c10fd0f0916f,13776723533800444271
Hazardous/Hazardous/paints/1-s2.0-S2589004221010828-fx1.jpg,1-s2.0-S2589004221010828-fx1.jpg,Hazardous,938f8c33278753ac,10632871396579431340
Hazardous/Hazardous/paints/10-Non-Hazardous-Waste-Disposal-Methods.jpg,10-Non-Hazardous-Waste-Disposal-Methods.jpg,Hazardous,f69569aa5c5ae051,17768224085274976337
Hazardous/Hazardous/paints/10123-cover-barrel.jpg,10123-cover-barrel.jpg,Hazardous,91ff6e1662d191c1,10520248296987005377
Hazardous/Hazardous/paints/13202_2020_865_Fig3_HTML.png,13202_2020_865_Fig3_HTML.png,Hazardous,ec6dc591b9725292,17036490195084661394
Hazardous/Hazardous/paints/14580596996402728873807_600.jpg,14580596996402728873807_600.jpg,Hazardous,d7e22a64626d6c63,15556042673527549027
Hazardous/Hazardous/paints/15-new.jpg,15-new.jpg,Hazardous,82dc19ab41db2d7c,9429439943141961084
Hazardous/Hazardous/paints/18109287.jpg,18109287.jpg,Hazardous,eb4bc34bb4a4a4b4,16954859952087016628
Hazardous/Hazardous/paints/200x177-hazardous-waste-items.jpg,200x177-hazardous-waste-items.jpg,Hazardous,df801a6ff071902f,16104901335554560047
Hazardous/Hazardous/paints/20141208-02b_tcm100-1373849.jpg,20141208-02b_tcm100-1373849.jpg,Hazardous,afb2c47b5a6c1384,12660397536568939396
Hazardous/Hazardous/paints/2022-2023-HHW-Flyer-updated2.png,2022-2023-HHW-Flyer-updated2.png,Hazardous,84f1760e3b661b2e,9579567685891922734
Hazardous/Hazardous/paints/25375296_web1_HHW-jsj-210608_1.jpg,25375296_web1_HHW-jsj-210608_1.jpg,Hazardous,972d42602d8ff574,10893436054527800692
Hazardous/Hazardous/paints/3021738.JPG.jpg,3021738.JPG.jpg,Hazardous,b032363233cfcf31,12696269888756371249
Hazardous/Hazardous/paints/32242531531_03d057a31c_o.png,32242531531_03d057a31c_o.png,Hazardous,9eb56c4d70a5615a,11436165908635410778
Hazardous/Hazardous/paints/33-FT0807GageDiagramLG.jpg,33-FT0807GageDiagramLG.jpg,Hazardous,c5137a1b4b2727e4,14200828307672868836
Hazardous/Hazardous/paints/391w_e-waste-2049017_1280.jpg,391w_e-waste-2049017_1280.jpg,Hazardous,85e39353cb871e16,9647716814863932950
Hazardous/Hazardous/paints/40494_2020_388_Fig1_HTML.png,40494_2020_388_Fig1_HTML.png,Hazardous,ddccc13ca3483be2,15982361643812666338
Hazardous/Hazardous/paints/41LxYlhuRLL._AC_UF10001000_QL80_.jpg,41LxYlhuRLL._AC_UF10001000_QL80_.jpg,Hazardous,a9de7c2132cc3729,12240357319267596073
Hazardous/Hazardous/paints/5-Hazardous-Waste-Examples-Image-1.jpeg,5-Hazardous-Waste-Examples-Image-1.jpeg,Hazardous,cdda1eb6605836c5,14833202091347424965
Hazardous/Hazardous/paints/50215931-hazardous-waste-paints-and-varnishes.jpg,50215931-hazardous-waste-paints-and-varnishes.jpg,Hazardous,87854ce4eab13b78,9765295913096526712
Hazardous/Hazardous/paints/51AhrzGd8gL._AC_UF8941000_QL80_.jpg,51AhrzGd8gL._AC_UF8941000_QL80_.jpg,Hazardous,be4011e4bd1b3bf0,13708976939838684144
Hazardous/Hazardous/paints/51V5ThxCh2L._AC_SL1035_.jpg,51V5ThxCh2L._AC_SL1035_.jpg,Hazardous,ba808b2fb41bc7e4,13438894325075003364
Hazardous/Hazardous/paints/5350017_image_10_46.jpg,5350017_image_10_46.jpg,Hazardous,d5d7e858875720c3,15409040116996841667
Hazardous/Hazardous/paints/5350017_image_2_46.jpg,5350017_image_2_46.jpg,Hazardous,9840562f26fe257e,10970863452792169854
Hazardous/Hazardous/paints/640px-White_spirit.JPG.jpg,640px-White_spirit.JPG.jpg,Hazardous,819c1f2d2cf57592,9339374006147839378
Hazardous/Hazardous/paints/712jw2JuLGL.jpg,712jw2JuLGL.jpg,Hazardous,bae1870ed0e58c4f,13466192858518490191
Hazardous/Hazardous/paints/7EA97D7B-0886-4E16-85DB-2F3BBAC680DA.jpeg,7EA97D7B-0886-4E16-85DB-2F3BBAC680DA.jpeg,Hazardous,b5b7be2127ac4454,13094143491211805780
Hazardous/Hazardous/paints/8.jpg,8.jpg,Hazardous,80c1933ae55bceb5,9277858588525317813
Hazardous/Hazardous/paints/81B8lITyDxL._AC_UF10001000_QL80_.jpg,81B8lITyDxL._AC_UF10001000_QL80_.jpg,Hazardous,e7b8a45295e29a17,16697276293085043223
Hazardous/Hazardous/paints/81YecOeujXL._AC_SL1500_.jpg,81YecOeujXL._AC_SL1500_.jpg,Hazardous,bf35263f31c0c836,13777960687869413430
Hazardous/Hazardous/paints/8e22955011cf8d6d8ac7d13a1e62a2ee_XL.jpg,8e22955011cf8d6d8ac7d13a1e62a2ee_XL.jpg,Hazardous,93177c810dedc5cc,10599077141766063564
Hazardous/Hazardous/paints/9769-DS-19-0131_Household-Hazardous-Waste.jpg,9769-DS-19-0131_Household-Hazardous-Waste.jpg,Hazardous,ead49433931ac9cb,16921312649170045387
Hazardous/Hazardous/paints/984.jpg,984.jpg,Hazardous,ca8a49a8e5f2f495,14594558532208751765
Hazardous/Hazardous/paints/99-2.1800x1800.png,99-2.1800x1800.png,Hazardous,8de3f5901e1fc0ca,10224285578390651082
Hazardous/Hazardous/paints/AdobeStock_210581916.jpeg,AdobeStock_210581916.jpeg,Hazardous,e11b70925b631de9,16220682256805731817
Hazardous/Hazardous/paints/BX_Lacke-Makros-12_1110px.jpg,BX_Lacke-Makros-12_1110px.jpg,Hazardous,c11bde6c66679930,13914960030847179056
Hazardous/Hazardous/paints/CONTGLAS.jpg,CONTGLAS.jpg,Hazardous,f7a6ae1ba0349dc0,17845142007177321920
Hazardous/Hazardous/paints/CRL-new-header-pics-14-1024x384.png,CRL-new-header-pics-14-1024x384.png,Hazardous,db24059bb0e5d5b2,15790752359713723826
Hazardous/Hazardous/paints/Cans-for-solvent-waste.jpg,Cans-for-solvent-waste.jpg,Hazardous,ce1ab5e6c24d0769,14851382723914565481
Hazardous/Hazardous/paints/Chemic7.jpg,Chemic7.jpg,Hazardous,93130c794aa753be,10597828063215965118
Hazardous/Hazardous/paints/ChromaGlast-Sub-Solvent-Category.jpg,ChromaGlast-Sub-Solvent-Category.jpg,Hazardous,beb5c8d8c9c54aa1,13742110671414577825
Hazardous/Hazardous/paints/CitrusSolvent_Collection_RealMilkPaintCo_Web_2019_b4440ba8-7140-4254-8c06-eb0c61a89993.jpg,CitrusSolvent_Collection_RealMilkPaintCo_Web_2019_b4440ba8-7140-4254-8c06-eb0c61a89993.jpg,Hazardous,abf0d80fb03913ec,12389640136788874220
Hazardous/Hazardous/paints/Composition-of-Solvent-borne-Paints.png,Composition-of-Solvent-borne-Paints.png,Hazardous,a88ef511af623978,12145914701370505592
Hazardous/Hazardous/paints/Composition-of-Solvent-borne-Paints_Q320.jpg,Composition-of-Solvent-borne-Paints_Q320.jpg,Hazardous,aaaad111c7a39d66,12297871606782598502
Hazardous/Hazardous/paints/EWM_paint_2007.jpg,EWM_paint_2007.jpg,Hazardous,ef0000e7faf097b1,17221765971412293553
Hazardous/Hazardous/paints/Flow-sheet-for-the-three-stage-paint-stripper-waste-treatment-process.png,Flow-sheet-for-the-three-stage-paint-stripper-waste-treatment-process.png,Hazardous,bbcdf4876cb080f0,13532741317799477488
Hazardous/Hazardous/paints/HHW-1024x537.png,HHW-1024x537.png,Hazardous,bec5c14e8c38933e,13746605980722434878
Hazardous/Hazardous/paints/HouseholdHazWaste.jpg,HouseholdHazWaste.jpg,Hazardous,962167193347746f,10818041137852806255
Hazardous/Hazardous/paints/How-Water-based-paints-is-better-when-wompared-with-solvent-based-paints-1024x640.jpg,How-Water-based-paints-is-better-when-wompared-with-solvent-based-paints-1024x640.jpg,Hazardous,a556cca5a5b15a4b,11913934876076759627
Hazardous/Hazardous/paints/Hydrocarbon-Solvents-used-for-Solvent-Based-Paint-Formulation.png,Hydrocarbon-Solvents-used-for-Solvent-Based-Paint-Formulation.png,Hazardous,a32686769637a723,11756231721181751075
Hazardous/Hazardous/paints/IMG_1527-1024x668.jpg,IMG_1527-1024x668.jpg,Hazardous,d4d6f0921ea2aad5,15336710091426671317
Hazardous/Hazardous/paints/IMG_2666-scaled.jpeg,IMG_2666-scaled.jpeg,Hazardous,9ad56403bb28faa3,11156933619067976355
Hazardous/Hazardous/paints/IMG_2667-scaled.jpeg,IMG_2667-scaled.jpeg,Hazardous,988427dae4b3f1e4,10989952811784204772
Hazardous/Hazardous/paints/INF6348-Hazardous-Waste-banner-855x380-4-v2__ResizedImageWzg5MCwzOTZd.jpg,INF6348-Hazardous-Waste-banner-855x380-4-v2__ResizedImageWzg5MCwzOTZd.jpg,Hazardous,b5664a9b364d8d62,13071216998980881762
Hazardous/Hazardous/paints/Imagen-Ecobiofor.jpg,Imagen-Ecobiofor.jpg,Hazardous,87f0af4f59a4a01b,9795521944872067099
Hazardous/Hazardous/paints/JC_Licht_Blog_Water-Based_vs._Solvent-Based_Paints_800x800.png,JC_Licht_Blog_Water-Based_vs._Solvent-Based_Paints_800x800.png,Hazardous,d45619f50e84b6b3,15300445324339099315
Hazardous/Hazardous/paints/Methylated-rubber2_pdp_Thinners-1.jpg,Methylated-rubber2_pdp_Thinners-1.jpg,Hazardous,ec29c69293c69a9b,17017350999842921115
Hazardous/Hazardous/paints/Mineral-Spirits-vs.-Paint-Thinner-Mineral-Spirits-are-More-Effective.jpg,Mineral-Spirits-vs.-Paint-Thinner-Mineral-Spirits-are-More-Effective.jpg,Hazardous,c0ce2db577a0c38e,13893092157903913870
Hazardous/Hazardous/paints/Mixed_Brand_Solvents_Atmos_2.jpg,Mixed_Brand_Solvents_Atmos_2.jpg,Hazardous,d0ca6e95936e8473,15044959093887239283
Hazardous/Hazardous/paints/Mixed_Brand_Solvents_Atmos_3.jpg,Mixed_Brand_Solvents_Atmos_3.jpg,Hazardous,f6831ce86597239c,17763073139741762460
Hazardous/Hazardous/paints/NOVDEC18_WEB_Science-Chemicals_AdobeStock_175995879_Creid-makcoud.jpg,NOVDEC18_WEB_Science-Chemicals_AdobeStock_175995879_Creid-makcoud.jpg,Hazardous,84fdfd76460486c5,9583094266536953541
Hazardous/Hazardous/paints/North_Seattle_Household_Hazardous_Waste_Collection_Facility_01.jpg,North_Seattle_Household_Hazardous_Waste_Collection_Facility_01.jpg,Hazardous,ceb30434df97ac28,14894253017780431912
Hazardous/Hazardous/paints/Oil-Painting-Mediums_-A-Guide.webp,Oil-Painting-Mediums_-A-Guide.webp,Hazardous,da8e25994aa65ab9,15748566287273843385
Hazardous/Hazardous/paints/Oil-Painting-Solvent.jpg,Oil-Painting-Solvent.jpg,Hazardous,ea95857a9a63bc03,16903563538027756547
Hazardous/Hazardous/paints/Orange-and-Lavender-group-1.jpg,Orange-and-Lavender-group-1.jpg,Hazardous,8395f478f83e07a1,9481753390896514977
Hazardous/Hazardous/paints/Paint-Disposal-scaled.jpg,Paint-Disposal-scaled.jpg,Hazardous,8ec36417f59d6b04,10287176027912104708
Hazardous/Hazardous/paints/Paint-Solvents-and-Thinners.jpg,Paint-Solvents-and-Thinners.jpg,Hazardous,b3cccc33338ccc66,12955954748318338150
Hazardous/Hazardous/paints/Paint-Thinners.jpg,Paint-Thinners.jpg,Hazardous,be3ee06399d960c1,13708641034149912769
Hazardous/Hazardous/paints/PaintSolvents26Thinners.jpg,PaintSolvents26Thinners.jpg,Hazardous,eab14e4eb14e9662,16911384175642056290
Hazardous/Hazardous/paints/Paints-Varnishes-Hero.jpg,Paints-Varnishes-Hero.jpg,Hazardous,912a8730ee8c57f3,10460321728751753203
Hazardous/Hazardous/paints/PlasticWaste_topNteaser.jpg,PlasticWaste_topNteaser.jpg,Hazardous,916a6d36257570ea,10478307562354995434
Hazardous/Hazardous/paints/Recycled_solvent_or_virgin_maratek-881x588.jpg,Recycled_solvent_or_virgin_maratek-881x588.jpg,Hazardous,d56b386a4e580e5e,15378447381818773086
Hazardous/Hazardous/paints/Screen-Shot-2022-09-22-at-12.37.23-PM-568x400.png,Screen-Shot-2022-09-22-at-12.37.23-PM-568x400.png,Hazardous,c836f155ad09173d,14426983806605530941
Hazardous/Hazardous/paints/Soho_A4_PaintSolvents__91726__10832.1557412784.jpg,Soho_A4_PaintSolvents__91726__10832.1557412784.jpg,Hazardous,be6eb16a9881c5a5,13722100186027771301
Hazardous/Hazardous/paints/Solvent-Free-Web-1.jpg,Solvent-Free-Web-1.jpg,Hazardous,fb97a4a99b12e064,18129139873361354852
Hazardous/Hazardous/paints/Solvent-based-paints-1024x640.jpg,Solvent-based-paints-1024x640.jpg,Hazardous,950b573d7a3522b1,10739773657950003889
Hazardous/Hazardous/paints/Solvents.jpg,Solvents.jpg,Hazardous,fde5e50bc36a4c10,18295280899948432400
Hazardous/Hazardous/paints/Solvents2.jpg,Solvents2.jpg,Hazardous,ab87a16fe0f0ac70,12360025204228926576
Hazardous/Hazardous/paints/The-oil-painters-guide.jpg,The-oil-painters-guide.jpg,Hazardous,f6cfc9189ca469d0,17784654561053796816
Hazardous/Hazardous/paints/Trex-6.jpg,Trex-6.jpg,Hazardous,9e99692a64677645,11428281160223389253
Hazardous/Hazardous/paints/Untitled_design_51.png,Untitled_design_51.png,Hazardous,caf2946ca72c25b9,14623914134407488953
Hazardous/Hazardous/paints/WASTE-SERVICES-Paints-466x250-480w.jpg,WASTE-SERVICES-Paints-466x250-480w.jpg,Hazardous,fa2d197301da71cc,18027092865176990156
Hazardous/Hazardous/paints/WN_OMV_AWMO_Water_Solvent_03.jpg,WN_OMV_AWMO_Water_Solvent_03.jpg,Hazardous,cfeb30ed1e202355,14982122380348891989
Hazardous/Hazardous/paints/Water-Based-Paints-vs-Solvent-Based-Paints.jpg,Water-Based-Paints-vs-Solvent-Based-Paints.jpg,Hazardous,91b80e82769fc17d,10500158484713030013
Hazardous/Hazardous/paints/Water-based-paints-1024x640.jpg,Water-based-paints-1024x640.jpg,Hazardous,ebaf9468b0e5c192,16982955897202786706
Hazardous/Hazardous/paints/White-Spirit-1200x1200px.png,White-Spirit-1200x1200px.png,Hazardous,e49399c6936c6639,16470677340379964985
Hazardous/Hazardous/paints/aerosol_170164178_small-250x167.jpg,aerosol_170164178_small-250x167.jpg,Hazardous,d7a7326c0e5a98b1,15539444478943860913
Hazardous/Hazardous/paints/aerosolrecycling.jpg,aerosolrecycling.jpg,Hazardous,8af4a197d847d6d0,10012805545092175568
Hazardous/Hazardous/paints/bottles234.jpg,bottles234.jpg,Hazardous,d5c91be44f721817,15404874667796862999
Hazardous/Hazardous/paints/buckets-with-paint-dirty-glass-jars-brushes-spray-gun-solvents-and-other-art-supplies-2R3WH8J.jpg,buckets-with-paint-dirty-glass-jars-brushes-spray-gun-solvents-and-other-art-supplies-2R3WH8J.jpg,Hazardous,dfdb4a8611d436a8,16130568430042756776
Hazardous/Hazardous/paints/circle-paint-and-solvents-scaled.jpeg,circle-paint-and-solvents-scaled.jpeg,Hazardous,c727b8c027c766b8,14350641873079985848
Hazardous/Hazardous/paints/coschemicalcleanout-222.jpg,coschemicalcleanout-222.jpg,Hazardous,85725024756fab79,9615836271908727673
Hazardous/Hazardous/paints/deco-shine-paint-solvent-385994667-b0zph.jpg,deco-shine-paint-solvent-385994667-b0zph.jpg,Hazardous,c1a626b6cfd974a0,13953883062067098784
Hazardous/Hazardous/paints/empty-paint-cans-waiting-disposal-los-angeles-california-52298309.jpg,empty-paint-cans-waiting-disposal-los-angeles-california-52298309.jpg,Hazardous,aa6bc88a75359ad8,12280129305953278680
Hazardous/Hazardous/paints/haz.JPG.jpg,haz.JPG.jpg,Hazardous,d185a47a8e75784e,15097654172112484430
Hazardous/Hazardous/paints/hazardous-waste-l.jpg,hazardous-waste-l.jpg,Hazardous,c09b3f6d2c707938,13878756414801869112
Hazardous/Hazardous/paints/hazardous2Bhousehold2Bmaterials.jpg,hazardous2Bhousehold2Bmaterials.jpg,Hazardous,d5797a72cb0b06a8,15382460635711997608
Hazardous/Hazardous/paints/hazardouswaste_paints.jpg,hazardouswaste_paints.jpg,Hazardous,84ab171baee54a6c,9559760041689827948
Hazardous/Hazardous/paints/hhw.jpg,hhw.jpg,Hazardous,89da72ee3e03e194,9933378295687274900
Hazardous/Hazardous/paints/household-hazardous-waste.jpg,household-hazardous-waste.jpg,Hazardous,b6847239714acfcc,13151762402868121548
Hazardous/Hazardous/paints/household-hazardous-wastes.jpg,household-hazardous-wastes.jpg,Hazardous,bf20c01ab3799bca,13772218881411750858
Hazardous/Hazardous/paints/household_hazardous_waste_flier.png,household_hazardous_waste_flier.png,Hazardous,ba3e35d9d1c28cc4,13420223149254020292
Hazardous/Hazardous/paints/how-to-dispose-of-aerosol-cans-safely-header.jpg,how-to-dispose-of-aerosol-cans-safely-header.jpg,Hazardous,94e24e0a7674f539,10728223069193958713
Hazardous/Hazardous/paints/how-to-manage-hazardous-waste-in-auto-body-and-paint-shops.jpg,how-to-manage-hazardous-waste-in-auto-body-and-paint-shops.jpg,Hazardous,eb2b6b4b3e909898,16945755993828006040
Hazardous/Hazardous/paints/jp33a6-3.jpg,jp33a6-3.jpg,Hazardous,ea97956885199ecc,16904144002500632268
Hazardous/Hazardous/paints/m4_ss10_fig10.7.jpg,m4_ss10_fig10.7.jpg,Hazardous,af6b4cd0d0d4d4f0,12640281238885946608
Hazardous/Hazardous/paints/maxresdefault.jpg,maxresdefault.jpg,Hazardous,c28ae9640fe974b6,14018273406117049526
Hazardous/Hazardous/paints/maxresdefault2.jpg,maxresdefault2.jpg,Hazardous,b3525ea41e2be0d6,12921494339853213910
Hazardous/Hazardous/paints/maxresdefault3.jpg,maxresdefault3.jpg,Hazardous,b694a9999b96254e,13156326888661460302
Hazardous/Hazardous/paints/nexus3-paint-cans.png,nexus3-paint-cans.png,Hazardous,be67ecc0c3180f3c,13720195102458515260
Hazardous/Hazardous/paints/o-PAINTING-570.jpg,o-PAINTING-570.jpg,Hazardous,aaf4727c41e1cba8,12318596758771977128
Hazardous/Hazardous/paints/oil-painting-without-solvents.jpg,oil-painting-without-solvents.jpg,Hazardous,eca47c5960c4cabb,17051890812448983739
Hazardous/Hazardous/paints/p1dnoa0gj61o916ae19thirg155k6.jpg.optimal.jpg,p1dnoa0gj61o916ae19thirg155k6.jpg.optimal.jpg,Hazardous,f88697c9851d9672,17908167860062885490
Hazardous/Hazardous/paints/page_1.jpg,page_1.jpg,Hazardous,b939c78796347069,13346918355843706985
Hazardous/Hazardous/paints/page_image.jpg,page_image.jpg,Hazardous,e494abfbd1683033,16470978835239153715
Hazardous/Hazardous/paints/page_image2.jpg,page_image2.jpg,Hazardous,e3dce9b6ac618258,16419255312271376984
Hazardous/Hazardous/paints/paint-cans-household-hazardous-waste.jpg,paint-cans-household-hazardous-waste.jpg,Hazardous,ab8c42f9f74ab121,12361328718588326177
Hazardous/Hazardous/paints/paint-in-tin_iStock-1100x620px_copyright_janssenkruseproductions_1130426675_200917.jpg,paint-in-tin_iStock-1100x620px_copyright_janssenkruseproductions_1130426675_200917.jpg,Hazardous,e3b19c969b999264,16407067088156988004
Hazardous/Hazardous/paints/paint-thinner.jpg,paint-thinner.jpg,Hazardous,8f163424cbb6cc9b,10310485729552551067
Hazardous/Hazardous/paints/paint-waste-disposal-e1652382599202.png,paint-waste-disposal-e1652382599202.png,Hazardous,fcee803230e04fdd,18225645695071703005
Hazardous/Hazardous/paints/paintBuckets.jpg,paintBuckets.jpg,Hazardous,ef9b506ba4b852c2,17265482019710194370
Hazardous/Hazardous/paints/paint_storage.jpg,paint_storage.jpg,Hazardous,b9af550824e49b6b,13380006511408094059
Hazardous/Hazardous/paints/paintcans_Depositphotos_20131433_s-2019.jpg,paintcans_Depositphotos_20131433_s-2019.jpg,Hazardous,c79e31190f62695e,14383988243569994078
Hazardous/Hazardous/paints/paints-1-39fk2i757nrqtbo10u9845vnea4dhzvgtaw3aajb7a97m9zv4.jpg,paints-1-39fk2i757nrqtbo10u9845vnea4dhzvgtaw3aajb7a97m9zv4.jpg,Hazardous,fa0f07b9d082133f,18018629128781173567
Hazardous/Hazardous/paints/paints-1134393.jpg,paints-1134393.jpg,Hazardous,b30c543931945fdb,12901779637131304923
Hazardous/Hazardous/paints/paints-solvents.jpg,paints-solvents.jpg,Hazardous,fda49454850f374b,18276896278506846027
Hazardous/Hazardous/paints/paiting-a-wall_iStock-1251274075_1100x620px_200917.jpg,paiting-a-wall_iStock-1251274075_1100x620px_200917.jpg,Hazardous,b634c799cf343099,13129338277112066201
Hazardous/Hazardous/paints/people-mixing-paint.jpg,people-mixing-paint.jpg,Hazardous,b15758e4ba4fc681,12778780207088649857
Hazardous/Hazardous/paints/ppe42a14c4_06.png,ppe42a14c4_06.png,Hazardous,866f15876db3318a,9686984994902454666
Hazardous/Hazardous/paints/productgrid_solvents_w900-1.jpg,productgrid_solvents_w900-1.jpg,Hazardous,e4867cd74260d35d,16466986351500251997
Hazardous/Hazardous/paints/rulesofoilpainting1-carrielewis.jpg,rulesofoilpainting1-carrielewis.jpg,Hazardous,acbcb013686b97c6,12447017067547957190
Hazardous/Hazardous/paints/sca-journal-05oct2018-fa-hazmat-page-0001.jpg,sca-journal-05oct2018-fa-hazmat-page-0001.jpg,Hazardous,fa03870385ada5ed,18015391383609517549
Hazardous/Hazardous/paints/screenshot-2022-08-03-130744.png,screenshot-2022-08-03-130744.png,Hazardous,eb5a9438b4ed8465,16959030318091568229
Hazardous/Hazardous/paints/shutterstock_40569.jpg,shutterstock_40569.jpg,Hazardous,e4969b499a6992e6,16471523427579695846
Hazardous/Hazardous/paints/shutterstock_705650794-scaled-e1651069725819.jpg,shutterstock_705650794-scaled-e1651069725819.jpg,Hazardous,94d8324f4fb4474b,10725377828803856203
Hazardous/Hazardous/paints/sia-paint-solvents-1.jpg,sia-paint-solvents-1.jpg,Hazardous,bf61b1c7d0b1c258,13790499005743088216
Hazardous/Hazardous/paints/slide_6.jpg,slide_6.jpg,Hazardous,bfaf42d09485c9ac,13812332045781027244
Hazardous/Hazardous/paints/slide_62.jpg,slide_62.jpg,Hazardous,c056bf50a9de28f4,13859475256447478004
Hazardous/Hazardous/paints/soldier-paints-solvant-thinner-500x500.jpg,soldier-paints-solvant-thinner-500x500.jpg,Hazardous,bc4fc3d1c2646539,13569279507967534393
Hazardous/Hazardous/paints/soldier-paints-solvent-thinner-paint.jpg,soldier-paints-solvent-thinner-paint.jpg,Hazardous,b42ccbd3c32ccc35,12982975936175328309
Hazardous/Hazardous/paints/solvent-recovery-barrels-1024x485.jpg,solvent-recovery-barrels-1024x485.jpg,Hazardous,85d05b2be0ba33f2,9642307046212252658
Hazardous/Hazardous/paints/solvent-selection-mix-at-Jacksons.jpg,solvent-selection-mix-at-Jacksons.jpg,Hazardous,eac1892f935a66b4,16915952512808937140
Hazardous/Hazardous/paints/solvent-waste-container.webp,solvent-waste-container.webp,Hazardous,c8d3179c8e93b1c5,14470935988845916613
Hazardous/Hazardous/paints/solvents-paints-and-adhesives.jpg,solvents-paints-and-adhesives.jpg,Hazardous,956a62959d916b66,10766526253915794278
Hazardous/Hazardous/paints/test-tube_iStock-1063777306_1100x620px_200917.jpg,test-tube_iStock-1063777306_1100x620px_200917.jpg,Hazardous,d46627722a4d4ead,15304963754954673837
Hazardous/Hazardous/paints/thinning-oil-paint-feature-image.jpg,thinning-oil-paint-feature-image.jpg,Hazardous,cde43673d85a6b01,14836042943644199681
Hazardous/Hazardous/paints/ts-used-for-paint-painting-and-finishing-isolated-on-natural-white-411279802.jpg,ts-used-for-paint-painting-and-finishing-isolated-on-natural-white-411279802.jpg,Hazardous,b0cfc7b831a761c8,12740621464775385544
Hazardous/Hazardous/paints/tubes.jpg,tubes.jpg,Hazardous,d387467b5854a729,15242228959435597609
Hazardous/Hazardous/paints/uipment-for-Waste-Oil-Solvents-Sludge-Ash-Dust-Iron-Paint-Burning-Treatment.webp,uipment-for-Waste-Oil-Solvents-Sludge-Ash-Dust-Iron-Paint-Burning-Treatment.webp,Hazardous,ce1ef4092f08f2f1,14852576941395473137
Hazardous/Hazardous/paints/used_paint_cans.jpg,used_paint_cans.jpg,Hazardous,bc75ba904cad3453,13579965380330075219
Hazardous/Hazardous/paints/various-tins-of-paint-solvents-stirrers-in-a-tidy-collection-on-the-E565YW.jpg,various-tins-of-paint-solvents-stirrers-in-a-tidy-collection-on-the-E565YW.jpg,Hazardous,9e9f3dc038d3618c,11429922275086000524
Hazardous/Hazardous/paints/various-used-paint-tins-ready-for-disposal-scaled.jpeg,various-used-paint-tins-ready-for-disposal-scaled.jpeg,Hazardous,c7925d69867a4b31,14380659267956525873
Hazardous/Hazardous/paints/yellowPaint2.jpg,yellowPaint2.jpg,Hazardous,bfc0dcf0e21e110f,13817286583916564751
Hazardous/Hazardous/pesticides/0.42889600_1581698919_59.jpg,0.42889600_1581698919_59.jpg,Hazardous,c6b9636cccb2c8cc,14319585809143089356
Hazardous/Hazardous/pesticides/007243897_1-8f559f97b6cf58ab46d35d17e6771d24.png,007243897_1-8f559f97b6cf58ab46d35d17e6771d24.png,Hazardous,bf3fc191c2c4942e,13780946216559088686
Hazardous/Hazardous/pesticides/007655891_1-545b05bd3c57e9fd46f3f49e371a5673-768x994.png,007655891_1-545b05bd3c57e9fd46f3f49e371a5673-768x994.png,Hazardous,bf9dc0c861d0e363,13807403999454880611
Hazardous/Hazardous/pesticides/08c2d5475f254215f90c5fcde77ec4b4.jpg,08c2d5475f254215f90c5fcde77ec4b4.jpg,Hazardous,c6e6c6463230d67b,14332360868945254011
Hazardous/Hazardous/pesticides/1-s2.0-S2352186420313262-gr1.jpg,1-s2.0-S2352186420313262-gr1.jpg,Hazardous,d9bac640f845b34b,15689070234244068171
Hazardous/Hazardous/pesticides/1008x512_2_r_69841.png,1008x512_2_r_69841.png,Hazardous,84ba1bd46aad3a87,9563987357811423879
Hazardous/Hazardous/pesticides/1668775196_Impact-of-agricultural-use-of-pesticides-and-insecticides-on-health.jpg,1668775196_Impact-of-agricultural-use-of-pesticides-and-insecticides-on-health.jpg,Hazardous,defb02c4f10e0cf8,16067439140455451896
Hazardous/Hazardous/pesticides/170313-un-pesticides.jpg,170313-un-pesticides.jpg,Hazardous,e07e1c8c4fb2998e,16176398300519504270
Hazardous/Hazardous/pesticides/2018-Pesticide-Waste-Collection-Flyer-112818.jpg,2018-Pesticide-Waste-Collection-Flyer-112818.jpg,Hazardous,ae7ab78590c7c21a,12572563094045704730
Hazardous/Hazardous/pesticides/209531-dc.jpg,209531-dc.jpg,Hazardous,dc9ebc80839e53c3,15897350994814456771
Hazardous/Hazardous/pesticides/24168828280_943a25d118_z-640x400.jpg,24168828280_943a25d118_z-640x400.jpg,Hazardous,f82ff284591a958e,17883779295556048270
Hazardous/Hazardous/pesticides/3-Plants-species-used-for-Insecticides-Pesticides.jpg,3-Plants-species-used-for-Insecticides-Pesticides.jpg,Hazardous,9203d66b4b47c753,10521488910780450643
Hazardous/Hazardous/pesticides/43247_2022_601_Fig1_HTML.png,43247_2022_601_Fig1_HTML.png,Hazardous,d643aae6e0a97615,15439371856144594453
Hazardous/Hazardous/pesticides/50-wg-agricultural-pymetrozine-pesticides-500x500.jpeg,50-wg-agricultural-pymetrozine-pesticides-500x500.jpeg,Hazardous,f883e56f0f1445d1,17907408808512341457
Hazardous/Hazardous/pesticides/51v-y8IhbML._AC_UF10001000_QL80_.jpg,51v-y8IhbML._AC_UF10001000_QL80_.jpg,Hazardous,ea142aecfb0423cf,16867153701721351119
Hazardous/Hazardous/pesticides/59_92f2f7e8-b088-4d92-8367-bf806cf10b36_lg.jpg,59_92f2f7e8-b088-4d92-8367-bf806cf10b36_lg.jpg,Hazardous,c077139d4accb87c,13868575143796455548
Hazardous/Hazardous/pesticides/67f78e9db5cd4cdf3e4e8c84e7ef7e5fIMG_20200923_141824_Copy_.jpg,67f78e9db5cd4cdf3e4e8c84e7ef7e5fIMG_20200923_141824_Copy_.jpg,Hazardous,b992c64cb6ccc333,13371968276403110707
Hazardous/Hazardous/pesticides/81Fr9VLIgL._AC_UF10001000_QL80_.jpg,81Fr9VLIgL._AC_UF10001000_QL80_.jpg,Hazardous,b8e4419e81c33adf,13322845746706463455
Hazardous/Hazardous/pesticides/81YuimeaSNL._AC_UF10001000_QL80_.jpg,81YuimeaSNL._AC_UF10001000_QL80_.jpg,Hazardous,bbe1866e6919626c,13538249763620217452
Hazardous/Hazardous/pesticides/9788193863909__jpg-550x550h.jpg,9788193863909__jpg-550x550h.jpg,Hazardous,ed3a34c4e11e63cc,17094033355833238476
Hazardous/Hazardous/pesticides/9c049d8218f7898c19adcee99354e73422-24-pesticides-lede.rsquare.w1200.jpg,9c049d8218f7898c19adcee99354e73422-24-pesticides-lede.rsquare.w1200.jpg,Hazardous,b9da6a704d949da4,13392133472510057892
Hazardous/Hazardous/pesticides/A-landfill-for-disposal-of-pesticide-wastes-45_Q320.jpg,A-landfill-for-disposal-of-pesticide-wastes-45_Q320.jpg,Hazardous,8d1e1d8a47676279,10168597488389808761
Hazardous/Hazardous/pesticides/A-schematic-view-of-the-pesticide-cycle-in-an-ecosystem.png,A-schematic-view-of-the-pesticide-cycle-in-an-ecosystem.png,Hazardous,a6cc2cb44336db99,12019030658278415257
Hazardous/Hazardous/pesticides/AgBusPesticideCollection.jpg,AgBusPesticideCollection.jpg,Hazardous,9f605a8deb64358c,11484278615380866444
Hazardous/Hazardous/pesticides/Are-They-Hazardous-WastesE280A6-Pesticides-and-Herbicides.jpg,Are-They-Hazardous-WastesE280A6-Pesticides-and-Herbicides.jpg,Hazardous,d0e96d329a4d66b2,15053683293567149746
Hazardous/Hazardous/pesticides/Books-on-Agrochemicals-Pesticides-Insecticides-1.jpg,Books-on-Agrochemicals-Pesticides-Insecticides-1.jpg,Hazardous,f68b70e91e45215e,17765417301630591326
Hazardous/Hazardous/pesticides/Causes_and_effects_of_soil_pollution.jpg,Causes_and_effects_of_soil_pollution.jpg,Hazardous,9fc090aa76f4c81f,11511359709373581343
Hazardous/Hazardous/pesticides/Chemical-formulation.jpg,Chemical-formulation.jpg,Hazardous,c8b715c06a9765ea,14463052644489848298
Hazardous/Hazardous/pesticides/Cropduster_spraying_pesticides.jpg,Cropduster_spraying_pesticides.jpg,Hazardous,d5d5ecb5b0082c37,15408481965204581431
Hazardous/Hazardous/pesticides/Detected-pesticides-divided-into-three-groups-herbicides-insecticides-and-fungicides.png,Detected-pesticides-divided-into-three-groups-herbicides-insecticides-and-fungicides.png,Hazardous,a75273659865b4ac,12056826032609932460
Hazardous/Hazardous/pesticides/Diagram-showing-the-main-impacts-of-pesticides-on-soil-plant-and-arthropod-communities.png,Diagram-showing-the-main-impacts-of-pesticides-on-soil-plant-and-arthropod-communities.png,Hazardous,afb58f078870c39a,12661183189938652058
Hazardous/Hazardous/pesticides/EFFECTS-OF-PESTICIDES-AND-INSECTICIDES-ON-ENVIRONMENT-AND-HUMAN-HEALTH-BleedGreen.png,EFFECTS-OF-PESTICIDES-AND-INSECTICIDES-ON-ENVIRONMENT-AND-HUMAN-HEALTH-BleedGreen.png,Hazardous,98c27a6e86b866b5,11007495054372136629
Hazardous/Hazardous/pesticides/FLYING-INSECT-Pesticide-Insecticides.jpg,FLYING-INSECT-Pesticide-Insecticides.jpg,Hazardous,b52067b09607f85f,13051545728248707167
Hazardous/Hazardous/pesticides/GEF_ChemicalsWaste_2023_04-1.jpg,GEF_ChemicalsWaste_2023_04-1.jpg,Hazardous,e0f8bcc0e0b11f9e,16210914395309547422
Hazardous/Hazardous/pesticides/HERBICIDES-2.jpg,HERBICIDES-2.jpg,Hazardous,e7869e269c659998,16683195758310431128
Hazardous/Hazardous/pesticides/Hazardous-pesticide.jpg,Hazardous-pesticide.jpg,Hazardous,d2ace4181b73fa98,15180759236150033048
Hazardous/Hazardous/pesticides/How_to_Start_Manufacturing_Agrochemical_Products_in_India_corpseed.png,How_to_Start_Manufacturing_Agrochemical_Products_in_India_corpseed.png,Hazardous,b9e99f029416e1e9,13396413400013529577
Hazardous/Hazardous/pesticides/IMAGE_1651139094.webp,IMAGE_1651139094.webp,Hazardous,ca7a25cbb6c09936,14590015499694807350
Hazardous/Hazardous/pesticides/Image-5-800x450.jpg,Image-5-800x450.jpg,Hazardous,8ef004edd1157d47,10299737767257931079
Hazardous/Hazardous/pesticides/NThZgLN.jpg,NThZgLN.jpg,Hazardous,ef627a41c49ca13d,17249483945672483133
Hazardous/Hazardous/pesticides/PR-Draft1-1024x555.jpg,PR-Draft1-1024x555.jpg,Hazardous,c0eb19a3059b99f9,13901232862773615097
Hazardous/Hazardous/pesticides/Pesticide-use-herbicides-insecticides-fungicides-and-others-ie-sulfur-and-oils.png,Pesticide-use-herbicides-insecticides-fungicides-and-others-ie-sulfur-and-oils.png,Hazardous,f5c1879d98486a6e,17708584320731998830
Hazardous/Hazardous/pesticides/Pesticides-01.png,Pesticides-01.png,Hazardous,9e8e0d9e08dc3d2d,11425084277090172205
Hazardous/Hazardous/pesticides/Pesticides-02.png,Pesticides-02.png,Hazardous,b9c44ed17e9a198a,13385910654131116426
Hazardous/Hazardous/pesticides/Pesticides-1.jpg,Pesticides-1.jpg,Hazardous,ebbb1cb49414e994,16986201981462047124
Hazardous/Hazardous/pesticides/Pesticides-Food_1.jpg,Pesticides-Food_1.jpg,Hazardous,be1991555336c27c,13698139537278419580
Hazardous/Hazardous/pesticides/Pesticides-Pros-Cons-2.jpg,Pesticides-Pros-Cons-2.jpg,Hazardous,8aaa35054bea5757,9991857020139624279
Hazardous/Hazardous/pesticides/Pesticides.png,Pesticides.png,Hazardous,97c837c1cc336c36,10937053000563387446
Hazardous/Hazardous/pesticides/Pesticides2.jpg,Pesticides2.jpg,Hazardous,d1f56c581891f49d,15129117648846189725
Hazardous/Hazardous/pesticides/RS3523_UPL-Phoskill-Monocrotophos-02.jpg,RS3523_UPL-Phoskill-Monocrotophos-02.jpg,Hazardous,951b4a41ea99c7cd,10744262982991726541
Hazardous/Hazardous/pesticides/Screen-Shot-2018-05-16-at-7.33.54-PM.png,Screen-Shot-2018-05-16-at-7.33.54-PM.png,Hazardous,c02f4fd2798d23d4,13848375144588583892
Hazardous/Hazardous/pesticides/Types-of-Presticides-1.png,Types-of-Presticides-1.png,Hazardous,915a4ea813b575b5,10473770367195641269
Hazardous/Hazardous/pesticides/United-Chemicals-2.jpg,United-Chemicals-2.jpg,Hazardous,d6c9e1b294dc6e60,15477149751553322592
Hazardous/Hazardous/pesticides/What-Are-Pesticides-8-Types-of-Pesticides-Used-in-Agriculture.jpg,What-Are-Pesticides-8-Types-of-Pesticides-Used-in-Agriculture.jpg,Hazardous,f7c4e09c1dd9c918,17853641783923820824
Hazardous/Hazardous/pesticides/a-man-spraying-pesticides-into-a-field-of-crops-that-will-be-used-for-food.jpg,a-man-spraying-pesticides-into-a-field-of-crops-that-will-be-used-for-food.jpg,Hazardous,904e6c917bc565f2,10398367961747645938
Hazardous/Hazardous/pesticides/a-range-of-garden-pesticides-insecticides-found-within-a-household-GKNDHJ.jpg,a-range-of-garden-pesticides-insecticides-found-within-a-household-GKNDHJ.jpg,Hazardous,80a37b977f8ac870,9269388348668692592
Hazardous/Hazardous/pesticides/act-concept-vector-illustration-stop-herbicide-use-reduce-harmful-2287834549.jpg,act-concept-vector-illustration-stop-herbicide-use-reduce-harmful-2287834549.jpg,Hazardous,bd9f40c0609f1e8f,13663710989464313487
Hazardous/Hazardous/pesticides/agriculture-12-00600-g001.png,agriculture-12-00600-g001.png,Hazardous,ab86f069861acdb3,12359830563377040819
Hazardous/Hazardous/pesticides/agro2Binsecticide2B1.jpg,agro2Binsecticide2B1.jpg,Hazardous,ab15512a74de75a2,12327848797787813282
Hazardous/Hazardous/pesticides/aimco-products.jpg,aimco-products.jpg,Hazardous,c431db4e349fc0d3,14137321834229514451
Hazardous/Hazardous/pesticides/b1594insectisidespesticides_1.jpg,b1594insectisidespesticides_1.jpg,Hazardous,f0a40f7be0481bbd,17340001490001468349
Hazardous/Hazardous/pesticides/bioengineering-08-00092-g001.png,bioengineering-08-00092-g001.png,Hazardous,8280edcc9e3dd0f3,9403777485033558259
Hazardous/Hazardous/pesticides/bistar.jpg,bistar.jpg,Hazardous,f39dcc3291668ccc,17554411440119909580
Hazardous/Hazardous/pesticides/chlordiazinon1.jpg,chlordiazinon1.jpg,Hazardous,c52c6c13332e3b3b,14207849754165918523
Hazardous/Hazardous/pesticides/consider-these-tips-on-how-to-safely-dispose-of-pesticides_1646_40117501_0_14045613_500.jpg,consider-these-tips-on-how-to-safely-dispose-of-pesticides_1646_40117501_0_14045613_500.jpg,Hazardous,c0c3379c8eb333c5,13890006821289276357
Hazardous/Hazardous/pesticides/discarded-pesticide-cartons-cans-beside-fence-of-orange-orchard-in-ABHE97.jpg,discarded-pesticide-cartons-cans-beside-fence-of-orange-orchard-in-ABHE97.jpg,Hazardous,cab4358aa3e558cb,14606358361040836811
Hazardous/Hazardous/pesticides/discarded-pesticide-containers-include-cygon-267-and-dibtom-both-are-CP48BC.jpg,discarded-pesticide-containers-include-cygon-267-and-dibtom-both-are-CP48BC.jpg,Hazardous,8391058677f77cc1,9480364765688069313
Hazardous/Hazardous/pesticides/disposalbnr.jpg,disposalbnr.jpg,Hazardous,ee915ae1b58a4a5a,17190621178109774426
Hazardous/Hazardous/pesticides/e-suit-mask-lemon-trees-man-spraying-toxic-pesticides-insecticides-184466768.jpg,e-suit-mask-lemon-trees-man-spraying-toxic-pesticides-insecticides-184466768.jpg,Hazardous,86daf5be4a6481d8,9717349343645958616
Hazardous/Hazardous/pesticides/ecticides-chemical-spray-to-get-rid-of-weeds-and-insects-or-plant-1944918877.jpg,ecticides-chemical-spray-to-get-rid-of-weeds-and-insects-or-plant-1944918877.jpg,Hazardous,b8b8c69763c64743,13310607052209801027
Hazardous/Hazardous/pesticides/ecticides-vegetable-garden-man-protective-workwear-gloves-spraying-123408462.jpg,ecticides-vegetable-garden-man-protective-workwear-gloves-spraying-123408462.jpg,Hazardous,c0440ce6173ff15f,13854212536070566239
Hazardous/Hazardous/pesticides/eme-man-spraying-toxic-pesticides-or-insecticides-on-corn-growing-1715459710.jpg,eme-man-spraying-toxic-pesticides-or-insecticides-on-corn-growing-1715459710.jpg,Hazardous,99d9e4a268ececa4,11086143343945378980
Hazardous/Hazardous/pesticides/es-toxins-insecticides-pesticides-biocides-with-hazard-warning-signs-caution.jpg,es-toxins-insecticides-pesticides-biocides-with-hazard-warning-signs-caution.jpg,Hazardous,abf4d409e91b90da,12390761613833769178
Hazardous/Hazardous/pesticides/fa17b98d63c76d6ea77920e330f9d6cf.jpg,fa17b98d63c76d6ea77920e330f9d6cf.jpg,Hazardous,e086786cdd787689,16178751120342546057
Hazardous/Hazardous/pesticides/farmer-sprays-insectides-Japan-rice-paddy.jpg,farmer-sprays-insectides-Japan-rice-paddy.jpg,Hazardous,81f62689ababc1f1,9364714847896060401
Hazardous/Hazardous/pesticides/fig13.png,fig13.png,Hazardous,badae16982a48f99,13464321879257157529
Hazardous/Hazardous/pesticides/fmicb-13-962619-g001.jpg,fmicb-13-962619-g001.jpg,Hazardous,a6de9f2699534c06,12024223043255749638
Hazardous/Hazardous/pesticides/food-and-agriculture-organization-fao-locust-control-operation-preparation-F13K2X.jpg,food-and-agriculture-organization-fao-locust-control-operation-preparation-F13K2X.jpg,Hazardous,dad407c361bc7ac4,15768236731070708420
Hazardous/Hazardous/pesticides/foods-09-01468-ag.png,foods-09-01468-ag.png,Hazardous,adbc62b99b423253,12518989613496414803
Hazardous/Hazardous/pesticides/garbage.jpg,garbage.jpg,Hazardous,acd3eca99649166a,12453557607724553834
Hazardous/Hazardous/pesticides/gardener-sprays-pesticides-or-insecticides-vector-36700021.jpg,gardener-sprays-pesticides-or-insecticides-vector-36700021.jpg,Hazardous,fe9e018850d72fcc,18347103616937439180
Hazardous/Hazardous/pesticides/gardening-chemicalsinsecticidespesticides-items-from-a-garden-shed-M3TDW9.jpg,gardening-chemicalsinsecticidespesticides-items-from-a-garden-shed-M3TDW9.jpg,Hazardous,d4f021976bb71ce0,15343800864682220768
Hazardous/Hazardous/pesticides/herbicide-587589_960_720.jpg,herbicide-587589_960_720.jpg,Hazardous,91c27a3487f14f87,10503091647019044743
Hazardous/Hazardous/pesticides/how-mali-is-eliminating-hazardous-pesticides-en-01-780.jpg,how-mali-is-eliminating-hazardous-pesticides-en-01-780.jpg,Hazardous,a6879178cde192b5,11999719680188191413
Hazardous/Hazardous/pesticides/hpm_0000_0001_0_img0148.jpg,hpm_0000_0001_0_img0148.jpg,Hazardous,b8b8c847e67819f2,13310608909828364786
Hazardous/Hazardous/pesticides/hydro_new2.gif,hydro_new2.gif,Hazardous,beecc4073db8c291,13757586497089356433
Hazardous/Hazardous/pesticides/iStockpesticidefield1146x452-824x325.png,iStockpesticidefield1146x452-824x325.png,Hazardous,93bbaca4b593a524,10645291967641265444
Hazardous/Hazardous/pesticides/icide-spray-lettuce-iceberg-field-sunset-insecticides-agricultural-180035011.jpg,icide-spray-lettuce-iceberg-field-sunset-insecticides-agricultural-180035011.jpg,Hazardous,be9fc9e0341314bc,13735919353286825148
Hazardous/Hazardous/pesticides/icide-sprayers-inappropriate-protection-rice-fields-use-pesticides-127994497.jpg,icide-sprayers-inappropriate-protection-rice-fields-use-pesticides-127994497.jpg,Hazardous,8d9bb6e4b05889e5,10203950474065381861
Hazardous/Hazardous/pesticides/img-pesticides.jpg,img-pesticides.jpg,Hazardous,99a7b11a744eae98,11072012936092233368
Hazardous/Hazardous/pesticides/insecticide-fertilizer-icon_202271-741.jpg,insecticide-fertilizer-icon_202271-741.jpg,Hazardous,bec1c11e9e2972e1,13745479874958160609
Hazardous/Hazardous/pesticides/insecticide-hero.jpg,insecticide-hero.jpg,Hazardous,9176462e2aeb3bc2,10481642346853907394
Hazardous/Hazardous/pesticides/insecticidebnr.jpg,insecticidebnr.jpg,Hazardous,87c12fe8388df2ca,9782152540053172938
Hazardous/Hazardous/pesticides/insecticides-and-pesticides.jpeg,insecticides-and-pesticides.jpeg,Hazardous,ed1b9239922597c5,17085410387322836933
Hazardous/Hazardous/pesticides/jefferson-city-pesticide-collection-2018.jpg,jefferson-city-pesticide-collection-2018.jpg,Hazardous,fa90bafc190dc456,18055136498043176022
Hazardous/Hazardous/pesticides/latest-technical-book-on-insecticides-and-pesticides-hindi-original-imafvq28xeq9mwhd.jpeg,latest-technical-book-on-insecticides-and-pesticides-hindi-original-imafvq28xeq9mwhd.jpeg,Hazardous,bb943d83809ddb43,13516496016653540163
Hazardous/Hazardous/pesticides/mer-fumigate-in-protective-suit-and-mask-lemon-trees-man-spraying-1743156359.jpg,mer-fumigate-in-protective-suit-and-mask-lemon-trees-man-spraying-1743156359.jpg,Hazardous,95835ed541a33cdc,10773559003622620380
Hazardous/Hazardous/pesticides/miscellaneous-pesticides-stored-in-old-garden-shed-E672N1.jpg,miscellaneous-pesticides-stored-in-old-garden-shed-E672N1.jpg,Hazardous,b94647f0588f0da7,13350437242989907367
Hazardous/Hazardous/pesticides/miscellaneous-pesticides-stored-in-old-garden-shed-E672N3.jpg,miscellaneous-pesticides-stored-in-old-garden-shed-E672N3.jpg,Hazardous,a5af6e8a58d06ed0,11938882677657071312
Hazardous/Hazardous/pesticides/miscellaneous-pesticides-stored-in-old-garden-shed-E672N4.jpg,miscellaneous-pesticides-stored-in-old-garden-shed-E672N4.jpg,Hazardous,95a434172cfc4bd9,10782800681975434201
Hazardous/Hazardous/pesticides/n-spraying-toxic-pesticides-insecticides-corn-growing-plantation_473712-2324.jpg,n-spraying-toxic-pesticides-insecticides-corn-growing-plantation_473712-2324.jpg,Hazardous,95cc92d54d997364,10794163851727827812
Hazardous/Hazardous/pesticides/n-spraying-toxic-pesticides-insecticides-corn-growing-plantation_473712-3185.jpg,n-spraying-toxic-pesticides-insecticides-corn-growing-plantation_473712-3185.jpg,Hazardous,d1c9e4ad19635a1b,15116865056352197147
Hazardous/Hazardous/pesticides/n-spraying-toxic-pesticides-insecticides-corn-growing-plantation_473712-3189.jpg,n-spraying-toxic-pesticides-insecticides-corn-growing-plantation_473712-3189.jpg,Hazardous,9185e6cbcc7470dc,10486041070385000668
Hazardous/Hazardous/pesticides/natural-insecticide.jpg,natural-insecticide.jpg,Hazardous,c6c77150683b699e,14323541730035198366
Hazardous/Hazardous/pesticides/nsecticides-fungicides-molluscicides-plant-protections-in-agriculture-vector.jpg,nsecticides-fungicides-molluscicides-plant-protections-in-agriculture-vector.jpg,Hazardous,fe94816b947ed085,18344429481239695493
Hazardous/Hazardous/pesticides/obsoletes.jpg,obsoletes.jpg,Hazardous,99591a24a477e73c,11049891905410688828
Hazardous/Hazardous/pesticides/pest-control-tools-bottle-insecticide-disinfection-abstract-concept-graphic-design_133260-4276.jpg,pest-control-tools-bottle-insecticide-disinfection-abstract-concept-graphic-design_133260-4276.jpg,Hazardous,e4cd913bdb648925,16486993497143150885
Hazardous/Hazardous/pesticides/pesticide-jugs-r.jpg,pesticide-jugs-r.jpg,Hazardous,dd23d012895f1d5e,15934808684599647582
Hazardous/Hazardous/pesticides/pesticide-l.jpg,pesticide-l.jpg,Hazardous,c6b65c36b61319cc,14318733455323765196
Hazardous/Hazardous/pesticides/pesticide-muddle-1_660_032813015033.jpg,pesticide-muddle-1_660_032813015033.jpg,Hazardous,8fa0e06c4d4b5bda,10349518699455273946
Hazardous/Hazardous/pesticides/pesticide.jpg,pesticide.jpg,Hazardous,cacb1a2572c9ec4d,14612802164075654221
Hazardous/Hazardous/pesticides/pesticide2.jpg,pesticide2.jpg,Hazardous,c5d4bccf12729c31,14255226318088215601
Hazardous/Hazardous/pesticides/pesticideanalysis-180725161324-thumbnail.jpg,pesticideanalysis-180725161324-thumbnail.jpg,Hazardous,bac4e2b4e48b995a,13458130853046229338
Hazardous/Hazardous/pesticides/pesticides-148331_640.png,pesticides-148331_640.png,Hazardous,afd628c2670fd40d,12670359417071326221
Hazardous/Hazardous/pesticides/pesticides-bottles-illustrations-set_82574-2033.jpg,pesticides-bottles-illustrations-set_82574-2033.jpg,Hazardous,fa0b96c8c5379463,18017660523272180835
Hazardous/Hazardous/pesticides/pesticides-drawing_csp28269690.jpg,pesticides-drawing_csp28269690.jpg,Hazardous,bf1ed5c1c0e296c4,13771679738687035076
Hazardous/Hazardous/pesticides/pesticides-insecticides-using-spraying-hose-nozzle-farmer-spraying-123409059.jpg,pesticides-insecticides-using-spraying-hose-nozzle-farmer-spraying-123409059.jpg,Hazardous,b795caa22e4a9559,13228702278380852569
Hazardous/Hazardous/pesticides/pesticides.jpg,pesticides.jpg,Hazardous,914b45fad2c68ec6,10469538702333218502
Hazardous/Hazardous/pesticides/pesticides2.png,pesticides2.png,Hazardous,a5ad18d3c732f318,11938225485088224024
Hazardous/Hazardous/pesticides/pesticides3.jpg,pesticides3.jpg,Hazardous,cdda1eb6605836c5,14833202091347424965
Hazardous/Hazardous/pesticides/pesticides4.jpg,pesticides4.jpg,Hazardous,cc7c36796b280bb1,14734711975966149553
Hazardous/Hazardous/pesticides/pesticides_og.jpg,pesticides_og.jpg,Hazardous,c8d5f1c93a260f33,14471738824191250227
Hazardous/Hazardous/pesticides/phenyl-and-any-keetnashaak-pesticides-insecticides-original-imafjzmxq6gs5bgr.jpeg,phenyl-and-any-keetnashaak-pesticides-insecticides-original-imafjzmxq6gs5bgr.jpeg,Hazardous,e9183f60c30e39e7,16796244495100164583
Hazardous/Hazardous/pesticides/pic2.jpg,pic2.jpg,Hazardous,f3e6064c5c11799d,17574741520891869597
Hazardous/Hazardous/pesticides/reduce-the-need-for-pesticides-and-herbicides-us-environmental-.jpg,reduce-the-need-for-pesticides-and-herbicides-us-environmental-.jpg,Hazardous,eab1b54a9d0c6c5a,16911497407819967578
Hazardous/Hazardous/pesticides/rganic-ecological-agriculture-spray-pesticides-pesticide-on-fruit-1512406559.jpg,rganic-ecological-agriculture-spray-pesticides-pesticide-on-fruit-1512406559.jpg,Hazardous,a5d640bcfa8d4c0f,11949809841675783183
Hazardous/Hazardous/pesticides/son-sprays-toxic-pesticides-insecticides-plantation-weed-control_544249-1800.jpg,son-sprays-toxic-pesticides-insecticides-plantation-weed-control_544249-1800.jpg,Hazardous,cde9625e4de21e84,14837498604521922180
Hazardous/Hazardous/pesticides/spray-pesticides-farm-worker-spray-pesticide-insecticide-on-fruit-1812642349.jpg,spray-pesticides-farm-worker-spray-pesticide-insecticide-on-fruit-1812642349.jpg,Hazardous,9695b9b3bb11183c,10850783058807822396
Hazardous/Hazardous/pesticides/spraying-pesticides-28301470.jpg,spraying-pesticides-28301470.jpg,Hazardous,c14a2de4e71b3cb1,13927995258749795505
Hazardous/Hazardous/pesticides/spraying-pesticides.jpg,spraying-pesticides.jpg,Hazardous,a5c4da3ba1269ec9,11944912061334986441
Hazardous/Hazardous/pesticides/suelo_746x419.jpg,suelo_746x419.jpg,Hazardous,c1d2e81e87f51d58,13966480612256980312
Hazardous/Hazardous/pesticides/the-complete-technology-book-on-pesticides-insecticides-fungicides-and-herbicides-500x500.jpg,the-complete-technology-book-on-pesticides-insecticides-fungicides-and-herbicides-500x500.jpg,Hazardous,b8e4419e89c33a9f,13322845746840681119
Hazardous/Hazardous/pesticides/tiny-people-spraying-pesticides-insecticides-vegetables_778687-830.jpg,tiny-people-spraying-pesticides-insecticides-vegetables_778687-830.jpg,Hazardous,ef941269914ece36,17263443516236680758
Hazardous/Hazardous/pesticides/toxics-09-00042-ag.png,toxics-09-00042-ag.png,Hazardous,b3cf8caccc329c13,12956729326756338707
Hazardous/Hazardous/pesticides/toxics-09-00042-g001.png,toxics-09-00042-g001.png,Hazardous,f20f87f0a429599e,17442309349445294494
Hazardous/Hazardous/pesticides/tractor-spraying-pesticides-soy-bean-field-fields-136713412.jpg,tractor-spraying-pesticides-soy-bean-field-fields-136713412.jpg,Hazardous,fbdd90572265a483,18148820777286608003
Hazardous/Hazardous/pesticides/using-pesticides-and-insecticides-protected-with-mask-and-special-1424346491.jpg,using-pesticides-and-insecticides-protected-with-mask-and-special-1424346491.jpg,Hazardous,d3a440b979c73c93,15250385403539569811
Hazardous/Hazardous/pesticides/y-herbicides-farmers-spray-insecticides-in-rice-fields-in-vietnam-1827065294.jpg,y-herbicides-farmers-spray-insecticides-in-rice-fields-in-vietnam-1827065294.jpg,Hazardous,9fd061b7398d7091,11515811686758838417
Hazardous/Hazardous/pesticides/ycling-facilities-farmers-are-resorting-to-burning-the-plastic-waste-2BR5N84.jpg,ycling-facilities-farmers-are-resorting-to-burning-the-plastic-waste-2BR5N84.jpg,Hazardous,b1f15c9232b639aa,12822131397086296490
Non-Recyclable/Non-Recyclable/ceramic_product/-bowl-shape-star-bott-bottom-melted-broken-glass-bubbles-air-vessel-85817559.jpg,-bowl-shape-star-bott-bottom-melted-broken-glass-bubbles-air-vessel-85817559.jpg,Non-Recyclable,be69c0b40fc24ecb,13720709619351965387
Non-Recyclable/Non-Recyclable/ceramic_product/-broken-porcelain-vases-within-other-glass-ones-by-bouke-de-vries-sharecover.jpg,-broken-porcelain-vases-within-other-glass-ones-by-bouke-de-vries-sharecover.jpg,Non-Recyclable,e3ad8c58b5a5c85a,16405923330213136474
Non-Recyclable/Non-Recyclable/ceramic_product/09928-cover-opener.jpg,09928-cover-opener.jpg,Non-Recyclable,de019db4275c5a2d,15997240748476750381
Non-Recyclable/Non-Recyclable/ceramic_product/1-s2.0-S0959652618312502-egi10VHWB78ZW0.jpg,1-s2.0-S0959652618312502-egi10VHWB78ZW0.jpg,Non-Recyclable,83fff862d80e1307,9511594041445061383
Non-Recyclable/Non-Recyclable/ceramic_product/1000_F_172501432_IhEVRC2DHxNv7FchR8D5RbTA7f2gWbee.jpg,1000_F_172501432_IhEVRC2DHxNv7FchR8D5RbTA7f2gWbee.jpg,Non-Recyclable,c5f304f2006f7f85,14263749882248396677
Non-Recyclable/Non-Recyclable/ceramic_product/1000_F_180506836_FCGcDt6J9w5QbR2FrUHHhvjxbdICxNT2.jpg,1000_F_180506836_FCGcDt6J9w5QbR2FrUHHhvjxbdICxNT2.jpg,Non-Recyclable,d7a5072a6c0766ae,15538833968094209710
Non-Recyclable/Non-Recyclable/ceramic_product/1000_F_220512221_OCfWwiGHcPm7X37OJvsjbF5poVjBLNgZ.jpg,1000_F_220512221_OCfWwiGHcPm7X37OJvsjbF5poVjBLNgZ.jpg,Non-Recyclable,c6983962ccd93675,14310250912476116597
Non-Recyclable/Non-Recyclable/ceramic_product/1200x628-5-1024x536.jpg,1200x628-5-1024x536.jpg,Non-Recyclable,c7f8383932c636c6,14409328826088044230
Non-Recyclable/Non-Recyclable/ceramic_product/1f962803384fdb322c4df8ad882b6176.jpg,1f962803384fdb322c4df8ad882b6176.jpg,Non-Recyclable,90c12c5a6b7e3b2d,10430666978828892973
Non-Recyclable/Non-Recyclable/ceramic_product/22222222.jpg,22222222.jpg,Non-Recyclable,d96136223d61d53d,15663860499657905469
Non-Recyclable/Non-Recyclable/ceramic_product/30322484-clay-pottery-ceramics-in-background-broken-glass-debris-design-wall.jpg,30322484-clay-pottery-ceramics-in-background-broken-glass-debris-design-wall.jpg,Non-Recyclable,aea4a663895b2357,12584366205216432983
Non-Recyclable/Non-Recyclable/ceramic_product/31s3amSRHL._AC_UF8941000_QL80_.jpg,31s3amSRHL._AC_UF8941000_QL80_.jpg,Non-Recyclable,e2624a9ca69daccd,16312682836960062669
Non-Recyclable/Non-Recyclable/ceramic_product/339751732.jpg,339751732.jpg,Non-Recyclable,fe56fc13e101b162,18327112895940374882
Non-Recyclable/Non-Recyclable/ceramic_product/370177714.jpg,370177714.jpg,Non-Recyclable,d6c3499113d972e6,15475293632027259622
Non-Recyclable/Non-Recyclable/ceramic_product/3D5RzKh5xf0shYAlvPrUAnD5Sw3lHKXdYM0BF953.jpeg,3D5RzKh5xf0shYAlvPrUAnD5Sw3lHKXdYM0BF953.jpeg,Non-Recyclable,8ca476b8749b9e91,10134355596092874385
Non-Recyclable/Non-Recyclable/ceramic_product/3de69e4f-ae11-4b1c-9b81-e2cac38564cf.jpg,3de69e4f-ae11-4b1c-9b81-e2cac38564cf.jpg,Non-Recyclable,a490d8e271ec8fba,11858216285952053178
Non-Recyclable/Non-Recyclable/ceramic_product/58314b65035fe8c7.jpeg,58314b65035fe8c7.jpeg,Non-Recyclable,b481ca5b17343b9b,13006899691402836891
Non-Recyclable/Non-Recyclable/ceramic_product/5d6244dbed155216ff0b25ec8a3405f3.jpg,5d6244dbed155216ff0b25ec8a3405f3.jpg,Non-Recyclable,e296a4f5864e307e,16327418873505525886
Non-Recyclable/Non-Recyclable/ceramic_product/5j45j45j-min.jpg,5j45j45j-min.jpg,Non-Recyclable,899fd2989d1aab19,9916876457405754137
Non-Recyclable/Non-Recyclable/ceramic_product/640-close-up-of-ceramics_600x600_crop_center.jpg,640-close-up-of-ceramics_600x600_crop_center.jpg,Non-Recyclable,87858efb472395d0,9765368576904238544
Non-Recyclable/Non-Recyclable/ceramic_product/71OXpnqqnYL._AC_UF10001000_QL80_.jpg,71OXpnqqnYL._AC_UF10001000_QL80_.jpg,Non-Recyclable,eb32b149d1b18733,16947803278357399347
Non-Recyclable/Non-Recyclable/ceramic_product/800px_COLOURBOX5957211.jpg,800px_COLOURBOX5957211.jpg,Non-Recyclable,e566ca9e3509e0e9,16530122263153467625
Non-Recyclable/Non-Recyclable/ceramic_product/81xHJfbgGS.jpg,81xHJfbgGS.jpg,Non-Recyclable,be6cf183813f9298,13721607711802495640
Non-Recyclable/Non-Recyclable/ceramic_product/9.jpg,9.jpg,Non-Recyclable,bc34f5f21949968c,13561734798074549900
Non-Recyclable/Non-Recyclable/ceramic_product/Beauty-in-Broken-Things-Hero.jpg,Beauty-in-Broken-Things-Hero.jpg,Non-Recyclable,98666599da58cb2d,10981576452857187117
Non-Recyclable/Non-Recyclable/ceramic_product/Beer_bottles_2018_G1.jpg,Beer_bottles_2018_G1.jpg,Non-Recyclable,bad087e1819e61db,13461408688822444507
Non-Recyclable/Non-Recyclable/ceramic_product/Best-Glue-for-Ceramics_Hero_NEW.jpg,Best-Glue-for-Ceramics_Hero_NEW.jpg,Non-Recyclable,eeb4d11e1c636394,17200602804090266516
Non-Recyclable/Non-Recyclable/ceramic_product/Blog-Images-15.jpg,Blog-Images-15.jpg,Non-Recyclable,da3a827bbcc6e0a8,15725024516877246632
Non-Recyclable/Non-Recyclable/ceramic_product/Brock3-1080x810.jpg,Brock3-1080x810.jpg,Non-Recyclable,f93862cee4f0128f,17958212154883576463
Non-Recyclable/Non-Recyclable/ceramic_product/Broken-Ceramics-Glass-Mirror-Chips.webp,Broken-Ceramics-Glass-Mirror-Chips.webp,Non-Recyclable,c1e3c43b985e843f,13971226229271856191
Non-Recyclable/Non-Recyclable/ceramic_product/Broken-ceramic-mug-1024x597.jpg,Broken-ceramic-mug-1024x597.jpg,Non-Recyclable,9bd3703ec74ca544,11228441710898750788
Non-Recyclable/Non-Recyclable/ceramic_product/Crushed-ceramic-pots-waste-white-ceramics-24.png,Crushed-ceramic-pots-waste-white-ceramics-24.png,Non-Recyclable,81721c66d699df86,9327549006250368902
Non-Recyclable/Non-Recyclable/ceramic_product/DsixVthXoAAJ_eE.jpg,DsixVthXoAAJ_eE.jpg,Non-Recyclable,9c5cc69c37e71234,11267098742029226548
Non-Recyclable/Non-Recyclable/ceramic_product/EDII_NMUS_V_2007_289_1-001.jpg,EDII_NMUS_V_2007_289_1-001.jpg,Non-Recyclable,a31bd22dcd666932,11753218746714843442
Non-Recyclable/Non-Recyclable/ceramic_product/Glass-Before-After.jpg,Glass-Before-After.jpg,Non-Recyclable,8b93c0e0c67b37e2,10057594464483620834
Non-Recyclable/Non-Recyclable/ceramic_product/Glass-Recycling-Process-InContent.png,Glass-Recycling-Process-InContent.png,Non-Recyclable,d82353f28663cd0f,15574384237479185679
Non-Recyclable/Non-Recyclable/ceramic_product/Glass-recycling.jpg,Glass-recycling.jpg,Non-Recyclable,c3dfb620d12e454b,14114200009267103051
Non-Recyclable/Non-Recyclable/ceramic_product/Glass.jpg,Glass.jpg,Non-Recyclable,e0555d6129af3533,16164929109408822579
Non-Recyclable/Non-Recyclable/ceramic_product/How-to-Dispose-of-Broken-Glass-Shards.png,How-to-Dispose-of-Broken-Glass-Shards.png,Non-Recyclable,bd92c647ccc93493,13660198631448851603
Non-Recyclable/Non-Recyclable/ceramic_product/How-to-dispose-of-broken-glass-Cover.webp,How-to-dispose-of-broken-glass-Cover.webp,Non-Recyclable,f08bcf3099e662c9,17333175398512878281
Non-Recyclable/Non-Recyclable/ceramic_product/IMG_3214.JPG.jpg,IMG_3214.JPG.jpg,Non-Recyclable,c9065f5c4437b8da,14485370101369911514
Non-Recyclable/Non-Recyclable/ceramic_product/ImageForNews_59851_16615112202202141.jpg,ImageForNews_59851_16615112202202141.jpg,Non-Recyclable,fb948e780de611b1,18128271046353490353
Non-Recyclable/Non-Recyclable/ceramic_product/Is-Recycling-Glass-Worth-It.jpg,Is-Recycling-Glass-Worth-It.jpg,Non-Recyclable,91431f27617c5c37,10467244212938890295
Non-Recyclable/Non-Recyclable/ceramic_product/J-152-019-thumb-1600x900---3890.jpg,J-152-019-thumb-1600x900---3890.jpg,Non-Recyclable,ea96c551cc5a2778,16903915206493218680
Non-Recyclable/Non-Recyclable/ceramic_product/Kintsugi-Card.png,Kintsugi-Card.png,Non-Recyclable,a14996b7c9266759,11621986029504194393
Non-Recyclable/Non-Recyclable/ceramic_product/LZSBWTVMZFLHTBPVKNOIAGPNEY.jpg,LZSBWTVMZFLHTBPVKNOIAGPNEY.jpg,Non-Recyclable,9e3a674c2672c539,11401538983402063161
Non-Recyclable/Non-Recyclable/ceramic_product/Photo-Waste-Recycled-glass-lifecycle.png,Photo-Waste-Recycled-glass-lifecycle.png,Non-Recyclable,d94d0f5adc4a3709,15658188362354407177
Non-Recyclable/Non-Recyclable/ceramic_product/Recycle-Disposal.png,Recycle-Disposal.png,Non-Recyclable,9ec0e139990ee7d2,11439390691018336210
Non-Recyclable/Non-Recyclable/ceramic_product/Recycled-glass-tile.jpg,Recycled-glass-tile.jpg,Non-Recyclable,fc83428329f38737,18195460050618910519
Non-Recyclable/Non-Recyclable/ceramic_product/Tea-Bowl2-1024x739.jpg,Tea-Bowl2-1024x739.jpg,Non-Recyclable,e5cd92d2d8929c3a,16559052839185456186
Non-Recyclable/Non-Recyclable/ceramic_product/Turn-a-Broken-Porcelain-Vase-into-an-Art-Piece-with-3D-Printing-Pen_FacFox-1.jpg,Turn-a-Broken-Porcelain-Vase-into-an-Art-Piece-with-3D-Printing-Pen_FacFox-1.jpg,Non-Recyclable,f2c91e16e9f120ce,17494547311260410062
Non-Recyclable/Non-Recyclable/ceramic_product/WDPRGPFC001b-Waste-Broken-Glass-n-Ceramic-Pieces-Living-2-scaled.jpg,WDPRGPFC001b-Waste-Broken-Glass-n-Ceramic-Pieces-Living-2-scaled.jpg,Non-Recyclable,e2e80fa5dc2e20de,16350335652206616798
Non-Recyclable/Non-Recyclable/ceramic_product/WDPRGPFC001b-Waste-Broken-Glass-n-Ceramic-Pieces-design.jpg,WDPRGPFC001b-Waste-Broken-Glass-n-Ceramic-Pieces-design.jpg,Non-Recyclable,fa1b846691e0f0db,18022143909922140379
Non-Recyclable/Non-Recyclable/ceramic_product/Your-Complete-Guide-to-Safely-Disposing-of-Broken-Glass-1-y8t9a48ynxihx5k9r33im8.jpg,Your-Complete-Guide-to-Safely-Disposing-of-Broken-Glass-1-y8t9a48ynxihx5k9r33im8.jpg,Non-Recyclable,ca5e88f0037595d7,14582243207903811031
Non-Recyclable/Non-Recyclable/ceramic_product/_118448907_154c85b8-47e0-4a98-8dd6-37e588315d9d.jpg,_118448907_154c85b8-47e0-4a98-8dd6-37e588315d9d.jpg,Non-Recyclable,b6d00a3931f729d3,13173040150826396115
Non-Recyclable/Non-Recyclable/ceramic_product/amic-tiles-floor-family-quarrel-irritation-broken-dishes-for-happiness-photo.jpg,amic-tiles-floor-family-quarrel-irritation-broken-dishes-for-happiness-photo.jpg,Non-Recyclable,c850935bcd6d7a92,14434198828220250770
Non-Recyclable/Non-Recyclable/ceramic_product/arts-crockery-halves-broken-white-cup-disintegration-accident-cut_695181-454.jpg,arts-crockery-halves-broken-white-cup-disintegration-accident-cut_695181-454.jpg,Non-Recyclable,838e30ada7b58c37,9479567788062641207
Non-Recyclable/Non-Recyclable/ceramic_product/bdv-db-05.jpg,bdv-db-05.jpg,Non-Recyclable,dd346263daca3187,15939473162182996359
Non-Recyclable/Non-Recyclable/ceramic_product/better-kintsugi-kumai.jpg,better-kintsugi-kumai.jpg,Non-Recyclable,c3b23795922f4c33,14101394498792672307
Non-Recyclable/Non-Recyclable/ceramic_product/blue-crystalline-kintsugi-vase-2a.jpg,blue-crystalline-kintsugi-vase-2a.jpg,Non-Recyclable,fb93d11e4b68e424,18128062853140767780
Non-Recyclable/Non-Recyclable/ceramic_product/blue-vase-badly-broken.jpg,blue-vase-badly-broken.jpg,Non-Recyclable,b4d899b54c7eaa06,13031334525748029958
Non-Recyclable/Non-Recyclable/ceramic_product/bouke-de-vries-broken-ceramics-sculptures-kintsugi-designboom-8.jpg,bouke-de-vries-broken-ceramics-sculptures-kintsugi-designboom-8.jpg,Non-Recyclable,e5f88ac66c399998,16571147413733611928
Non-Recyclable/Non-Recyclable/ceramic_product/bowl-bottom-broken-glass-w-melted-bubbles-air-vessel-was-lying-flat-85817560.jpg,bowl-bottom-broken-glass-w-melted-bubbles-air-vessel-was-lying-flat-85817560.jpg,Non-Recyclable,eaeb94a51892369b,16927787061204891291
Non-Recyclable/Non-Recyclable/ceramic_product/breaking_glass_blog_banner.jpg,breaking_glass_blog_banner.jpg,Non-Recyclable,9261f59be1e06a36,10547981852136729142
Non-Recyclable/Non-Recyclable/ceramic_product/broken-bottles-4-1024x818.jpg,broken-bottles-4-1024x818.jpg,Non-Recyclable,87e8622c2d56eacd,9793185331595897549
Non-Recyclable/Non-Recyclable/ceramic_product/broken-bottles.jpg,broken-bottles.jpg,Non-Recyclable,f1cec58f9860392d,17424081228870465837
Non-Recyclable/Non-Recyclable/ceramic_product/broken-ceramic-glass-which-damaged-260nw-1420943837.jpg,broken-ceramic-glass-which-damaged-260nw-1420943837.jpg,Non-Recyclable,c8179b48b51bcb17,14418163468628380439
Non-Recyclable/Non-Recyclable/ceramic_product/broken-chinese-ceramic-vase-on-white-background-CR2H8C.jpg,broken-chinese-ceramic-vase-on-white-background-CR2H8C.jpg,Non-Recyclable,b2b749c90e8e33c3,12877842787370677187
Non-Recyclable/Non-Recyclable/ceramic_product/broken-glass-mosaic-tile-decoration-in-park-guell-barcelona-spain-1017069073.jpg,broken-glass-mosaic-tile-decoration-in-park-guell-barcelona-spain-1017069073.jpg,Non-Recyclable,edad14e249c96a9c,17126367920092965532
Non-Recyclable/Non-Recyclable/ceramic_product/broken-glass-mosaic-tiles-bench-as-ceramic-art-in-park-guell-barcelona-spain-2B6HY56.jpg,broken-glass-mosaic-tiles-bench-as-ceramic-art-in-park-guell-barcelona-spain-2B6HY56.jpg,Non-Recyclable,83d7579530ba30b6,9500158237240602806
Non-Recyclable/Non-Recyclable/ceramic_product/broken-glass-separated-by-color-and-prepared-for-recycling-at-a-glass-CC88DY.jpg,broken-glass-separated-by-color-and-prepared-for-recycling-at-a-glass-CC88DY.jpg,Non-Recyclable,eed836aa51a149f2,17210566081138215410
Non-Recyclable/Non-Recyclable/ceramic_product/broken-glass-waste-and-disposal-drawing_csp79427295.jpg,broken-glass-waste-and-disposal-drawing_csp79427295.jpg,Non-Recyclable,ba639313c79c684b,13430740226911529035
Non-Recyclable/Non-Recyclable/ceramic_product/broken-plastic-glass-ceramic-trash-polluting-rocky-shoreline-lake-washington-close-up-166216643.jpg,broken-plastic-glass-ceramic-trash-polluting-rocky-shoreline-lake-washington-close-up-166216643.jpg,Non-Recyclable,f441788474a3af79,17600481329028509561
Non-Recyclable/Non-Recyclable/ceramic_product/broken20mug.png,broken20mug.png,Non-Recyclable,c66b39946892e733,14297584751590172467
Non-Recyclable/Non-Recyclable/ceramic_product/c7c78ff954653f5d1aa71fc29f6ed604.jpg,c7c78ff954653f5d1aa71fc29f6ed604.jpg,Non-Recyclable,be72a5a129d55728,13723213126161487656
Non-Recyclable/Non-Recyclable/ceramic_product/colored-glass-pieces.jpg,colored-glass-pieces.jpg,Non-Recyclable,9e41e56ee13e4037,11403647995866923063
Non-Recyclable/Non-Recyclable/ceramic_product/colorful-broken-glass-pottery-on-260nw-1532128616.jpg,colorful-broken-glass-pottery-on-260nw-1532128616.jpg,Non-Recyclable,8714f06d8313fd4e,9733669047795711310
Non-Recyclable/Non-Recyclable/ceramic_product/de-bowl-in-the-shape-of-a-star-at-the-bottom-of-the-bowl-melted-broken-glass.jpg,de-bowl-in-the-shape-of-a-star-at-the-bottom-of-the-bowl-melted-broken-glass.jpg,Non-Recyclable,eab7d1e48e5a4819,16913217705184217113
Non-Recyclable/Non-Recyclable/ceramic_product/depositphotos_234468602-stock-photo-collage-tile-decoration-broken-glass.jpg,depositphotos_234468602-stock-photo-collage-tile-decoration-broken-glass.jpg,Non-Recyclable,d194215f17181f7b,15101732142773182331
Non-Recyclable/Non-Recyclable/ceramic_product/depositphotos_8204577-stock-photo-broken-bottle.jpg,depositphotos_8204577-stock-photo-broken-bottle.jpg,Non-Recyclable,8601ade79a8a65be,9656190286300865982
Non-Recyclable/Non-Recyclable/ceramic_product/dishes-not-recyclable.jpg,dishes-not-recyclable.jpg,Non-Recyclable,a8ebd61421cd4ee3,12172057799853690595
Non-Recyclable/Non-Recyclable/ceramic_product/drop-coffee-by-roar-studio-dubai_dezeen_2364_col_hero1-852x479.jpg,drop-coffee-by-roar-studio-dubai_dezeen_2364_col_hero1-852x479.jpg,Non-Recyclable,d1956817e02b7fa8,15102091377211309992
Non-Recyclable/Non-Recyclable/ceramic_product/e-clay-broken-ceramic-jug-waste-handmade-plasticine-isolated-white-163744973.jpg,e-clay-broken-ceramic-jug-waste-handmade-plasticine-isolated-white-163744973.jpg,Non-Recyclable,f8e8047d938dc2b3,17935590453395964595
Non-Recyclable/Non-Recyclable/ceramic_product/e-patterns-isolated-white-background-vector-cartoon-illustration_76964-12318.jpg,e-patterns-isolated-white-background-vector-cartoon-illustration_76964-12318.jpg,Non-Recyclable,ef65d08f901a0f72,17250423262729080690
Non-Recyclable/Non-Recyclable/ceramic_product/e-patterns-isolated-white-background-vector-cartoon-illustration_76964-12320.jpg,e-patterns-isolated-white-background-vector-cartoon-illustration_76964-12320.jpg,Non-Recyclable,ee1fb1e0913ec0c5,17158628683372478661
Non-Recyclable/Non-Recyclable/ceramic_product/f81b7221c3c8ec31c91a739838b342e1--mosaic-tray-mosaic-tables.jpg,f81b7221c3c8ec31c91a739838b342e1--mosaic-tray-mosaic-tables.jpg,Non-Recyclable,803871a13b1e57ef,9239259572846090223
Non-Recyclable/Non-Recyclable/ceramic_product/fd315fee1ce664f215b7fc517d259bde.jpg,fd315fee1ce664f215b7fc517d259bde.jpg,Non-Recyclable,e4a5f91989b292ce,16475848699884507854
Non-Recyclable/Non-Recyclable/ceramic_product/file-20221102-45064-bw9n55.jpg,file-20221102-45064-bw9n55.jpg,Non-Recyclable,b0ccc7639836ec63,12739776676493716579
Non-Recyclable/Non-Recyclable/ceramic_product/glass-disposal.jpeg,glass-disposal.jpeg,Non-Recyclable,c4d9b47cd38c7483,14184566949598229635
Non-Recyclable/Non-Recyclable/ceramic_product/glass-for-recycling.jpg,glass-for-recycling.jpg,Non-Recyclable,f3c6b9198631cd31,17565930915881930033
Non-Recyclable/Non-Recyclable/ceramic_product/glass-waste-stock-image_csp12318466.jpg,glass-waste-stock-image_csp12318466.jpg,Non-Recyclable,824ded1cf74bf840,9389421506801170496
Non-Recyclable/Non-Recyclable/ceramic_product/granby-workshop-assemble-ceramics-design_dezeen_2364_col_5-852x852.jpg,granby-workshop-assemble-ceramics-design_dezeen_2364_col_5-852x852.jpg,Non-Recyclable,af9dca038566a6cc,12654492644452771532
Non-Recyclable/Non-Recyclable/ceramic_product/granby-workshop-waste-ceramics-design_dezeen_2364_sq-1.jpg,granby-workshop-waste-ceramics-design_dezeen_2364_sq-1.jpg,Non-Recyclable,fe5e205a9589968d,18329123106872465037
Non-Recyclable/Non-Recyclable/ceramic_product/granbyware2.jpg,granbyware2.jpg,Non-Recyclable,ca007c592cbbf935,14555770718105893173
Non-Recyclable/Non-Recyclable/ceramic_product/guide-glass-brokenglass.jpg,guide-glass-brokenglass.jpg,Non-Recyclable,ee94d9c0934f3638,17191605098708416056
Non-Recyclable/Non-Recyclable/ceramic_product/handmade-old-clay-pottery-ceramics-picture_csp21200013.jpg,handmade-old-clay-pottery-ceramics-picture_csp21200013.jpg,Non-Recyclable,aa86a672895b6337,12287691644187927351
Non-Recyclable/Non-Recyclable/ceramic_product/hong-kong-august-01-a-mix-of-broken-glass-shattered-ceramics-building-HKCCMG.jpg,hong-kong-august-01-a-mix-of-broken-glass-shattered-ceramics-building-HKCCMG.jpg,Non-Recyclable,e1cd46d40e931de6,16270738905351003622
Non-Recyclable/Non-Recyclable/ceramic_product/how_to_creatively_use_the_broken_coffee_mugs.jpg,how_to_creatively_use_the_broken_coffee_mugs.jpg,Non-Recyclable,944ce7701331df27,10686170484387733287
Non-Recyclable/Non-Recyclable/ceramic_product/hq720.jpg,hq720.jpg,Non-Recyclable,b04b6b5d68cc9725,12703365222862984997
Non-Recyclable/Non-Recyclable/ceramic_product/image-asset.jpeg,image-asset.jpeg,Non-Recyclable,aded52c629121b79,12532764349088013177
Non-Recyclable/Non-Recyclable/ceramic_product/kintsugi-art-japanese-broken-pottery.jpeg,kintsugi-art-japanese-broken-pottery.jpeg,Non-Recyclable,d68378cf619a3519,15457331178156733721
Non-Recyclable/Non-Recyclable/ceramic_product/kintsugi-hero.jpg,kintsugi-hero.jpg,Non-Recyclable,b70a9adcc14389bd,13189524731633830333
Non-Recyclable/Non-Recyclable/ceramic_product/kintsugi-portata.png,kintsugi-portata.png,Non-Recyclable,9db078d56ac6619c,11362714717870514588
Non-Recyclable/Non-Recyclable/ceramic_product/kintsugi_2048x2048.jpg,kintsugi_2048x2048.jpg,Non-Recyclable,ea9a94e5c1419f17,16904987865799302935
Non-Recyclable/Non-Recyclable/ceramic_product/lacey-williams-175638-unsplash-1024x595.jpg,lacey-williams-175638-unsplash-1024x595.jpg,Non-Recyclable,ddf148da227f3304,15992643853488173828
Non-Recyclable/Non-Recyclable/ceramic_product/largepreview.png,largepreview.png,Non-Recyclable,aff0d30f699750c0,12677865014197440704
Non-Recyclable/Non-Recyclable/ceramic_product/letsbeclear-glass-jp-dd3_original.jpg,letsbeclear-glass-jp-dd3_original.jpg,Non-Recyclable,af91320fc5e4c9cc,12650947871586437580
Non-Recyclable/Non-Recyclable/ceramic_product/maxresdefault.jpg,maxresdefault.jpg,Non-Recyclable,da259c48a272e3f3,15719141910183601139
Non-Recyclable/Non-Recyclable/ceramic_product/maxresdefault2.jpg,maxresdefault2.jpg,Non-Recyclable,e1b56a56a16b6266,16264022549626315366
Non-Recyclable/Non-Recyclable/ceramic_product/mosaic-china-crafts.jpg,mosaic-china-crafts.jpg,Non-Recyclable,bc0892f3a746f195,13549241054125289877
Non-Recyclable/Non-Recyclable/ceramic_product/msw-small.jpg,msw-small.jpg,Non-Recyclable,ff6cc0939b380e4c,18405297517353242188
Non-Recyclable/Non-Recyclable/ceramic_product/new_guide_available_for_fractography_of_ceramics_and_glasses.jpg,new_guide_available_for_fractography_of_ceramics_and_glasses.jpg,Non-Recyclable,d08211ba67bb6eb4,15024590799163322036
Non-Recyclable/Non-Recyclable/ceramic_product/nish-gray_glaze2C_gold_lacquer_-_Ethnological_Museum2C_Berlin_-_DSC02061.JPG.jpg,nish-gray_glaze2C_gold_lacquer_-_Ethnological_Museum2C_Berlin_-_DSC02061.JPG.jpg,Non-Recyclable,afd02dc0139fc35c,12668676054779413340
Non-Recyclable/Non-Recyclable/ceramic_product/original.jpg,original.jpg,Non-Recyclable,cb90b6aa4d9e88b6,14668424828908636342
Non-Recyclable/Non-Recyclable/ceramic_product/p037kb0l.jpg,p037kb0l.jpg,Non-Recyclable,d696691b650d3636,15462661937003574838
Non-Recyclable/Non-Recyclable/ceramic_product/plastic_bag_contamination_.gif,plastic_bag_contamination_.gif,Non-Recyclable,8d784333de2fc10b,10193971646603182347
Non-Recyclable/Non-Recyclable/ceramic_product/plate-blue-broken-cemetery.jpg,plate-blue-broken-cemetery.jpg,Non-Recyclable,c7f878e7c58c1234,14409399944618971700
Non-Recyclable/Non-Recyclable/ceramic_product/plate-smashed-blue-glass.jpg,plate-smashed-blue-glass.jpg,Non-Recyclable,e5981a4b8d30f39e,16544002142939181982
Non-Recyclable/Non-Recyclable/ceramic_product/r-broken-ceramic-vase-green-bottle-dandellions-remains-of-the-paint-old-wood.jpg,r-broken-ceramic-vase-green-bottle-dandellions-remains-of-the-paint-old-wood.jpg,Non-Recyclable,d3f36ecc6190c469,15272672585432745065
Non-Recyclable/Non-Recyclable/ceramic_product/recycled-glass-powder-500x500.jpg,recycled-glass-powder-500x500.jpg,Non-Recyclable,e63751535938acac,16588817170863533228
Non-Recyclable/Non-Recyclable/ceramic_product/recycled-glass.jpg,recycled-glass.jpg,Non-Recyclable,a961b21ef3349723,12205232311149827875
Non-Recyclable/Non-Recyclable/ceramic_product/recycling-06-00026-g001.png,recycling-06-00026-g001.png,Non-Recyclable,c666f307b9489bb0,14296381281633082288
Non-Recyclable/Non-Recyclable/ceramic_product/recycling-glass.jpg,recycling-glass.jpg,Non-Recyclable,ccf472073edd8286,14768554453499740806
Non-Recyclable/Non-Recyclable/ceramic_product/repurpose-china.jpg,repurpose-china.jpg,Non-Recyclable,cae6991935b79151,14620541573859348817
Non-Recyclable/Non-Recyclable/ceramic_product/rritory-india-feb-a-beautiful-pattern-of-bird-made-with-waste-and-2284142049.jpg,rritory-india-feb-a-beautiful-pattern-of-bird-made-with-waste-and-2284142049.jpg,Non-Recyclable,8a9b7c9770c670a5,9987713588498165925
Non-Recyclable/Non-Recyclable/ceramic_product/shards-of-broken-pottery-CFKKAG.jpg,shards-of-broken-pottery-CFKKAG.jpg,Non-Recyclable,d88b67847af425b1,15603679152651380145
Non-Recyclable/Non-Recyclable/ceramic_product/shutterstock_1805501278-1.jpg,shutterstock_1805501278-1.jpg,Non-Recyclable,bdc2c00f6f3c32c3,13673702591173505731
Non-Recyclable/Non-Recyclable/ceramic_product/stock-photo-broken-ceramic-glass-which-is-damaged-by-transportation-1425982577.jpg,stock-photo-broken-ceramic-glass-which-is-damaged-by-transportation-1425982577.jpg,Non-Recyclable,911f49d126b6e5c3,10457158022424094147
Non-Recyclable/Non-Recyclable/ceramic_product/stock-photo-broken-ceramics-dishes-in-wall-background-stock-images-214036360.jpg,stock-photo-broken-ceramics-dishes-in-wall-background-stock-images-214036360.jpg,Non-Recyclable,ac53b50ecb5f805a,12417467672736792666
Non-Recyclable/Non-Recyclable/ceramic_product/the-old-broken-glass-cup-D8GBJ9.jpg,the-old-broken-glass-cup-D8GBJ9.jpg,Non-Recyclable,ba9a45853cc3789e,13446136076020447390
Non-Recyclable/Non-Recyclable/ceramic_product/tion-broken-glass-mosaic-broken-ceramic-tiles-as-crazy-background-for-paving.jpg,tion-broken-glass-mosaic-broken-ceramic-tiles-as-crazy-background-for-paving.jpg,Non-Recyclable,d6c5086c471f5f58,15475784955671306072
Non-Recyclable/Non-Recyclable/ceramic_product/trash17_wide-9ef04671bfc0a0abd41c2950e6652fa098890b95-s1100-c50.jpg,trash17_wide-9ef04671bfc0a0abd41c2950e6652fa098890b95-s1100-c50.jpg,Non-Recyclable,f0150f6aeb60991f,17299750495503554847
Non-Recyclable/Non-Recyclable/ceramic_product/tures-of-broken-porcelain-vases-within-other-glass-ones-by-bouke-de-vries-14.jpg,tures-of-broken-porcelain-vases-within-other-glass-ones-by-bouke-de-vries-14.jpg,Non-Recyclable,b9c6c6191b3cc764,13386604753538828132
Non-Recyclable/Non-Recyclable/ceramic_product/turn-broken-ceramics-800x800.jpg,turn-broken-ceramics-800x800.jpg,Non-Recyclable,b1c2c0b86ebc4977,12809012188559460727
Non-Recyclable/Non-Recyclable/ceramic_product/ulptures-of-broken-porcelain-vases-within-other-glass-ones-by-bouke-de-vries.jpg,ulptures-of-broken-porcelain-vases-within-other-glass-ones-by-bouke-de-vries.jpg,Non-Recyclable,b3ce8e396926c623,12956449555219924515
Non-Recyclable/Non-Recyclable/ceramic_product/why-does-ceramic-break-glass.jpg,why-does-ceramic-break-glass.jpg,Non-Recyclable,874a2db55ab4364b,9748654600330950219
Non-Recyclable/Non-Recyclable/ceramic_product/wl-bottom-broken-glass-w-melted-bubbles-air-vessel-was-placed-front-85817408.jpg,wl-bottom-broken-glass-w-melted-bubbles-air-vessel-was-placed-front-85817408.jpg,Non-Recyclable,be3ec1e04dc50e96,13708607484883963542
Non-Recyclable/Non-Recyclable/ceramic_product/woman-repairing-broken-pottery-kintsugi-royalty-free-image-1680030784.jpg,woman-repairing-broken-pottery-kintsugi-royalty-free-image-1680030784.jpg,Non-Recyclable,d83126cb1de33963,15578275239872903523
Non-Recyclable/Non-Recyclable/ceramic_product/woman_sort_recycle_glass_bin.jpg,woman_sort_recycle_glass_bin.jpg,Non-Recyclable,e6caf6360aa9c945,16630375285986543941
Non-Recyclable/Non-Recyclable/diapers/-baby-nappies-diapers-waste-dirty-diapers-trash-bag-disposing-used-239559297.jpg,-baby-nappies-diapers-waste-dirty-diapers-trash-bag-disposing-used-239559297.jpg,Non-Recyclable,bfc0508bef96c894,13817132218722994324
Non-Recyclable/Non-Recyclable/diapers/-garbage-pail-disposing-of-used-baby-nappies-environmental-impact-2084386903.jpg,-garbage-pail-disposing-of-used-baby-nappies-environmental-impact-2084386903.jpg,Non-Recyclable,d4aa6fd4e82fc0a8,15324183642300727464
Non-Recyclable/Non-Recyclable/diapers/-shadow-with-clipping-path-plastic-trash-can-overfilled-with-nappies-2B6X2H7.jpg,-shadow-with-clipping-path-plastic-trash-can-overfilled-with-nappies-2B6X2H7.jpg,Non-Recyclable,b99e16e142e14ec7,13375153100082466503
Non-Recyclable/Non-Recyclable/diapers/-table-group-disposable-diapers-arranged-over-white-changing-table-145294479.jpg,-table-group-disposable-diapers-arranged-over-white-changing-table-145294479.jpg,Non-Recyclable,bcc4589ac7d949c5,13602094196366854597
Non-Recyclable/Non-Recyclable/diapers/05_5d6dfe6d-8164-49c4-951c-11cf82c8d19b.jpg,05_5d6dfe6d-8164-49c4-951c-11cf82c8d19b.jpg,Non-Recyclable,e4bb99929964e568,16481936116210263400
Non-Recyclable/Non-Recyclable/diapers/1-s2.0-S0921344919304549-ga1.jpg,1-s2.0-S0921344919304549-ga1.jpg,Non-Recyclable,8672d9d8d307e41b,9688045273704031259
Non-Recyclable/Non-Recyclable/diapers/1-uv-fs5l01nzvbxmtbuhwvw.jpeg,1-uv-fs5l01nzvbxmtbuhwvw.jpeg,Non-Recyclable,a4e4e4d25b3a83da,11881873309035037658
Non-Recyclable/Non-Recyclable/diapers/1.jpg,1.jpg,Non-Recyclable,95da6824b46b6576,10798057563429234038
Non-Recyclable/Non-Recyclable/diapers/100-cotton-huggies-advanced-ultra-absorbent-disposable-baby-diapers-pants-103.jpg,100-cotton-huggies-advanced-ultra-absorbent-disposable-baby-diapers-pants-103.jpg,Non-Recyclable,c0ed69d22ed837e0,13901883976212559840
Non-Recyclable/Non-Recyclable/diapers/100444583_8-pampers-active-baby-diapers-small-3-8-kg.jpg,100444583_8-pampers-active-baby-diapers-small-3-8-kg.jpg,Non-Recyclable,a9b578d3072cfe40,12228813210948271680
Non-Recyclable/Non-Recyclable/diapers/10582_1.jpg,10582_1.jpg,Non-Recyclable,9f6634c6603fc319,11485925926277989145
Non-Recyclable/Non-Recyclable/diapers/10586_1-Front.jpg,10586_1-Front.jpg,Non-Recyclable,ae197bc49393c4c3,12545194321236968643
Non-Recyclable/Non-Recyclable/diapers/12.jpg,12.jpg,Non-Recyclable,d4621e1a25553dbb,15303827581402693051
Non-Recyclable/Non-Recyclable/diapers/1200px-Disposablediaper.JPG.jpg,1200px-Disposablediaper.JPG.jpg,Non-Recyclable,814a7e334fb10f9c,9316397538014728092
Non-Recyclable/Non-Recyclable/diapers/12B252812529.jpg,12B252812529.jpg,Non-Recyclable,d25103bf2d206fcb,15154898340709167051
Non-Recyclable/Non-Recyclable/diapers/13-Best-Baby-Diapers-In-India-In-2023.jpg,13-Best-Baby-Diapers-In-India-In-2023.jpg,Non-Recyclable,baa4945bb1c6cbe0,13449037508780674016
Non-Recyclable/Non-Recyclable/diapers/20003932-2_4-pampers-baby-dry-small-11-diapers.jpg,20003932-2_4-pampers-baby-dry-small-11-diapers.jpg,Non-Recyclable,afc6b6363c646168,12666011346083799400
Non-Recyclable/Non-Recyclable/diapers/3-Figure3-1.png,3-Figure3-1.png,Non-Recyclable,ef4ac8a59031f0b7,17242814736755716279
Non-Recyclable/Non-Recyclable/diapers/30487_hd.jpg,30487_hd.jpg,Non-Recyclable,d9396485c66136e7,15652652505624557287
Non-Recyclable/Non-Recyclable/diapers/37494-500x500.jpg,37494-500x500.jpg,Non-Recyclable,fb6ca4919642e0eb,18117036346202841323
Non-Recyclable/Non-Recyclable/diapers/392089940-melons_550x550.jpg,392089940-melons_550x550.jpg,Non-Recyclable,bcc1251e61328f7b,13601193162045558651
Non-Recyclable/Non-Recyclable/diapers/4-Figure5-1.png,4-Figure5-1.png,Non-Recyclable,ea7a959c9563c1c1,16895981451787616705
Non-Recyclable/Non-Recyclable/diapers/40229261_4-pampers-active-baby-diapers-new-born.jpg,40229261_4-pampers-active-baby-diapers-new-born.jpg,Non-Recyclable,bf3e30e73890638c,13780505679444861836
Non-Recyclable/Non-Recyclable/diapers/405434435.jpg,405434435.jpg,Non-Recyclable,c5dd70a505f47c43,14257675849396681795
Non-Recyclable/Non-Recyclable/diapers/429348994-baby-crawling-away-from-camera-wearing-disposable-diaper.jpg,429348994-baby-crawling-away-from-camera-wearing-disposable-diaper.jpg,Non-Recyclable,c0126bbfb641566d,13840243076003616365
Non-Recyclable/Non-Recyclable/diapers/474911884-H.webp,474911884-H.webp,Non-Recyclable,a98984696b3e4de6,12216441052524858854
Non-Recyclable/Non-Recyclable/diapers/4e2a79e2666c--baby-bum-music-a04902.png,4e2a79e2666c--baby-bum-music-a04902.png,Non-Recyclable,9e2c38c739927939,11397547185283430713
Non-Recyclable/Non-Recyclable/diapers/51.jpg,51.jpg,Non-Recyclable,c9ef398c3fcc1940,14550912195585907008
Non-Recyclable/Non-Recyclable/diapers/51zIAjQaiyL.jpg,51zIAjQaiyL.jpg,Non-Recyclable,e569cbca9a32b292,16530967978270962322
Non-Recyclable/Non-Recyclable/diapers/530157_25636_XL.jpg,530157_25636_XL.jpg,Non-Recyclable,e53210846ef752dd,16515280944504459997
Non-Recyclable/Non-Recyclable/diapers/61VUeyU0dbL._AC_UF8941000_QL80_.jpg,61VUeyU0dbL._AC_UF8941000_QL80_.jpg,Non-Recyclable,eaf08a62b6c8e55a,16929183155863741786
Non-Recyclable/Non-Recyclable/diapers/61ZMDwA4xzL._AC_UF8941000_QL80_.jpg,61ZMDwA4xzL._AC_UF8941000_QL80_.jpg,Non-Recyclable,ee8d9571da60642e,17189559668970644526
Non-Recyclable/Non-Recyclable/diapers/61dJIigpYOL.jpg,61dJIigpYOL.jpg,Non-Recyclable,bf62421f1637d08d,13790657710246056077
Non-Recyclable/Non-Recyclable/diapers/61h5qokt9sL.jpg,61h5qokt9sL.jpg,Non-Recyclable,fa95856ac19d7249,18056484974573220425
Non-Recyclable/Non-Recyclable/diapers/61jiC0ORycL.jpg,61jiC0ORycL.jpg,Non-Recyclable,be3ac1cd90c3ced0,13707481504496733904
Non-Recyclable/Non-Recyclable/diapers/634fc803be6fde50b04f6143-diapers-size-3-168-count-pampers.jpg,634fc803be6fde50b04f6143-diapers-size-3-168-count-pampers.jpg,Non-Recyclable,db3d2f6b60ca8129,15797835206117458217
Non-Recyclable/Non-Recyclable/diapers/63bcf2c160a1da17ec6c2e83-ubbi-disposable-diaper-sacks-lavender.jpg,63bcf2c160a1da17ec6c2e83-ubbi-disposable-diaper-sacks-lavender.jpg,Non-Recyclable,ad89827060bedc6f,12504669259541961839
Non-Recyclable/Non-Recyclable/diapers/63befce33e92406c3c1dac8a-diapers-size-4-144-count-pampers-pull.jpg,63befce33e92406c3c1dac8a-diapers-size-4-144-count-pampers-pull.jpg,Non-Recyclable,d3832c7a8fc2532d,15241074468861399853
Non-Recyclable/Non-Recyclable/diapers/7.jpg,7.jpg,Non-Recyclable,caf0791d3dc4c49c,14623321156569318556
Non-Recyclable/Non-Recyclable/diapers/71iSOngBHsL._AC_UF10001000_QL80_.jpg,71iSOngBHsL._AC_UF10001000_QL80_.jpg,Non-Recyclable,c3cb3c74d2d42d83,14108436730119204227
Non-Recyclable/Non-Recyclable/diapers/71rjWQFJhL._AC_UF8941000_QL80_.jpg,71rjWQFJhL._AC_UF8941000_QL80_.jpg,Non-Recyclable,8e9f9d42f1e0e119,10277105785534210329
Non-Recyclable/Non-Recyclable/diapers/71vU85MMO7L._AC_UF8941000_QL80_.jpg,71vU85MMO7L._AC_UF8941000_QL80_.jpg,Non-Recyclable,f00f7c8a6bdac229,17298181627710194217
Non-Recyclable/Non-Recyclable/diapers/74806254.jpg,74806254.jpg,Non-Recyclable,e17186b61c29ad3b,16244913447616752955
Non-Recyclable/Non-Recyclable/diapers/78a62dd24472a69bddf67cc48cfdcf31.jpg,78a62dd24472a69bddf67cc48cfdcf31.jpg,Non-Recyclable,df0780f0b39ec934,16070955566588938548
Non-Recyclable/Non-Recyclable/diapers/81b6OBTrb6L.jpg,81b6OBTrb6L.jpg,Non-Recyclable,bacbb1686592c1b3,13460046973265691059
Non-Recyclable/Non-Recyclable/diapers/8b7d1c_7de73bd317284b49b0872afa1aa3632emv2.png,8b7d1c_7de73bd317284b49b0872afa1aa3632emv2.png,Non-Recyclable,b511ec75ad70b039,13047469585634209849
Non-Recyclable/Non-Recyclable/diapers/Baby2BWith2BDisposable2BDiapers.jpg,Baby2BWith2BDisposable2BDiapers.jpg,Non-Recyclable,adb370f1c38b0c3c,12516471973062839356
Non-Recyclable/Non-Recyclable/diapers/Blog-10-internal-img-colourfull-diaper.jpg,Blog-10-internal-img-colourfull-diaper.jpg,Non-Recyclable,daece491a5a035ad,15775234908972135853
Non-Recyclable/Non-Recyclable/diapers/Coterie-diapers-group-shot.jpg,Coterie-diapers-group-shot.jpg,Non-Recyclable,bc39943e3a6de1c0,13563034747792122304
Non-Recyclable/Non-Recyclable/diapers/D_TopBanner_Catalog_IN.png,D_TopBanner_Catalog_IN.png,Non-Recyclable,d5f70aa43a49634e,15417803549794984782
Non-Recyclable/Non-Recyclable/diapers/Dangers-of-Disposable-Diapers.jpg,Dangers-of-Disposable-Diapers.jpg,Non-Recyclable,fed4812bad34c436,18362443605285848118
Non-Recyclable/Non-Recyclable/diapers/Depositphotos_456124904_S.jpg,Depositphotos_456124904_S.jpg,Non-Recyclable,ee83ba34c46827e3,17186785338772170723
Non-Recyclable/Non-Recyclable/diapers/DiaperNCloth-scaled.jpg,DiaperNCloth-scaled.jpg,Non-Recyclable,e3048c3395769e3b,16358353899695283771
Non-Recyclable/Non-Recyclable/diapers/Diapers4-01.png,Diapers4-01.png,Non-Recyclable,ea0bc0d8f0371f8d,16864785267594567565
Non-Recyclable/Non-Recyclable/diapers/Disposable-Diapers-take-300-years-to-decomposeand-account-for-15-of-landfill-waste..jpg,Disposable-Diapers-take-300-years-to-decomposeand-account-for-15-of-landfill-waste..jpg,Non-Recyclable,8ae53fc3f01a8758,10008475857680238424
Non-Recyclable/Non-Recyclable/diapers/Dyper_lifestyle_Jan_2022-128.jpg,Dyper_lifestyle_Jan_2022-128.jpg,Non-Recyclable,cb8b31ec93466cd1,14666871503615061201
Non-Recyclable/Non-Recyclable/diapers/February-Do-Good.jpg,February-Do-Good.jpg,Non-Recyclable,fdc26e7196a52684,18285298871215400580
Non-Recyclable/Non-Recyclable/diapers/HNCH4010_Disposal-Diaper-Test-Package.png,HNCH4010_Disposal-Diaper-Test-Package.png,Non-Recyclable,b3b321968dc6cc3c,12948730284127734844
Non-Recyclable/Non-Recyclable/diapers/IMG_20180626_083543.jpg,IMG_20180626_083543.jpg,Non-Recyclable,88733c4795cf32c9,9832268689633653449
Non-Recyclable/Non-Recyclable/diapers/IMG_9256.jpg,IMG_9256.jpg,Non-Recyclable,d3e44db88be0c639,15268414091708909113
Non-Recyclable/Non-Recyclable/diapers/IMG_9257.jpg,IMG_9257.jpg,Non-Recyclable,c98b42a48e95b5db,14522774697920542171
Non-Recyclable/Non-Recyclable/diapers/Issue43.png,Issue43.png,Non-Recyclable,d0d7270595b5c7c4,15048539584821839812
Non-Recyclable/Non-Recyclable/diapers/MHSOLIDDIPRMIXP3-2_600x.jpg,MHSOLIDDIPRMIXP3-2_600x.jpg,Non-Recyclable,e0c7a58958b2eb66,16197096594178501478
Non-Recyclable/Non-Recyclable/diapers/Pampers-All-round-Protection-Pants-Large-Size-Baby-Diapers-42-Count.jpg,Pampers-All-round-Protection-Pants-Large-Size-Baby-Diapers-42-Count.jpg,Non-Recyclable,afe0d096c1d3c43d,12673358697336128573
Non-Recyclable/Non-Recyclable/diapers/Pampers-All-round-Protection-Pants-Medium-Size-Baby-Diapers-76-Count.jpg,Pampers-All-round-Protection-Pants-Medium-Size-Baby-Diapers-76-Count.jpg,Non-Recyclable,af2fd090d0cbc3d4,12623537600939672532
Non-Recyclable/Non-Recyclable/diapers/Percentage-of-diapers-in-urban-solid-waste-in-some-countries-in-North-America-Europe-and.png,Percentage-of-diapers-in-urban-solid-waste-in-some-countries-in-North-America-Europe-and.png,Non-Recyclable,f623d9d9b6c98430,17736259286612935728
Non-Recyclable/Non-Recyclable/diapers/Post_2_large.jpeg,Post_2_large.jpeg,Non-Recyclable,ce1390acf0a5a7a7,14849371468816820135
Non-Recyclable/Non-Recyclable/diapers/Representational-Image-only-3.jpg,Representational-Image-only-3.jpg,Non-Recyclable,e6b363cb966c1624,16623740375607809572
Non-Recyclable/Non-Recyclable/diapers/RforRabbitFeatherDiaper_3_d996cd05-0cfb-491e-8c48-d1e98b80e296.jpg,RforRabbitFeatherDiaper_3_d996cd05-0cfb-491e-8c48-d1e98b80e296.jpg,Non-Recyclable,c0379f48f770890f,13850714314739058959
Non-Recyclable/Non-Recyclable/diapers/Screen-Shot-2017-09-18-at-14.12.32.png,Screen-Shot-2017-09-18-at-14.12.32.png,Non-Recyclable,8b1c3da170e66e4e,10023954634213060174
Non-Recyclable/Non-Recyclable/diapers/Screen_Shot_2023-01-26_at_5.07.55_PM_480x480.png,Screen_Shot_2023-01-26_at_5.07.55_PM_480x480.png,Non-Recyclable,ce3f22a4061f90f7,14861635383218639095
Non-Recyclable/Non-Recyclable/diapers/Starlight_Untitled_1.1.1.jpg,Starlight_Untitled_1.1.1.jpg,Non-Recyclable,80e47d9ed6984fc2,9287686452703416258
Non-Recyclable/Non-Recyclable/diapers/The-chemistry-of-disposable-nappies.png,The-chemistry-of-disposable-nappies.png,Non-Recyclable,947e496b252736b2,10700070489212532402
Non-Recyclable/Non-Recyclable/diapers/UNDP-SZ-Disposable-Diapers-2021.jpg,UNDP-SZ-Disposable-Diapers-2021.jpg,Non-Recyclable,cbc5ec52732b44c6,14683401998975059142
Non-Recyclable/Non-Recyclable/diapers/Unguarded-disposal-of-soiled-disposable-diapers-in-land-depressions-26_Q320.jpg,Unguarded-disposal-of-soiled-disposable-diapers-in-land-depressions-26_Q320.jpg,Non-Recyclable,818e3af8f4c1c787,9335463918518257543
Non-Recyclable/Non-Recyclable/diapers/Unguarded-disposal-of-soiled-disposable-diapers-in-vacant-plots-27_Q320.jpg,Unguarded-disposal-of-soiled-disposable-diapers-in-vacant-plots-27_Q320.jpg,Non-Recyclable,c683d9ac9618a7f1,14304516176734627825
Non-Recyclable/Non-Recyclable/diapers/Untitled-5-2.jpg,Untitled-5-2.jpg,Non-Recyclable,d375ab25a59a5845,15237273092458436677
Non-Recyclable/Non-Recyclable/diapers/Waste_disposal_tvm_422021_1200-compressed.jpg,Waste_disposal_tvm_422021_1200-compressed.jpg,Non-Recyclable,d17f3e18e69b6006,15095852752638271494
Non-Recyclable/Non-Recyclable/diapers/ZbAzUBfb1th1EGMXQqMRogPdjRRfwc8q7VCHQsjz.jpg,ZbAzUBfb1th1EGMXQqMRogPdjRRfwc8q7VCHQsjz.jpg,Non-Recyclable,c39d278017e24de7,14095465839849524711
Non-Recyclable/Non-Recyclable/diapers/ad1ec850dfe070f294e3e709582ea0f28d-26-diapers-lede.rsquare.w700.jpg,ad1ec850dfe070f294e3e709582ea0f28d-26-diapers-lede.rsquare.w700.jpg,Non-Recyclable,f2ca9235bd2545b1,17494956461978371505
Non-Recyclable/Non-Recyclable/diapers/baby-diaper.jpg,baby-diaper.jpg,Non-Recyclable,b9876e5c8678c5b0,13368775362544715184
Non-Recyclable/Non-Recyclable/diapers/baby-diapers2.jpg,baby-diapers2.jpg,Non-Recyclable,f8f26c1224d2de0f,17938519090953117199
Non-Recyclable/Non-Recyclable/diapers/baby_in_diaper_crib-1296x728-header.jpg,baby_in_diaper_crib-1296x728-header.jpg,Non-Recyclable,dbd32689392583e9,15840046685203301353
Non-Recyclable/Non-Recyclable/diapers/best-diapers-1553537708.png,best-diapers-1553537708.png,Non-Recyclable,a92846f2f3558d1d,12189070400756747549
Non-Recyclable/Non-Recyclable/diapers/bigstock-Group-Of-Disposable-Diapers-Ar-296238739.jpg,bigstock-Group-Of-Disposable-Diapers-Ar-296238739.jpg,Non-Recyclable,f4a4c5b80f4f5345,17628432235756475205
Non-Recyclable/Non-Recyclable/diapers/c21ce9a01fc0343df63f2a52d3e8457b.jpg,c21ce9a01fc0343df63f2a52d3e8457b.jpg,Non-Recyclable,80b43f4760fd2f91,9274107108465127313
Non-Recyclable/Non-Recyclable/diapers/cloth-diapers-vs-disposable-2160x1200.jpg,cloth-diapers-vs-disposable-2160x1200.jpg,Non-Recyclable,ccc3604fc378e1f8,14754742699894039032
Non-Recyclable/Non-Recyclable/diapers/cloth-diapers-vs-disposable-diapers-comparison.jpg,cloth-diapers-vs-disposable-diapers-comparison.jpg,Non-Recyclable,ce8b9bb0f604b417,14883160577919988759
Non-Recyclable/Non-Recyclable/diapers/cloth-vs-disposable-diaper-top-2x1-lowres1024-.jpg,cloth-vs-disposable-diaper-top-2x1-lowres1024-.jpg,Non-Recyclable,c27f90b4fd0e3c18,14015079672414354456
Non-Recyclable/Non-Recyclable/diapers/cloth-vs-disposable-diapers-722x406.jpg,cloth-vs-disposable-diapers-722x406.jpg,Non-Recyclable,c71c383398676dc5,14347404307146960325
Non-Recyclable/Non-Recyclable/diapers/diaper-biodegradable-1567090472295.jpg,diaper-biodegradable-1567090472295.jpg,Non-Recyclable,afc2913dc46bc334,12664844796593685300
Non-Recyclable/Non-Recyclable/diapers/diaper-composition_orig.png,diaper-composition_orig.png,Non-Recyclable,ac534e8cf3ce314c,12417354964883353932
Non-Recyclable/Non-Recyclable/diapers/diapersshutterstockilife.jpg,diapersshutterstockilife.jpg,Non-Recyclable,b81f763f2f268620,13267453041002841632
Non-Recyclable/Non-Recyclable/diapers/dirty-and-soiled-baby-babys-disposable-nappies-discarded-thrown-away-G0KRA6.jpg,dirty-and-soiled-baby-babys-disposable-nappies-discarded-thrown-away-G0KRA6.jpg,Non-Recyclable,cae53796e7a0d0b0,14620152886598881456
Non-Recyclable/Non-Recyclable/diapers/dirty-baby-diapers-trash-disposing-footage-180485037_prevstill.jpeg,dirty-baby-diapers-trash-disposing-footage-180485037_prevstill.jpeg,Non-Recyclable,915d6a3697a4965a,10474645091038565978
Non-Recyclable/Non-Recyclable/diapers/disposable-baby-diaper.png,disposable-baby-diaper.png,Non-Recyclable,eea5e1d8c59a8629,17196399073328530985
Non-Recyclable/Non-Recyclable/diapers/disposable-baby-diapers.jpg,disposable-baby-diapers.jpg,Non-Recyclable,e894e1ca94699e3d,16759268373542051389
Non-Recyclable/Non-Recyclable/diapers/disposable-diaper-1.jpg,disposable-diaper-1.jpg,Non-Recyclable,f139926764799392,17382085209578115986
Non-Recyclable/Non-Recyclable/diapers/disposable-diapers-in-garbage.jpg,disposable-diapers-in-garbage.jpg,Non-Recyclable,9d30696776c6899a,11326668955932068250
Non-Recyclable/Non-Recyclable/diapers/disposable-diapers-to-take-care-hygiene-babies-168544880.jpg,disposable-diapers-to-take-care-hygiene-babies-168544880.jpg,Non-Recyclable,f85085e75ad969d0,17892948548251118032
Non-Recyclable/Non-Recyclable/diapers/e-of-garbage-from-food-waste-cans-and-plastic-bottles-and-plastic-1201361770.jpg,e-of-garbage-from-food-waste-cans-and-plastic-bottles-and-plastic-1201361770.jpg,Non-Recyclable,da8a27814adb768e,15747442483314521742
Non-Recyclable/Non-Recyclable/diapers/elle.rue.jpg,elle.rue.jpg,Non-Recyclable,b2327ac9c4cb9b25,12840460494595398437
Non-Recyclable/Non-Recyclable/diapers/en-img-education-thumb-01-mb.jpg,en-img-education-thumb-01-mb.jpg,Non-Recyclable,ac13c4c9f31e4f38,12399470570727427896
Non-Recyclable/Non-Recyclable/diapers/ental-impact-disposable-diapers-pollution-environment-soil-water_159975-1317.jpg,ental-impact-disposable-diapers-pollution-environment-soil-water_159975-1317.jpg,Non-Recyclable,d0ad18c32fd06fe4,15036701957459832804
Non-Recyclable/Non-Recyclable/diapers/file-20190704-126340-13f38tz.jpg,file-20190704-126340-13f38tz.jpg,Non-Recyclable,d6e9382c6703d999,15485970557048183193
Non-Recyclable/Non-Recyclable/diapers/file-20221019-22-gy6i0u.jpg,file-20221019-22-gy6i0u.jpg,Non-Recyclable,f8f331a1ca5a5465,17938736311701230693
Non-Recyclable/Non-Recyclable/diapers/file721vy4ur8j6z726o29i-1539625503.jpg,file721vy4ur8j6z726o29i-1539625503.jpg,Non-Recyclable,c09d1670679cc3f3,13879274298656211955
Non-Recyclable/Non-Recyclable/diapers/how-to-keep-disposable-diapers-from-leaking-at-night.jpg,how-to-keep-disposable-diapers-from-leaking-at-night.jpg,Non-Recyclable,fa845521c563955f,18051646809941710175
Non-Recyclable/Non-Recyclable/diapers/huggies-diapers.jpg,huggies-diapers.jpg,Non-Recyclable,ddc8746aaed1582a,15981151279272515626
Non-Recyclable/Non-Recyclable/diapers/image-asset.jpeg,image-asset.jpeg,Non-Recyclable,be09b5c9ce62c926,13693676020352338214
Non-Recyclable/Non-Recyclable/diapers/image8-1638302456823_1200x.jpg,image8-1638302456823_1200x.jpg,Non-Recyclable,9c5519601df51e67,11264937943547321959
Non-Recyclable/Non-Recyclable/diapers/img-20220517-62834aa4b613d.png,img-20220517-62834aa4b613d.png,Non-Recyclable,ba5ac06107b59d6b,13428256761932258667
Non-Recyclable/Non-Recyclable/diapers/intresting20fact20about20baby20diapers.jpeg,intresting20fact20about20baby20diapers.jpeg,Non-Recyclable,bf95c9ecc068360b,13805162251451643403
Non-Recyclable/Non-Recyclable/diapers/jklzz5r5uwCcP-xxlarge.jpg,jklzz5r5uwCcP-xxlarge.jpg,Non-Recyclable,b3bcccc3333c4cd0,12951451767160982736
Non-Recyclable/Non-Recyclable/diapers/lain-dibuang-dipinggiran-sungai-di-Sleman-Jogja.-foto-Tommy-Apriando-768x512.jpg,lain-dibuang-dipinggiran-sungai-di-Sleman-Jogja.-foto-Tommy-Apriando-768x512.jpg,Non-Recyclable,c43b81c2fcf81753,14140038129527560019
Non-Recyclable/Non-Recyclable/diapers/less-plastic-nappy-sticker_diapers-v3.jpg,less-plastic-nappy-sticker_diapers-v3.jpg,Non-Recyclable,b4e017cb489e723e,13033443483474358846
Non-Recyclable/Non-Recyclable/diapers/maxresdefault.jpg,maxresdefault.jpg,Non-Recyclable,a0d4506e2e29f4ef,11588976175282255087
Non-Recyclable/Non-Recyclable/diapers/medium-size-baby-diapers-md-76-count-anti-rash-diapers-lotion-original-imafx2hzdcn6zkyb.jpeg,medium-size-baby-diapers-md-76-count-anti-rash-diapers-lotion-original-imafx2hzdcn6zkyb.jpeg,Non-Recyclable,af34c4b4608bf2cb,12624931934419284683
Non-Recyclable/Non-Recyclable/diapers/nappies-environmental-impact-disposable-pollution-environment-soil-230432314.jpg,nappies-environmental-impact-disposable-pollution-environment-soil-230432314.jpg,Non-Recyclable,d127798916fa219d,15071148307721626013
Non-Recyclable/Non-Recyclable/diapers/nappies-environmental-impact-disposable-pollution-environment-soil-230573896.jpg,nappies-environmental-impact-disposable-pollution-environment-soil-230573896.jpg,Non-Recyclable,d9f7c09926de1146,15706233989492511046
Non-Recyclable/Non-Recyclable/diapers/nappies-pink-background-sustainable-lifestyle-zero-waste-concept_479776-4385.jpg,nappies-pink-background-sustainable-lifestyle-zero-waste-concept_479776-4385.jpg,Non-Recyclable,968d65329b63986e,10848438345435158638
Non-Recyclable/Non-Recyclable/diapers/nge-color-background-newborn-diapers-open-and-closed-flat-lay-top-1904719375.jpg,nge-color-background-newborn-diapers-open-and-closed-flat-lay-top-1904719375.jpg,Non-Recyclable,de9170b829c478dd,16037723684320082141
Non-Recyclable/Non-Recyclable/diapers/oversonlinewith100_disposablehealthynappypads_liners_insertsnearmeatbdiapers.png,oversonlinewith100_disposablehealthynappypads_liners_insertsnearmeatbdiapers.png,Non-Recyclable,f9858e7ab51a6485,17979933745022133381
Non-Recyclable/Non-Recyclable/diapers/p-view-of-used-disposable-diapers-extracted-from-the-parana-river-2306692315.jpg,p-view-of-used-disposable-diapers-extracted-from-the-parana-river-2306692315.jpg,Non-Recyclable,c0df3f85696870b1,13897896817320292529
Non-Recyclable/Non-Recyclable/diapers/pampers-disposable-baby-diapers-500x500.jpg,pampers-disposable-baby-diapers-500x500.jpg,Non-Recyclable,fec0819ecd4bd431,18356814600211256369
Non-Recyclable/Non-Recyclable/diapers/pampers-new-baby-diaper-size-new-born-packet-of-24-6.1-1669709994.jpg,pampers-new-baby-diaper-size-new-born-packet-of-24-6.1-1669709994.jpg,Non-Recyclable,ac35bf48b14e98c3,12409034667222538435
Non-Recyclable/Non-Recyclable/diapers/pampers-new-baby-diapers-72-2-1632780542.jpg,pampers-new-baby-diapers-72-2-1632780542.jpg,Non-Recyclable,b8b293c9c793c64c,13308862343679297100
Non-Recyclable/Non-Recyclable/diapers/pies-environmental-impact-disposable-diapers-pollution-environment-235596045.jpg,pies-environmental-impact-disposable-diapers-pollution-environment-235596045.jpg,Non-Recyclable,87ca7a1de0729f42,9784767409154072386
Non-Recyclable/Non-Recyclable/diapers/pile-discarded-used-baby-diapers-footage-170531202_prevstill.jpeg,pile-discarded-used-baby-diapers-footage-170531202_prevstill.jpeg,Non-Recyclable,d5217ba750151ed5,15357692162843418325
Non-Recyclable/Non-Recyclable/diapers/piles-of-plastic-disposable-nappies-on-funafuti-tuvalu-A6T59N.jpg,piles-of-plastic-disposable-nappies-on-funafuti-tuvalu-A6T59N.jpg,Non-Recyclable,d8cf05c149b25ecd,15622711960094793421
Non-Recyclable/Non-Recyclable/diapers/piles-of-plastic-disposable-nappies-on-funafuti-tuvalu-A6T59T.jpg,piles-of-plastic-disposable-nappies-on-funafuti-tuvalu-A6T59T.jpg,Non-Recyclable,f4d630c845ae2fc6,17642342226991132614
Non-Recyclable/Non-Recyclable/diapers/piles-of-plastic-disposable-nappies-on-funafuti-tuvalu-A6T59X.jpg,piles-of-plastic-disposable-nappies-on-funafuti-tuvalu-A6T59X.jpg,Non-Recyclable,97cf499c39c646a2,10939042955239245474
Non-Recyclable/Non-Recyclable/diapers/s-environmental-impact-disposable-pollution-environment-soil-water-235596044.jpg,s-environmental-impact-disposable-pollution-environment-soil-water-235596044.jpg,Non-Recyclable,f0850ffe3910d669,17331276325558736489
Non-Recyclable/Non-Recyclable/diapers/s-environmental-impact-disposable-pollution-environment-soil-water-235999995.jpg,s-environmental-impact-disposable-pollution-environment-soil-water-235999995.jpg,Non-Recyclable,91e62a1dec0acce7,10513136688145550567
Non-Recyclable/Non-Recyclable/diapers/s_Matching_Tees_with_hybrid_cloth_diaper_covers_online_with_100_cotton_fabri.png,s_Matching_Tees_with_hybrid_cloth_diaper_covers_online_with_100_cotton_fabri.png,Non-Recyclable,cba5a991b455b45a,14674321404117496922
Non-Recyclable/Non-Recyclable/diapers/sable-Diapers-for-Babies-Toddlers-and-the-Environment-1296x728-Header_ecafa7.jpg,sable-Diapers-for-Babies-Toddlers-and-the-Environment-1296x728-Header_ecafa7.jpg,Non-Recyclable,b0639398ce9ce6cc,12710164857880372940
Non-Recyclable/Non-Recyclable/diapers/sed-baby-nappies-environmental-impact-disposable-diapers-pollution-217314562.jpg,sed-baby-nappies-environmental-impact-disposable-diapers-pollution-217314562.jpg,Non-Recyclable,e396198fb443be18,16399323198111596056
Non-Recyclable/Non-Recyclable/diapers/sevent-generation-sensitive-protection_4x3.jpg,sevent-generation-sensitive-protection_4x3.jpg,Non-Recyclable,ae9cd3c3992ec449,12582164296008385609
Non-Recyclable/Non-Recyclable/diapers/sustainability-10-00773-g001.png,sustainability-10-00773-g001.png,Non-Recyclable,ee90906fd6127999,17190398587680487833
Non-Recyclable/Non-Recyclable/diapers/teddyy-baby-diapers-pants-easy-large-42s-2-1671743450.jpg,teddyy-baby-diapers-pants-easy-large-42s-2-1671743450.jpg,Non-Recyclable,bce4cd1ef081cd8c,13611229506588233100
Non-Recyclable/Non-Recyclable/diapers/three-nappies-2METKC6.jpg,three-nappies-2METKC6.jpg,Non-Recyclable,bfa760b047835c8e,13810113092585217166
Non-Recyclable/Non-Recyclable/diapers/thumb_counties_agonise_ove5e18d060ba572.jpg,thumb_counties_agonise_ove5e18d060ba572.jpg,Non-Recyclable,c05c4bee9a787e30,13861037241305431600
Non-Recyclable/Non-Recyclable/diapers/ty-diapers-disposing-of-used-baby-nappies-environmental-impact-of-disposable.jpg,ty-diapers-disposing-of-used-baby-nappies-environmental-impact-of-disposable.jpg,Non-Recyclable,c3ac30c3ec619bbc,14099698151432756156
Non-Recyclable/Non-Recyclable/diapers/used-disposable-nappies-in-plastic-sacks-fill-a-household-waste-bin-B2EA0R.jpg,used-disposable-nappies-in-plastic-sacks-fill-a-household-waste-bin-B2EA0R.jpg,Non-Recyclable,d09e2bda7cc13d84,15032500823605198212
Non-Recyclable/Non-Recyclable/diapers/waste.jpg,waste.jpg,Non-Recyclable,f2b1d2aead9b0889,17487990475735107721
Non-Recyclable/Non-Recyclable/platics_bags_wrappers/-bags-vegetables-peppers-tomatoes-carrots-onions-from-the-supermarket-RXCRHT.jpg,-bags-vegetables-peppers-tomatoes-carrots-onions-from-the-supermarket-RXCRHT.jpg,Non-Recyclable,da8a13b629ed6691,15747420720162760337
Non-Recyclable/Non-Recyclable/platics_bags_wrappers/03222022_recycling01_182011.jpg,03222022_recycling01_182011.jpg,Non-Recyclable,990c22d8efadace1,11028227902652919009
Non-Recyclable/Non-Recyclable/platics_bags_wrappers/03222022_tzr_tzr_182048.jpg,03222022_tzr_tzr_182048.jpg,Non-Recyclable,932a70fe3aeab8c0,10604412509809719488
Non-Recyclable/Non-Recyclable/platics_bags_wrappers/102019_Brightside_Co19_Tips_Poster-559x1024.jpg,102019_Brightside_Co19_Tips_Poster-559x1024.jpg,Non-Recyclable,f0116c4ece4ebbb0,17298726729431301040
Non-Recyclable/Non-Recyclable/platics_bags_wrappers/1500x900_362559-plastic-waste.jpg,1500x900_362559-plastic-waste.jpg,Non-Recyclable,d63d1cd63d534238,15437526804173374008
Non-Recyclable/Non-Recyclable/platics_bags_wrappers/1587685798451.jpg,1587685798451.jpg,Non-Recyclable,eb88b85b38c4e437,16972017897679676471
Non-Recyclable/Non-Recyclable/platics_bags_wrappers/1y1fa85aTElzQL94rheAIAA.png,1y1fa85aTElzQL94rheAIAA.png,Non-Recyclable,de4db1c1509dc536,16018654893466043702
Non-Recyclable/Non-Recyclable/platics_bags_wrappers/2-bags-of-morrisons-shopping-discarded-on-the-ground-BMKDN3.jpg,2-bags-of-morrisons-shopping-discarded-on-the-ground-BMKDN3.jpg,Non-Recyclable,c0cf3d93334b6926,13893391077891336486
Non-Recyclable/Non-Recyclable/platics_bags_wrappers/20-Plastic-Bag-Crafts-To-Reuse-And-Recycle.jpg,20-Plastic-Bag-Crafts-To-Reuse-And-Recycle.jpg,Non-Recyclable,f8334d3ba7c4b054,17884723463831466068
Non-Recyclable/Non-Recyclable/platics_bags_wrappers/200723230749-02-japan-plastic-waste-restricted.jpg,200723230749-02-japan-plastic-waste-restricted.jpg,Non-Recyclable,90da07b768d03fe8,10437663570703433704
Non-Recyclable/Non-Recyclable/platics_bags_wrappers/20200914_140554.jpg,20200914_140554.jpg,Non-Recyclable,f2c7c41b893c27d1,17494166900089563089
Non-Recyclable/Non-Recyclable/platics_bags_wrappers/20220816130311_9_jsfv_visualimg_2094_1.jpg,20220816130311_9_jsfv_visualimg_2094_1.jpg,Non-Recyclable,ee14104fc53ff06a,17155354815358824554
Non-Recyclable/Non-Recyclable/platics_bags_wrappers/21120317-d037f89a-efc0-4769-93a1-56443ed6e12f.jpg,21120317-d037f89a-efc0-4769-93a1-56443ed6e12f.jpg,Non-Recyclable,eccc85329aa59b1e,17063159540589370142
Non-Recyclable/Non-Recyclable/platics_bags_wrappers/2_ad298a26-6603-4beb-a2d1-4c95cb0aabf5_480x480.png,2_ad298a26-6603-4beb-a2d1-4c95cb0aabf5_480x480.png,Non-Recyclable,aae1f589c1b3885e,12313392828216739934
Non-Recyclable/Non-Recyclable/platics_bags_wrappers/2j44bec.jpg,2j44bec.jpg,Non-Recyclable,e5953cc242f83787,16543195611260270471
Non-Recyclable/Non-Recyclable/platics_bags_wrappers/310c3010-b798-41cc-adde-005ca83df37b.png,310c3010-b798-41cc-adde-005ca83df37b.png,Non-Recyclable,b61ea5e212bd912d,13123108754599809325
Non-Recyclable/Non-Recyclable/platics_bags_wrappers/3520_428fd902f4247199467725e7eccf1673.jpg,3520_428fd902f4247199467725e7eccf1673.jpg,Non-Recyclable,e996866c96389e33,16831788458278690355
Non-Recyclable/Non-Recyclable/platics_bags_wrappers/362561-plastic-waste.jpg,362561-plastic-waste.jpg,Non-Recyclable,c284fbcad4b6b138,14016604788854534456
Non-Recyclable/Non-Recyclable/platics_bags_wrappers/3678_428fd902f4247199467725e7eccf1673.jpg,3678_428fd902f4247199467725e7eccf1673.jpg,Non-Recyclable,dd9b82ef34110b1e,15968500867654552350
Non-Recyclable/Non-Recyclable/platics_bags_wrappers/375141096_0-5_1628854090260_1660036502201_1660036502201.jpg,375141096_0-5_1628854090260_1660036502201_1660036502201.jpg,Non-Recyclable,fac99f2da0804dd3,18071149998115933651
Non-Recyclable/Non-Recyclable/platics_bags_wrappers/37873163825_1c95fa47b7_z.jpg,37873163825_1c95fa47b7_z.jpg,Non-Recyclable,91635e9c65631e33,10476321184002809395
Non-Recyclable/Non-Recyclable/platics_bags_wrappers/51xqA8a-wsL._AC_UF10001000_QL80_.jpg,51xqA8a-wsL._AC_UF10001000_QL80_.jpg,Non-Recyclable,c6c8693669b66993,14323814297274575251
Non-Recyclable/Non-Recyclable/platics_bags_wrappers/58835349.jpg,58835349.jpg,Non-Recyclable,8fa961371c32f6c8,10351912107811993288
Non-Recyclable/Non-Recyclable/platics_bags_wrappers/60c9935424774f7129485c01_1623823188870.jpg,60c9935424774f7129485c01_1623823188870.jpg,Non-Recyclable,8d7726c8913d6cd2,10193658924448443602
Non-Recyclable/Non-Recyclable/platics_bags_wrappers/60c9935424774f7129485c04_1623823188876.jpg,60c9935424774f7129485c04_1623823188876.jpg,Non-Recyclable,fd2da8e88d057465,18243423382299571301
Non-Recyclable/Non-Recyclable/platics_bags_wrappers/60c9935424774f7129485c05_1623823188877.jpg,60c9935424774f7129485c05_1623823188877.jpg,Non-Recyclable,b93f1ec638e08ca6,13348421657256037542
Non-Recyclable/Non-Recyclable/platics_bags_wrappers/61jBBcZxgfL._AC_UF10001000_QL80_.jpg,61jBBcZxgfL._AC_UF10001000_QL80_.jpg,Non-Recyclable,bec5fa18ec5e201a,13746668422570057754
Non-Recyclable/Non-Recyclable/platics_bags_wrappers/61oUvhDzMlL.jpg,61oUvhDzMlL.jpg,Non-Recyclable,8ee0971cf01dce9c,10295394898712317596
Non-Recyclable/Non-Recyclable/platics_bags_wrappers/62e7c92eab11b2a6d58c592e_Empty-candy-wrappers.png,62e7c92eab11b2a6d58c592e_Empty-candy-wrappers.png,Non-Recyclable,f08f8be54acd2493,17334227307691058323
Non-Recyclable/Non-Recyclable/platics_bags_wrappers/71fY4tE5kxL.jpg,71fY4tE5kxL.jpg,Non-Recyclable,a29d5a08bf63a52b,11717620799105115435
Non-Recyclable/Non-Recyclable/platics_bags_wrappers/85241232.jpg,85241232.jpg,Non-Recyclable,b7b0e63b6b83098c,13236332447723096460
Non-Recyclable/Non-Recyclable/platics_bags_wrappers/85286799.jpg,85286799.jpg,Non-Recyclable,c6507bf399c68a8a,14290057903833778826
Non-Recyclable/Non-Recyclable/platics_bags_wrappers/8855e850f3011319a3a36e85d4f5829f.jpg,8855e850f3011319a3a36e85d4f5829f.jpg,Non-Recyclable,d2de1d28213554bf,15194614250987672767
Non-Recyclable/Non-Recyclable/platics_bags_wrappers/8a52d84c-90d4-11ec-b3a6-dc86e7882d0e_1645208753032.jpg,8a52d84c-90d4-11ec-b3a6-dc86e7882d0e_1645208753032.jpg,Non-Recyclable,c62d3369b2c39996,14280126522525456790
Non-Recyclable/Non-Recyclable/platics_bags_wrappers/91t-2KbjSxL._AC_UF8941000_QL80_.jpg,91t-2KbjSxL._AC_UF8941000_QL80_.jpg,Non-Recyclable,837d2d323c363c65,9474778884839193701
Non-Recyclable/Non-Recyclable/platics_bags_wrappers/91t-2KbjSxL.jpg,91t-2KbjSxL.jpg,Non-Recyclable,bf78e532f02690c5,13797029465389699269
Non-Recyclable/Non-Recyclable/platics_bags_wrappers/Addictedtopl_ArsElectronica.jpg,Addictedtopl_ArsElectronica.jpg,Non-Recyclable,88ce079a9b53f1b2,9857824994972922290
Non-Recyclable/Non-Recyclable/platics_bags_wrappers/AdobeStock_79900829.jpeg,AdobeStock_79900829.jpeg,Non-Recyclable,84f8784e2f194f36,9581540484423700278
Non-Recyclable/Non-Recyclable/platics_bags_wrappers/Amita-Silvassa-Dec-2020_resize_87.jpg,Amita-Silvassa-Dec-2020_resize_87.jpg,Non-Recyclable,c436bcacc470a74f,14138695530392364879
Non-Recyclable/Non-Recyclable/platics_bags_wrappers/BB-Impact_9f7a5d6c-15c4-4c3a-8d10-88ec0796daaa.jpg,BB-Impact_9f7a5d6c-15c4-4c3a-8d10-88ec0796daaa.jpg,Non-Recyclable,ed9b926496496d92,17121439369094851986
Non-Recyclable/Non-Recyclable/platics_bags_wrappers/CBS-Impact_f25a3ca6-4561-4e42-9a9a-4859b381639a.jpg,CBS-Impact_f25a3ca6-4561-4e42-9a9a-4859b381639a.jpg,Non-Recyclable,b4b2ce6d335864c3,13020696441089713347
Non-Recyclable/Non-Recyclable/platics_bags_wrappers/Crisp-packets-800x450.jpg,Crisp-packets-800x450.jpg,Non-Recyclable,e92133b89723496f,16798764952971331951
Non-Recyclable/Non-Recyclable/platics_bags_wrappers/Crisp-packets.jpg,Crisp-packets.jpg,Non-Recyclable,e92133b89723496f,16798764952971331951
Non-Recyclable/Non-Recyclable/platics_bags_wrappers/DSC_2994.jpg,DSC_2994.jpg,Non-Recyclable,886877cb713d1f03,9829237902398004995
Non-Recyclable/Non-Recyclable/platics_bags_wrappers/Films-home-bread-bags-etc.jpg,Films-home-bread-bags-etc.jpg,Non-Recyclable,ceaabd44613de1a4,14891923219240837540
Non-Recyclable/Non-Recyclable/platics_bags_wrappers/IMG_1648.JPG.jpg,IMG_1648.JPG.jpg,Non-Recyclable,8008ceba3637796f,9225851135837305199
Non-Recyclable/Non-Recyclable/platics_bags_wrappers/LG_2021_Page_one.jpg,LG_2021_Page_one.jpg,Non-Recyclable,ef6e8c94c46e6a60,17252881793081567840
Non-Recyclable/Non-Recyclable/platics_bags_wrappers/Laundry_Bag_-_Impact_c7cb83ae-002a-4675-84c9-c14f4cfe1234.jpg,Laundry_Bag_-_Impact_c7cb83ae-002a-4675-84c9-c14f4cfe1234.jpg,Non-Recyclable,e7259a92c96c3399,16655888752134861721
Non-Recyclable/Non-Recyclable/platics_bags_wrappers/LillianConnors_EasyWaystoRecyclePlasticBagsToday2.jpg,LillianConnors_EasyWaystoRecyclePlasticBagsToday2.jpg,Non-Recyclable,c94872d3369dcc6c,14503968851426659436
Non-Recyclable/Non-Recyclable/platics_bags_wrappers/Most-Plastic-Bags-H2R-checkerboard-SDO-4.png,Most-Plastic-Bags-H2R-checkerboard-SDO-4.png,Non-Recyclable,8fb6c960b60de01f,10355685810393440287
Non-Recyclable/Non-Recyclable/platics_bags_wrappers/NOBAGS-HEADER.png,NOBAGS-HEADER.png,Non-Recyclable,be6e95cce191c192,13722069821834772882
Non-Recyclable/Non-Recyclable/platics_bags_wrappers/Obaggo-Dave-andPucks-FTR.jpg,Obaggo-Dave-andPucks-FTR.jpg,Non-Recyclable,8032d98e7b21f71e,9237684991664715550
Non-Recyclable/Non-Recyclable/platics_bags_wrappers/Pencil_Pouch_-_Impact_3a6f9193-10f0-47c6-8d24-3ae5d3ee0c2c.jpg,Pencil_Pouch_-_Impact_3a6f9193-10f0-47c6-8d24-3ae5d3ee0c2c.jpg,Non-Recyclable,ad3cd2c72538cc65,12483084019928976485
Non-Recyclable/Non-Recyclable/platics_bags_wrappers/Plastic-Film-Recycling-Image-from-PMIP.jpg,Plastic-Film-Recycling-Image-from-PMIP.jpg,Non-Recyclable,8f5af4f1d80fa122,10329838014876852514
Non-Recyclable/Non-Recyclable/platics_bags_wrappers/Plastic-Waste.jpg,Plastic-Waste.jpg,Non-Recyclable,933936309de4764d,10608569979683239501
Non-Recyclable/Non-Recyclable/platics_bags_wrappers/Plastic-carrier-bags.jpg,Plastic-carrier-bags.jpg,Non-Recyclable,b595ba884be7822e,13084569386946626094
Non-Recyclable/Non-Recyclable/platics_bags_wrappers/PlasticBags.png,PlasticBags.png,Non-Recyclable,90396fc74fe039c2,10392460516963400130
Non-Recyclable/Non-Recyclable/platics_bags_wrappers/Plastic_bags_and_wrapping_2.png,Plastic_bags_and_wrapping_2.png,Non-Recyclable,dac9cf344c499c9c,15765359794112273564
Non-Recyclable/Non-Recyclable/platics_bags_wrappers/Plastic_bags_and_wrapping_22.png,Plastic_bags_and_wrapping_22.png,Non-Recyclable,a73cc2e7c4e6c644,12050721003633296964
Non-Recyclable/Non-Recyclable/platics_bags_wrappers/Pranjali-Kumbhare-Kolkata--1230x767.jpg,Pranjali-Kumbhare-Kolkata--1230x767.jpg,Non-Recyclable,f4145a792fa43745,17587781921325463365
Non-Recyclable/Non-Recyclable/platics_bags_wrappers/Rajiben_Colelction_1550_1080_copy_877a0b7e-5472-4ff3-a659-a60754e5abe3_1080x1080.jpg,Rajiben_Colelction_1550_1080_copy_877a0b7e-5472-4ff3-a659-a60754e5abe3_1080x1080.jpg,Non-Recyclable,ede7c63ac4313a88,17142888462311045768
Non-Recyclable/Non-Recyclable/platics_bags_wrappers/Ridwell-guy_photo_800.jpg,Ridwell-guy_photo_800.jpg,Non-Recyclable,b8e5fab1458f30d0,13323330711928647888
Non-Recyclable/Non-Recyclable/platics_bags_wrappers/SDO.png,SDO.png,Non-Recyclable,cfb649b5c81ecac0,14967231456707791552
Non-Recyclable/Non-Recyclable/platics_bags_wrappers/ShopperTote-Impact_9c760538-e324-4fd4-8e04-48c35caf5152.jpg,ShopperTote-Impact_9c760538-e324-4fd4-8e04-48c35caf5152.jpg,Non-Recyclable,e92c9693356c6969,16801969868813134185
Non-Recyclable/Non-Recyclable/platics_bags_wrappers/Somerset1.jpg,Somerset1.jpg,Non-Recyclable,b447b4bb4eb220ea,12990550366745665770
Non-Recyclable/Non-Recyclable/platics_bags_wrappers/Sweet-wrappers-empty-1024x576.jpg,Sweet-wrappers-empty-1024x576.jpg,Non-Recyclable,d6d829d3bc65530c,15481169708461675276
Non-Recyclable/Non-Recyclable/platics_bags_wrappers/Tablet_Sleeve_-_Impact_a2c440a0-18f7-45e1-bfeb-23e7aa1b761c.jpg,Tablet_Sleeve_-_Impact_a2c440a0-18f7-45e1-bfeb-23e7aa1b761c.jpg,Non-Recyclable,b939868e3dca7131,13346846916169330993
Non-Recyclable/Non-Recyclable/platics_bags_wrappers/Trash_bin_in_Paris.jpg,Trash_bin_in_Paris.jpg,Non-Recyclable,df20806b74dfe530,16077991868723356976
Non-Recyclable/Non-Recyclable/platics_bags_wrappers/Various-empty-1024x576.jpg,Various-empty-1024x576.jpg,Non-Recyclable,d9f9311e3ca41e0d,15706639181367483917
Non-Recyclable/Non-Recyclable/platics_bags_wrappers/Why-Are-Plastic-Bags-Bad-for-The-Environment.jpg,Why-Are-Plastic-Bags-Bad-for-The-Environment.jpg,Non-Recyclable,b9b2f29a91c7c981,13381024188555839873
Non-Recyclable/Non-Recyclable/platics_bags_wrappers/Wrist_It_-_Impact_b16a8f3d-be40-41e9-b2a4-667e1f79613c.jpg,Wrist_It_-_Impact_b16a8f3d-be40-41e9-b2a4-667e1f79613c.jpg,Non-Recyclable,b1318ece7131ce96,12768143435885563542
Non-Recyclable/Non-Recyclable/platics_bags_wrappers/_117514715_softplasticsimage-002.jpg,_117514715_softplasticsimage-002.jpg,Non-Recyclable,91ee0f19790bc62e,10515358782036100654
Non-Recyclable/Non-Recyclable/platics_bags_wrappers/_117581598_gettyimages-957361834_anindianboysearchesforremainfoodinpolythenepacketsatroadside.jpg,_117581598_gettyimages-957361834_anindianboysearchesforremainfoodinpolythenepacketsatroadside.jpg,Non-Recyclable,84a434a9b7a9ead5,9557822212722518741
Non-Recyclable/Non-Recyclable/platics_bags_wrappers/_23I7370.png,_23I7370.png,Non-Recyclable,b3e6aebe13718083,12963240708825776259
Non-Recyclable/Non-Recyclable/platics_bags_wrappers/a-pile-of-plastic-bags-trash-and-garbage-left-by-travellers-and-holidaymakers-BNMCXE.jpg,a-pile-of-plastic-bags-trash-and-garbage-left-by-travellers-and-holidaymakers-BNMCXE.jpg,Non-Recyclable,ef870dc601cd35e1,17259779241005626849
Non-Recyclable/Non-Recyclable/platics_bags_wrappers/arkets-for-kitchen-waste-household-plastic-waste-single-use-plastics-2E25P06.jpg,arkets-for-kitchen-waste-household-plastic-waste-single-use-plastics-2E25P06.jpg,Non-Recyclable,db81238d6df216a5,15816962456643835557
Non-Recyclable/Non-Recyclable/platics_bags_wrappers/arkets-for-kitchen-waste-household-plastic-waste-single-use-plastics-2E25P1B.jpg,arkets-for-kitchen-waste-household-plastic-waste-single-use-plastics-2E25P1B.jpg,Non-Recyclable,c8ab2c841fbd279a,14459699974582904730
Non-Recyclable/Non-Recyclable/platics_bags_wrappers/arkets-for-kitchen-waste-household-plastic-waste-single-use-plastics-2E25P1R.jpg,arkets-for-kitchen-waste-household-plastic-waste-single-use-plastics-2E25P1R.jpg,Non-Recyclable,cb87289315ce26b7,14665735323746444983
Non-Recyclable/Non-Recyclable/platics_bags_wrappers/arkets-for-kitchen-waste-household-plastic-waste-single-use-plastics-2E25P3N.jpg,arkets-for-kitchen-waste-household-plastic-waste-single-use-plastics-2E25P3N.jpg,Non-Recyclable,ea9015de08c93bbd,16902033444895800253
Non-Recyclable/Non-Recyclable/platics_bags_wrappers/bags-and-film-you-can-recycle-in-exeter.jpg,bags-and-film-you-can-recycle-in-exeter.jpg,Non-Recyclable,e7d2c60e9c4f8c19,16704631733924891673
Non-Recyclable/Non-Recyclable/platics_bags_wrappers/cd665f1197fabc2e6c6a4d42461b57d8.jpg,cd665f1197fabc2e6c6a4d42461b57d8.jpg,Non-Recyclable,ae91a5d2d26cd06d,12579017559114567789
Non-Recyclable/Non-Recyclable/platics_bags_wrappers/cenn3ctnls1xawwoaenx.png,cenn3ctnls1xawwoaenx.png,Non-Recyclable,b381e77494c81cee,12934874092683140334
Non-Recyclable/Non-Recyclable/platics_bags_wrappers/d5c6c4e209b7b27a34b8d6deaf125c19.jpg,d5c6c4e209b7b27a34b8d6deaf125c19.jpg,Non-Recyclable,83bb38f53fc0c2c4,9492243265601192644
Non-Recyclable/Non-Recyclable/platics_bags_wrappers/earth-globe-plastic-bag-pollution-ecology-environment-planet-global-warming_772720-4773.jpg,earth-globe-plastic-bag-pollution-ecology-environment-planet-global-warming_772720-4773.jpg,Non-Recyclable,bcc2c33d8f609ccc,13601648493778214092
Non-Recyclable/Non-Recyclable/platics_bags_wrappers/eco-friendly-alternatives-110.jpg,eco-friendly-alternatives-110.jpg,Non-Recyclable,ec6e96828ecb69e0,17036719927874775520
Non-Recyclable/Non-Recyclable/platics_bags_wrappers/facebook-gmb-posts-8.png,facebook-gmb-posts-8.png,Non-Recyclable,95595e6a007a1e3f,10761736593946058303
Non-Recyclable/Non-Recyclable/platics_bags_wrappers/fe12a09c3997999f704e9f6c38890b90.jpg,fe12a09c3997999f704e9f6c38890b90.jpg,Non-Recyclable,807f6fd09dc8286b,9259242300688050283
Non-Recyclable/Non-Recyclable/platics_bags_wrappers/film-group-image.jpg,film-group-image.jpg,Non-Recyclable,d263a4849d5b7366,15160141660141876070
Non-Recyclable/Non-Recyclable/platics_bags_wrappers/fruits-in-plastic-bags.jpg,fruits-in-plastic-bags.jpg,Non-Recyclable,d8744981fa8e9e6c,15597172232094129772
Non-Recyclable/Non-Recyclable/platics_bags_wrappers/garbage-1260833_1280.jpg,garbage-1260833_1280.jpg,Non-Recyclable,e8a3e41cb65f02f8,16763493049973015288
Non-Recyclable/Non-Recyclable/platics_bags_wrappers/gettyimages-163310627.jpg,gettyimages-163310627.jpg,Non-Recyclable,e996e47b925307a8,16831891876730832808
Non-Recyclable/Non-Recyclable/platics_bags_wrappers/grocery-plastics-9_slide-709f9469bb300475d6ea6c2038892268a68a2bf0.jpg,grocery-plastics-9_slide-709f9469bb300475d6ea6c2038892268a68a2bf0.jpg,Non-Recyclable,bccc823363799b4c,13604391731603282764
Non-Recyclable/Non-Recyclable/platics_bags_wrappers/hqdefault.jpg,hqdefault.jpg,Non-Recyclable,a9a3175c427e62b3,12223639498633667251
Non-Recyclable/Non-Recyclable/platics_bags_wrappers/image29.jpg,image29.jpg,Non-Recyclable,d1a67a66381b711d,15106896579507482909
Non-Recyclable/Non-Recyclable/platics_bags_wrappers/img_20190310_161026544.jpg,img_20190310_161026544.jpg,Non-Recyclable,b3c2cc3c9cc9c8c7,12953140038971541703
Non-Recyclable/Non-Recyclable/platics_bags_wrappers/india-plastic-23_custom-13998d9ff8fe44ed9ab4040afd7381cf716bdaab-s1100-c50.jpg,india-plastic-23_custom-13998d9ff8fe44ed9ab4040afd7381cf716bdaab-s1100-c50.jpg,Non-Recyclable,e19c58ec69c8ccea,16256966527310941418
Non-Recyclable/Non-Recyclable/platics_bags_wrappers/infographic-v2.png,infographic-v2.png,Non-Recyclable,b7893d3de64ec0c0,13225169116816392384
Non-Recyclable/Non-Recyclable/platics_bags_wrappers/lastic-bags-flat-vector-illustration-isolated-on-white-background-1817468831.jpg,lastic-bags-flat-vector-illustration-isolated-on-white-background-1817468831.jpg,Non-Recyclable,bea670db41e1608f,13737791800345714831
Non-Recyclable/Non-Recyclable/platics_bags_wrappers/lawn-in-a-park-concept-of-cleaning-up-and-respecting-the-environment-2J44BER.jpg,lawn-in-a-park-concept-of-cleaning-up-and-respecting-the-environment-2J44BER.jpg,Non-Recyclable,c58533f348db07c6,14232839317366704070
Non-Recyclable/Non-Recyclable/platics_bags_wrappers/lawn-in-a-park-concept-of-cleaning-up-and-respecting-the-environment-2J44BFF.jpg,lawn-in-a-park-concept-of-cleaning-up-and-respecting-the-environment-2J44BFF.jpg,Non-Recyclable,ccb136b273ce320e,14749630394690056718
Non-Recyclable/Non-Recyclable/platics_bags_wrappers/lawn-in-a-park-concept-of-cleaning-up-and-respecting-the-environment-2J44BG3.jpg,lawn-in-a-park-concept-of-cleaning-up-and-respecting-the-environment-2J44BG3.jpg,Non-Recyclable,e4a71f386bc46585,16476172088944911749
Non-Recyclable/Non-Recyclable/platics_bags_wrappers/lebanon-waste-trash-beach-1.jpg__1600x900_q85_crop_subsampling-2.jpg,lebanon-waste-trash-beach-1.jpg__1600x900_q85_crop_subsampling-2.jpg,Non-Recyclable,c7d98aec9b22869c,14400694032313517724
Non-Recyclable/Non-Recyclable/platics_bags_wrappers/maxresdefault.jpg,maxresdefault.jpg,Non-Recyclable,cbb6d2ec59436c90,14679151948012416144
Non-Recyclable/Non-Recyclable/platics_bags_wrappers/maxresdefault2.jpg,maxresdefault2.jpg,Non-Recyclable,879c3cb45aca4997,9771752036802120087
Non-Recyclable/Non-Recyclable/platics_bags_wrappers/maxresdefault3.jpg,maxresdefault3.jpg,Non-Recyclable,95f363e3c8cc1698,10805089760969496216
Non-Recyclable/Non-Recyclable/platics_bags_wrappers/ndle-disposable-plastic-bag-package-illustration-isolated-on-white-488464864.jpg,ndle-disposable-plastic-bag-package-illustration-isolated-on-white-488464864.jpg,Non-Recyclable,ec8f50ab51a75296,17045931811360166550
Non-Recyclable/Non-Recyclable/platics_bags_wrappers/non-recyclable-plastic-food-bags-food-wrappers-that-cant-be-recycled-EWE9J4.jpg,non-recyclable-plastic-food-bags-food-wrappers-that-cant-be-recycled-EWE9J4.jpg,Non-Recyclable,a4a541bb3bf87a82,11863961065798269570
Non-Recyclable/Non-Recyclable/platics_bags_wrappers/plastic-bag-recycling.jpg,plastic-bag-recycling.jpg,Non-Recyclable,dbd6d655212b8469,15841084400439362665
Non-Recyclable/Non-Recyclable/platics_bags_wrappers/plastic-bag-seller.jpg,plastic-bag-seller.jpg,Non-Recyclable,927560fe7e858193,10553447947973263763
Non-Recyclable/Non-Recyclable/platics_bags_wrappers/plastic-bags-scaled.jpg,plastic-bags-scaled.jpg,Non-Recyclable,bbe9dc96346229b0,13540596292348160432
Non-Recyclable/Non-Recyclable/platics_bags_wrappers/plastic-bags-wraps-different-colors-blue-background-no-concept-high-quality-photo-245039624.jpg,plastic-bags-wraps-different-colors-blue-background-no-concept-high-quality-photo-245039624.jpg,Non-Recyclable,c2759e50758e6197,14012279884040003991
Non-Recyclable/Non-Recyclable/platics_bags_wrappers/plastic-bags.jpg,plastic-bags.jpg,Non-Recyclable,a7cc9cd8e10f8317,12091211554885698327
Non-Recyclable/Non-Recyclable/platics_bags_wrappers/plastic-film-recycling-1200.png,plastic-film-recycling-1200.png,Non-Recyclable,dbaa5cf0f0e541a1,15828566030250492321
Non-Recyclable/Non-Recyclable/platics_bags_wrappers/plastic-pollution-crisis-environmental-damage-at-uk-nature-reserve-2HE3RHJ.jpg,plastic-pollution-crisis-environmental-damage-at-uk-nature-reserve-2HE3RHJ.jpg,Non-Recyclable,8f872cee3ca55984,10342284471010941316
Non-Recyclable/Non-Recyclable/platics_bags_wrappers/plastic-wrappers-and-other-garbage-discarded-down-bank-JXJC8A.jpg,plastic-wrappers-and-other-garbage-discarded-down-bank-JXJC8A.jpg,Non-Recyclable,d790795f708c35a2,15533048565617931682
Non-Recyclable/Non-Recyclable/platics_bags_wrappers/plastic_bags_are_killing_us.jpg,plastic_bags_are_killing_us.jpg,Non-Recyclable,b3f14eccd1d25143,12966231443776885059
Non-Recyclable/Non-Recyclable/platics_bags_wrappers/plastic_wrap_gfx_2.png,plastic_wrap_gfx_2.png,Non-Recyclable,a3691f1adc0fb426,11774976900958499878
Non-Recyclable/Non-Recyclable/platics_bags_wrappers/plasticbags.jpg,plasticbags.jpg,Non-Recyclable,f0e7779c40a3846d,17358974801705927789
Non-Recyclable/Non-Recyclable/platics_bags_wrappers/plasticdomestic.png,plasticdomestic.png,Non-Recyclable,f13f2c4c8b56b305,17383661793940255493
Non-Recyclable/Non-Recyclable/platics_bags_wrappers/plasticwrapped.jpg,plasticwrapped.jpg,Non-Recyclable,c74f891219af37b0,14361848447541131184
Non-Recyclable/Non-Recyclable/platics_bags_wrappers/polythene-bags-1558085838-4911553.jpeg,polythene-bags-1558085838-4911553.jpeg,Non-Recyclable,eacf95ca95c292e0,16919907022382732000
Non-Recyclable/Non-Recyclable/platics_bags_wrappers/rappers-green-lawn-park-cleaning-up-respecting-environment-concept-245258516.jpg,rappers-green-lawn-park-cleaning-up-respecting-environment-concept-245258516.jpg,Non-Recyclable,c6a63945c7523e0f,14314191437503282703
Non-Recyclable/Non-Recyclable/platics_bags_wrappers/rappers-green-lawn-park-concept-cleaning-up-respecting-environment-245277060.jpg,rappers-green-lawn-park-concept-cleaning-up-respecting-environment-245277060.jpg,Non-Recyclable,dedc6161093d3f30,16058817440691076912
Non-Recyclable/Non-Recyclable/platics_bags_wrappers/rechakra-cropped-1618918786.jpg,rechakra-cropped-1618918786.jpg,Non-Recyclable,9c5b2942e4e2769d,11266644260082054813
Non-Recyclable/Non-Recyclable/platics_bags_wrappers/recycled-plastic-bags-1558087110-4911635.jpeg,recycled-plastic-bags-1558087110-4911635.jpeg,Non-Recyclable,eb96d469d068326d,16975989396352807533
Non-Recyclable/Non-Recyclable/platics_bags_wrappers/reusablekitchen-2x1-4259.jpg,reusablekitchen-2x1-4259.jpg,Non-Recyclable,a5c6263da98bee22,11945277107926199842
Non-Recyclable/Non-Recyclable/platics_bags_wrappers/singleuseplastic_660_091519033806.jpg,singleuseplastic_660_091519033806.jpg,Non-Recyclable,b0af0f7dc3070c8d,12731411704417029261
Non-Recyclable/Non-Recyclable/platics_bags_wrappers/sinle_use_plastic_660_100219020533.jpg,sinle_use_plastic_660_100219020533.jpg,Non-Recyclable,d9d01669ed32552b,15695069345593054507
Non-Recyclable/Non-Recyclable/platics_bags_wrappers/social.jpg,social.jpg,Non-Recyclable,b1d83529cb1edc0d,12815051193300474893
Non-Recyclable/Non-Recyclable/platics_bags_wrappers/stic-bags-and-wrappers-by-household-in-fresno-ca-usa-for-november-1592647813.jpg,stic-bags-and-wrappers-by-household-in-fresno-ca-usa-for-november-1592647813.jpg,Non-Recyclable,9cbd619921c65e87,11294290750839611015
Non-Recyclable/Non-Recyclable/platics_bags_wrappers/stic-garbage-bag-collection-streets-city-seasonal-cleaning-service-217606056.jpg,stic-garbage-bag-collection-streets-city-seasonal-cleaning-service-217606056.jpg,Non-Recyclable,b5a2ac8d39196bca,13088213189640416202
Non-Recyclable/Non-Recyclable/platics_bags_wrappers/upcycling-amita-deshpande.jpg,upcycling-amita-deshpande.jpg,Non-Recyclable,f9afa54ce1f04123,17991780785995137315
Non-Recyclable/Non-Recyclable/platics_bags_wrappers/wasteplastic750px.jpg,wasteplastic750px.jpg,Non-Recyclable,8eb73ba937190a94,10283753872083716756
Non-Recyclable/Non-Recyclable/platics_bags_wrappers/wrapping-luggage-in-plastic-Cover.jpeg,wrapping-luggage-in-plastic-Cover.jpeg,Non-Recyclable,9f05b0b793b06569,11458759129417409897
Non-Recyclable/Non-Recyclable/sanitary_napkin/-emoji-feminine-hygiene-products-including-zero-waste-wome-women-s-221421344.jpg,-emoji-feminine-hygiene-products-including-zero-waste-wome-women-s-221421344.jpg,Non-Recyclable,fab07aca1ca3019f,18064073113865486751
Non-Recyclable/Non-Recyclable/sanitary_napkin/-various-feminine-hygiene-products-zero-waste-objects-panties-pads_602734-60.jpg,-various-feminine-hygiene-products-zero-waste-objects-panties-pads_602734-60.jpg,Non-Recyclable,ef9ecc89947890a5,17266462912658575525
Non-Recyclable/Non-Recyclable/sanitary_napkin/-waste-ecological-products-menstrual-cup-pads-tampons-menstruation-224096335.jpg,-waste-ecological-products-menstrual-cup-pads-tampons-menstruation-224096335.jpg,Non-Recyclable,ebda5282588d65a7,16994986863620875687
Non-Recyclable/Non-Recyclable/sanitary_napkin/0.57118300_1559106463_sanitary_waste_gettyimages-.jpg,0.57118300_1559106463_sanitary_waste_gettyimages-.jpg,Non-Recyclable,8639b3c7391ce067,9671959342992908391
Non-Recyclable/Non-Recyclable/sanitary_napkin/006965731_1-a906255231db326e1934217ae548db6a.png,006965731_1-a906255231db326e1934217ae548db6a.png,Non-Recyclable,bf2ec8c1c1403e3f,13776169044669382207
Non-Recyclable/Non-Recyclable/sanitary_napkin/007481869_1-f6ad30c61ad557672837a415717eec59.png,007481869_1-f6ad30c61ad557672837a415717eec59.png,Non-Recyclable,bdf1c367c098901f,13686935592935919647
Non-Recyclable/Non-Recyclable/sanitary_napkin/007493272_2-ecb03bdf21bfddb1d6366f947f29352d.png,007493272_2-ecb03bdf21bfddb1d6366f947f29352d.png,Non-Recyclable,bc1e1e6dc1e1c1e1,13555305385184838113
Non-Recyclable/Non-Recyclable/sanitary_napkin/096_main.jpg,096_main.jpg,Non-Recyclable,b0309b66cd31ce9b,12695818215388991131
Non-Recyclable/Non-Recyclable/sanitary_napkin/1-s2.0-S0160412020303494-ga1.jpg,1-s2.0-S0160412020303494-ga1.jpg,Non-Recyclable,96899bb6782da9c2,10847372385501161922
Non-Recyclable/Non-Recyclable/sanitary_napkin/1-s2.0-S2405844022011471-ga1.jpg,1-s2.0-S2405844022011471-ga1.jpg,Non-Recyclable,d2d5aa0bc5d096e5,15192235885544380133
Non-Recyclable/Non-Recyclable/sanitary_napkin/1-selection-of-feminine-care-products-such-as-monthly-period-tampons-2E0RKGP.jpg,1-selection-of-feminine-care-products-such-as-monthly-period-tampons-2E0RKGP.jpg,Non-Recyclable,958a9ad54ad578a3,10775595299311548579
Non-Recyclable/Non-Recyclable/sanitary_napkin/1200px-Gestion_menstrual_tampon_toallitas_menstruaciC3B3n_periodicas_06.jpg,1200px-Gestion_menstrual_tampon_toallitas_menstruaciC3B3n_periodicas_06.jpg,Non-Recyclable,d20e397b09a87e8d,15136098598244613773
Non-Recyclable/Non-Recyclable/sanitary_napkin/1200px-Monthly_Cup_Size_1262.jpg,1200px-Monthly_Cup_Size_1262.jpg,Non-Recyclable,82d62d297c7c93c6,9427772526152160198
Non-Recyclable/Non-Recyclable/sanitary_napkin/1200px-thumbnail.jpg,1200px-thumbnail.jpg,Non-Recyclable,f55563c46a686a6a,17678145607562717802
Non-Recyclable/Non-Recyclable/sanitary_napkin/15-Best-Feminine-Hygiene-Products.jpg,15-Best-Feminine-Hygiene-Products.jpg,Non-Recyclable,dfb0ab07c0c3513e,16118571116146151742
Non-Recyclable/Non-Recyclable/sanitary_napkin/1730964.fig.002.jpg,1730964.fig.002.jpg,Non-Recyclable,ed929a639c6de212,17118914886205563410
Non-Recyclable/Non-Recyclable/sanitary_napkin/3-Figure1-1.png,3-Figure1-1.png,Non-Recyclable,cb0f0d4d9172b4bc,14631928341153887420
Non-Recyclable/Non-Recyclable/sanitary_napkin/340003-MenstrualHygieneDay_1_1080x1080.jpg,340003-MenstrualHygieneDay_1_1080x1080.jpg,Non-Recyclable,c5b48b6995c7324b,14246164806880408139
Non-Recyclable/Non-Recyclable/sanitary_napkin/35-Essential-Personal-Hygiene-Products-You-Need-to-Stock.jpeg,35-Essential-Personal-Hygiene-Products-You-Need-to-Stock.jpeg,Non-Recyclable,da5084a6b3b5d953,15731219349919619411
Non-Recyclable/Non-Recyclable/sanitary_napkin/357_main.jpg,357_main.jpg,Non-Recyclable,bd676b9c94886689,13647995516020614793
Non-Recyclable/Non-Recyclable/sanitary_napkin/360_F_465014210_QB7BenWr9n27w5Tm630XKGzJknSostm8.jpg,360_F_465014210_QB7BenWr9n27w5Tm630XKGzJknSostm8.jpg,Non-Recyclable,fb174eccc1866d11,18093016669311364369
Non-Recyclable/Non-Recyclable/sanitary_napkin/3668-Feminine20hygiene20products.jpg,3668-Feminine20hygiene20products.jpg,Non-Recyclable,87cff830c0f0e1f8,9786313403578507768
Non-Recyclable/Non-Recyclable/sanitary_napkin/3669-Feminine20hygiene20products2028329.jpg,3669-Feminine20hygiene20products2028329.jpg,Non-Recyclable,b1ac579a4bb44ab1,12802704160914164401
Non-Recyclable/Non-Recyclable/sanitary_napkin/5-Ways-To-Use-A-Hygiene-Kit_2.png,5-Ways-To-Use-A-Hygiene-Kit_2.png,Non-Recyclable,bf075d5345705135,13765073398309867829
Non-Recyclable/Non-Recyclable/sanitary_napkin/61oFpMb2mJS._AC_UF8941000_QL80_.jpg,61oFpMb2mJS._AC_UF8941000_QL80_.jpg,Non-Recyclable,ad93c8944d65dc3c,12507561129417235516
Non-Recyclable/Non-Recyclable/sanitary_napkin/6Risks_MenstrualHygiene.jpg,6Risks_MenstrualHygiene.jpg,Non-Recyclable,e6668899d9d99998,16602107270714202520
Non-Recyclable/Non-Recyclable/sanitary_napkin/71Dw-iUHm4L._AC_UF10001000_QL80_.jpg,71Dw-iUHm4L._AC_UF10001000_QL80_.jpg,Non-Recyclable,a948e607b83cb33b,12198252511563133755
Non-Recyclable/Non-Recyclable/sanitary_napkin/71Mvg0Tx55L._AC_UF10001000_QL80_.jpg,71Mvg0Tx55L._AC_UF10001000_QL80_.jpg,Non-Recyclable,afe8f0ad4a926d12,12675645778305379602
Non-Recyclable/Non-Recyclable/sanitary_napkin/800px-Feminine_Hygiene_Products_in_a_Walmart.png,800px-Feminine_Hygiene_Products_in_a_Walmart.png,Non-Recyclable,b067b133d3b05a72,12711323309429512818
Non-Recyclable/Non-Recyclable/sanitary_napkin/8d032ff8-b08d-48cf-b3e2-8dc62c08c30a.jpg,8d032ff8-b08d-48cf-b3e2-8dc62c08c30a.jpg,Non-Recyclable,85d5d6ab88725719,9643850209300731673
Non-Recyclable/Non-Recyclable/sanitary_napkin/9641z.jpg,9641z.jpg,Non-Recyclable,aff0940f78e40fd0,12677795745221578704
Non-Recyclable/Non-Recyclable/sanitary_napkin/AHB2013q072679_cropped.jpg,AHB2013q072679_cropped.jpg,Non-Recyclable,fac29535d43e4a1a,18069168713390508570
Non-Recyclable/Non-Recyclable/sanitary_napkin/AdobeStock_121922416-e1568427026836.jpeg,AdobeStock_121922416-e1568427026836.jpeg,Non-Recyclable,f3860ca9997366a5,17547726920659199653
Non-Recyclable/Non-Recyclable/sanitary_napkin/BPAC-Blog-post-8-01.jpg,BPAC-Blog-post-8-01.jpg,Non-Recyclable,d95dc4d43b794984,15662891494874368388
Non-Recyclable/Non-Recyclable/sanitary_napkin/Bamboo-Collection-Banner-min_2048x2048.jpg,Bamboo-Collection-Banner-min_2048x2048.jpg,Non-Recyclable,d43268a46e376cdc,15290398740309306588
Non-Recyclable/Non-Recyclable/sanitary_napkin/Ban-XL-12-1-min_1200x.jpg,Ban-XL-12-1-min_1200x.jpg,Non-Recyclable,cba434563aa93937,14673911030835919159
Non-Recyclable/Non-Recyclable/sanitary_napkin/DT_Banner.png,DT_Banner.png,Non-Recyclable,af71fc3ccf070310,12642162967107273488
Non-Recyclable/Non-Recyclable/sanitary_napkin/Different-types-of-waste.jpg,Different-types-of-waste.jpg,Non-Recyclable,ab9450ab54ed54ce,12363595573833323726
Non-Recyclable/Non-Recyclable/sanitary_napkin/Disposing-of-Your-Hygiene-Products-Safely.jpg,Disposing-of-Your-Hygiene-Products-Safely.jpg,Non-Recyclable,d23d2dc16b1e4933,15149315030293301555
Non-Recyclable/Non-Recyclable/sanitary_napkin/EP_Mar_2023_CoverStory_Feature_750.jpg,EP_Mar_2023_CoverStory_Feature_750.jpg,Non-Recyclable,9c9f7ef860c087e0,11285878796453971936
Non-Recyclable/Non-Recyclable/sanitary_napkin/Eco-friendly-pads.jpg,Eco-friendly-pads.jpg,Non-Recyclable,a4cc9398ce3398e7,11875028601972955367
Non-Recyclable/Non-Recyclable/sanitary_napkin/Feminine-Hygiene-Market-Consumer-Choice.jpeg,Feminine-Hygiene-Market-Consumer-Choice.jpeg,Non-Recyclable,f3dee605a9895838,17572735708039829560
Non-Recyclable/Non-Recyclable/sanitary_napkin/GettyImages-1168730611_732x549-thumbnail.jpg,GettyImages-1168730611_732x549-thumbnail.jpg,Non-Recyclable,8ab7c54863b746b1,9995674812673377969
Non-Recyclable/Non-Recyclable/sanitary_napkin/GettyImages-menstruation-taboo_1200-1.jpg,GettyImages-menstruation-taboo_1200-1.jpg,Non-Recyclable,c73938fc2dc4c4c9,14355567942970950857
Non-Recyclable/Non-Recyclable/sanitary_napkin/Lining_of_Uterine_Wall.jpg,Lining_of_Uterine_Wall.jpg,Non-Recyclable,eb31d3961ce8d84a,16947559514455464010
Non-Recyclable/Non-Recyclable/sanitary_napkin/List-of-bathroom-accessories-you-must-have-in-your-home-f.jpg,List-of-bathroom-accessories-you-must-have-in-your-home-f.jpg,Non-Recyclable,e596e061172d57e8,16543656988797392872
Non-Recyclable/Non-Recyclable/sanitary_napkin/Mask_Group_1295.png,Mask_Group_1295.png,Non-Recyclable,bb3c8758c49bc44b,13491807399020577867
Non-Recyclable/Non-Recyclable/sanitary_napkin/Medical-Waste-full-width-1600x900.jpg,Medical-Waste-full-width-1600x900.jpg,Non-Recyclable,976ee450a93dc133,10911909982253203763
Non-Recyclable/Non-Recyclable/sanitary_napkin/Menstrual-irregularities-1.png,Menstrual-irregularities-1.png,Non-Recyclable,aa78c92ae43cd5b8,12283789169708029368
Non-Recyclable/Non-Recyclable/sanitary_napkin/Natural-Cleaning-Solutions-Range-2000x2000.jpg,Natural-Cleaning-Solutions-Range-2000x2000.jpg,Non-Recyclable,ead1952edb3043c5,16920469303486071749
Non-Recyclable/Non-Recyclable/sanitary_napkin/Sanitary-products_cmp-scaled.jpg,Sanitary-products_cmp-scaled.jpg,Non-Recyclable,852d1fc24e39334f,9596361300392883023
Non-Recyclable/Non-Recyclable/sanitary_napkin/Types-Of-Bathroom-Accessories-01-0313090001.jpg,Types-Of-Bathroom-Accessories-01-0313090001.jpg,Non-Recyclable,8d7d83e2605e1b39,10195450139739298617
Non-Recyclable/Non-Recyclable/sanitary_napkin/Types-of-sanitary-products-used-by-women-during-menstruation-are-a-reusable-cloth-pads.jpg,Types-of-sanitary-products-used-by-women-during-menstruation-are-a-reusable-cloth-pads.jpg,Non-Recyclable,bc63c29d9dd87803,13574907684038670339
Non-Recyclable/Non-Recyclable/sanitary_napkin/Waste.jpg,Waste.jpg,Non-Recyclable,871f946f9a985398,9736664126454256536
Non-Recyclable/Non-Recyclable/sanitary_napkin/always-feminine-hygiene-products-on-a-store-shelf-2AB64XC.jpg,always-feminine-hygiene-products-on-a-store-shelf-2AB64XC.jpg,Non-Recyclable,c60078fd7f7a28c8,14267536649670502600
Non-Recyclable/Non-Recyclable/sanitary_napkin/b056a8a06dfc18447b8af6b8f5d805fb.jpg,b056a8a06dfc18447b8af6b8f5d805fb.jpg,Non-Recyclable,cb64365ba9a4d4d2,14655898854686512338
Non-Recyclable/Non-Recyclable/sanitary_napkin/blog.png,blog.png,Non-Recyclable,9df1e3a21c3760f0,11381128018739552496
Non-Recyclable/Non-Recyclable/sanitary_napkin/c0259187-800px-wm.jpg,c0259187-800px-wm.jpg,Non-Recyclable,e539cae73c8e9049,16517456202860236873
Non-Recyclable/Non-Recyclable/sanitary_napkin/different-angle-view-d-render-blank-soft-cleaner-tissue-cellulose-2250374381.jpg,different-angle-view-d-render-blank-soft-cleaner-tissue-cellulose-2250374381.jpg,Non-Recyclable,fa8e708341853dbe,18054491665217174974
Non-Recyclable/Non-Recyclable/sanitary_napkin/ds-tampons-pills-on-pink-background-womens-health-concept-copy-space-2JCJ7FF.jpg,ds-tampons-pills-on-pink-background-womens-health-concept-copy-space-2JCJ7FF.jpg,Non-Recyclable,9f9f7ed161c060e0,11502051411080798432
Non-Recyclable/Non-Recyclable/sanitary_napkin/female-hygiene-and-daily-health-care-products-vector-28402112.jpg,female-hygiene-and-daily-health-care-products-vector-28402112.jpg,Non-Recyclable,f2b740da1c8b49cd,17489518983442549197
Non-Recyclable/Non-Recyclable/sanitary_napkin/feminine-hygiene-items-vector-32004349.jpg,feminine-hygiene-items-vector-32004349.jpg,Non-Recyclable,eb8934ef19961299,16972154872253518489
Non-Recyclable/Non-Recyclable/sanitary_napkin/feminine-hygiene-products-concept_23-2148642495.jpg,feminine-hygiene-products-concept_23-2148642495.jpg,Non-Recyclable,b8c23307d835cd7a,13313259557245799802
Non-Recyclable/Non-Recyclable/sanitary_napkin/feminine-hygiene-products-concept_23-2148660550.jpg,feminine-hygiene-products-concept_23-2148660550.jpg,Non-Recyclable,b39ccc5233a4cc6b,12942444082581785707
Non-Recyclable/Non-Recyclable/sanitary_napkin/feminine-hygiene-products-in-a-shop-2BJWRFF.jpg,feminine-hygiene-products-in-a-shop-2BJWRFF.jpg,Non-Recyclable,f89612f1568a7917,17912525395661060375
Non-Recyclable/Non-Recyclable/sanitary_napkin/feminine-hygiene-products.jpg,feminine-hygiene-products.jpg,Non-Recyclable,d1116f94995ad16d,15064944912549728621
Non-Recyclable/Non-Recyclable/sanitary_napkin/flat-lay-spa-composition-with-personal-hygiene-items-bath-accessories-string-bag_169016-11414.jpg,flat-lay-spa-composition-with-personal-hygiene-items-bath-accessories-string-bag_169016-11414.jpg,Non-Recyclable,d6ad89d46b642ad1,15469171840515320529
Non-Recyclable/Non-Recyclable/sanitary_napkin/frph-04-920461-t001.jpg,frph-04-920461-t001.jpg,Non-Recyclable,f31bb15980199db5,17517790173547044277
Non-Recyclable/Non-Recyclable/sanitary_napkin/gh-060520-ghi-best-feminine-wipes-1591385649.png,gh-060520-ghi-best-feminine-wipes-1591385649.png,Non-Recyclable,cc9933663633cc99,14742871369263074457
Non-Recyclable/Non-Recyclable/sanitary_napkin/girl-preparing-to-spring-clean-royalty-free-image-1643238913.jpg,girl-preparing-to-spring-clean-royalty-free-image-1643238913.jpg,Non-Recyclable,9fb91a64d1b1d20e,11509259343039156750
Non-Recyclable/Non-Recyclable/sanitary_napkin/homegrown2Fimport2Fimg2Fbook2Fqqipdhbhkz-1492594351.PNG.jpg,homegrown2Fimport2Fimg2Fbook2Fqqipdhbhkz-1492594351.PNG.jpg,Non-Recyclable,942d1bf2639ae525,10677221019432445221
Non-Recyclable/Non-Recyclable/sanitary_napkin/hospitalwaste2013-151112203752-lva1-app6892-thumbnail.jpg,hospitalwaste2013-151112203752-lva1-app6892-thumbnail.jpg,Non-Recyclable,bbe0d619ad12c32e,13538055885641925422
Non-Recyclable/Non-Recyclable/sanitary_napkin/how_is_Biomedical_Waste_Disposed_Corpseed.png,how_is_Biomedical_Waste_Disposed_Corpseed.png,Non-Recyclable,98e1b11f9362d3e1,11016280912699773921
Non-Recyclable/Non-Recyclable/sanitary_napkin/https3A2F2Fcdn.cnn.com2Fcnnnext2Fdam2Fassets2F180914085541-01-as-equals-uk-period-poverty.jpg,https3A2F2Fcdn.cnn.com2Fcnnnext2Fdam2Fassets2F180914085541-01-as-equals-uk-period-poverty.jpg,Non-Recyclable,e5fe30269f886299,16572736621213409945
Non-Recyclable/Non-Recyclable/sanitary_napkin/hygiene-products-soft-and-fresh-sanitary-items-vector-32560436.jpg,hygiene-products-soft-and-fresh-sanitary-items-vector-32560436.jpg,Non-Recyclable,84865bd166e5393b,9549421014818306363
Non-Recyclable/Non-Recyclable/sanitary_napkin/ijerph-15-02562-g001-550.jpg,ijerph-15-02562-g001-550.jpg,Non-Recyclable,bf39d08368a5427e,13779273797731697278
Non-Recyclable/Non-Recyclable/sanitary_napkin/infectious-waste-disposal.jpg,infectious-waste-disposal.jpg,Non-Recyclable,c1253fc8319b3373,13917600352516649843
Non-Recyclable/Non-Recyclable/sanitary_napkin/intimate-feminine-hygiene-pads-tampons-feminine-hygiene-items-212893871.jpg,intimate-feminine-hygiene-pads-tampons-feminine-hygiene-items-212893871.jpg,Non-Recyclable,9ae42987573be449,11161091437791798345
Non-Recyclable/Non-Recyclable/sanitary_napkin/main_initial-washroom-supplies-banner.jpg,main_initial-washroom-supplies-banner.jpg,Non-Recyclable,d5aa6a26a4f47a92,15396234990328248978
Non-Recyclable/Non-Recyclable/sanitary_napkin/menstrual-hygiene-products.jpg,menstrual-hygiene-products.jpg,Non-Recyclable,969ee1e14e1e1c63,10853360509803961443
Non-Recyclable/Non-Recyclable/sanitary_napkin/menstrual-pad-with-pink-glitter-on-pastel-royalty-free-image-920307028-1559531564.jpg,menstrual-pad-with-pink-glitter-on-pastel-royalty-free-image-920307028-1559531564.jpg,Non-Recyclable,ad92926d6d92c996,12507220113848715670
Non-Recyclable/Non-Recyclable/sanitary_napkin/metics-feminine-sanitary-supplies-soap-miscellaneous-food-cleaning-thumbnail.png,metics-feminine-sanitary-supplies-soap-miscellaneous-food-cleaning-thumbnail.png,Non-Recyclable,eea19052cd39c36d,17195183537582097261
Non-Recyclable/Non-Recyclable/sanitary_napkin/nstrual-hygiene-management-at-school-can-prevent-adverse-health-consequences.jpg,nstrual-hygiene-management-at-school-can-prevent-adverse-health-consequences.jpg,Non-Recyclable,ec9b266c39e72618,17049263060610917912
Non-Recyclable/Non-Recyclable/sanitary_napkin/objects-feminine-hygiene-brown-background-75317550.jpg,objects-feminine-hygiene-brown-background-75317550.jpg,Non-Recyclable,b1694562dc33b1ad,12783825308171350445
Non-Recyclable/Non-Recyclable/sanitary_napkin/pads-1024x573-1.jpg,pads-1024x573-1.jpg,Non-Recyclable,fd28e6e3a9464866,18242084156136114278
Non-Recyclable/Non-Recyclable/sanitary_napkin/personal-care.png,personal-care.png,Non-Recyclable,e4932cb1ed99469a,16470557404931114650
Non-Recyclable/Non-Recyclable/sanitary_napkin/pile-period-products.png,pile-period-products.png,Non-Recyclable,ce90b16bcc2733cc,14884591845004227532
Non-Recyclable/Non-Recyclable/sanitary_napkin/pngtree-pink-cartoon-feminine-hygiene-products-elements-png-image_2362850.jpg,pngtree-pink-cartoon-feminine-hygiene-products-elements-png-image_2362850.jpg,Non-Recyclable,c1cb2f2e1a92596d,13964306944653154669
Non-Recyclable/Non-Recyclable/sanitary_napkin/polymers-14-05519-g001.png,polymers-14-05519-g001.png,Non-Recyclable,fea185e15aa5815e,18348093559819043166
Non-Recyclable/Non-Recyclable/sanitary_napkin/pons-on-pink-background-feminine-hygiene-products-menstrual-cycle-2167680291.jpg,pons-on-pink-background-feminine-hygiene-products-menstrual-cycle-2167680291.jpg,Non-Recyclable,9c8e69a530bb4ec3,11281070274817773251
Non-Recyclable/Non-Recyclable/sanitary_napkin/r-illustrations-menstruation-cup-cycle-feminine-uterus-zero-waste-2292968321.jpg,r-illustrations-menstruation-cup-cycle-feminine-uterus-zero-waste-2292968321.jpg,Non-Recyclable,fe86519b64a37185,18340436260363137413
Non-Recyclable/Non-Recyclable/sanitary_napkin/riendly-feminine-hygiene-reuse-concept-reusable-sanitary-pads-and-2164651545.jpg,riendly-feminine-hygiene-reuse-concept-reusable-sanitary-pads-and-2164651545.jpg,Non-Recyclable,f38e0ce34c9961b3,17549978968291631539
Non-Recyclable/Non-Recyclable/sanitary_napkin/safe-alternatives-to-pads-and-tampons.jpg,safe-alternatives-to-pads-and-tampons.jpg,Non-Recyclable,b9e33ccc8e3318cc,13394616565986695372
Non-Recyclable/Non-Recyclable/sanitary_napkin/sanitary-napkins.jpg,sanitary-napkins.jpg,Non-Recyclable,fa78e486c1c3c38b,18048426774114845579
Non-Recyclable/Non-Recyclable/sanitary_napkin/sanitary_1669126812106_1669126820530_1669126820530.jpeg,sanitary_1669126812106_1669126820530_1669126820530.jpeg,Non-Recyclable,f0da0ab77168c8d3,17355195897023613139
Non-Recyclable/Non-Recyclable/sanitary_napkin/sanitarywastedisposal-170109141454-thumbnail.jpg,sanitarywastedisposal-170109141454-thumbnail.jpg,Non-Recyclable,eee6b490b4171b91,17214645159260003217
Non-Recyclable/Non-Recyclable/sanitary_napkin/sq_overview.png,sq_overview.png,Non-Recyclable,9b1b36c0ec3ccdc2,11176587102475046338
Non-Recyclable/Non-Recyclable/sanitary_napkin/stock-photo-women-s-pads-pattern-feminine-hygiene-items-2269418989.jpg,stock-photo-women-s-pads-pattern-feminine-hygiene-items-2269418989.jpg,Non-Recyclable,f88e708668977987,17910376490681727367
Non-Recyclable/Non-Recyclable/sanitary_napkin/sustainability-10-04146-g001-550.jpg,sustainability-10-04146-g001-550.jpg,Non-Recyclable,9b8ce1248ef1e55a,11208581119751611738
Non-Recyclable/Non-Recyclable/sanitary_napkin/sustainability-10-04146-g001.png,sustainability-10-04146-g001.png,Non-Recyclable,9a8cf1248ef1e55a,11136541117899728218
Non-Recyclable/Non-Recyclable/sanitary_napkin/t-menstruation-personal-care-woman-conception-photo-soft-ten-tender-99697853.jpg,t-menstruation-personal-care-woman-conception-photo-soft-ten-tender-99697853.jpg,Non-Recyclable,93ff7c8060ff2182,10664379333461614978
Non-Recyclable/Non-Recyclable/sanitary_napkin/toilet-bathroom-cleaning-productsbleach-toilet-duct-in-asda-supermarket-uk-R0GWFY.jpg,toilet-bathroom-cleaning-productsbleach-toilet-duct-in-asda-supermarket-uk-R0GWFY.jpg,Non-Recyclable,ae064fef3191654c,12539798101207115084
Non-Recyclable/Non-Recyclable/sanitary_napkin/toilet-sign-allowed-throw-napkin-paper-pads-towel-in-waste-basket-2156580309.jpg,toilet-sign-allowed-throw-napkin-paper-pads-towel-in-waste-basket-2156580309.jpg,Non-Recyclable,b898e48f6ff07085,13301632804148244613
Non-Recyclable/Non-Recyclable/sanitary_napkin/tor-illustration-isolated-on-transparent-background-menstrual-cup-1546366844.jpg,tor-illustration-isolated-on-transparent-background-menstrual-cup-1546366844.jpg,Non-Recyclable,b69b199c6f8374c0,13158138895969514688
Non-Recyclable/Non-Recyclable/sanitary_napkin/trual-pads-on-shelving-unit-in-bathroom-feminine-hygiene-products-2063416142.jpg,trual-pads-on-shelving-unit-in-bathroom-feminine-hygiene-products-2063416142.jpg,Non-Recyclable,fb974ece458014e9,18129045472839472361
Non-Recyclable/Non-Recyclable/sanitary_napkin/und-feminine-hygiene-products-menstruation-and-womens-health-concept-2JCJ7KM.jpg,und-feminine-hygiene-products-menstruation-and-womens-health-concept-2JCJ7KM.jpg,Non-Recyclable,968169866fc737c1,10845065403806726081
Non-Recyclable/Non-Recyclable/sanitary_napkin/vagina-vulva-1200x628-facebook-1200x628.jpg,vagina-vulva-1200x628-facebook-1200x628.jpg,Non-Recyclable,dce87477238132ce,15918100937986618062
Non-Recyclable/Non-Recyclable/sanitary_napkin/vagina-vulva-1296x728-header.jpg,vagina-vulva-1296x728-header.jpg,Non-Recyclable,8ef431a321c5b1cf,10300912824419201487
Non-Recyclable/Non-Recyclable/sanitary_napkin/what-methods-can-be-used-for-the-disposal-of-infectious-waste.jpg,what-methods-can-be-used-for-the-disposal-of-infectious-waste.jpg,Non-Recyclable,f5f096b5b4214363,17721830240858227555
Non-Recyclable/Non-Recyclable/sanitary_napkin/wosp-overview-1920x1080.jpg,wosp-overview-1920x1080.jpg,Non-Recyclable,f269d1ca4ef431a2,17467723296571404706
Non-Recyclable/Non-Recyclable/stroform_product/-out-plastic-bag-styrofoam-paper-foam-miscellaneous-rectangle-food-packaging.png,-out-plastic-bag-styrofoam-paper-foam-miscellaneous-rectangle-food-packaging.png,Non-Recyclable,b49ec3699471c3c5,13015054831376778181
Non-Recyclable/Non-Recyclable/stroform_product/006599702_1-6aa3222b5bef71610d70bc6e3bad3255-768x994.png,006599702_1-6aa3222b5bef71610d70bc6e3bad3255-768x994.png,Non-Recyclable,bf37c094d06bc41e,13778693330347738142
Non-Recyclable/Non-Recyclable/stroform_product/1-s2.0-S0959652618336230-fx1.jpg,1-s2.0-S0959652618336230-fx1.jpg,Non-Recyclable,d656d976991ae0a1,15444771075511738529
Non-Recyclable/Non-Recyclable/stroform_product/101-recycling-different-packaging-materials-thumbnail.jpg,101-recycling-different-packaging-materials-thumbnail.jpg,Non-Recyclable,c242a5377621e577,13997932249444640119
Non-Recyclable/Non-Recyclable/stroform_product/16-Companies-Rethinking-Packaging.jpg,16-Companies-Rethinking-Packaging.jpg,Non-Recyclable,c4e3c9cc9e1e1a99,14187405131810478745
Non-Recyclable/Non-Recyclable/stroform_product/1608802952plasticfoodpackaging.jpg,1608802952plasticfoodpackaging.jpg,Non-Recyclable,dc393b68689d4d4c,15868780081634430284
Non-Recyclable/Non-Recyclable/stroform_product/1919463.jpg,1919463.jpg,Non-Recyclable,afcb094df0b4d2d0,12667228607265166032
Non-Recyclable/Non-Recyclable/stroform_product/1cd-600x600.png,1cd-600x600.png,Non-Recyclable,c1683f977258a758,13936458966589024088
Non-Recyclable/Non-Recyclable/stroform_product/200114-compostable-packaging-cups-utensils-plates.pla-plastic-waste-pollution-3-salad.jpg,200114-compostable-packaging-cups-utensils-plates.pla-plastic-waste-pollution-3-salad.jpg,Non-Recyclable,be0715e0567b8a69,13692937245311076969
Non-Recyclable/Non-Recyclable/stroform_product/2018-09-Chanalytics-iStock-reduce20foam20packaging20chainalytics_75ps.jpg,2018-09-Chanalytics-iStock-reduce20foam20packaging20chainalytics_75ps.jpg,Non-Recyclable,c59747919700f7d8,14237927437584365528
Non-Recyclable/Non-Recyclable/stroform_product/2018_blog_EcoFriendlyRestaurants_600x400.jpg,2018_blog_EcoFriendlyRestaurants_600x400.jpg,Non-Recyclable,e47bb4d02a833be1,16463951668942420961
Non-Recyclable/Non-Recyclable/stroform_product/250783690442929992.jpg,250783690442929992.jpg,Non-Recyclable,8eb1b50ed2cf60e1,10282198499534528737
Non-Recyclable/Non-Recyclable/stroform_product/330843799_885703332699899_5678677257182402870_n.jpg,330843799_885703332699899_5678677257182402870_n.jpg,Non-Recyclable,b6cbc540cb25d52b,13171838417251980587
Non-Recyclable/Non-Recyclable/stroform_product/3_5152_Original_Hot-Food-Packaging-for-Takeaway-Meals-and-Fast-Food_d07f42.jpg,3_5152_Original_Hot-Food-Packaging-for-Takeaway-Meals-and-Fast-Food_d07f42.jpg,Non-Recyclable,e9c6b5d3c6389641,16845351377394243137
Non-Recyclable/Non-Recyclable/stroform_product/77279c_8d2d3bb39b7e4ee5bb26c1a83e6b5669mv2.png,77279c_8d2d3bb39b7e4ee5bb26c1a83e6b5669mv2.png,Non-Recyclable,9f387003cfc7c0c7,11473043212399526087
Non-Recyclable/Non-Recyclable/stroform_product/7AOOT_12_KXFOOD_02.jpg,7AOOT_12_KXFOOD_02.jpg,Non-Recyclable,8743393ff01683cb,9746696965333615563
Non-Recyclable/Non-Recyclable/stroform_product/800px-Yummp_hk_lunchbox.jpg,800px-Yummp_hk_lunchbox.jpg,Non-Recyclable,fe814f1a38316ac7,18339026131659877063
Non-Recyclable/Non-Recyclable/stroform_product/819KB-FEqfL._AC_UF10001000_QL80_.jpg,819KB-FEqfL._AC_UF10001000_QL80_.jpg,Non-Recyclable,979f788069a7c14e,10925583713947861326
Non-Recyclable/Non-Recyclable/stroform_product/87badfbfd09864be43a29dfc7a906b9b.jpg,87badfbfd09864be43a29dfc7a906b9b.jpg,Non-Recyclable,ed94d04fc3341e4b,17119537124538064459
Non-Recyclable/Non-Recyclable/stroform_product/8f4dfec62271432d866768b7f62c88b4.jpg,8f4dfec62271432d866768b7f62c88b4.jpg,Non-Recyclable,80217bb90d4f1f57,9232796745808682839
Non-Recyclable/Non-Recyclable/stroform_product/AMP-58_62348a9647c53.jpg,AMP-58_62348a9647c53.jpg,Non-Recyclable,8db758a5ca6c87c2,10211728149174847426
Non-Recyclable/Non-Recyclable/stroform_product/All_About_the_Features_and_Benefits_of_Bagasse_Material.jpg,All_About_the_Features_and_Benefits_of_Bagasse_Material.jpg,Non-Recyclable,ebc2973c843db20d,16988307030567399949
Non-Recyclable/Non-Recyclable/stroform_product/BagasseContainers-pg9c7yp7i7al8c7b1cr5t240eval1iwbtyh0yvfhxs.png,BagasseContainers-pg9c7yp7i7al8c7b1cr5t240eval1iwbtyh0yvfhxs.png,Non-Recyclable,d0b62a48ed27d1a7,15039254498355171751
Non-Recyclable/Non-Recyclable/stroform_product/Best-eco-friendly-paper-food-packaging-containers-brands-in-Nigeria-1-1.jpeg,Best-eco-friendly-paper-food-packaging-containers-brands-in-Nigeria-1-1.jpeg,Non-Recyclable,af958646d461f169,12652166366936297833
Non-Recyclable/Non-Recyclable/stroform_product/Carryout-Pkg-AdobeStock_249951953-20New-Africa-FTR.jpg,Carryout-Pkg-AdobeStock_249951953-20New-Africa-FTR.jpg,Non-Recyclable,bbb3c43ac4c932cc,13525369862612398796
Non-Recyclable/Non-Recyclable/stroform_product/Copy-of-Style-shot-3.jpg,Copy-of-Style-shot-3.jpg,Non-Recyclable,cf31b44b9324739c,14929912476394091420
Non-Recyclable/Non-Recyclable/stroform_product/Custom-Clamshell-Container-3b.png,Custom-Clamshell-Container-3b.png,Non-Recyclable,94e16b3e381ab4e9,10727973702346650857
Non-Recyclable/Non-Recyclable/stroform_product/Designed4Trash_2.png,Designed4Trash_2.png,Non-Recyclable,941979e64bb7841e,10671694822050858014
Non-Recyclable/Non-Recyclable/stroform_product/EPS-for-recycling-scaled.jpg,EPS-for-recycling-scaled.jpg,Non-Recyclable,d9920eb4167621fd,15677609419463860733
Non-Recyclable/Non-Recyclable/stroform_product/Eco-Friendly-Packaging-Alternatives.jpg,Eco-Friendly-Packaging-Alternatives.jpg,Non-Recyclable,f885877a916dcc31,17907868453804297265
Non-Recyclable/Non-Recyclable/stroform_product/Eco-friendly-Packaging-scaled.jpg,Eco-friendly-Packaging-scaled.jpg,Non-Recyclable,b8d56935f066e074,13318667153405567092
Non-Recyclable/Non-Recyclable/stroform_product/English-quick-summary_2021-11-16-014257_agwg.jpg,English-quick-summary_2021-11-16-014257_agwg.jpg,Non-Recyclable,f367631e60613cca,17539096255934840010
Non-Recyclable/Non-Recyclable/stroform_product/Foam20Clam20Shell.jpg,Foam20Clam20Shell.jpg,Non-Recyclable,ee9947874a78b131,17192851698859159857
Non-Recyclable/Non-Recyclable/stroform_product/FoldedTakeout_PSD_1.jpg,FoldedTakeout_PSD_1.jpg,Non-Recyclable,eae4c91be0edb602,16925874421140141570
Non-Recyclable/Non-Recyclable/stroform_product/Food-Packaging-Waste-Statistics-Understanding-the-Rise-of-Food-Packaging-Waste-Feature-Images.jpg,Food-Packaging-Waste-Statistics-Understanding-the-Rise-of-Food-Packaging-Waste-Feature-Images.jpg,Non-Recyclable,9c1c343fefc4300f,11248923418474852367
Non-Recyclable/Non-Recyclable/stroform_product/Image-by-RODNAY-Productions-Pexels-Canva-Pro.jpg,Image-by-RODNAY-Productions-Pexels-Canva-Pro.jpg,Non-Recyclable,bce6e2259718ea0d,13611815574850562573
Non-Recyclable/Non-Recyclable/stroform_product/MaterialsBackground.jpg,MaterialsBackground.jpg,Non-Recyclable,d251bd297a372d0a,15155102206920174858
Non-Recyclable/Non-Recyclable/stroform_product/MaterialsInset-pg995s2adcgk9w92fq5jiv2tkudmqth20lfzr6svbk.png,MaterialsInset-pg995s2adcgk9w92fq5jiv2tkudmqth20lfzr6svbk.png,Non-Recyclable,c01e3f397e6064cb,13843571820749415627
Non-Recyclable/Non-Recyclable/stroform_product/McDonalds_Molded_Pulp_Drink_Tray_Top.jpg,McDonalds_Molded_Pulp_Drink_Tray_Top.jpg,Non-Recyclable,fbf921d40d8436d2,18156580567364417234
Non-Recyclable/Non-Recyclable/stroform_product/New-Natural-Coloured-Bagasse-plates-and-burger-boxes-copy-1.png,New-Natural-Coloured-Bagasse-plates-and-burger-boxes-copy-1.png,Non-Recyclable,d361681ea5d93699,15231569895584511641
Non-Recyclable/Non-Recyclable/stroform_product/Packaging_waste_v4.png,Packaging_waste_v4.png,Non-Recyclable,b148b02dda27cf3a,12774654054016470842
Non-Recyclable/Non-Recyclable/stroform_product/Reusable-Containers-Arent-Always-Better-For-The-Environment-Than-Disposable-Ones-New-Research.jpg,Reusable-Containers-Arent-Always-Better-For-The-Environment-Than-Disposable-Ones-New-Research.jpg,Non-Recyclable,f9d2869584347b3a,18001598637279574842
Non-Recyclable/Non-Recyclable/stroform_product/Reuse-Container-by-Forest-Whale-edible-packaging.jpg,Reuse-Container-by-Forest-Whale-edible-packaging.jpg,Non-Recyclable,c23d7cc28f78a0cb,13996480392009916619
Non-Recyclable/Non-Recyclable/stroform_product/SS-KH_ShippingGuideTypesOfProtectivePackaging_KH-HRO.jpg,SS-KH_ShippingGuideTypesOfProtectivePackaging_KH-HRO.jpg,Non-Recyclable,b74dc8b2d0710fb8,13208433952474337208
Non-Recyclable/Non-Recyclable/stroform_product/Styrofoam-packaging-peauts-200221.jpg,Styrofoam-packaging-peauts-200221.jpg,Non-Recyclable,d8dad6a739c9281a,15626037870832723994
Non-Recyclable/Non-Recyclable/stroform_product/StyrofoamContainers.jpg,StyrofoamContainers.jpg,Non-Recyclable,bc1cc3e13c976558,13554924350629963096
Non-Recyclable/Non-Recyclable/stroform_product/Styrolution_Polystyrene_Yogurt_Pack.5556431b08b331afb8caff3e2378a101.jpg,Styrolution_Polystyrene_Yogurt_Pack.5556431b08b331afb8caff3e2378a101.jpg,Non-Recyclable,d2d4b82f6db39026,15191969956870983718
Non-Recyclable/Non-Recyclable/stroform_product/TYPES-OF-FOOD-PACKAGING.png,TYPES-OF-FOOD-PACKAGING.png,Non-Recyclable,d423f1b1db4909e6,15286327306416097766
Non-Recyclable/Non-Recyclable/stroform_product/Thermoplastics-and-their-used-in-food-packaging.png,Thermoplastics-and-their-used-in-food-packaging.png,Non-Recyclable,db5a3a6a30313aad,15806010069959654061
Non-Recyclable/Non-Recyclable/stroform_product/Types-of-food-containers-considered-in-the-study-A-Aluminium-takeaway-container-B.jpg,Types-of-food-containers-considered-in-the-study-A-Aluminium-takeaway-container-B.jpg,Non-Recyclable,c676930b4e4c9b0f,14300779343529155343
Non-Recyclable/Non-Recyclable/stroform_product/Untitled-1024-C397-768px-16-1200x900.jpg,Untitled-1024-C397-768px-16-1200x900.jpg,Non-Recyclable,981877ad02c77d9a,10959641278165777818
Non-Recyclable/Non-Recyclable/stroform_product/Untitled-1024-C397-768px-16.jpg,Untitled-1024-C397-768px-16.jpg,Non-Recyclable,981877ad02c77d9a,10959641278165777818
Non-Recyclable/Non-Recyclable/stroform_product/Yummp_hk_lunchbox.jpg,Yummp_hk_lunchbox.jpg,Non-Recyclable,fe814f1a38316ac7,18339026131659877063
Non-Recyclable/Non-Recyclable/stroform_product/____whereyouare.co--1-.jpg,____whereyouare.co--1-.jpg,Non-Recyclable,ec45a6626b57c51c,17025196907981948188
Non-Recyclable/Non-Recyclable/stroform_product/bbdcdabfab359104e5e0d6d62b2b1bb0-e1604602972745.png,bbdcdabfab359104e5e0d6d62b2b1bb0-e1604602972745.png,Non-Recyclable,ab13307af5f8c0e1,12327249909714043105
Non-Recyclable/Non-Recyclable/stroform_product/blog-containers.jpg,blog-containers.jpg,Non-Recyclable,c065af7522c17db4,13863679945559080372
Non-Recyclable/Non-Recyclable/stroform_product/blog-takeout-header.jpg,blog-takeout-header.jpg,Non-Recyclable,fce1a31e9346c16c,18222024919032971628
Non-Recyclable/Non-Recyclable/stroform_product/box-packed-with-styrofoam.jpg,box-packed-with-styrofoam.jpg,Non-Recyclable,f7167a0ee98d4099,17804552381322313881
Non-Recyclable/Non-Recyclable/stroform_product/burgers-2.jpg,burgers-2.jpg,Non-Recyclable,836d29912eee8d72,9470271294964403570
Non-Recyclable/Non-Recyclable/stroform_product/containers_and_packaging_picture.jpg,containers_and_packaging_picture.jpg,Non-Recyclable,d4860bd71fc17692,15313940601498597010
Non-Recyclable/Non-Recyclable/stroform_product/e3ea5ac8147d2274b0e1f61b09fbedc2.jpg,e3ea5ac8147d2274b0e1f61b09fbedc2.jpg,Non-Recyclable,c6966fed354838a4,14309747930608187556
Non-Recyclable/Non-Recyclable/stroform_product/eco-friendly-food-packaging_feature.jpg,eco-friendly-food-packaging_feature.jpg,Non-Recyclable,fd43459d2cbce428,18249506656398140456
Non-Recyclable/Non-Recyclable/stroform_product/eco-friendly-food-packaging_header.jpg,eco-friendly-food-packaging_header.jpg,Non-Recyclable,ee6b4c946e19e4a1,17179909403920950433
Non-Recyclable/Non-Recyclable/stroform_product/eom212107-gra-0001-m.jpg,eom212107-gra-0001-m.jpg,Non-Recyclable,c8917c9d9f4bc4e0,14452469695632884960
Non-Recyclable/Non-Recyclable/stroform_product/eom212107-toc-0001-m.jpg,eom212107-toc-0001-m.jpg,Non-Recyclable,c8917c9d9f4bc4e0,14452469695632884960
Non-Recyclable/Non-Recyclable/stroform_product/expanded-polystyrene.jpg,expanded-polystyrene.jpg,Non-Recyclable,c0616eb9d7d2d164,13862482872492020068
Non-Recyclable/Non-Recyclable/stroform_product/file-20210908-13-1rlm677.png,file-20210908-13-1rlm677.png,Non-Recyclable,c676930b4e4c9b0f,14300779343529155343
Non-Recyclable/Non-Recyclable/stroform_product/foam-alternative-packaging.jpg,foam-alternative-packaging.jpg,Non-Recyclable,95ca4a6d77d48c23,10793521290969123875
Non-Recyclable/Non-Recyclable/stroform_product/foam-packaging-waste.jpg,foam-packaging-waste.jpg,Non-Recyclable,910a193f3ff4d858,10451193644713302104
Non-Recyclable/Non-Recyclable/stroform_product/foam-plastic-no6.png,foam-plastic-no6.png,Non-Recyclable,eb9c9649c3b24c63,16977609938839948387
Non-Recyclable/Non-Recyclable/stroform_product/foam20containers.jpg,foam20containers.jpg,Non-Recyclable,d4d57aea29172b48,15336299252210412360
Non-Recyclable/Non-Recyclable/stroform_product/food-packaging-1.jpg,food-packaging-1.jpg,Non-Recyclable,ebd4a02c04db85bf,16993383404896224703
Non-Recyclable/Non-Recyclable/stroform_product/food-packaging-containers-bamboo-glass-eco-1296x728-header.jpg,food-packaging-containers-bamboo-glass-eco-1296x728-header.jpg,Non-Recyclable,807199e44ae277db,9255347915011028955
Non-Recyclable/Non-Recyclable/stroform_product/food-packaging-regulations-fi-1.jpg,food-packaging-regulations-fi-1.jpg,Non-Recyclable,ae3ec1c3f2e09748,12555685858493110088
Non-Recyclable/Non-Recyclable/stroform_product/food-packaging-report.jpg,food-packaging-report.jpg,Non-Recyclable,e7a5e47466a4a3e0,16691998782508016608
Non-Recyclable/Non-Recyclable/stroform_product/food-packaging-reports-examples.jpg,food-packaging-reports-examples.jpg,Non-Recyclable,9170679f783760a5,10479990267505500325
Non-Recyclable/Non-Recyclable/stroform_product/food-packaging-tip-sheet.jpg,food-packaging-tip-sheet.jpg,Non-Recyclable,bfc3c0609f1fe0d0,13818099602921873616
Non-Recyclable/Non-Recyclable/stroform_product/food-packaging_0.jpg,food-packaging_0.jpg,Non-Recyclable,f97a360e6d383918,17976740298192599320
Non-Recyclable/Non-Recyclable/stroform_product/food_packaging_i8860_20180911_093_3x2.jpg,food_packaging_i8860_20180911_093_3x2.jpg,Non-Recyclable,dc39e04ac2e535d9,15868961373718656473
Non-Recyclable/Non-Recyclable/stroform_product/foods-12-01057-g001.png,foods-12-01057-g001.png,Non-Recyclable,ea88bf7f804f805a,16899968156042231898
Non-Recyclable/Non-Recyclable/stroform_product/four-types-of-packaging-materials-used-in-the-food-industry.jpg,four-types-of-packaging-materials-used-in-the-food-industry.jpg,Non-Recyclable,96a15de8b9d304cd,10854059831071016141
Non-Recyclable/Non-Recyclable/stroform_product/harmful-chemicals-food-packaging.jpg,harmful-chemicals-food-packaging.jpg,Non-Recyclable,953f62d0584b6ee2,10754423082158092002
Non-Recyclable/Non-Recyclable/stroform_product/image32.jpg,image32.jpg,Non-Recyclable,8aa7768c5dc8e50e,9991084643585680654
Non-Recyclable/Non-Recyclable/stroform_product/ing-takeaway-foam-lunch-boxes-single-use-food-containers-close-up-1792562215.jpg,ing-takeaway-foam-lunch-boxes-single-use-food-containers-close-up-1792562215.jpg,Non-Recyclable,8d9c34d37ab34531,10204088938616014129
Non-Recyclable/Non-Recyclable/stroform_product/lam-dung-hop-xop-1.jpg,lam-dung-hop-xop-1.jpg,Non-Recyclable,becfd07e01364531,13749437426990204209
Non-Recyclable/Non-Recyclable/stroform_product/open-styrofoam-boxes-stack-white-background-31184617.jpg,open-styrofoam-boxes-stack-white-background-31184617.jpg,Non-Recyclable,b89605f952c56cce,13300825117879004366
Non-Recyclable/Non-Recyclable/stroform_product/p06cz75l.jpg,p06cz75l.jpg,Non-Recyclable,d38725b1e3f8c80e,15242192909822904334
Non-Recyclable/Non-Recyclable/stroform_product/plastic-foam-food-packaging-ban-usa.jpg,plastic-foam-food-packaging-ban-usa.jpg,Non-Recyclable,c6966fed354838a4,14309747930608187556
Non-Recyclable/Non-Recyclable/stroform_product/plastic_food_containers.png,plastic_food_containers.png,Non-Recyclable,a0695e9bec96a174,11558873942405325172
Non-Recyclable/Non-Recyclable/stroform_product/polystyrene-food-boxes-9535739.jpg,polystyrene-food-boxes-9535739.jpg,Non-Recyclable,94d65b0d679b64c2,10724859675760354498
Non-Recyclable/Non-Recyclable/stroform_product/polystyrene-or-styrofoam-protective-packaging-beads-M964HY.jpg,polystyrene-or-styrofoam-protective-packaging-beads-M964HY.jpg,Non-Recyclable,80ad5fd529c22f8b,9272172576958984075
Non-Recyclable/Non-Recyclable/stroform_product/ps-foam-containers_20220124_Minh-Mi-Goi_shutterstock_1580179006-web.jpg,ps-foam-containers_20220124_Minh-Mi-Goi_shutterstock_1580179006-web.jpg,Non-Recyclable,a884655b4f47cd56,12142941938144234838
Non-Recyclable/Non-Recyclable/stroform_product/recycling-05-00030-g001.png,recycling-05-00030-g001.png,Non-Recyclable,9ecd6c3a3834a4f2,11442921225525175538
Non-Recyclable/Non-Recyclable/stroform_product/secondary-packaging-examples.jpg,secondary-packaging-examples.jpg,Non-Recyclable,c015bf17f868c3ca,13841179139465855946
Non-Recyclable/Non-Recyclable/stroform_product/sfe_zw_slider_styrofoam.jpg,sfe_zw_slider_styrofoam.jpg,Non-Recyclable,bb0fc1e0169f4be0,13479205377939557344
Non-Recyclable/Non-Recyclable/stroform_product/shutterstock_1027804891-scaled-1.jpg,shutterstock_1027804891-scaled-1.jpg,Non-Recyclable,ab25c29e9c7ae461,12332477141109892193
Non-Recyclable/Non-Recyclable/stroform_product/slide_2.jpg,slide_2.jpg,Non-Recyclable,c09b3bc02f343f3c,13878752373284028220
Non-Recyclable/Non-Recyclable/stroform_product/square-paper-bowl-e1641526056341.jpg,square-paper-bowl-e1641526056341.jpg,Non-Recyclable,e69a99649c669369,16616762432536613737
Non-Recyclable/Non-Recyclable/stroform_product/stock-photo-different-types-of-food-box-made-of-foam-paper-plastic-564220360.jpg,stock-photo-different-types-of-food-box-made-of-foam-paper-plastic-564220360.jpg,Non-Recyclable,9c9b6b8c64e30e8e,11284731542039105166
Non-Recyclable/Non-Recyclable/stroform_product/strawberry-packaging_.png,strawberry-packaging_.png,Non-Recyclable,80897d53277897b6,9262071904762107830
Non-Recyclable/Non-Recyclable/stroform_product/styro-food-packaging-near-me_orig.jpg,styro-food-packaging-near-me_orig.jpg,Non-Recyclable,d52f2ad157882f70,15361543932589125488
Non-Recyclable/Non-Recyclable/stroform_product/styrofoam-box-on-white-background-food-container-MXTH80.jpg,styrofoam-box-on-white-background-food-container-MXTH80.jpg,Non-Recyclable,bfc154a243943fca,13817418187644616650
Non-Recyclable/Non-Recyclable/stroform_product/styrofoam-facts.jpg,styrofoam-facts.jpg,Non-Recyclable,dd243649e14b9796,15934921072483997590
Non-Recyclable/Non-Recyclable/stroform_product/styrofoam-garbage1-1.jpg,styrofoam-garbage1-1.jpg,Non-Recyclable,c595a53d54d32729,14237467479836403497
Non-Recyclable/Non-Recyclable/stroform_product/styrofoam-packaging-materials-CFF552.jpg,styrofoam-packaging-materials-CFF552.jpg,Non-Recyclable,813f3c905b8b7dc4,9313229145134300612
Non-Recyclable/Non-Recyclable/stroform_product/styrofoam-packaging-peanuts-DM6D71.jpg,styrofoam-packaging-peanuts-DM6D71.jpg,Non-Recyclable,95806fd47e857a83,10772733267116653187
Non-Recyclable/Non-Recyclable/stroform_product/styrofoam-packing-peanutes-alternative-header.jpg,styrofoam-packing-peanutes-alternative-header.jpg,Non-Recyclable,c54a0fa53f56323a,14216192376155025978
Non-Recyclable/Non-Recyclable/stroform_product/styrofoam-takeout-containers-food-1200x628-facebook.jpg,styrofoam-takeout-containers-food-1200x628-facebook.jpg,Non-Recyclable,c6bab9411ee6b8c1,14319961654520363201
Non-Recyclable/Non-Recyclable/stroform_product/styrofoam.jpg,styrofoam.jpg,Non-Recyclable,91a52e1a69e5974d,10494845197637490509
Non-Recyclable/Non-Recyclable/stroform_product/styrofoam2.jpg,styrofoam2.jpg,Non-Recyclable,b896857b86cc4ecc,13300965315074346700
Non-Recyclable/Non-Recyclable/stroform_product/styrofoam20container.jpeg,styrofoam20container.jpeg,Non-Recyclable,d6d539d2c47a862c,15480342871558227500
Non-Recyclable/Non-Recyclable/stroform_product/styrofoam_waste_1050x700.jpg,styrofoam_waste_1050x700.jpg,Non-Recyclable,99873cef325a4591,11062878007698539921
Non-Recyclable/Non-Recyclable/stroform_product/tapioca20meal20box02.jpg,tapioca20meal20box02.jpg,Non-Recyclable,b9570a6cb5478ab2,13355154682004605618
Non-Recyclable/Non-Recyclable/stroform_product/the-drive-toward-sustainability-5050-1536x1536.jpg,the-drive-toward-sustainability-5050-1536x1536.jpg,Non-Recyclable,cccc333298cecdc9,14757226371391344073
Non-Recyclable/Non-Recyclable/stroform_product/types-of-sustainable-packaging-fb.jpg,types-of-sustainable-packaging-fb.jpg,Non-Recyclable,ebab01c0fc4c8ece,16981668748308811470
Non-Recyclable/Non-Recyclable/stroform_product/w_takeout_trash_wk1003mike_shutterstock_422191876.c86d3627.jpg,w_takeout_trash_wk1003mike_shutterstock_422191876.c86d3627.jpg,Non-Recyclable,a3817e230e8ec4fe,11781836789211120894
Organic/Organic/coffee_tea_bags/-to-dark-roasted-250-gm-product-images-orvj9xukmzh-p594973306-0-202211022012.jpg,-to-dark-roasted-250-gm-product-images-orvj9xukmzh-p594973306-0-202211022012.jpg,Organic,bcc2c333ce6d9164,13601648451886354788
Organic/Organic/coffee_tea_bags/00-staple-free-tea-bags-product-images-orvuii2bcls-p591403149-0-202205171557.jpg,00-staple-free-tea-bags-product-images-orvuii2bcls-p591403149-0-202205171557.jpg,Organic,bfa1c05a258c3ae7,13808529425904188135
Organic/Organic/coffee_tea_bags/016_2a2d9b08-8e22-428e-be37-585f08a246dc_2700x.jpg,016_2a2d9b08-8e22-428e-be37-585f08a246dc_2700x.jpg,Organic,e5939266cb699c2c,16542726826458979372
Organic/Organic/coffee_tea_bags/1-Coffee1BC-6.jpg,1-Coffee1BC-6.jpg,Organic,8d0c56bc6dd3ad50,10163593826364796240
Organic/Organic/coffee_tea_bags/1-elaichi-tea-blended-with-100-natural-ground-1kg-1-pouch-original-imagpgyq39ssnd4s.jpeg,1-elaichi-tea-blended-with-100-natural-ground-1kg-1-pouch-original-imagpgyq39ssnd4s.jpeg,Organic,bf05317ace37c882,13764462239643322498
Organic/Organic/coffee_tea_bags/100-drip-coffee-bags-with-100-pure-arabica-coffee-powder-roast-original-imagbanvzakf9tcq.jpeg,100-drip-coffee-bags-with-100-pure-arabica-coffee-powder-roast-original-imagbanvzakf9tcq.jpeg,Organic,c6d0bde70878c719,14326159214642775833
Organic/Organic/coffee_tea_bags/100-garcinia-cinnamon-arabica-green-coffee-coffee-beans-box-original-imagfyuvbhn6jghf.jpeg,100-garcinia-cinnamon-arabica-green-coffee-coffee-beans-box-original-imagfyuvbhn6jghf.jpeg,Organic,b5346ca4492f1f0f,13057180672512171791
Organic/Organic/coffee_tea_bags/1000_F_303302310_FaotLOxeKozxXv11SZlhdiP30DhhTOIZ.jpg,1000_F_303302310_FaotLOxeKozxXv11SZlhdiP30DhhTOIZ.jpg,Organic,ce07312974718fb3,14845888750767148979
Organic/Organic/coffee_tea_bags/1000_F_607272060_auiUJOv4BIAP91ux7qJz74i3JAKbLegc.jpg,1000_F_607272060_auiUJOv4BIAP91ux7qJz74i3JAKbLegc.jpg,Organic,b0decb7896616496,12744847714284561558
Organic/Organic/coffee_tea_bags/11856-01-Roasted-Chicory-Root-Powder-250g-1.jpg,11856-01-Roasted-Chicory-Root-Powder-250g-1.jpg,Organic,f865243a653a633b,17898752127278932795
Organic/Organic/coffee_tea_bags/1200px-Latte_and_dark_coffee.jpg,1200px-Latte_and_dark_coffee.jpg,Organic,e3a335a06ebdcb80,16403013230982450048
Organic/Organic/coffee_tea_bags/13-Best-Coffee-Powders-In-India-2021.jpg,13-Best-Coffee-Powders-In-India-2021.jpg,Organic,e99987e2c2b4386e,16832634490272888942
Organic/Organic/coffee_tea_bags/154947875.wildland.packaging.png,154947875.wildland.packaging.png,Organic,96876932697a3a69,10846753892784028265
Organic/Organic/coffee_tea_bags/1JqctqHKmoMeugSMxsSKhpg.png,1JqctqHKmoMeugSMxsSKhpg.png,Organic,d0ee709fb49c306a,15055094435578392682
Organic/Organic/coffee_tea_bags/1_3__2.jpg,1_3__2.jpg,Organic,a9829e4d63366997,12214499194596387223
Organic/Organic/coffee_tea_bags/2013-03-05-08.51.26.png,2013-03-05-08.51.26.png,Organic,fe6e81964f982cc8,18333733615652318408
Organic/Organic/coffee_tea_bags/225-green-coffee-beans-powder-225-g-with-lemongrass-ginger-green-original-imafbh9ygzhgqh82.jpeg,225-green-coffee-beans-powder-225-g-with-lemongrass-ginger-green-original-imafbh9ygzhgqh82.jpeg,Organic,ddb7cac8054c3555,15976461163551274325
Organic/Organic/coffee_tea_bags/239869-coffee.webp,239869-coffee.webp,Organic,dbdbe366e706040c,15842506145307952140
Organic/Organic/coffee_tea_bags/23_1200x1200.jpg,23_1200x1200.jpg,Organic,bb9ec669c8962c49,13519461289051958345
Organic/Organic/coffee_tea_bags/250-kerala-fresh-coffee-beans-powder-blended-with-chicory-80-20-original-imag9rfchctuww9g.jpeg,250-kerala-fresh-coffee-beans-powder-blended-with-chicory-80-20-original-imag9rfchctuww9g.jpeg,Organic,f878c87a9398a565,17904280747399226725
Organic/Organic/coffee_tea_bags/27r-used-coffee-grounds-1024x600.webp,27r-used-coffee-grounds-1024x600.webp,Organic,ebc0973ec00f4f31,16987744090207506225
Organic/Organic/coffee_tea_bags/3_b1846eaf-f53b-47b7-aec2-e163cf50171f_480x480.png,3_b1846eaf-f53b-47b7-aec2-e163cf50171f_480x480.png,Organic,a3161eba73f86560,11751614063828297056
Organic/Organic/coffee_tea_bags/3_d72a8c69-d0f8-4ace-9ca1-792ed274da2e_1024x.png,3_d72a8c69-d0f8-4ace-9ca1-792ed274da2e_1024x.png,Organic,e86a87d9c362963c,16747347533686281788
Organic/Organic/coffee_tea_bags/41F0KiwPjPL._AC_UF10001000_QL80_.jpg,41F0KiwPjPL._AC_UF10001000_QL80_.jpg,Organic,ad3c1b6b92c79231,12482882416002175537
Organic/Organic/coffee_tea_bags/440-jaggery-hot-coffee-440gm-box-box-1-coffee-beans-foodia-original-imagmqtcjstu7ngm.jpeg,440-jaggery-hot-coffee-440gm-box-box-1-coffee-beans-foodia-original-imagmqtcjstu7ngm.jpeg,Organic,8bac079b34c3bc59,10064427630452784217
Organic/Organic/coffee_tea_bags/4x12-Coffee-Sampler-LG_1024x1024.jpg,4x12-Coffee-Sampler-LG_1024x1024.jpg,Organic,80953bff456f801b,9265377775952298011
Organic/Organic/coffee_tea_bags/5_327d531b-bc9d-43a7-b3b9-2db3c568ae2a_480x480.png,5_327d531b-bc9d-43a7-b3b9-2db3c568ae2a_480x480.png,Organic,e1539578c8a3bec4,16236485427595558596
Organic/Organic/coffee_tea_bags/61N5Zw-CwkL._AC_UF10001000_QL80_.jpg,61N5Zw-CwkL._AC_UF10001000_QL80_.jpg,Organic,be99c4d3c948c339,13734224952537170745
Organic/Organic/coffee_tea_bags/634e56bb6131e628c47a9d26-coffee-tea-bags-single-serve-premium.jpg,634e56bb6131e628c47a9d26-coffee-tea-bags-single-serve-premium.jpg,Organic,bf93d26dc498c03c,13804608651712315452
Organic/Organic/coffee_tea_bags/640px-TEDxAMS2011_044.JPG.jpg,640px-TEDxAMS2011_044.JPG.jpg,Organic,82c84fc77478c59d,9423869938343921053
Organic/Organic/coffee_tea_bags/6431022e1d17017586242883-sumdirect-disposable-tea-filter-bags.jpg,6431022e1d17017586242883-sumdirect-disposable-tea-filter-bags.jpg,Organic,ee49649cb33c9364,17170365678511493988
Organic/Organic/coffee_tea_bags/64401cc749bcb9512376a828-colonial-coffee-packets-pre-ground.jpg,64401cc749bcb9512376a828-colonial-coffee-packets-pre-ground.jpg,Organic,8c9edee1c9469d22,10132781272956050722
Organic/Organic/coffee_tea_bags/68345197.jpg,68345197.jpg,Organic,9ba26da65b00d3ae,11214646583364735918
Organic/Organic/coffee_tea_bags/6_e1bf33f9-cb52-45ad-a2e4-8ff8b2f6dd6d_1800x.jpg,6_e1bf33f9-cb52-45ad-a2e4-8ff8b2f6dd6d_1800x.jpg,Organic,e5cf9238cf6108c7,16559615127559669959
Organic/Organic/coffee_tea_bags/71KmHGsjAQL._AC_UF10001000_QL80_.jpg,71KmHGsjAQL._AC_UF10001000_QL80_.jpg,Organic,ca0adf20bd38b535,14558694077135107381
Organic/Organic/coffee_tea_bags/71KmHGsjAQL.jpg,71KmHGsjAQL.jpg,Organic,ef2f903e903390b6,17235152897351848118
Organic/Organic/coffee_tea_bags/71RkAXGxqL._AC_UF10001000_QL80_.jpg,71RkAXGxqL._AC_UF10001000_QL80_.jpg,Organic,af2e399284cd6c3a,12623090107022142522
Organic/Organic/coffee_tea_bags/71VjiXtBQ4L._AC_UF8941000_QL80_.jpg,71VjiXtBQ4L._AC_UF8941000_QL80_.jpg,Organic,ee951d6ae11ee068,17191679497437372520
Organic/Organic/coffee_tea_bags/71zKEKtQfL.jpg,71zKEKtQfL.jpg,Organic,bf359533c058c3c9,13778082684512814025
Organic/Organic/coffee_tea_bags/7ef3ae48cc20439dbee2d1326eb6b417.jpg,7ef3ae48cc20439dbee2d1326eb6b417.jpg,Organic,8e95516aead895a6,10274207644564100518
Organic/Organic/coffee_tea_bags/81T4CniZrgL._AC_UF10001000_QL80_.jpg,81T4CniZrgL._AC_UF10001000_QL80_.jpg,Organic,d0b62f49350e59b5,15039259997119601077
Organic/Organic/coffee_tea_bags/8906088701667_2_533x.png,8906088701667_2_533x.png,Organic,f918936c94679665,17949258409440679525
Organic/Organic/coffee_tea_bags/CA4A5068_1000x1000.jpg,CA4A5068_1000x1000.jpg,Organic,e5c9d93b841c1b93,16558004354647071635
Organic/Organic/coffee_tea_bags/CA4A5069b_300x.jpg,CA4A5069b_300x.jpg,Organic,edd1d22be8196658,17136709143140853336
Organic/Organic/coffee_tea_bags/CCC-PDP-GrabBag-CoffeeAndTea--White_1400x.jpg,CCC-PDP-GrabBag-CoffeeAndTea--White_1400x.jpg,Organic,e670898fb4257173,16604923076410700147
Organic/Organic/coffee_tea_bags/Cinnamon_4_1080x.jpg,Cinnamon_4_1080x.jpg,Organic,af90d06f1db623c8,12650840528942146504
Organic/Organic/coffee_tea_bags/Coffee-and-tea-bags_Shutterstock_Jouke-van-Keulen.jpg,Coffee-and-tea-bags_Shutterstock_Jouke-van-Keulen.jpg,Organic,b338c4c5cb1e9e31,12914288285280280113
Organic/Organic/coffee_tea_bags/CoffeeBeans_1024x.jpg,CoffeeBeans_1024x.jpg,Organic,9f4878c33268c97e,11477556430113393022
Organic/Organic/coffee_tea_bags/Coffee_TeaBags_RGB_2.jpg,Coffee_TeaBags_RGB_2.jpg,Organic,ed9299659619946d,17118913795177682029
Organic/Organic/coffee_tea_bags/Cool20facts20about20Tea2028629.jpg,Cool20facts20about20Tea2028629.jpg,Organic,a0461f3f711bc7c2,11548952651779262402
Organic/Organic/coffee_tea_bags/Dip-Bag-01-600x600.png,Dip-Bag-01-600x600.png,Organic,b48fd36058a6dda4,13010850259254304164
Organic/Organic/coffee_tea_bags/EwRibzWW8AMwyeP.jpg,EwRibzWW8AMwyeP.jpg,Organic,f24a8dc8c8b59e72,17458922798955470450
Organic/Organic/coffee_tea_bags/FUR.TEA.107739981_1672739541471.webp,FUR.TEA.107739981_1672739541471.webp,Organic,b1cf8e24cb319a66,12812615753571342950
Organic/Organic/coffee_tea_bags/FUR.TEA.27739890_1672739478453.webp,FUR.TEA.27739890_1672739478453.webp,Organic,aead95d0d07ac227,12586881257653846567
Organic/Organic/coffee_tea_bags/FUR.TEA.27739890_1672739479680.webp,FUR.TEA.27739890_1672739479680.webp,Organic,edc3c38f9330c23c,17132752428864684604
Organic/Organic/coffee_tea_bags/FUR.TEA.47739945_1672739470040.webp,FUR.TEA.47739945_1672739470040.webp,Organic,fe2bc1f481c09ccd,18314945565525318861
Organic/Organic/coffee_tea_bags/FUR.TEA.97739955_1672739528138.webp,FUR.TEA.97739955_1672739528138.webp,Organic,fe3b81c491b394c9,18319378590517662921
Organic/Organic/coffee_tea_bags/GlobalSeriesLiquidCoffeeBrews-ArabicCardamom-TrialImage_1200x1200.jpg,GlobalSeriesLiquidCoffeeBrews-ArabicCardamom-TrialImage_1200x1200.jpg,Organic,e5149f0d9b632c74,16506993415010069620
Organic/Organic/coffee_tea_bags/Green-Beans-Coffee-2.png,Green-Beans-Coffee-2.png,Organic,91cc6593ce31c36e,10505883716242490222
Organic/Organic/coffee_tea_bags/Green-Coffee-Bags.jpg,Green-Coffee-Bags.jpg,Organic,b6a1646736726695,13159909980611176085
Organic/Organic/coffee_tea_bags/Green-Coffee-Green-Tea-Bags-SDL352859297-1-9e4d7.png,Green-Coffee-Green-Tea-Bags-SDL352859297-1-9e4d7.png,Organic,ee95c03fc16c9c92,17191858532617329810
Organic/Organic/coffee_tea_bags/Green-Coffee.jpg,Green-Coffee.jpg,Organic,9a841f19bce8e2c7,11134058374170731207
Organic/Organic/coffee_tea_bags/Green-Zipper-15-Tea-Bags-500x500.png,Green-Zipper-15-Tea-Bags-500x500.png,Organic,f94ca73986cc8731,17963916879190591281
Organic/Organic/coffee_tea_bags/Hugo-Coffee-Tea-bags.jpeg,Hugo-Coffee-Tea-bags.jpeg,Organic,be979360993e8178,13733607631786770808
Organic/Organic/coffee_tea_bags/IMG_20210615_140202_1_99c77e7f-6033-43bd-b5d6-bac37c2cb86b_1024x.jpg,IMG_20210615_140202_1_99c77e7f-6033-43bd-b5d6-bac37c2cb86b_1024x.jpg,Organic,b8a433cf22cb4df0,13304816163894283760
Organic/Organic/coffee_tea_bags/IMG_7701.JPG.jpg,IMG_7701.JPG.jpg,Organic,b637c3c85c71cc58,13130178503933807704
Organic/Organic/coffee_tea_bags/IMG_7747.JPG.jpg,IMG_7747.JPG.jpg,Organic,bd46c1998bf36660,13638801386760267360
Organic/Organic/coffee_tea_bags/Indian_coffee_beans.jpg,Indian_coffee_beans.jpg,Organic,c8b47557da80f127,14462313323581993255
Organic/Organic/coffee_tea_bags/Kilimanjaro-Tanzania-Roasted-Coffee-Beans-_2_1200x.jpg,Kilimanjaro-Tanzania-Roasted-Coffee-Beans-_2_1200x.jpg,Organic,a6ab317c9068db0f,12009747242382056207
Organic/Organic/coffee_tea_bags/LaurenElliePhoto-04001_06e128bc-2494-45da-8b95-d58055a1b85d_600x.jpg,LaurenElliePhoto-04001_06e128bc-2494-45da-8b95-d58055a1b85d_600x.jpg,Organic,e963863896751dc6,16817433011132112326
Organic/Organic/coffee_tea_bags/MP000000016744408_658Wx734H_202303032000391.jpeg,MP000000016744408_658Wx734H_202303032000391.jpeg,Organic,cbb2b54d4a34a749,14677993479115941705
Organic/Organic/coffee_tea_bags/Maplenut-Large.png,Maplenut-Large.png,Organic,af3f30c981529d74,12627865522186394996
Organic/Organic/coffee_tea_bags/Masala-Chai-Tin-Can-_200gm.jpg,Masala-Chai-Tin-Can-_200gm.jpg,Organic,e8f3858d9b6c5930,16785907079384422704
Organic/Organic/coffee_tea_bags/Naivo-Craft-Coffee-With-Coffee-Brewing-Equipment.jpg,Naivo-Craft-Coffee-With-Coffee-Brewing-Equipment.jpg,Organic,8d95d24e6769c43c,10202291765061993532
Organic/Organic/coffee_tea_bags/PS_ImmunityBoost_Pack-MockUp-with-Teabag_FRONT_600x.png,PS_ImmunityBoost_Pack-MockUp-with-Teabag_FRONT_600x.png,Organic,97693296693c36c3,10910307193873774275
Organic/Organic/coffee_tea_bags/Progetto-senza-titolo.jpg,Progetto-senza-titolo.jpg,Organic,d626c1c23d9b947c,15431234213233005692
Organic/Organic/coffee_tea_bags/RealCoffeeBag-2-1024x768.jpg,RealCoffeeBag-2-1024x768.jpg,Organic,915b49a3b2a5c3ec,10474046325805925356
Organic/Organic/coffee_tea_bags/S7e1e604f3d034f399a52858e8be639dfQ.jpg,S7e1e604f3d034f399a52858e8be639dfQ.jpg,Organic,c0c167d659a8d747,13889496896112219975
Organic/Organic/coffee_tea_bags/Steeped-Coffee-01-hero-sub-1170x780.jpg,Steeped-Coffee-01-hero-sub-1170x780.jpg,Organic,dbe06619959d5a62,15843775749159737954
Organic/Organic/coffee_tea_bags/TRYOURFLAVOURSslides_0_1badd587-e728-4880-af9d-0751df69b9f4_1500x.jpg,TRYOURFLAVOURSslides_0_1badd587-e728-4880-af9d-0751df69b9f4_1500x.jpg,Organic,fab5d03f850a850f,18065574451500188943
Organic/Organic/coffee_tea_bags/Tassyam-Ground-Coffee-150-gm-SDL893659180-1-dc5dd.jpg,Tassyam-Ground-Coffee-150-gm-SDL893659180-1-dc5dd.jpg,Organic,e59a92659b998966,16544697146198821222
Organic/Organic/coffee_tea_bags/Teabags-and-coffee-grounds.jpg,Teabags-and-coffee-grounds.jpg,Organic,ef84906b659c52d3,17259078462931227347
Organic/Organic/coffee_tea_bags/Teabags20and20coffee20filter20with20ground20coffee.jpeg,Teabags20and20coffee20filter20with20ground20coffee.jpeg,Organic,b43ae2e2cb21d9c5,12986941939174726085
Organic/Organic/coffee_tea_bags/Top-5-Coffee-Producing-States-In-India.png,Top-5-Coffee-Producing-States-In-India.png,Organic,e8b681d8179ec86e,16768733027669821550
Organic/Organic/coffee_tea_bags/Tropical_1800x.jpg,Tropical_1800x.jpg,Organic,b996cbcdc4619271,13373100228146729585
Organic/Organic/coffee_tea_bags/Types-Of-Coffee-Packaging.jpg,Types-Of-Coffee-Packaging.jpg,Organic,e691cbd88dd89859,16614284631299627097
Organic/Organic/coffee_tea_bags/VOTHxV2Bgg.jpg,VOTHxV2Bgg.jpg,Organic,8c92e36cd26d6d92,10129408568436026770
Organic/Organic/coffee_tea_bags/VksIbFlMs_orig_1080x1440_crop_center.jpg,VksIbFlMs_orig_1080x1440_crop_center.jpg,Organic,f7c8dcd6cd123424,17854763537831965732
Organic/Organic/coffee_tea_bags/White-Chocolate-Covered-Cappuccino-Coffee-Beans-2.jpg,White-Chocolate-Covered-Cappuccino-Coffee-Beans-2.jpg,Organic,bc9cdb09e44f8196,13590978611028918678
Organic/Organic/coffee_tea_bags/WildlandCoffee-2.jpg,WildlandCoffee-2.jpg,Organic,d12c334a555bad5a,15072478447254875482
Organic/Organic/coffee_tea_bags/Woman-Cooking-Onions-478x308.jpg,Woman-Cooking-Onions-478x308.jpg,Organic,d0c46407669d6f9e,15043258638273441694
Organic/Organic/coffee_tea_bags/a82ae4de-f25b-45c9-a0dd-5a32a4de43af_425x425.jpg,a82ae4de-f25b-45c9-a0dd-5a32a4de43af_425x425.jpg,Organic,ee99c1f4918f906c,17192986308621865068
Organic/Organic/coffee_tea_bags/apple-tea.png,apple-tea.png,Organic,b8cec3e1ce346718,13316796522775734040
Organic/Organic/coffee_tea_bags/arabica-green-coffee-beans-500x500.jpg,arabica-green-coffee-beans-500x500.jpg,Organic,c1ce5e4f61256665,13965203189547755109
Organic/Organic/coffee_tea_bags/beans.png,beans.png,Organic,cab2b52d6952aa96,14605935748161120918
Organic/Organic/coffee_tea_bags/benefits-for-the-body.png,benefits-for-the-body.png,Organic,944d4b665a1dcaba,10686280393790704314
Organic/Organic/coffee_tea_bags/big_coffee_indian_style_instant_coffee-16457.jpg,big_coffee_indian_style_instant_coffee-16457.jpg,Organic,b2d1113b97a1c3d5,12885098956528403413
Organic/Organic/coffee_tea_bags/coffe-1.jpg.webp,coffe-1.jpg.webp,Organic,bf84f14cf1e261c1,13800420470947996097
Organic/Organic/coffee_tea_bags/coffe-hyper-Are-there-Coffee-Bags-Like-Tea-Bags.png,coffe-hyper-Are-there-Coffee-Bags-Like-Tea-Bags.png,Organic,d3f04dc3bc8c264e,15271791839490614862
Organic/Organic/coffee_tea_bags/coffee-620_620x350_51476691798.jpg,coffee-620_620x350_51476691798.jpg,Organic,952c6e9b55b6624c,10749088024063533644
Organic/Organic/coffee_tea_bags/coffee-and-tea-picture_csp1572201.jpg,coffee-and-tea-picture_csp1572201.jpg,Organic,ecb2914c66b648db,17055854496132253915
Organic/Organic/coffee_tea_bags/coffee-beans-leaf-tea-packed-paper-bag-storage-mockup-white-tag-logo_616001-3365.jpg,coffee-beans-leaf-tea-packed-paper-bag-storage-mockup-white-tag-logo_616001-3365.jpg,Organic,e9bdc2b5d8926138,16842832267713863992
Organic/Organic/coffee_tea_bags/coffee-beans-near-sack-tea-set-box-sugar-sackcloth_23-2148180210.jpg,coffee-beans-near-sack-tea-set-box-sugar-sackcloth_23-2148180210.jpg,Organic,f0a1824363ef8fe4,17339283266304184292
Organic/Organic/coffee_tea_bags/coffee-beans-tea-leaves-storage-beans.jpg,coffee-beans-tea-leaves-storage-beans.jpg,Organic,f5e8c73918617863,17719631781925320803
Organic/Organic/coffee_tea_bags/coffee-dip-bag.jpeg,coffee-dip-bag.jpeg,Organic,f299c96431338fd8,17481224860774666200
Organic/Organic/coffee_tea_bags/coffee-grounds-and-tea-bags.png,coffee-grounds-and-tea-bags.png,Organic,b3345bd2d0789cc9,12913046992576879817
Organic/Organic/coffee_tea_bags/coffee-grounds.jpg,coffee-grounds.jpg,Organic,e933986e615a934b,16803942234496602955
Organic/Organic/coffee_tea_bags/coffee-tea-bags.jpg,coffee-tea-bags.jpg,Organic,da6bc3943b996434,15738888364198814772
Organic/Organic/coffee_tea_bags/coffee_beans_and_tea_bag_1429728262.jpg,coffee_beans_and_tea_bag_1429728262.jpg,Organic,e7c7383c2ecee041,16701379574261276737
Organic/Organic/coffee_tea_bags/coffee_tea_bags.jpg,coffee_tea_bags.jpg,Organic,c40f1c6eed665171,14127541818839421297
Organic/Organic/coffee_tea_bags/composting-teabag.jpg,composting-teabag.jpg,Organic,9dcc6a4bb1956a23,11370580032538110499
Organic/Organic/coffee_tea_bags/creme-brulee-coffee-12oz-ground_900x.jpg,creme-brulee-coffee-12oz-ground_900x.jpg,Organic,e59b9b6488613667,16544988512162756199
Organic/Organic/coffee_tea_bags/cup-coffee-coffee-beans_164008-356.jpg,cup-coffee-coffee-beans_164008-356.jpg,Organic,845976ad1bd22d17,9536784171801914647
Organic/Organic/coffee_tea_bags/depositphotos_6522878-stock-photo-coffee-beans-pads-and-tea.jpg,depositphotos_6522878-stock-photo-coffee-beans-pads-and-tea.jpg,Organic,b338c4c59b3e9871,12914288284477069425
Organic/Organic/coffee_tea_bags/e-beans-freshly-roasted-product-images-orvzzb1wjpv-p596853334-0-202307051943.jpg,e-beans-freshly-roasted-product-images-orvzzb1wjpv-p596853334-0-202307051943.jpg,Organic,97146aee180bffa0,10886443770099531680
Organic/Organic/coffee_tea_bags/e0061fc43da23a9fd481dd16aa2bbdda.jpg,e0061fc43da23a9fd481dd16aa2bbdda.jpg,Organic,e69966c8b54aa556,16616425312381216086
Organic/Organic/coffee_tea_bags/e775f7fd372e414b924fcad3a829dd08.jpg,e775f7fd372e414b924fcad3a829dd08.jpg,Organic,85911f6e645e5b43,9624508437658229571
Organic/Organic/coffee_tea_bags/easy-disposable-drip-bag-coffee-tea-bags-ground-173299325.jpg,easy-disposable-drip-bag-coffee-tea-bags-ground-173299325.jpg,Organic,e2b58dda30ec18cb,16336119191619508427
Organic/Organic/coffee_tea_bags/easy-disposable-drip-bag-coffee-tea-bags-ground-173299335.jpg,easy-disposable-drip-bag-coffee-tea-bags-ground-173299335.jpg,Organic,f2a6ccd123c623f2,17484887801932948466
Organic/Organic/coffee_tea_bags/ee-beans-turkish-coffee-pot-cartoon-illustrations-set-for-coffee-shop-vector.jpg,ee-beans-turkish-coffee-pot-cartoon-illustrations-set-for-coffee-shop-vector.jpg,Organic,cae40c6ab795c353,14619823942837584723
Organic/Organic/coffee_tea_bags/ee38ee68adac618a6aa7dd4be54ce525.jpg,ee38ee68adac618a6aa7dd4be54ce525.jpg,Organic,dbd892a6943768f0,15841572933424605424
Organic/Organic/coffee_tea_bags/gardening_website_350x2x.jpg,gardening_website_350x2x.jpg,Organic,f3f91c8c4e236332,17580114009349382962
Organic/Organic/coffee_tea_bags/green-bin-coffee-tea-bags-1500x1917px.jpg,green-bin-coffee-tea-bags-1500x1917px.jpg,Organic,91b04ee1c7363b1b,10497977463017454363
Organic/Organic/coffee_tea_bags/green-tea-for-weight-loss-8.jpg,green-tea-for-weight-loss-8.jpg,Organic,b3f86e414c6ac03f,12968236353747337279
Organic/Organic/coffee_tea_bags/ground-coffee-tea-bag-isolated-white-background-33941609.jpg,ground-coffee-tea-bag-isolated-white-background-33941609.jpg,Organic,ee90436e95c26e95,17190313919911194261
Organic/Organic/coffee_tea_bags/group2F7162Fmenu2F111220_1.jpg,group2F7162Fmenu2F111220_1.jpg,Organic,a0d6ada497ad5435,11589641613515510837
Organic/Organic/coffee_tea_bags/hd_panduranga_coffee_900x_afac79ed-a644-49e3-8145-f6b8f7caf3ad.jpg,hd_panduranga_coffee_900x_afac79ed-a644-49e3-8145-f6b8f7caf3ad.jpg,Organic,9242ad96c33d7c2d,10539176941032668205
Organic/Organic/coffee_tea_bags/il_570xN.2192109093_s5rf.jpg,il_570xN.2192109093_s5rf.jpg,Organic,a894b5dadac8c965,12147534046503160165
Organic/Organic/coffee_tea_bags/l-against-white-background-concept-composting-eco-friendly-recycling-2BEXG0J.jpg,l-against-white-background-concept-composting-eco-friendly-recycling-2BEXG0J.jpg,Organic,bec9c1865cd86987,13747732120352614791
Organic/Organic/coffee_tea_bags/main-qimg-54e341d2fe11ce073c93be5f450cee44.webp,main-qimg-54e341d2fe11ce073c93be5f450cee44.webp,Organic,eab4f0d98f259548,16912407317883229512
Organic/Organic/coffee_tea_bags/moringa-dip-bags-500x500.jpg,moringa-dip-bags-500x500.jpg,Organic,958ebc76e9a8148b,10776758177256445067
Organic/Organic/coffee_tea_bags/mysore-nuggets-405586_595x.jpg,mysore-nuggets-405586_595x.jpg,Organic,d6251ce706e9b03d,15430771476833873981
Organic/Organic/coffee_tea_bags/open-bags-and-collect-tea-leaves-for-composting.jpg,open-bags-and-collect-tea-leaves-for-composting.jpg,Organic,b4c1c36d307493cf,13024906471063983055
Organic/Organic/coffee_tea_bags/p-glass-jars-with-tea-bags-and-paper-bags-with-coffee-beans-on-shelves-toned.jpg,p-glass-jars-with-tea-bags-and-paper-bags-with-coffee-beans-on-shelves-toned.jpg,Organic,c17843a77ea1aad4,13940967033188494036
Organic/Organic/coffee_tea_bags/pices-in-glass-armudu-with-coffee-beans-and-sugar-on-dark-background-2EW6TH7.jpg,pices-in-glass-armudu-with-coffee-beans-and-sugar-on-dark-background-2EW6TH7.jpg,Organic,9e8531972c78f386,11422590555251078022
Organic/Organic/coffee_tea_bags/png-transparent-instant-coffee-espresso-coffee-bag-tea-bag-coffee-food-tea-coffee.png,png-transparent-instant-coffee-espresso-coffee-bag-tea-bag-coffee-food-tea-coffee.png,Organic,ed1b926692c5d961,17085410580606867809
Organic/Organic/coffee_tea_bags/post-everything-bread-tea-bags-coffee-grounds-i-even-dump-out-my-old-quote-1.jpg,post-everything-bread-tea-bags-coffee-grounds-i-even-dump-out-my-old-quote-1.jpg,Organic,ab597e852e78c10b,12347038963888341259
Organic/Organic/coffee_tea_bags/premiumcoffe.jpg,premiumcoffe.jpg,Organic,b3cecc3199399983,12956517691387648387
Organic/Organic/coffee_tea_bags/product-jpeg-500x500.jpg,product-jpeg-500x500.jpg,Organic,aa5435fb6c08607f,12273494238456995967
Organic/Organic/coffee_tea_bags/set-cup-of-tea-with-bag-bag-coffee-beans-coffee-vector-46052070.jpg,set-cup-of-tea-with-bag-bag-coffee-beans-coffee-vector-46052070.jpg,Organic,ee9213caa1b53c95,17190824488643935381
Organic/Organic/coffee_tea_bags/set-isometric-line-coffee-beans-cup-tea-with-bag-vector-46606594.jpg,set-isometric-line-coffee-beans-cup-tea-with-bag-vector-46606594.jpg,Organic,ffc3209c3b8360d6,18429609955515654358
Organic/Organic/coffee_tea_bags/shutterstock_1976758055.jpg,shutterstock_1976758055.jpg,Organic,ef9fd5f0c0020e1d,17266754726351998493
Organic/Organic/coffee_tea_bags/slider_25.png,slider_25.png,Organic,aed31c0f9178a5ac,12597443435876099500
Organic/Organic/coffee_tea_bags/south-indian-filter-coffee-served-traditional-tumbler-cup-roasted-raw-beans_466689-88216.jpg,south-indian-filter-coffee-served-traditional-tumbler-cup-roasted-raw-beans_466689-88216.jpg,Organic,ad92c33c9c619367,12507273780250383207
Organic/Organic/coffee_tea_bags/sted-Coffee-Bean-Tea-Bags-for-400g-500g-1kg-Stand-up-Mylar-Zip-Lock-Pouches.webp,sted-Coffee-Bean-Tea-Bags-for-400g-500g-1kg-Stand-up-Mylar-Zip-Lock-Pouches.webp,Organic,e192966993389b6d,16254219385319234413
Organic/Organic/coffee_tea_bags/stock-photo-three-tea-bags-lie-on-a-background-of-coffee-beans-2135663021.jpg,stock-photo-three-tea-bags-lie-on-a-background-of-coffee-beans-2135663021.jpg,Organic,cc8d3233ce8ed589,14739492353543689609
Organic/Organic/coffee_tea_bags/tea-5174668_1280-e1619903116935.jpg,tea-5174668_1280-e1619903116935.jpg,Organic,e198c69b9a659936,16255961226606385462
Organic/Organic/coffee_tea_bags/tea-bag-recycling.jpg,tea-bag-recycling.jpg,Organic,eb928c6d923bc13a,16974784347745534266
Organic/Organic/coffee_tea_bags/tea-bags-and-coffee-beans-DE0A54.jpg,tea-bags-and-coffee-beans-DE0A54.jpg,Organic,ecb2d0ca21d79783,17055924305375238019
Organic/Organic/coffee_tea_bags/tea-bags-ready-for-despatch-india-AR828D.jpg,tea-bags-ready-for-despatch-india-AR828D.jpg,Organic,9b9436ca2d877435,11210645614407152693
Organic/Organic/coffee_tea_bags/tea-morning-green-yellow.jpg,tea-morning-green-yellow.jpg,Organic,b9ec86c947162e39,13397231190559567417
Organic/Organic/coffee_tea_bags/tea-vector-line-icons-contains-such-icons-as-cup-of-tea-teabags-coffee-beans.jpg,tea-vector-line-icons-contains-such-icons-as-cup-of-tea-teabags-coffee-beans.jpg,Organic,fa4285f8c1f38539,18033123161397232953
Organic/Organic/coffee_tea_bags/teabag.jpg,teabag.jpg,Organic,d1160ee9660d69e7,15066245999016896999
Organic/Organic/coffee_tea_bags/ted-ground-coffee-beans-product-images-orvj6ewaogu-p602294106-1-202306100653.jpg,ted-ground-coffee-beans-product-images-orvj6ewaogu-p602294106-1-202306100653.jpg,Organic,b9c9a638c636c731,13387414130109368113
Organic/Organic/coffee_tea_bags/th-coffee-beans-top-view-with-shadow-isolated-on-white-background-1839213553.jpg,th-coffee-beans-top-view-with-shadow-isolated-on-white-background-1839213553.jpg,Organic,f7d850b614e11bcc,17859113065302268876
Organic/Organic/coffee_tea_bags/used_teabags_garden_featured.png,used_teabags_garden_featured.png,Organic,99d8e72e31c19457,11085864668361757783
Organic/Organic/coffee_tea_bags/zindagi_green_coffee_beans_400_gm_0.jpg,zindagi_green_coffee_beans_400_gm_0.jpg,Organic,b1cfcf38c6328364,12812687307642667876
Organic/Organic/egg_shells/-as-calcium-supplement-popular-asia-india-powder-ground-egg-shells-119970282.jpg,-as-calcium-supplement-popular-asia-india-powder-ground-egg-shells-119970282.jpg,Organic,cc9c3de171876436,14743727318585795638
Organic/Organic/egg_shells/-of-the-indian-and-pacific-oceans-an-endangered-species-they-travel-t-M9AFPW.jpg,-of-the-indian-and-pacific-oceans-an-endangered-species-they-travel-t-M9AFPW.jpg,Organic,de903eca24bd18e6,16037387310987024614
Organic/Organic/egg_shells/-shells-with-warm-water-used-as-a-calcium-supplement-and-popular-in-asia-and.jpg,-shells-with-warm-water-used-as-a-calcium-supplement-and-popular-in-asia-and.jpg,Organic,c7337a4f90907b58,14353950919506295640
Organic/Organic/egg_shells/001_486_IMG_broken-brown-eggshell-marble-surface.jpg,001_486_IMG_broken-brown-eggshell-marble-surface.jpg,Organic,c853576dc89370d3,14434977359680729299
Organic/Organic/egg_shells/1-s2.0-S0950061822018086-ga1.jpg,1-s2.0-S0950061822018086-ga1.jpg,Organic,ecbed32c5ca224d1,17059304626012169425
Organic/Organic/egg_shells/10-Cool-Things-to-Do-With-Eggshells.png,10-Cool-Things-to-Do-With-Eggshells.png,Organic,fd67021967077958,18259565522322946392
Organic/Organic/egg_shells/1000_F_211028023_4K207bEPU7N2cJyvk92D4Ik0TKD93rzy.jpg,1000_F_211028023_4K207bEPU7N2cJyvk92D4Ik0TKD93rzy.jpg,Organic,c4b12f4a629cbacd,14173161498840185549
Organic/Organic/egg_shells/1000_F_523577764_HniZM09ls0H3vw7i0DXikSEzdasvzmoy.jpg,1000_F_523577764_HniZM09ls0H3vw7i0DXikSEzdasvzmoy.jpg,Organic,c9763fc30c1c6399,14516860555829732249
Organic/Organic/egg_shells/1_872_600.jpg,1_872_600.jpg,Organic,959a4ebf40a539ac,10780015241394993580
Organic/Organic/egg_shells/2020_04_lead_eggshells-on-table_shutterstock_201335783.jpg,2020_04_lead_eggshells-on-table_shutterstock_201335783.jpg,Organic,80d33b69c637e496,9282828582423880854
Organic/Organic/egg_shells/51kXtLk8BSL.jpg,51kXtLk8BSL.jpg,Organic,e925646b96ca9e92,16799944398229642898
Organic/Organic/egg_shells/5908_egg_shells2.jpg,5908_egg_shells2.jpg,Organic,d00241be787a4bef,14988614796163304431
Organic/Organic/egg_shells/5f421e3164a4ed8a454c7b20c1e3ebe5--eggshell-mosaic-tutorial-diy - Copy.jpg,5f421e3164a4ed8a454c7b20c1e3ebe5--eggshell-mosaic-tutorial-diy - Copy.jpg,Organic,aa55b91ac56bd069,12273919884100620393
Organic/Organic/egg_shells/698107-hatched-open-poultry-chicks-egg-shells-shell-706502.jpg,698107-hatched-open-poultry-chicks-egg-shells-shell-706502.jpg,Organic,d49ec41963340f77,15320898595678588791
Organic/Organic/egg_shells/81E5gnm5CnL._AC_UF10001000_QL80_.jpg,81E5gnm5CnL._AC_UF10001000_QL80_.jpg,Organic,d2da0fe96996d620,15193473788061079072
Organic/Organic/egg_shells/8d25mv_ncpmpairindiafoodeggshells_625x300_08_October_19.jpg,8d25mv_ncpmpairindiafoodeggshells_625x300_08_October_19.jpg,Organic,ad2b52d44ac73ad4,12478158264301206228
Organic/Organic/egg_shells/AdobeStock_479886517-scaled-e1674774370139.jpeg,AdobeStock_479886517-scaled-e1674774370139.jpeg,Organic,e06f7653ba812999,16172274888894130585
Organic/Organic/egg_shells/BeachBag_IndiaInk_Egg-DSC_1902-1200_800x.jpg,BeachBag_IndiaInk_Egg-DSC_1902-1200_800x.jpg,Organic,85b7044c319f9737,9635174653079033655
Organic/Organic/egg_shells/BeachBag_IndiaInk_egg-DSC_2400-1200_800x.jpg,BeachBag_IndiaInk_egg-DSC_2400-1200_800x.jpg,Organic,93c2c93c0967697b,10647293728750266747
Organic/Organic/egg_shells/Chicken-eggshell-membrane-upcycled-for-bakery-Eggbrane-alleviates-joint-stiffness-and-pain.jpg,Chicken-eggshell-membrane-upcycled-for-bakery-Eggbrane-alleviates-joint-stiffness-and-pain.jpg,Organic,98dc09b64b9ef452,11014689467198796882
Organic/Organic/egg_shells/Egg-rmh.jpg,Egg-rmh.jpg,Organic,d381243c9bc965e7,15240502456728774119
Organic/Organic/egg_shells/Eggshell_001.jpg,Eggshell_001.jpg,Organic,b0d3d64fc92ccc98,12741763408927181976
Organic/Organic/egg_shells/Eggshell_THUMBNAIL.jpg,Eggshell_THUMBNAIL.jpg,Organic,b68b419c1bf50a73,13153679275405412979
Organic/Organic/egg_shells/Eggshells-Lying-on-the-Ground.jpg,Eggshells-Lying-on-the-Ground.jpg,Organic,87cff06419361fe0,9786304828009750496
Organic/Organic/egg_shells/Eggshells-and-Other-Food-Waste-on-Compost-Pile.jpg,Eggshells-and-Other-Food-Waste-on-Compost-Pile.jpg,Organic,cbd803041dd7d9c7,14688493500884310471
Organic/Organic/egg_shells/Eggshells-scaled.jpg,Eggshells-scaled.jpg,Organic,938b4fa9d064b378,10631678936102515576
Organic/Organic/egg_shells/Eggshells.jpg,Eggshells.jpg,Organic,93b5acfb403c52d2,10643603489474499282
Organic/Organic/egg_shells/EggshellsGardening-3.jpg,EggshellsGardening-3.jpg,Organic,d6c9157055accb95,15476925166653328277
Organic/Organic/egg_shells/Emu_Egg_shell_painting_world_record-1.jpg,Emu_Egg_shell_painting_world_record-1.jpg,Organic,ee86813990e5c5f9,17187567112150173177
Organic/Organic/egg_shells/Engraved-ostrich-eggshell-fragment-Upper-Palaeolithic-Patne-India.png,Engraved-ostrich-eggshell-fragment-Upper-Palaeolithic-Patne-India.png,Organic,95f06a53ea6a316c,10804252414709477740
Organic/Organic/egg_shells/Engravings-on-ostrich-eggshell-fragment-Patne-western-India-early-Upper-Palaeolithic.png,Engravings-on-ostrich-eggshell-fragment-Patne-western-India-early-Upper-Palaeolithic.png,Organic,c05f1d7abec065e0,13861830591093171680
Organic/Organic/egg_shells/FB-eggshells-for-the-garden.jpg,FB-eggshells-for-the-garden.jpg,Organic,9ec39a71392798f0,11440157289532070128
Organic/Organic/egg_shells/FB_IMG_1604548763726.jpg,FB_IMG_1604548763726.jpg,Organic,95595f58621fd0d4,10761737617786523860
Organic/Organic/egg_shells/GettyImages-1136556806.jpg,GettyImages-1136556806.jpg,Organic,a59d9621709fc279,11933859657969287801
Organic/Organic/egg_shells/GettyImages-1288209464-e1680536099894.jpg,GettyImages-1288209464-e1680536099894.jpg,Organic,b733d819c839e43c,13201132537998074940
Organic/Organic/egg_shells/HowtoGrindEggshellsforPlants_f6ebf5dc8c7ff2ee2d9fb6778a9bf612_2000.jpeg,HowtoGrindEggshellsforPlants_f6ebf5dc8c7ff2ee2d9fb6778a9bf612_2000.jpeg,Organic,942ac92b17b970f5,10676567053553987829
Organic/Organic/egg_shells/IMG_eggshellwaste-848x551.jpg,IMG_eggshellwaste-848x551.jpg,Organic,99a6e26eadc02d78,11071785698926275960
Organic/Organic/egg_shells/Image_eggshells.jpg,Image_eggshells.jpg,Organic,c54e2eb7f00813b7,14217352441196188599
Organic/Organic/egg_shells/MG_0288-2000x1333-2.jpg,MG_0288-2000x1333-2.jpg,Organic,c45a66c726e6f324,14148734184875029284
Organic/Organic/egg_shells/MV5BM2M1NzZjNTQtNzliYi00NTA5LWI4NDktY2Q5NDFkMTAxYzk2XkEyXkFqcGdeQXVyMjQwMjk0NjI._V1_.jpg,MV5BM2M1NzZjNTQtNzliYi00NTA5LWI4NDktY2Q5NDFkMTAxYzk2XkEyXkFqcGdeQXVyMjQwMjk0NjI._V1_.jpg,Organic,c33127ece1939b4c,14065067009605081932
Organic/Organic/egg_shells/Ostrich-kaiH--621x414LiveMint.JPG.jpg,Ostrich-kaiH--621x414LiveMint.JPG.jpg,Organic,c953972c7a936da0,14507105041981336992
Organic/Organic/egg_shells/Powder-preparation-steps-of-calcined-eggshells-a-Eggshell-b-Sun-drying-c.jpg,Powder-preparation-steps-of-calcined-eggshells-a-Eggshell-b-Sun-drying-c.jpg,Organic,f2616219c8f19d5e,17465348692804476254
Organic/Organic/egg_shells/Reusing2520Eggshells25201.png,Reusing2520Eggshells25201.png,Organic,945854d2f8f6783c,10689386980660639804
Organic/Organic/egg_shells/Singapore20Eggshell20Coaster20Making20Workshop20by20Eco20Rangers20Pte20Ltd.jpg,Singapore20Eggshell20Coaster20Making20Workshop20by20Eco20Rangers20Pte20Ltd.jpg,Organic,da4a6bad6e35200f,15729503041167368207
Organic/Organic/egg_shells/The-color-and-pigment-patterns-of-eggshells-vary-greatly-across-avian-lineages-We.png,The-color-and-pigment-patterns-of-eggshells-vary-greatly-across-avian-lineages-We.png,Organic,ef859553fa1100eb,17259365334877536491
Organic/Organic/egg_shells/Things-to-do-with-eggshells-so-they-dont-go-to-waste-on-chemistry-cachet.png,Things-to-do-with-eggshells-so-they-dont-go-to-waste-on-chemistry-cachet.png,Organic,939268135b6d5af4,10633676102522723060
Organic/Organic/egg_shells/Used-coffee-grounds-and-eggshells_Juver_shutterstock.jpg,Used-coffee-grounds-and-eggshells_Juver_shutterstock.jpg,Organic,a5c79a8e89d865d8,11945686473612223960
Organic/Organic/egg_shells/Uses-Eggshells-Tips-A138778491.jpg,Uses-Eggshells-Tips-A138778491.jpg,Organic,d1a926c439c3e39e,15107649049215624094
Organic/Organic/egg_shells/Walking-on-eggshells-blog-graphics_Facebook.png,Walking-on-eggshells-blog-graphics_Facebook.png,Organic,9236e566b3c9cc32,10535860607545625650
Organic/Organic/egg_shells/Waste-Management-Ambikapur-hopes-to-generate-Rs-10000-a-month-from-the-eggshell-initiative1.jpg,Waste-Management-Ambikapur-hopes-to-generate-Rs-10000-a-month-from-the-eggshell-initiative1.jpg,Organic,ae9352ccc6cd191d,12579489223638063389
Organic/Organic/egg_shells/White-Eggshells-On-a-Wooden-Surface.jpg,White-Eggshells-On-a-Wooden-Surface.jpg,Organic,d1962b5934c6b659,15102306062571058777
Organic/Organic/egg_shells/animist-donyi-polo-shrine-made-from-bamboo-feathers-and-eggshells-E4A21E.jpg,animist-donyi-polo-shrine-made-from-bamboo-feathers-and-eggshells-E4A21E.jpg,Organic,f5e102d738951ad5,17717445532442761941
Organic/Organic/egg_shells/bowl-containing-eggshells.jpg,bowl-containing-eggshells.jpg,Organic,f4f514d669996099,17651037225675743385
Organic/Organic/egg_shells/broken-egg-shells.jpg,broken-egg-shells.jpg,Organic,d69992b30e6dc6e0,15463552093292185312
Organic/Organic/egg_shells/broken-eggs-1711144_1920.jpg,broken-eggs-1711144_1920.jpg,Organic,d4d94f21334f78c8,15337377010000296136
Organic/Organic/egg_shells/broken-eggs-eggshells-carton-mc-2x1-220718.jpg,broken-eggs-eggshells-carton-mc-2x1-220718.jpg,Organic,d5126aaf35d6d0c2,15353451380414533826
Organic/Organic/egg_shells/broken-eggshells-carolsandra-cc.jpg,broken-eggshells-carolsandra-cc.jpg,Organic,9a9b6c3033cf3266,11140617057514500710
Organic/Organic/egg_shells/broken-eggshells.jpg,broken-eggshells.jpg,Organic,ceb8d0c307cff064,14895885303596183652
Organic/Organic/egg_shells/brown-crushed-egg-shell.jpg,brown-crushed-egg-shell.jpg,Organic,fe2fa9d4c45a8069,18316044940831522921
Organic/Organic/egg_shells/catalysts-12-00246-ag.png,catalysts-12-00246-ag.png,Organic,8fb3b5488da4d827,10354819291473565735
Organic/Organic/egg_shells/cc8b3c.jpg,cc8b3c.jpg,Organic,ccc9bb92b6a4e44a,14756531892860019786
Organic/Organic/egg_shells/chicken-of-eggshells.jpg,chicken-of-eggshells.jpg,Organic,f198dc2dcce29721,17408906448869693217
Organic/Organic/egg_shells/composting-eggshells.jpg,composting-eggshells.jpg,Organic,c545a6e670f425f4,14214951307532576244
Organic/Organic/egg_shells/crushed-eggshells-for-chickens.jpg,crushed-eggshells-for-chickens.jpg,Organic,abb8f1d08cc7c760,12373905854217832288
Organic/Organic/egg_shells/crushing-eggshells.jpg.webp,crushing-eggshells.jpg.webp,Organic,e992a48e1b9a66d9,16830695687692379865
Organic/Organic/egg_shells/depositphotos_40630785-stock-photo-pile-of-broken-eggshells.jpg,depositphotos_40630785-stock-photo-pile-of-broken-eggshells.jpg,Organic,bbc3d4019ef6681c,13529890808978106396
Organic/Organic/egg_shells/depositphotos_42000011-stock-photo-broken-chicken-eggshells.jpg,depositphotos_42000011-stock-photo-broken-chicken-eggshells.jpg,Organic,96d723dca521f4a1,10869195656252224673
Organic/Organic/egg_shells/egg-shell-1.jpg,egg-shell-1.jpg,Organic,9551639c97639c3c,10759490508970761276
Organic/Organic/egg_shells/egg-shell-1668237416-6621619.jpeg,egg-shell-1668237416-6621619.jpeg,Organic,aec4c51b843bda2d,12593407180008053293
Organic/Organic/egg_shells/egg-shell-header.jpg,egg-shell-header.jpg,Organic,87613c26d92cc7b3,9755144405411219379
Organic/Organic/egg_shells/egg-shells.jpg,egg-shells.jpg,Organic,f02df5057268cc6d,17306758346797796461
Organic/Organic/egg_shells/egg-shells2.jpg,egg-shells2.jpg,Organic,c6c586ebe4c2ad4c,14323002537635130700
Organic/Organic/egg_shells/eggshell-fertilizer.jpg,eggshell-fertilizer.jpg,Organic,cac970c6785f4669,14612334463705630313
Organic/Organic/egg_shells/eggshell20powder-800x800.jpg,eggshell20powder-800x800.jpg,Organic,b00ccbf0ce3370cf,12685738485507911887
Organic/Organic/egg_shells/eggshell9.png,eggshell9.png,Organic,f8b6e0715ae9284e,17921758544628623438
Organic/Organic/egg_shells/eggshellpinfbready.png,eggshellpinfbready.png,Organic,e3dc9037e6b0cd60,16419156911253933408
Organic/Organic/egg_shells/eggshells-.png,eggshells-.png,Organic,e3dcc4e39c6223e8,16419214823346283496
Organic/Organic/egg_shells/eggshells-bucket-cropped.jpg,eggshells-bucket-cropped.jpg,Organic,c2d05f93786a2b99,14037825125498891161
Organic/Organic/egg_shells/eggshells-in-bowl-1296x728.jpg,eggshells-in-bowl-1296x728.jpg,Organic,932319bb3c3d1ec1,10602346239720496833
Organic/Organic/egg_shells/eggshells-in-garden.jpg,eggshells-in-garden.jpg,Organic,96493aad778ba524,10829251295698461988
Organic/Organic/egg_shells/eggshells-in-the-garden.jpg,eggshells-in-the-garden.jpg,Organic,a7d3ff28904914ce,12093289974104397006
Organic/Organic/egg_shells/eggshells-slugs-2x.jpg,eggshells-slugs-2x.jpg,Organic,941b70b4c7796a95,10672247663727569557
Organic/Organic/egg_shells/eggshells1.jpg,eggshells1.jpg,Organic,ac91b3ca253dc43b,12434917726936220731
Organic/Organic/egg_shells/eggshells2.jpg,eggshells2.jpg,Organic,e9fa40d6955d8474,16859859445387986036
Organic/Organic/egg_shells/eggshells_759.jpg,eggshells_759.jpg,Organic,87bea38870540fe7,9781435247090733031
Organic/Organic/egg_shells/eggshells_uses_759.jpg,eggshells_uses_759.jpg,Organic,83c874d678b39365,9495968278807548773
Organic/Organic/egg_shells/eggshells_uses_incopy.jpg,eggshells_uses_incopy.jpg,Organic,dd90d6629b38ca72,15965496398027737714
Organic/Organic/egg_shells/elisa-sheehan-kintsugi-eggshells-1.jpg,elisa-sheehan-kintsugi-eggshells-1.jpg,Organic,d8ab55a4d5a1453b,15612666699657069883
Organic/Organic/egg_shells/ew-group-of-broken-eggshells-stacked-on-white-background-flat-lay-2071149671.jpg,ew-group-of-broken-eggshells-stacked-on-white-background-flat-lay-2071149671.jpg,Organic,e9eb329614ec6c86,16855621650541735046
Organic/Organic/egg_shells/ew-group-of-broken-eggshells-stacked-on-white-background-flat-lay-2078296249.jpg,ew-group-of-broken-eggshells-stacked-on-white-background-flat-lay-2078296249.jpg,Organic,e6a644d95996389b,16620047175159003291
Organic/Organic/egg_shells/featured-eggshells-in-the-garden.jpg,featured-eggshells-in-the-garden.jpg,Organic,b86dc7d33846469c,13289497785436358300
Organic/Organic/egg_shells/feed-chickens-eggshells-calcium-feature-2-1140x912.jpg,feed-chickens-eggshells-calcium-feature-2-1140x912.jpg,Organic,c18e3f9973611a4e,13947155024311294542
Organic/Organic/egg_shells/gettyimages-115783266.jpg,gettyimages-115783266.jpg,Organic,afccf0370b780c63,12667763971092647011
Organic/Organic/egg_shells/grinding-eggshells-2x.jpg,grinding-eggshells-2x.jpg,Organic,e8729b5c33497c23,16749620784444046371
Organic/Organic/egg_shells/how-to-use-egg-shells-in-your-beauty-and-skincare-routine-500x300-piccontent.jpg,how-to-use-egg-shells-in-your-beauty-and-skincare-routine-500x300-piccontent.jpg,Organic,95e11e665bbf6041,10799946806385926209
Organic/Organic/egg_shells/how-to-use-eggshells-in-garden.jpg,how-to-use-eggshells-in-garden.jpg,Organic,f582542f73cca351,17690794849047716689
Organic/Organic/egg_shells/iStock_000003656044XSmall_egg-shells.jpg,iStock_000003656044XSmall_egg-shells.jpg,Organic,f8bc87438634789d,17923349341111875741
Organic/Organic/egg_shells/idiom-walk-on-eggshells.png,idiom-walk-on-eggshells.png,Organic,839eec77bc047710,9484277864288515856
Organic/Organic/egg_shells/il_300x300.4958894282_bt9k.jpg,il_300x300.4958894282_bt9k.jpg,Organic,8a3379c76c8459d3,9958437098472364499
Organic/Organic/egg_shells/il_fullxfull.991265431_jqg5.jpg,il_fullxfull.991265431_jqg5.jpg,Organic,9b9968703665a537,11212107578473817399
Organic/Organic/egg_shells/india-s-fssai-grants-approval-for-nem-2.jpg,india-s-fssai-grants-approval-for-nem-2.jpg,Organic,c78c3c71f12732d2,14378934170362000082
Organic/Organic/egg_shells/kvjhnutlxx2zrto2or8j.png,kvjhnutlxx2zrto2or8j.png,Organic,9465c33cf0d2c59b,10693167556766909851
Organic/Organic/egg_shells/l-intro-1680523821.jpg,l-intro-1680523821.jpg,Organic,8be4970a3948cf3d,10080347936128552765
Organic/Organic/egg_shells/making-faces-on-eggshell.jpg,making-faces-on-eggshell.jpg,Organic,908c66d391f27a6d,10415813097073834605
Organic/Organic/egg_shells/maxresdefault.jpg,maxresdefault.jpg,Organic,c44ab1c5656df2c3,14144313041078842051
Organic/Organic/egg_shells/maxresdefault2.jpg,maxresdefault2.jpg,Organic,ded85a2da98368c6,16057683623553493190
Organic/Organic/egg_shells/pexels-antony-trivet-12626269-scaled.jpg,pexels-antony-trivet-12626269-scaled.jpg,Organic,c96bb7770c4e7208,14513895946067014152
Organic/Organic/egg_shells/powder-ground-egg-shells-warm-water-used-as-calcium-supplement-popular-asia-india-119971114.jpg,powder-ground-egg-shells-warm-water-used-as-calcium-supplement-popular-asia-india-119971114.jpg,Organic,9b3236c46ccf3989,11183061041981372809
Organic/Organic/egg_shells/rbzywo5dfoy.jpg,rbzywo5dfoy.jpg,Organic,cde650e50df86b05,14836634967130794757
Organic/Organic/egg_shells/rinsing-eggshells-with-water-before-drying-and-crushing.jpg,rinsing-eggshells-with-water-before-drying-and-crushing.jpg,Organic,9c5847b31f7c621c,11265833302520259100
Organic/Organic/egg_shells/robin-eggshells-e1531519300984.jpg,robin-eggshells-e1531519300984.jpg,Organic,cfbbc542ad0dca21,14968774676657850913
Organic/Organic/egg_shells/ruCCMI2J-eggshells.png,ruCCMI2J-eggshells.png,Organic,d27eef80ce2ba405,15167823931524228101
Organic/Organic/egg_shells/seedling-growth-in-eggshells.jpg,seedling-growth-in-eggshells.jpg,Organic,fb2e9acd5151a924,18099574159071881508
Organic/Organic/egg_shells/shutterstock_64124065.jpg,shutterstock_64124065.jpg,Organic,b3f81c8be7b00339,12968146514226447161
Organic/Organic/egg_shells/sprinkling-eggshells-in-garden.jpg,sprinkling-eggshells-in-garden.jpg,Organic,bdd325f891831ae2,13678318242777733858
Organic/Organic/egg_shells/stock-photo-eggshell-shell-of-eggs-on-wooden-kitchen-table-1626806662.jpg,stock-photo-eggshell-shell-of-eggs-on-wooden-kitchen-table-1626806662.jpg,Organic,9385641a6ee51aee,10630012560170359534
Organic/Organic/egg_shells/succulents1.jpg,succulents1.jpg,Organic,dada4de734a12b42,15770002700606974786
Organic/Organic/egg_shells/titanosaur-eggs-india-1-1024x705.jpg,titanosaur-eggs-india-1-1024x705.jpg,Organic,a9a6d78e5c2852b5,12224695244975264437
Organic/Organic/egg_shells/top-view-trash-cooking-concept_1_700x.jpg,top-view-trash-cooking-concept_1_700x.jpg,Organic,f184ca9bcc9933cc,17403257630567773132
Organic/Organic/egg_shells/upcycled-eggshells_Personal-Creations.jpg,upcycled-eggshells_Personal-Creations.jpg,Organic,fbe6841b7891930e,18151340601685152526
Organic/Organic/egg_shells/walking_on_egg_shells_800_wht.jpg,walking_on_egg_shells_800_wht.jpg,Organic,e4e49913d21b91db,16493476045746049499
Organic/Organic/egg_shells/ways-to-reuse-eggshells-1614120054.jpg,ways-to-reuse-eggshells-1614120054.jpg,Organic,e1cec632334f6a13,16271160422647687699
Organic/Organic/egg_shells/ways-to-use-eggshells.jpeg,ways-to-use-eggshells.jpeg,Organic,96df03dca521f4a1,10871412271693821089
Organic/Organic/egg_shells/white-egg-shell-granules.jpg,white-egg-shell-granules.jpg,Organic,8a2fbdd0d08bca3c,9957386005689125436
Organic/Organic/food_scraps/-bread-organic-waste-isolated-shite-background-flat-illustration_74855-14373.jpg,-bread-organic-waste-isolated-shite-background-flat-illustration_74855-14373.jpg,Organic,9f11bceea906a4e1,11462150259858646241
Organic/Organic/food_scraps/0.07700600_1571147766_14.jpg,0.07700600_1571147766_14.jpg,Organic,aca5ac86cb287cc7,12440539240614886599
Organic/Organic/food_scraps/0.32790600_1489483849_food-loss.jpg,0.32790600_1489483849_food-loss.jpg,Organic,ef9cc1c68698193b,17265888129837439291
Organic/Organic/food_scraps/001_41_IMG_WEB_191204228_Loop-848x565.jpg,001_41_IMG_WEB_191204228_Loop-848x565.jpg,Organic,9474f86188fe03db,10697448112705635291
Organic/Organic/food_scraps/00vid-skorea-waste-21719-cover-superJumbo.jpg,00vid-skorea-waste-21719-cover-superJumbo.jpg,Organic,c130b3e6f4e99949,13920824252735002953
Organic/Organic/food_scraps/1024px-Household_food_trash_NY.jpg,1024px-Household_food_trash_NY.jpg,Organic,b34aee6006f3953a,12919400577266586938
Organic/Organic/food_scraps/14220kg-foodscrapstrial-45.jpg,14220kg-foodscrapstrial-45.jpg,Organic,aa99c5de43bc52e0,12293074216294306528
Organic/Organic/food_scraps/1503810939_3XUEDx_Food_Wastage.jpg,1503810939_3XUEDx_Food_Wastage.jpg,Organic,c6711916e2b9659e,14299237877961811358
Organic/Organic/food_scraps/1600x960_804605-food-waste.jpg,1600x960_804605-food-waste.jpg,Organic,d9359347664d858b,15651578014864344459
Organic/Organic/food_scraps/190726-compost-al-1416.jpg,190726-compost-al-1416.jpg,Organic,d44e495f2a67e560,15298245657306326368
Organic/Organic/food_scraps/20120223174847-1_0.jpg,20120223174847-1_0.jpg,Organic,d186e5607a3f307c,15098007003336749180
Organic/Organic/food_scraps/3141b180-d58c-11ed-86ff-b93329756f4a.cf.jpg,3141b180-d58c-11ed-86ff-b93329756f4a.cf.jpg,Organic,e14d8b9286b7364e,16234785693182146126
Organic/Organic/food_scraps/4-Easy-Methods-to-Repurpose-Food-Scraps-Through-Kitchen-Composting.jpg,4-Easy-Methods-to-Repurpose-Food-Scraps-Through-Kitchen-Composting.jpg,Organic,bc44913b9b39c764,13566127662740129636
Organic/Organic/food_scraps/42f8fcd0-2ddc-4d55-bb9f-ed434d_1200x768.jpeg,42f8fcd0-2ddc-4d55-bb9f-ed434d_1200x768.jpeg,Organic,9bf5c46192a56a3a,11238104368524126778
Organic/Organic/food_scraps/5.png,5.png,Organic,e9ce357642894bb4,16847462038078311348
Organic/Organic/food_scraps/585639-indiafood-poverty.jpg,585639-indiafood-poverty.jpg,Organic,dfdfc6d0d04091aa,16131830990413795754
Organic/Organic/food_scraps/6106-05977845a_2400x1600.jpg.jpg,6106-05977845a_2400x1600.jpg.jpg,Organic,9017efcc0af0fa58,10383031125561899608
Organic/Organic/food_scraps/7056505-untitled-design-2022-09-22t165643215.png,7056505-untitled-design-2022-09-22t165643215.png,Organic,b294cfc53c21b3a6,12868138481328698278
Organic/Organic/food_scraps/81333635.jpg,81333635.jpg,Organic,ea9ca179e48bd506,16905564646139483398
Organic/Organic/food_scraps/828950-52136-ryfqandgvd-1487872329.jpg,828950-52136-ryfqandgvd-1487872329.jpg,Organic,956687d325d63364,10765441300218393444
Organic/Organic/food_scraps/9122rFZCfiL._AC_UF10001000_QL80_.jpg,9122rFZCfiL._AC_UF10001000_QL80_.jpg,Organic,c2fc27c2b0d7c899,14050148654633175193
Organic/Organic/food_scraps/97085579.jpg,97085579.jpg,Organic,d295586e35110fed,15174131749854711789
Organic/Organic/food_scraps/A1MBvKpOlxL._AC_UF10001000_QL80_.jpg,A1MBvKpOlxL._AC_UF10001000_QL80_.jpg,Organic,b1f419c6ce0d3b13,12822902380681837331
Organic/Organic/food_scraps/AdobeStock_539756104_e836ab76d05c8bfad90ac05325f1c4bf.jpeg,AdobeStock_539756104_e836ab76d05c8bfad90ac05325f1c4bf.jpeg,Organic,ee423f324a397cb0,17168354214715948208
Organic/Organic/food_scraps/AdobeStock_550660149_428fd902f4247199467725e7eccf1673.jpeg,AdobeStock_550660149_428fd902f4247199467725e7eccf1673.jpeg,Organic,85794972867cf0d9,9617799235457839321
Organic/Organic/food_scraps/Are_landfills_in_India_overloaded_from_Food_wastes.jpg,Are_landfills_in_India_overloaded_from_Food_wastes.jpg,Organic,f5fac1c08442ddcd,17724692316066864589
Organic/Organic/food_scraps/Bobby-Berk_Veggie-Scraps_Sustainable_3.jpg,Bobby-Berk_Veggie-Scraps_Sustainable_3.jpg,Organic,ffd5899390a89638,18434791916591158840
Organic/Organic/food_scraps/Composting-1.jpg,Composting-1.jpg,Organic,88d0c519de1f371b,9858596299205457691
Organic/Organic/food_scraps/Composting-1024x341-1.jpeg,Composting-1024x341-1.jpeg,Organic,e5d44ec5ce95530a,16560948341229572874
Organic/Organic/food_scraps/Composting-Food-Waste.jpg,Composting-Food-Waste.jpg,Organic,cb3e682732cb86ca,14645257555820644042
Organic/Organic/food_scraps/Composting-Matt-Vasilogambros.jpeg,Composting-Matt-Vasilogambros.jpeg,Organic,fa8fc3644d3255e0,18054864266710898144
Organic/Organic/food_scraps/Cooking-With-Food-Scraps.jpg,Cooking-With-Food-Scraps.jpg,Organic,cba5d61696b3e241,14674370353362625089
Organic/Organic/food_scraps/Crafts-from-Food-Scraps.jpg,Crafts-from-Food-Scraps.jpg,Organic,b623a98c66e1c27e,13124520159574344318
Organic/Organic/food_scraps/DSC_0543.jpg,DSC_0543.jpg,Organic,aaf2b4c0c3cb9e8c,12318106670823349900
Organic/Organic/food_scraps/Eliminating-Food-Wastage-to-Eradicate-Hunger.png,Eliminating-Food-Wastage-to-Eradicate-Hunger.png,Organic,ece71087a32589fc,17070631087314930172
Organic/Organic/food_scraps/Food-Scraps-for-Your-Garden.jpg,Food-Scraps-for-Your-Garden.jpg,Organic,845cf8e1c66b7370,9537771759444128624
Organic/Organic/food_scraps/Food-Wastage.jpg,Food-Wastage.jpg,Organic,b7ed2106a1736786,13253285590783453062
Organic/Organic/food_scraps/Food-scraps-and-waste.jpg,Food-scraps-and-waste.jpg,Organic,c399a52b1b36703d,14094478113391407165
Organic/Organic/food_scraps/Food-waste-Indian-weddings.jpeg,Food-waste-Indian-weddings.jpeg,Organic,d139500b7eee2794,15076169237903845268
Organic/Organic/food_scraps/Food20scraps20into20green20cart.jpg,Food20scraps20into20green20cart.jpg,Organic,9c98513b84e67f58,11283858182451396440
Organic/Organic/food_scraps/FoodScraps_667731404_Feature.jpg,FoodScraps_667731404_Feature.jpg,Organic,bc8be33c9c669883,13586202550354745475
Organic/Organic/food_scraps/FoodWaste.jpg,FoodWaste.jpg,Organic,c9da9bdab860c463,14545109310244963427
Organic/Organic/food_scraps/Food_Scraps_and_Yard_Debris_Collection_in_Portland_2010_by_Tim_Jewett.JPG.jpg,Food_Scraps_and_Yard_Debris_Collection_in_Portland_2010_by_Tim_Jewett.JPG.jpg,Organic,a9933258ab733374,12219165570401252212
Organic/Organic/food_scraps/Food_Tank_Reduce_Food_Waste.jpg,Food_Tank_Reduce_Food_Waste.jpg,Organic,f3a329d42c919766,17555921763677869926
Organic/Organic/food_scraps/HOW-CAN-WE-HELP-1.jpg,HOW-CAN-WE-HELP-1.jpg,Organic,f7a9cc4ea208aeb8,17846019636530294456
Organic/Organic/food_scraps/Hunger.jpg,Hunger.jpg,Organic,eb9a7b8494b0e0e6,16977017554687025382
Organic/Organic/food_scraps/IMG_1992.jpg,IMG_1992.jpg,Organic,e312844e9ada9b7c,16362285869330766716
Organic/Organic/food_scraps/IMG_8177-2B-25282-2529.jpg,IMG_8177-2B-25282-2529.jpg,Organic,954c2a3d37fa7034,10758020052301803572
Organic/Organic/food_scraps/MIT-Food-Scraps.jpg,MIT-Food-Scraps.jpg,Organic,9efe6c9919a2a0cc,11456713906893005004
Organic/Organic/food_scraps/Organic-food-waste-scaled-1.jpeg,Organic-food-waste-scaled-1.jpeg,Organic,cf750c55a3eb6814,14948868100088096788
Organic/Organic/food_scraps/Organic-waste-to-wealth.jpg,Organic-waste-to-wealth.jpg,Organic,97a1f0f039ce3c4c,10926279085530168396
Organic/Organic/food_scraps/Samad-lede.jpg,Samad-lede.jpg,Organic,8f1f6623aa937891,10313073975073405073
Organic/Organic/food_scraps/Sustainability-clearcuts-foodscraps-lrg.jpg,Sustainability-clearcuts-foodscraps-lrg.jpg,Organic,ed9ccd4992e39232,17121785599236477490
Organic/Organic/food_scraps/TasteofTelangana_BlogPhotos_30052021_1200.jpg,TasteofTelangana_BlogPhotos_30052021_1200.jpg,Organic,d1641b6cb29b64bc,15088214805264950460
Organic/Organic/food_scraps/Trashed_vegetables_in_Luxembourg.jpeg,Trashed_vegetables_in_Luxembourg.jpeg,Organic,da6e3ee069702d1c,15739586881269017884
Organic/Organic/food_scraps/Typical_North_India_Food_Prepared_for_Rongmei_Naga.jpg,Typical_North_India_Food_Prepared_for_Rongmei_Naga.jpg,Organic,c118be163e0f85cf,13914080051500910031
Organic/Organic/food_scraps/Waste-food_bg.jpg,Waste-food_bg.jpg,Organic,959f787a47232265,10781468499523084901
Organic/Organic/food_scraps/Waste-segregation-04.jpg,Waste-segregation-04.jpg,Organic,d3ccf3948d933232,15261841056607711794
Organic/Organic/food_scraps/Website-Thumbnail-food-india-junk-food-eating.jpg,Website-Thumbnail-food-india-junk-food-eating.jpg,Organic,9af0fc852b12c3da,11164701125134959578
Organic/Organic/food_scraps/What-is-Food-Waste.png,What-is-Food-Waste.png,Organic,d8db9c2d99f06116,15626255051762196758
Organic/Organic/food_scraps/What_are_the_advantages_of_proper_food_waste_management.jpg,What_are_the_advantages_of_proper_food_waste_management.jpg,Organic,cae7e4d83c616136,14620906332658688310
Organic/Organic/food_scraps/ZWM-compost-scaled.jpg,ZWM-compost-scaled.jpg,Organic,f892d06f8764e631,17911607845437367857
Organic/Organic/food_scraps/aa-Cover-74rf5oelkbaeo8j1kmiamu31v7-20171227011258.Medi.jpeg,aa-Cover-74rf5oelkbaeo8j1kmiamu31v7-20171227011258.Medi.jpeg,Organic,b1d5ab6235ce6268,12814336753050477160
Organic/Organic/food_scraps/ac_food_scraps_fairy_shot_3_1686.jpg,ac_food_scraps_fairy_shot_3_1686.jpg,Organic,8ca61946ad8bb5ad,10134815802793899437
Organic/Organic/food_scraps/apples.png,apples.png,Organic,f4801fee61210e7f,17618116850965614207
Organic/Organic/food_scraps/arina20cooking20with20scraps.jpg,arina20cooking20with20scraps.jpg,Organic,ba2a9219ba8bddc8,13414695079278009800
Organic/Organic/food_scraps/b24fb5ba50e1c08c306afdb2ff49b1ac8a1ecd03.jpeg,b24fb5ba50e1c08c306afdb2ff49b1ac8a1ecd03.jpeg,Organic,c85917b832e33a97,14436596160408009367
Organic/Organic/food_scraps/bc914a33536d6cc8f833b89843d63a9c.jpg,bc914a33536d6cc8f833b89843d63a9c.jpg,Organic,abf48499d64b834b,12390674271063212875
Organic/Organic/food_scraps/broth-from-scraps.jpeg,broth-from-scraps.jpeg,Organic,c0f907661f993cc6,13905153459681311942
Organic/Organic/food_scraps/collecting-food-scraps-4-compost-640s.jpg,collecting-food-scraps-4-compost-640s.jpg,Organic,95696ab48d9ab259,10766253707908264537
Organic/Organic/food_scraps/composition-compost-made-rotten-food_23-2149073812.jpg,composition-compost-made-rotten-food_23-2149073812.jpg,Organic,e6a3995e26d94325,16619295679585010469
Organic/Organic/food_scraps/compost-them-1644793139.jpg,compost-them-1644793139.jpg,Organic,a89dc4e595da92b4,12150083860056150708
Organic/Organic/food_scraps/composting-methods.jpg,composting-methods.jpg,Organic,b29325c112b77676,12867670071500568182
Organic/Organic/food_scraps/content13101.jpg,content13101.jpg,Organic,cb3c683772c1878e,14644694675659786126
Organic/Organic/food_scraps/cover-1-24.jpg,cover-1-24.jpg,Organic,daa4868fbd363321,15754865348361728801
Organic/Organic/food_scraps/cristiano-pinto-2lWGQ02DGL8-un_1_x.jpeg,cristiano-pinto-2lWGQ02DGL8-un_1_x.jpeg,Organic,b192cb4936a6e74a,12795513006622959434
Organic/Organic/food_scraps/csm_Header_Food_Waste_1_7eb721ff62.jpg,csm_Header_Food_Waste_1_7eb721ff62.jpg,Organic,e9a1a787868eb2c9,16834921082607547081
Organic/Organic/food_scraps/dc-Cover-cgac7t839uh8gjfhkmi1avj642-20190223024739.Medi.jpeg,dc-Cover-cgac7t839uh8gjfhkmi1avj642-20190223024739.Medi.jpeg,Organic,85db1f7e71083c43,9645337654866754627
Organic/Organic/food_scraps/depositphotos_320625516-stock-photo-domestic-food-waste-compost-fruits.jpg,depositphotos_320625516-stock-photo-domestic-food-waste-compost-fruits.jpg,Organic,d6e489136cbee489,15484652135328441481
Organic/Organic/food_scraps/depositphotos_68423525-stock-photo-a-pile-of-food-waste.jpg,depositphotos_68423525-stock-photo-a-pile-of-food-waste.jpg,Organic,b86dc513daf60e0c,13289494764508810764
Organic/Organic/food_scraps/domestic-food-waste-compost-fruits-vegetables-white-background-compostable-scraps-164425010.jpg,domestic-food-waste-compost-fruits-vegetables-white-background-compostable-scraps-164425010.jpg,Organic,93a8eefaa1b088d3,10640016879884732627
Organic/Organic/food_scraps/egetables-and-fruits-in-a-huge-container-in-a-rubbish-bin-heap-of-2203815095.jpg,egetables-and-fruits-in-a-huge-container-in-a-rubbish-bin-heap-of-2203815095.jpg,Organic,c4bf2b983ce51354,14177098084842279764
Organic/Organic/food_scraps/fight-food-waste-1533137513976-1533137515977.jpg,fight-food-waste-1533137513976-1533137515977.jpg,Organic,8237dec8c9d83ce4,9383213302610935012
Organic/Organic/food_scraps/file-20230601-15-v2l0pv.jpg,file-20230601-15-v2l0pv.jpg,Organic,e5a94fc7488e9661,16548846023083988577
Organic/Organic/food_scraps/file7g1gomxjw28p61iggbn-993894-1622829644.jpg,file7g1gomxjw28p61iggbn-993894-1622829644.jpg,Organic,e91bb66798019bcc,16797219791256525772
Organic/Organic/food_scraps/food-ngo_bbdf8874-4643-11e6-8e05-c384b245cd95.jpg,food-ngo_bbdf8874-4643-11e6-8e05-c384b245cd95.jpg,Organic,86255f3269e6986e,9666236845350361198
Organic/Organic/food_scraps/food-scraps-flyer-1-1.png,food-scraps-flyer-1-1.png,Organic,be692d36485b84d6,13720547450926367958
Organic/Organic/food_scraps/food-scraps-recipes.jpg,food-scraps-recipes.jpg,Organic,a222cddf31b166e4,11683126741847598820
Organic/Organic/food_scraps/food-scraps-shutterstock-c.jpg,food-scraps-shutterstock-c.jpg,Organic,c8b07adf6db89428,14461193503523771432
Organic/Organic/food_scraps/food-wastage-ap.jpg,food-wastage-ap.jpg,Organic,854a5abd7a54ab4c,9604588925168692044
Organic/Organic/food_scraps/food-waste-14654962.jpg,food-waste-14654962.jpg,Organic,b8c795704e3c6396,13314775132925617046
Organic/Organic/food_scraps/food-waste-adobe.jpg,food-waste-adobe.jpg,Organic,cf743448b75b8351,14948630550068036433
Organic/Organic/food_scraps/food-waste-at-home-independence-day-special.jpg,food-waste-at-home-independence-day-special.jpg,Organic,918743f46abc3de0,10486424974397292000
Organic/Organic/food_scraps/food-waste-in-america1.jpg,food-waste-in-america1.jpg,Organic,c0934e3e698b70f5,13876520906824315125
Organic/Organic/food_scraps/food-waste-problem.jpg,food-waste-problem.jpg,Organic,955fa5181f0b4de8,10763503157457407464
Organic/Organic/food_scraps/food-waste.jpg,food-waste.jpg,Organic,844c18b8df19a5fd,9533021693532546557
Organic/Organic/food_scraps/food-wate.jpg,food-wate.jpg,Organic,c865331b7c9ca68d,14440003973381138061
Organic/Organic/food_scraps/food.jpeg,food.jpeg,Organic,e0815907f6cf2f64,16177309227231948644
Organic/Organic/food_scraps/food20scraps20MR1540.jpg,food20scraps20MR1540.jpg,Organic,eab794c8e5e30a07,16913150516184418823
Organic/Organic/food_scraps/food_scraps_pile.jpg,food_scraps_pile.jpg,Organic,881d5f48736b71e1,9808100328261513697
Organic/Organic/food_scraps/foodwaste3.jpg,foodwaste3.jpg,Organic,ca0375388a3fc9cd,14556607306289629645
Organic/Organic/food_scraps/fpiikgio_food-waste-istock-650_650x400_05_March_21.jpg,fpiikgio_food-waste-istock-650_650x400_05_March_21.jpg,Organic,a1935ba330ec67ac,11642750218141460396
Organic/Organic/food_scraps/getty-inedible-food-scraps-Jenny-Dettrick.jpg,getty-inedible-food-scraps-Jenny-Dettrick.jpg,Organic,94d26be05b99ab46,10723752274076216134
Organic/Organic/food_scraps/gfx4-x1280.jpeg,gfx4-x1280.jpeg,Organic,83017f79a582393f,9439966454389815615
Organic/Organic/food_scraps/girl20edible20vegetables20food20DH-1562441019.jpg,girl20edible20vegetables20food20DH-1562441019.jpg,Organic,f3f229388d261ec3,17578157618443460291
Organic/Organic/food_scraps/healthy-food-eating-groceries-1296x728-header-1.jpg,healthy-food-eating-groceries-1296x728-header-1.jpg,Organic,d3c32664be2461cf,15259082176590012879
Organic/Organic/food_scraps/home-composter-with-food-scraps-and-vegetable-waste-BN3YRY.jpg,home-composter-with-food-scraps-and-vegetable-waste-BN3YRY.jpg,Organic,c0d038bf3fbc3283,13893667244497187459
Organic/Organic/food_scraps/household-food-waste-for-compositing-BE06K7.jpg,household-food-waste-for-compositing-BE06K7.jpg,Organic,caa225ed2cb0399f,14601274642475792799
Organic/Organic/food_scraps/how-to-stop-food-waste-1620830827.jpg,how-to-stop-food-waste-1620830827.jpg,Organic,e09ec9643339cecc,16185595543009480396
Organic/Organic/food_scraps/iStock-1216122354.jpg,iStock-1216122354.jpg,Organic,c692163a3736e0db,14308523405399744731
Organic/Organic/food_scraps/iStock-1225253924_resized.jpg,iStock-1225253924_resized.jpg,Organic,bb9bd42dd45a8b80,13518631999783996288
Organic/Organic/food_scraps/iStock-1281092545-1.jpg,iStock-1281092545-1.jpg,Organic,83a5847e265ddda1,9486133867470249377
Organic/Organic/food_scraps/iStock-1310811753.jpg,iStock-1310811753.jpg,Organic,a023a5ddd8e646d9,11539249042498668249
Organic/Organic/food_scraps/iStock-172481514.jpg,iStock-172481514.jpg,Organic,b10e4641f93f49d3,12758212043555686867
Organic/Organic/food_scraps/img_156025_foodwasteindex.jpg,img_156025_foodwasteindex.jpg,Organic,e848c7c7e631989b,16737847676496877723
Organic/Organic/food_scraps/img_156027_foodwasteindex2.jpg,img_156027_foodwasteindex2.jpg,Organic,fa5140eaecad5c94,18037269360332856468
Organic/Organic/food_scraps/innovationsustainabilitya-home-bin-turning-food-scraps-into-farm-feed.png,innovationsustainabilitya-home-bin-turning-food-scraps-into-farm-feed.png,Organic,c1b2fe8c989fc0d4,13957498074984071380
Organic/Organic/food_scraps/kisspng-drawing-tree-apple-clip-art-food-scraps-5b1a04b3888213.1340075715284317955592.jpg,kisspng-drawing-tree-apple-clip-art-food-scraps-5b1a04b3888213.1340075715284317955592.jpg,Organic,b32cd3c064cfd2e4,12910927055042892516
Organic/Organic/food_scraps/kitchen-waste.jpg,kitchen-waste.jpg,Organic,be31d0cec33cc934,13704964727522511156
Organic/Organic/food_scraps/l-intro-1644823869.jpg,l-intro-1644823869.jpg,Organic,d5d25403399e63ad,15407469648016204717
Organic/Organic/food_scraps/l-intro-1669916430.jpg,l-intro-1669916430.jpg,Organic,8477b0df5927dd00,9545292408555035904
Organic/Organic/food_scraps/maxresdefault.jpg,maxresdefault.jpg,Organic,87c3607cfd802c3f,9782768905524096063
Organic/Organic/food_scraps/maxresdefault2.jpg,maxresdefault2.jpg,Organic,eece278dd11a7091,17207734716281286801
Organic/Organic/food_scraps/maxresdefault3.jpg,maxresdefault3.jpg,Organic,bdaba7e160d29590,13667202080619795856
Organic/Organic/food_scraps/msYOpyieqtTMURt-800x450-noPad.jpg,msYOpyieqtTMURt-800x450-noPad.jpg,Organic,eb78d59ae50ed00a,16967546457362976778
Organic/Organic/food_scraps/np_file_233459.jpeg,np_file_233459.jpeg,Organic,86b27af98c3668c5,9705955359154661573
Organic/Organic/food_scraps/rbage-thrown-open-ground-food-waste-polythene-bags-dump-yard-scrap-228828546.jpg,rbage-thrown-open-ground-food-waste-polythene-bags-dump-yard-scrap-228828546.jpg,Organic,820939ebd98e6bb1,9370084184851114929
Organic/Organic/food_scraps/reusing-kitchen-scraps-FB.jpg,reusing-kitchen-scraps-FB.jpg,Organic,919467228d5b6b7c,10490122830150855548
Organic/Organic/food_scraps/rotten-7362269_1170x658.jpg,rotten-7362269_1170x658.jpg,Organic,c552e9041ff97349,14218683177487659849
Organic/Organic/food_scraps/shutterstock_1194695191-scaled.jpg,shutterstock_1194695191-scaled.jpg,Organic,e93684ca9369cf4c,16804765065171029836
Organic/Organic/food_scraps/shutterstock_344303585.jpeg,shutterstock_344303585.jpeg,Organic,bb3fc0c0c4c0c73f,13492714942792517439
Organic/Organic/food_scraps/shutterstock_649541308-1-16410171154x3.jpg,shutterstock_649541308-1-16410171154x3.jpg,Organic,9294b90cd96c536f,10562270490929156975
Organic/Organic/food_scraps/stock-photo-compost-pile-hill-of-kitchen-scraps-isolated-on-white-background-170960243.jpg,stock-photo-compost-pile-hill-of-kitchen-scraps-isolated-on-white-background-170960243.jpg,Organic,ebbbd08513cd18ac,16986399689539393708
Organic/Organic/food_scraps/stock-photo-organic-waste-food-and-home-waste-used-to-make-compost-619780853.jpg,stock-photo-organic-waste-food-and-home-waste-used-to-make-compost-619780853.jpg,Organic,e3e50cdc31b326aa,16421545756142544554
Organic/Organic/food_scraps/stock-photo-vegetable-food-scraps-1895608405.jpg,stock-photo-vegetable-food-scraps-1895608405.jpg,Organic,d8efc4cb63e21294,15631929209459446420
Organic/Organic/food_scraps/sustainability-waste-reducing-food-loss-article-header-fw.jpg,sustainability-waste-reducing-food-loss-article-header-fw.jpg,Organic,9f1e030b5c52a3f5,11465605048660304885
Organic/Organic/food_scraps/t-and-egg-waste-collected-in-a-bin-for-home-composting-and-gardening-2BTFMN4.jpg,t-and-egg-waste-collected-in-a-bin-for-home-composting-and-gardening-2BTFMN4.jpg,Organic,f4d481d14ba55d8e,17641868376234352014
Organic/Organic/food_scraps/tamil-nadu-india-february-15-2018-food-waste-2B14J71.jpg,tamil-nadu-india-february-15-2018-food-waste-2B14J71.jpg,Organic,b8ac4e9173cb2cb4,13307097385592892596
Organic/Organic/food_scraps/top-view-trash-cooking-concept_23-2149056484.jpg,top-view-trash-cooking-concept_23-2149056484.jpg,Organic,b1ce061f92a0db3d,12812184722589408061
Organic/Organic/food_scraps/top-view-trash-cooking-concept_23-2149056487.jpg,top-view-trash-cooking-concept_23-2149056487.jpg,Organic,d273a9e34704a5b5,15164651163900749237
Organic/Organic/food_scraps/trash-talk-5-food-scraps-you-should-not-be-throwing-away.1280x600.jpg,trash-talk-5-food-scraps-you-should-not-be-throwing-away.1280x600.jpg,Organic,e0d05ae35f2e498d,16199547792252619149
Organic/Organic/food_scraps/un-food-waste-2013-feature_1474021852.jpg,un-food-waste-2013-feature_1474021852.jpg,Organic,82fbc0dbecc9b4c0,9438349494888019136
Organic/Organic/food_scraps/unavoidable-waste.jpg,unavoidable-waste.jpg,Organic,fdb5c8829b3aa055,18281738725656010837
Organic/Organic/food_scraps/vegetable-scraps-1-768x587-1.jpg,vegetable-scraps-1-768x587-1.jpg,Organic,b1999e6449c3379c,12797433969721423772
Organic/Organic/food_scraps/wasted-food2.png,wasted-food2.png,Organic,d429629f6cd0e3d4,15287858846950810580
Organic/Organic/food_scraps/watermelon-rind-rinds-1296x728-header.jpg,watermelon-rind-rinds-1296x728-header.jpg,Organic,e98c9665646b6c96,16828991269797325974
Organic/Organic/food_scraps/zero-waste-26.jpg,zero-waste-26.jpg,Organic,d0f8d95c8e1ba2b1,15058024345657647793
Organic/Organic/kitchen_waste/0503070015-01-Kitchen-Waste-Compost.jpg,0503070015-01-Kitchen-Waste-Compost.jpg,Organic,955fa5181f0b4de8,10763503157457407464
Organic/Organic/kitchen_waste/1-s2.0-S2666833521000526-gr1.jpg,1-s2.0-S2666833521000526-gr1.jpg,Organic,fa0721a51f5a94e9,18016405827398309097
Organic/Organic/kitchen_waste/11062b_3e2f304708c04f77b4a2eb0de9a532e1mv2.jpg,11062b_3e2f304708c04f77b4a2eb0de9a532e1mv2.jpg,Organic,cce9507a6f1d3055,14765421340091297877
Organic/Organic/kitchen_waste/1200px-Trashed_vegetables_in_Luxembourg.jpeg,1200px-Trashed_vegetables_in_Luxembourg.jpeg,Organic,da6e3ee069702d1c,15739586881269017884
Organic/Organic/kitchen_waste/13399_2022_2473_Fig1_HTML.png,13399_2022_2473_Fig1_HTML.png,Organic,ebf2a896d1b48169,17001836908993872233
Organic/Organic/kitchen_waste/1595698103_herbs-in-pots-istock-456025839.gif,1595698103_herbs-in-pots-istock-456025839.gif,Organic,c2b622b333b96c66,14030439842181639270
Organic/Organic/kitchen_waste/1622878634889.png,1622878634889.png,Organic,b95eceb0146ce8a3,13357340800479717539
Organic/Organic/kitchen_waste/190726-compost-al-1416.jpg,190726-compost-al-1416.jpg,Organic,d44e495f2a67e560,15298245657306326368
Organic/Organic/kitchen_waste/3-Figure1-1.png,3-Figure1-1.png,Organic,a229a6061dedf85e,11685053253391611998
Organic/Organic/kitchen_waste/3-s2.0-B978012818353300016X-f16-01-9780128183533.jpg,3-s2.0-B978012818353300016X-f16-01-9780128183533.jpg,Organic,eab2e912b0ac9a4f,16911835817212418639
Organic/Organic/kitchen_waste/643178-1550857201.jpg,643178-1550857201.jpg,Organic,a11f0f869e9f0d61,11610015435245686113
Organic/Organic/kitchen_waste/768-Glad-C2A9-Salty-Dingo-2021-2846-Frame-1.png,768-Glad-C2A9-Salty-Dingo-2021-2846-Frame-1.png,Organic,f5a71b88c058aee3,17701147134559563491
Organic/Organic/kitchen_waste/78753608.jpg,78753608.jpg,Organic,cd719e46ed80e299,14803787477613077145
Organic/Organic/kitchen_waste/796520-The-9-Best-Plant-Based-Meal-Delivery-Services-1296x728-Header-f5d7d3.jpg,796520-The-9-Best-Plant-Based-Meal-Delivery-Services-1296x728-Header-f5d7d3.jpg,Organic,eac999b6b2959584,16918222485153224068
Organic/Organic/kitchen_waste/81OnCprqnuL._AC_UF10001000_QL80_.jpg,81OnCprqnuL._AC_UF10001000_QL80_.jpg,Organic,bec9c9b0b44f8968,13747741098301688168
Organic/Organic/kitchen_waste/81bpgkUi5qL._AC_UF8941000_QL80_.jpg,81bpgkUi5qL._AC_UF8941000_QL80_.jpg,Organic,bf1fd01bc474c4c2,13771955003200947394
Organic/Organic/kitchen_waste/87076af8a4cad8874f37b27d9c86b325.jpg,87076af8a4cad8874f37b27d9c86b325.jpg,Organic,be41c13d9c676638,13709451211053688376
Organic/Organic/kitchen_waste/91CyPH9P6NL._AC_UF10001000_QL80_.jpg,91CyPH9P6NL._AC_UF10001000_QL80_.jpg,Organic,a78e41f1f381dd30,12073660158455176496
Organic/Organic/kitchen_waste/9f869208aab05e7a_800x800ar.jpg,9f869208aab05e7a_800x800ar.jpg,Organic,ecf8bec6d482ca60,17075607748353378912
Organic/Organic/kitchen_waste/Articleheader_Dora.jpg,Articleheader_Dora.jpg,Organic,847d33a8e986baa5,9546843585660762789
Organic/Organic/kitchen_waste/Blue-Tribe-and-Myprotein-Join-Hands-for-Plant-Based-Breakfast-Recipes.jpg,Blue-Tribe-and-Myprotein-Join-Hands-for-Plant-Based-Breakfast-Recipes.jpg,Organic,cea5b093805ff8d2,14890501890530867410
Organic/Organic/kitchen_waste/COMPOSTING-gif.gif,COMPOSTING-gif.gif,Organic,92e44fd26bc91ba4,10584672789397576612
Organic/Organic/kitchen_waste/Comparison-of-the-food-waste-estimated-using-the-MFA-approach-for-different-food-groups.png,Comparison-of-the-food-waste-estimated-using-the-MFA-approach-for-different-food-groups.png,Organic,e61230d0f92f2c3f,16578366852396166207
Organic/Organic/kitchen_waste/D9CA7F37-D4DB-4B38-B024-B08AC53C49DC_623963a3e690a.jpg,D9CA7F37-D4DB-4B38-B024-B08AC53C49DC_623963a3e690a.jpg,Organic,a1db947ecb781864,11663078932306466916
Organic/Organic/kitchen_waste/DemHuJ-W0AAARkM.jpg,DemHuJ-W0AAARkM.jpg,Organic,da21444a57752bfa,15717919260585307130
Organic/Organic/kitchen_waste/DuPont-s-clean-label-food-waste-innovation-for-plant-based-products.jpg,DuPont-s-clean-label-food-waste-innovation-for-plant-based-products.jpg,Organic,efd102ee916a07f0,17280596468862420976
Organic/Organic/kitchen_waste/Eco_friendly_bulk_food_shopping_bags_940x.jpg,Eco_friendly_bulk_food_shopping_bags_940x.jpg,Organic,9cd46c524f6ee0e1,11300776465755201761
Organic/Organic/kitchen_waste/Feat_Image-Kitchen_garden_1024x1024.jpg,Feat_Image-Kitchen_garden_1024x1024.jpg,Organic,a1bc9e62714e6ca6,11654364081372949670
Organic/Organic/kitchen_waste/Food-Waste-Management--scaled.jpg,Food-Waste-Management--scaled.jpg,Organic,c5822a7b913e3ed2,14231984482650308306
Organic/Organic/kitchen_waste/Food-Waste-based-Bio-gas-Plant-1.png,Food-Waste-based-Bio-gas-Plant-1.png,Organic,d4299f8fe8a0b02f,15287925850517844015
Organic/Organic/kitchen_waste/Food20Waste.jpg,Food20Waste.jpg,Organic,d0873fd88ee1883e,15026048881087580222
Organic/Organic/kitchen_waste/FoodWasteComposting_800x800_01.png,FoodWasteComposting_800x800_01.png,Organic,fb15d01b8f2d8d06,18092595894815657222
Organic/Organic/kitchen_waste/Health-benefits-of-plant-based-diet.jpg,Health-benefits-of-plant-based-diet.jpg,Organic,de3f37a9c0548887,16014580002168539271
Organic/Organic/kitchen_waste/IF1902feature.jpg,IF1902feature.jpg,Organic,c88fbf38be4ca142,14451979979686977858
Organic/Organic/kitchen_waste/IMG_2699.jpg,IMG_2699.jpg,Organic,e0ad9fca34168679,16189771926272902777
Organic/Organic/kitchen_waste/ImageForArticle_1068_15838554769721277.png,ImageForArticle_1068_15838554769721277.png,Organic,94b47d9e7d49a109,10715327533081534729
Organic/Organic/kitchen_waste/New_Food_Diagram_Image3130.jpg,New_Food_Diagram_Image3130.jpg,Organic,e36ccc87c872b692,16387698027650004626
Organic/Organic/kitchen_waste/PepsiCo-India-pilots-plant-based-packaging-to-address-plastic-waste.jpg,PepsiCo-India-pilots-plant-based-packaging-to-address-plastic-waste.jpg,Organic,b9c2b6645d47289d,13385461584676464797
Organic/Organic/kitchen_waste/Pic2-7.jpg,Pic2-7.jpg,Organic,86da79a58e6b091e,9717212897971210526
Organic/Organic/kitchen_waste/Plant-based-functional-food-ingredients-scrutinised-in-Pro-Enrich-project.jpg,Plant-based-functional-food-ingredients-scrutinised-in-Pro-Enrich-project.jpg,Organic,a7b00f59fc8408fe,12083174679398058238
Organic/Organic/kitchen_waste/Plant-based-nuggets-1024x536.jpg,Plant-based-nuggets-1024x536.jpg,Organic,c2a599a64ecbb42d,14025785554080871469
Organic/Organic/kitchen_waste/Screen_Shot_2022-11-07_at_11.19.24_PM_480x480.png,Screen_Shot_2022-11-07_at_11.19.24_PM_480x480.png,Organic,84ef7d926e4640e6,9579013000309129446
Organic/Organic/kitchen_waste/Start-up-upcycles-liquid-food-waste-into-plant-based-cheese.jpg,Start-up-upcycles-liquid-food-waste-into-plant-based-cheese.jpg,Organic,c8a78f7c88c6bda0,14458682893729709472
Organic/Organic/kitchen_waste/Untitled-design-5-2-770x433.jpg,Untitled-design-5-2-770x433.jpg,Organic,c7e2b2b630d5b0d4,14403271053857370324
Organic/Organic/kitchen_waste/YMXAVDT77NLGDJWI7GD4ZTHA6E.jpg,YMXAVDT77NLGDJWI7GD4ZTHA6E.jpg,Organic,92d5e5c94c9a58bc,10580615552313219260
Organic/Organic/kitchen_waste/Zero-Waste-Dishes_825_432_int.png,Zero-Waste-Dishes_825_432_int.png,Organic,eb95e2d1e422d865,16975723761546483813
Organic/Organic/kitchen_waste/anina-green-queen.jpg,anina-green-queen.jpg,Organic,9aeb20e63c9e33c8,11163052274599474120
Organic/Organic/kitchen_waste/archives-ewaste-one_one.jpg,archives-ewaste-one_one.jpg,Organic,857b1632b8aff112,9618305836282540306
Organic/Organic/kitchen_waste/bddbe14e-8b47-4719-914b-e0a4a0eb3c71_22028229.jpg,bddbe14e-8b47-4719-914b-e0a4a0eb3c71_22028229.jpg,Organic,c014286b6f3dbcce,13840731996709305550
Organic/Organic/kitchen_waste/caec53fd447ffe42bd17749e343aaf51.jpg,caec53fd447ffe42bd17749e343aaf51.jpg,Organic,e2675ba50aac6956,16314108939579713878
Organic/Organic/kitchen_waste/chennai-3bin-set-up-home-compost-PADMAJAJ-Jul-2022.jpeg,chennai-3bin-set-up-home-compost-PADMAJAJ-Jul-2022.jpeg,Organic,9d56d668c0e27bc1,11337484857352813505
Organic/Organic/kitchen_waste/chennai-geetha-home-compost-ready-PADMAJAJ-Jul-2022.jpeg,chennai-geetha-home-compost-ready-PADMAJAJ-Jul-2022.jpeg,Organic,9398c86c53d1b1b7,10635470887623700919
Organic/Organic/kitchen_waste/chennai-geetha-terrace-garden-PADMAJAJ-Jul-2022.jpeg,chennai-geetha-terrace-garden-PADMAJAJ-Jul-2022.jpeg,Organic,ff17c07ccb68640a,18381372046357062666
Organic/Organic/kitchen_waste/compost-food-waste-1200x628-facebook.jpg,compost-food-waste-1200x628-facebook.jpg,Organic,ddc9831d1c1663d9,15981448913749435353
Organic/Organic/kitchen_waste/compost-food-waste-732x549-thumbnail.jpg,compost-food-waste-732x549-thumbnail.jpg,Organic,c8c0923f1f717d8c,14465722802922159500
Organic/Organic/kitchen_waste/compost-food-waste.jpg,compost-food-waste.jpg,Organic,fed084a7254b728e,18361321534209618574
Organic/Organic/kitchen_waste/composting-kitchen-waste.jpg,composting-kitchen-waste.jpg,Organic,96259ac667e99926,10819223856765049126
Organic/Organic/kitchen_waste/contaminated-plastic-food-packaging.jpg,contaminated-plastic-food-packaging.jpg,Organic,acb21664313bfa39,12444033339956656697
Organic/Organic/kitchen_waste/d-prepared-with-tomatoes-cucumber-paper-bowl-zero-waste-dishware_118631-3969.jpg,d-prepared-with-tomatoes-cucumber-paper-bowl-zero-waste-dishware_118631-3969.jpg,Organic,af80d67cc179c097,12646343584966623383
Organic/Organic/kitchen_waste/dfh17may072-2-shutterstock_277774175.jpg,dfh17may072-2-shutterstock_277774175.jpg,Organic,e4732a719d622cc7,16461547730429422791
Organic/Organic/kitchen_waste/environmental-impacts-of-a-year-of-wasted-food_0.png,environmental-impacts-of-a-year-of-wasted-food_0.png,Organic,da0571e8078f7cf0,15710088116525038832
Organic/Organic/kitchen_waste/food-waste-shutterstock.jpg,food-waste-shutterstock.jpg,Organic,e387ef713996028a,16395336238042055306
Organic/Organic/kitchen_waste/food-webinar-1-1024x558.jpeg,food-webinar-1-1024x558.jpeg,Organic,94ab6a9d6f043cc6,10712773363035815110
Organic/Organic/kitchen_waste/food_waste_750.jpg,food_waste_750.jpg,Organic,c64063d4f66f7087,14285527784337928327
Organic/Organic/kitchen_waste/foodwaste-683x1024.jpg,foodwaste-683x1024.jpg,Organic,bace8cb9b20d1783,13460851065441032067
Organic/Organic/kitchen_waste/foodwaste_custom-419d4cfb36e0fc8ed48fe293b8c1d2bb6aba670d.jpg,foodwaste_custom-419d4cfb36e0fc8ed48fe293b8c1d2bb6aba670d.jpg,Organic,e87e85688fa46e92,16752974347997834898
Organic/Organic/kitchen_waste/garbage-crisis-swachh-india.jpg,garbage-crisis-swachh-india.jpg,Organic,e1d99386cc2f8965,16274200935640566117
Organic/Organic/kitchen_waste/garbage-hero.png,garbage-hero.png,Organic,e69b99649b24ce32,16617043907492236850
Organic/Organic/kitchen_waste/growing-your-own-herbs.jpg,growing-your-own-herbs.jpg,Organic,f1e298e68613d935,17429661623736588597
Organic/Organic/kitchen_waste/healthy-food-eating-groceries-1200x628-facebook.jpg,healthy-food-eating-groceries-1200x628-facebook.jpg,Organic,d3b32666b66049ce,15254578585422285262
Organic/Organic/kitchen_waste/home-composting-of-kitchen-waste.jpg,home-composting-of-kitchen-waste.jpg,Organic,e8df415ab5a47348,16780202594456073032
Organic/Organic/kitchen_waste/how-to-compost-at-home.jpg,how-to-compost-at-home.jpg,Organic,9ac2ee795b2c1b12,11151737832310840082
Organic/Organic/kitchen_waste/hq720.jpg,hq720.jpg,Organic,ce6434a6c13c3a7d,14872069760295385725
Organic/Organic/kitchen_waste/iStock-1179964582.jpg,iStock-1179964582.jpg,Organic,84a63afd2d5653d0,9558392118202225616
Organic/Organic/kitchen_waste/img_5e753bd9d6549-1.jpg,img_5e753bd9d6549-1.jpg,Organic,f19361f8794a9583,17407364704531813763
Organic/Organic/kitchen_waste/intro-1644823869.jpg,intro-1644823869.jpg,Organic,d5d25403399e63ad,15407469648016204717
Organic/Organic/kitchen_waste/jf1c07104_0002.gif,jf1c07104_0002.gif,Organic,870ff0f88c70ec71,9732262270069697649
Organic/Organic/kitchen_waste/johnny-mcclung-702726-unsplash.jpg,johnny-mcclung-702726-unsplash.jpg,Organic,c1cc8eca3927736c,13964693543762490220
Organic/Organic/kitchen_waste/jovitaaranha_bluru_cooking_gas_from_waste.jpg,jovitaaranha_bluru_cooking_gas_from_waste.jpg,Organic,ae4fcd8339381d54,12560483849243991380
Organic/Organic/kitchen_waste/kitchen-compost.jpg,kitchen-compost.jpg,Organic,bf86cee1db93800c,13800945577570304012
Organic/Organic/kitchen_waste/large-6wJiZ2axa3SGf0D7REkk.jpg,large-6wJiZ2axa3SGf0D7REkk.jpg,Organic,8c6ae329117dc5dc,10118149278367860188
Organic/Organic/kitchen_waste/making-organic-fertilizer-from-kitchen-waste-and-vegetable-waste-2C8427C.jpg,making-organic-fertilizer-from-kitchen-waste-and-vegetable-waste-2C8427C.jpg,Organic,be8e60e45bb216c3,13731018847806428867
Organic/Organic/kitchen_waste/maxresdefault.jpg,maxresdefault.jpg,Organic,f3a78473e068dc70,17557147305548242032
Organic/Organic/kitchen_waste/maxresdefault2.jpg,maxresdefault2.jpg,Organic,c684adcba39ed2c2,14304749406570599106
Organic/Organic/kitchen_waste/maxresdefault3.jpg,maxresdefault3.jpg,Organic,9b4ae63500ef15f2,11190009339478742514
Organic/Organic/kitchen_waste/maxresdefault4.jpg,maxresdefault4.jpg,Organic,baeaa5b24c993e21,13468759820812762657
Organic/Organic/kitchen_waste/maxresdefault5.jpg,maxresdefault5.jpg,Organic,91a1069b6f9e390f,10493675871412304143
Organic/Organic/kitchen_waste/organic-garden-fertilizer-biodegradable-kitchen-waste-composting-food-leftovers-banner-2FN46K6.jpg,organic-garden-fertilizer-biodegradable-kitchen-waste-composting-food-leftovers-banner-2FN46K6.jpg,Organic,c4c83de73e8619b1,14179651490171722161
Organic/Organic/kitchen_waste/p084qtwc.jpg,p084qtwc.jpg,Organic,a36cbc4343639db1,11775994122746437041
Organic/Organic/kitchen_waste/p0dq9blh.jpg,p0dq9blh.jpg,Organic,928c8ca3765a1fa7,10559969859970146215
Organic/Organic/kitchen_waste/p0dq9c0j.jpg,p0dq9c0j.jpg,Organic,de3eb24494eca18d,16014433332602118541
Organic/Organic/kitchen_waste/pests-to-pets-the-future-of-food-and-feed-may-depend-on-insects.jpg,pests-to-pets-the-future-of-food-and-feed-may-depend-on-insects.jpg,Organic,b726361f029dcf48,13197295264871599944
Organic/Organic/kitchen_waste/pit-composting-kitchen-scraps.jpg,pit-composting-kitchen-scraps.jpg,Organic,96952b8ea5a17a36,10850626768883251766
Organic/Organic/kitchen_waste/plantbased-ingredient.jpeg,plantbased-ingredient.jpeg,Organic,98361b13efc962d8,10967983714948702936
Organic/Organic/kitchen_waste/ro-waste-packaging-fresh-raw-food-seasonal-vegetables-home-kitchen-176733986.jpg,ro-waste-packaging-fresh-raw-food-seasonal-vegetables-home-kitchen-176733986.jpg,Organic,e75904a70be071f6,16670360611193909750
Organic/Organic/kitchen_waste/ro-waste-packaging-fresh-raw-food-seasonal-vegetables-home-kitchen-176734460.jpg,ro-waste-packaging-fresh-raw-food-seasonal-vegetables-home-kitchen-176734460.jpg,Organic,fa931cd8e4e0899b,18055807048936884635
Organic/Organic/kitchen_waste/scandinavian-kitchen.jpg,scandinavian-kitchen.jpg,Organic,97548cf9c0a7709e,10904495602077757598
Organic/Organic/kitchen_waste/science-stories-27b.png,science-stories-27b.png,Organic,bf3ad233f838d0c0,13779557130543091904
Organic/Organic/kitchen_waste/shutterstock_1140138707.png,shutterstock_1140138707.png,Organic,873b65abcf10b84c,9744494007333992524
Organic/Organic/kitchen_waste/shutterstock_574145911-2.png,shutterstock_574145911-2.png,Organic,db27496522083fdd,15791671317109424093
Organic/Organic/kitchen_waste/sustainability-12-01976-g001.png,sustainability-12-01976-g001.png,Organic,9f81c07e3e8f6360,11493679372474213216
Organic/Organic/kitchen_waste/sustainability-waste-reducing-food-loss-article-header-fw.jpg,sustainability-waste-reducing-food-loss-article-header-fw.jpg,Organic,9f1e030b5c52a3f5,11465605048660304885
Organic/Organic/kitchen_waste/te-Vegan-Meal-Plan-Digital-Recipe-Book-Plant-based-recipes-zero-waste-living.png,te-Vegan-Meal-Plan-Digital-Recipe-Book-Plant-based-recipes-zero-waste-living.png,Organic,af87cef013138f09,12648305609000849161
Organic/Organic/kitchen_waste/vegan-plant-based-news-food-waste-livekindly.jpeg,vegan-plant-based-news-food-waste-livekindly.jpeg,Organic,c622f4e419f5d326,14277243029243155238
Organic/Organic/kitchen_waste/vegan-plant-based-protein-food-waste-solution-header.png,vegan-plant-based-protein-food-waste-solution-header.png,Organic,e1cc9c3293f34c6c,16270551294827252844
Organic/Organic/kitchen_waste/vegan20books20indybest20copy.jpg,vegan20books20indybest20copy.jpg,Organic,e4ce10b720d98ef9,16487133664566152953
Organic/Organic/kitchen_waste/vegetable-waste-infographics.jpg,vegetable-waste-infographics.jpg,Organic,ea2f4a24da959cd8,16874787850927054040
Organic/Organic/kitchen_waste/vermicomposting-1536x1028-1.jpg,vermicomposting-1536x1028-1.jpg,Organic,9bc6a211e4b7e5d0,11224837319002940880
Organic/Organic/kitchen_waste/vg2c00050_0006.jpeg,vg2c00050_0006.jpeg,Organic,b10c8da9e6725cdc,12757727605289016540
Organic/Organic/kitchen_waste/waste-machine-759.jpg,waste-machine-759.jpg,Organic,f40a79374d199993,17585000973445208467
Organic/Organic/kitchen_waste/waste-segregation.jpg,waste-segregation.jpg,Organic,9b5e1265e433649d,11195405952519201949
Organic/Organic/kitchen_waste/waste20ryc.png,waste20ryc.png,Organic,e8de43deac616458,16779923885282911320
Organic/Organic/kitchen_waste/which-diet-least-food-waste-lead-image.jpg,which-diet-least-food-waste-lead-image.jpg,Organic,a9770399d3e313d0,12211232873858143184
Organic/Organic/yard_trimmings/1651988918799_a-gardener-collecting-garden-waste.jpg,1651988918799_a-gardener-collecting-garden-waste.jpg,Organic,fd4cf1f8443832c5,18252229438424494789
Organic/Organic/yard_trimmings/20a.jpg,20a.jpg,Organic,ffa085bdd8646b80,18419869526371101568
Organic/Organic/yard_trimmings/21234793-standard.jpg,21234793-standard.jpg,Organic,a2ee9f2fca06070e,11740496306203133710
Organic/Organic/yard_trimmings/5ef29252e080f.image.jpg,5ef29252e080f.image.jpg,Organic,ce12fa2c4a53f34a,14849205989526467402
Organic/Organic/yard_trimmings/633feb24edb9f162ad4fae10-leaf-bag-garden-lawn-yard-waste-grass.jpg,633feb24edb9f162ad4fae10-leaf-bag-garden-lawn-yard-waste-grass.jpg,Organic,ffc0e89fa03ba092,18428985447485776018
Organic/Organic/yard_trimmings/6397f71debd6337c8620d1f6-30-gallon-kraft-lawn-and-leaf-bags-10.jpg,6397f71debd6337c8620d1f6-30-gallon-kraft-lawn-and-leaf-bags-10.jpg,Organic,a8c6f10795add354,12161672858638865236
Organic/Organic/yard_trimmings/81N-ONuWifL._AC_UF10001000_QL80_.jpg,81N-ONuWifL._AC_UF10001000_QL80_.jpg,Organic,bf2fd234847ad290,13776460908152410768
Organic/Organic/yard_trimmings/81Qdib204pL._AC_UF8941000_QL80_.jpg,81Qdib204pL._AC_UF8941000_QL80_.jpg,Organic,ebcdc9f0967a5401,16991459004292682753
Organic/Organic/yard_trimmings/82eaad00-a41b-4dd1-b948-b5b096341d04-012489.jpg,82eaad00-a41b-4dd1-b948-b5b096341d04-012489.jpg,Organic,b693db4e69186629,13156100066296489513
Organic/Organic/yard_trimmings/A1IUzTG2TJL._AC_UF8941000_QL80_.jpg,A1IUzTG2TJL._AC_UF8941000_QL80_.jpg,Organic,af58e15ae16ac0e9,12635096535033102569
Organic/Organic/yard_trimmings/AdobeStock_316707406_adobespark-1024x623.jpeg,AdobeStock_316707406_adobespark-1024x623.jpeg,Organic,eafa0323ee268569,16931849201907041641
Organic/Organic/yard_trimmings/Banner_YardWaste.jpg,Banner_YardWaste.jpg,Organic,864ee5f1931b70e2,9677925474983702754
Organic/Organic/yard_trimmings/Bring-yard-waste-containr-to-curb2-scaled.jpeg,Bring-yard-waste-containr-to-curb2-scaled.jpeg,Organic,ba24693f9d50c768,13412961312159352680
Organic/Organic/yard_trimmings/Can-You-Put-Yard-Waste-In-Trash.jpg,Can-You-Put-Yard-Waste-In-Trash.jpg,Organic,bf3fc0c02db49456,13780945316410070102
Organic/Organic/yard_trimmings/Carson-City-Green-Waste-Composting-Yes-and-No-Materials.png,Carson-City-Green-Waste-Composting-Yes-and-No-Materials.png,Organic,af9707ad01d629f0,12652590117762247152
Organic/Organic/yard_trimmings/Compost-bin.shutterstock_156179246.jpg,Compost-bin.shutterstock_156179246.jpg,Organic,abc27dbd94d0e092,12376592979166552210
Organic/Organic/yard_trimmings/Composted-Mixed-Yard-Waste-Organic-Garden-Mulch.jpg,Composted-Mixed-Yard-Waste-Organic-Garden-Mulch.jpg,Organic,a0cc67cdbd652664,11586750074660922980
Organic/Organic/yard_trimmings/Dispose-of-Yard-Waste.jpg,Dispose-of-Yard-Waste.jpg,Organic,b1f14ece03cf4c38,12822116260834659384
Organic/Organic/yard_trimmings/Dont-trash-natural-areas-2.png,Dont-trash-natural-areas-2.png,Organic,94b4cb4b6cc06bc7,10715412938228788167
Organic/Organic/yard_trimmings/FI-58.jpg.webp,FI-58.jpg.webp,Organic,9c7827265b5f214e,11274804712817238350
Organic/Organic/yard_trimmings/FUF5hW_XsAAriOa.jpg,FUF5hW_XsAAriOa.jpg,Organic,b39cc864b76394c9,12942439764055004361
Organic/Organic/yard_trimmings/Grass-clippings.jpg,Grass-clippings.jpg,Organic,9e78257da5478a46,11418918076771961414
Organic/Organic/yard_trimmings/Grasscycling_545px5B35D.jpg,Grasscycling_545px5B35D.jpg,Organic,96bc9fe8184836f8,10861732220499408632
Organic/Organic/yard_trimmings/How-To-Dispose-of-Yard-Waste-6.jpg,How-To-Dispose-of-Yard-Waste-6.jpg,Organic,899191d99bbaa935,9912864618625804597
Organic/Organic/yard_trimmings/How-To-Dispose-of-Yard-Waste-9.jpg,How-To-Dispose-of-Yard-Waste-9.jpg,Organic,af3750c080fdd547,12625648868084536647
Organic/Organic/yard_trimmings/IMG_4398.jpg,IMG_4398.jpg,Organic,f71aee19c0398571,17805805871129265521
Organic/Organic/yard_trimmings/Kraft-Paper-Lawn-and-Leaf-Bag-Collect-Leaves-and-Yard-Waste.webp,Kraft-Paper-Lawn-and-Leaf-Bag-Collect-Leaves-and-Yard-Waste.webp,Organic,c0fa92ec3db493c4,13905588342805009348
Organic/Organic/yard_trimmings/LYWSmall.jpg,LYWSmall.jpg,Organic,f53b2c34a9f2d940,17670766167619459392
Organic/Organic/yard_trimmings/Lawn-Trimming-Edging-Differneces.jpg,Lawn-Trimming-Edging-Differneces.jpg,Organic,e91b46331beee1c0,16797096420534313408
Organic/Organic/yard_trimmings/Leaf-Bags.jpg,Leaf-Bags.jpg,Organic,c312ee0cea88d37e,14056559126218593150
Organic/Organic/yard_trimmings/Leaf-pile-2-e1509567633308.jpg,Leaf-pile-2-e1509567633308.jpg,Organic,dee5898ee6b990c0,16061394892936024256
Organic/Organic/yard_trimmings/MMRecycleYardLeavesAsMulch900x450min.jpg,MMRecycleYardLeavesAsMulch900x450min.jpg,Organic,ff00ff00ff00c0f6,18374966859414946038
Organic/Organic/yard_trimmings/MMRecycleYardWattleFence900x450min.jpg,MMRecycleYardWattleFence900x450min.jpg,Organic,f700ff81ce48a4b6,17798506660344931510
Organic/Organic/yard_trimmings/No20YW20in20Plastic20Postcard.png,No20YW20in20Plastic20Postcard.png,Organic,d16226767a597968,15087663991945263464
Organic/Organic/yard_trimmings/Ryan-and-Model-at-compost-b.jpg,Ryan-and-Model-at-compost-b.jpg,Organic,afd3f743f0288858,12669742047887394904
Organic/Organic/yard_trimmings/STORM-DRAIN_WOMAN-SWEEPING.jpg,STORM-DRAIN_WOMAN-SWEEPING.jpg,Organic,be03150e393f2e6a,13691810442970607210
Organic/Organic/yard_trimmings/Trimming-hedges-AdobeStock_70569449-600x399.jpg,Trimming-hedges-AdobeStock_70569449-600x399.jpg,Organic,9fc70601d1bc3d87,11513177577279470983
Organic/Organic/yard_trimmings/Urban-plants-yard-waste.jpg,Urban-plants-yard-waste.jpg,Organic,df20f15fc07961c2,16078116063266038210
Organic/Organic/yard_trimmings/Yard-Waste-101.jpg,Yard-Waste-101.jpg,Organic,9bcd443cb4b096e3,11226704473624712931
Organic/Organic/yard_trimmings/Yard-Waste-GettyImages-171242694.jpg,Yard-Waste-GettyImages-171242694.jpg,Organic,cd8599aa6c3d9332,14809411906917208882
Organic/Organic/yard_trimmings/Yard-waste-1024x532.png,Yard-waste-1024x532.png,Organic,ca8c9da8b5324de6,14595213840320974310
Organic/Organic/yard_trimmings/Yard20Waste202.jpg,Yard20Waste202.jpg,Organic,d2aecd0ab235bca4,15181296839735753892
Organic/Organic/yard_trimmings/YardWaste.JPG.jpg,YardWaste.JPG.jpg,Organic,a12487f2f8c653d9,11611555216893563865
Organic/Organic/yard_trimmings/YardWasteHeaderImage.jpg,YardWasteHeaderImage.jpg,Organic,89a5f535c3c0be92,9918603365619646098
Organic/Organic/yard_trimmings/Yard_Waste_1.jpg,Yard_Waste_1.jpg,Organic,86bdfeb692c8b0c0,9709196431780786368
Organic/Organic/yard_trimmings/Yard_Waste_Collection_begins_2022_1200x1200_0.jpg,Yard_Waste_Collection_begins_2022_1200x1200_0.jpg,Organic,c5c52e4a4e94b4be,14250847492564628670
Organic/Organic/yard_trimmings/Yard_and_garden_waste.JPG.jpg,Yard_and_garden_waste.JPG.jpg,Organic,d623a1bfd44e6521,15430354593574184225
Organic/Organic/yard_trimmings/Yardwaste-Recycling-1024x683.jpg,Yardwaste-Recycling-1024x683.jpg,Organic,f86265f41c1c936d,17897979968241832813
Organic/Organic/yard_trimmings/accectable-bags.webp,accectable-bags.webp,Organic,9bcd443cb4b096e3,11226704473624712931
Organic/Organic/yard_trimmings/adding_leaves_to_compost_bin.jpg,adding_leaves_to_compost_bin.jpg,Organic,b56847394617e639,13071776229757543993
Organic/Organic/yard_trimmings/adult-male-hand-holding-compost-consisting-household-waste-dry-leaves-grass-clippings-224470893.jpg,adult-male-hand-holding-compost-consisting-household-waste-dry-leaves-grass-clippings-224470893.jpg,Organic,ce39b48e33c078e3,14860106968332269795
Organic/Organic/yard_trimmings/bag-of-leaves.jpg,bag-of-leaves.jpg,Organic,897637717a3168d4,9905165390968875220
Organic/Organic/yard_trimmings/bmw1dcc842511.jpg,bmw1dcc842511.jpg,Organic,f89f43605c9d91d4,17915111923852874196
Organic/Organic/yard_trimmings/compost-yard-waste-featured.jpg,compost-yard-waste-featured.jpg,Organic,ecd45a89e98b1aca,17065364436388879050
Organic/Organic/yard_trimmings/compostPile_lg.jpg,compostPile_lg.jpg,Organic,ffd9f87179001702,18436039715862877954
Organic/Organic/yard_trimmings/composting-grass-clippings.jpg,composting-grass-clippings.jpg,Organic,8b0b2c713671f25e,10019150660772164190
Organic/Organic/yard_trimmings/composting-yard-waste.jpg,composting-yard-waste.jpg,Organic,eee5d00819b9b98b,17214393883903506827
Organic/Organic/yard_trimmings/curb-it-recycling-st-johns-newfoundland-yard-waste.jpg,curb-it-recycling-st-johns-newfoundland-yard-waste.jpg,Organic,b8434638d1b5cece,13277533336268820174
Organic/Organic/yard_trimmings/depositphotos_24939463-stock-photo-garden-waste-recycling-ii.jpg,depositphotos_24939463-stock-photo-garden-waste-recycling-ii.jpg,Organic,e01e1d9c7399463b,16149377871588705851
Organic/Organic/yard_trimmings/depositphotos_29706517-stock-photo-garden-work.jpg,depositphotos_29706517-stock-photo-garden-work.jpg,Organic,98531a39f7ecc14a,10976145553106977098
Organic/Organic/yard_trimmings/depositphotos_66088493-stock-photo-garbage-bags-on-green-yard.jpg,depositphotos_66088493-stock-photo-garbage-bags-on-green-yard.jpg,Organic,f4d1593c980ec975,17640979332170959221
Organic/Organic/yard_trimmings/dsc_0103.jpg,dsc_0103.jpg,Organic,f981be6ec163134c,17978860570339906380
Organic/Organic/yard_trimmings/ed-manicured-shaped-pruning-flooring-woody-plant-landscape-architect-1135582.jpg,ed-manicured-shaped-pruning-flooring-woody-plant-landscape-architect-1135582.jpg,Organic,bf586325a6e6c81c,13787879272559855644
Organic/Organic/yard_trimmings/excessive-lawn-clippings.JPG.jpg,excessive-lawn-clippings.JPG.jpg,Organic,81ce112f3651bccf,9353432370567560399
Organic/Organic/yard_trimmings/garden-clearance-3.jpg,garden-clearance-3.jpg,Organic,a9f2d013303e7e69,12246079117606157929
Organic/Organic/yard_trimmings/garden-waste-Biogreen-640w.jpg,garden-waste-Biogreen-640w.jpg,Organic,ad1215fb70c2c78d,12471054487815112589
Organic/Organic/yard_trimmings/garden-worker-trimming-trees-with-scissors-yard_732190-2409.jpg,garden-worker-trimming-trees-with-scissors-yard_732190-2409.jpg,Organic,a347b7ac5a34cc32,11765574502404377650
Organic/Organic/yard_trimmings/garden-worker-trimming-trees-with-scissors-yard_732190-2412.jpg,garden-worker-trimming-trees-with-scissors-yard_732190-2412.jpg,Organic,f50d1d349a62f067,17657801825755263079
Organic/Organic/yard_trimmings/garden-worker-trimming-trees-with-scissors-yard_732190-2450.jpg,garden-worker-trimming-trees-with-scissors-yard_732190-2450.jpg,Organic,a5c2181ec7e1b78d,11944135682221520781
Organic/Organic/yard_trimmings/garden-yard-waste-garden-yard-waste-illustration-108766665.jpg,garden-yard-waste-garden-yard-waste-illustration-108766665.jpg,Organic,babec587c0c04fc9,13456409923474706377
Organic/Organic/yard_trimmings/ghows-OH-87fd5305-18d9-4f81-8846-5a19428471c8-76bdaf05.jpeg,ghows-OH-87fd5305-18d9-4f81-8846-5a19428471c8-76bdaf05.jpeg,Organic,b22a8d35b27509fc,12838228949539817980
Organic/Organic/yard_trimmings/grass-clippings-as-mulch_featured.jpg,grass-clippings-as-mulch_featured.jpg,Organic,c2f292b589f39b90,14047451496123177872
Organic/Organic/yard_trimmings/grass-clippings.jpg.webp,grass-clippings.jpg.webp,Organic,8901967ef9a16733,9872337330270988083
Organic/Organic/yard_trimmings/grass-clippings_0.jpg,grass-clippings_0.jpg,Organic,d19fca061d38b26d,15105013802832802413
Organic/Organic/yard_trimmings/grass-mulch.jpg,grass-mulch.jpg,Organic,bdc0d187e03f0dc5,13673158850209844677
Organic/Organic/yard_trimmings/grass_mowing722x550-1.jpg,grass_mowing722x550-1.jpg,Organic,d4606e6ab54acb36,15303352938392111926
Organic/Organic/yard_trimmings/how-to-use-grass-clippings.jpg,how-to-use-grass-clippings.jpg,Organic,b0c14f3e6825c773,12736548350634346355
Organic/Organic/yard_trimmings/iStock-leaves-rack-fall-sized.jpg,iStock-leaves-rack-fall-sized.jpg,Organic,abffd5000242dfa9,12393858895561547689
Organic/Organic/yard_trimmings/image-asset.jpeg,image-asset.jpeg,Organic,cf0a8a7bbad49183,14918888979638292867
Organic/Organic/yard_trimmings/in-gardens-and-squares-full-recirculation-of-mother-natures-products-2R1E55N.jpg,in-gardens-and-squares-full-recirculation-of-mother-natures-products-2R1E55N.jpg,Organic,c3257c9e59c217e2,14061782431086811106
Organic/Organic/yard_trimmings/kid-working-hard-in-her-front-yard-spreading-grass-seed-while-her_t20_WgVx4m.jpg,kid-working-hard-in-her-front-yard-spreading-grass-seed-while-her_t20_WgVx4m.jpg,Organic,c1edbf0b0852f0f4,13974035272905715956
Organic/Organic/yard_trimmings/landscape1.jpg,landscape1.jpg,Organic,90b593c64aede496,10427402992116163734
Organic/Organic/yard_trimmings/lawn-clippings-.jpg,lawn-clippings-.jpg,Organic,b163e33945c39cc6,12782310002530688198
Organic/Organic/yard_trimmings/lawn-clippings-mulch.jpg,lawn-clippings-mulch.jpg,Organic,85aa0aa3d6dc3979,9631522451885930873
Organic/Organic/yard_trimmings/lawn-mower-grass-yard-trimmings---getty-images.jpg,lawn-mower-grass-yard-trimmings---getty-images.jpg,Organic,8d9b9db4324b487a,10203922778001459322
Organic/Organic/yard_trimmings/lawn-mower-green-grass.jpg,lawn-mower-green-grass.jpg,Organic,8e787107f79c8591,10266079629623985553
Organic/Organic/yard_trimmings/leaf-yard-waste.jpg,leaf-yard-waste.jpg,Organic,fbd5ac041b7b808e,18146599407200206990
Organic/Organic/yard_trimmings/leaves-branches-clippings-and-yard-waste-in-clear-bags-and-blue-barrels-BAJ6R7.jpg,leaves-branches-clippings-and-yard-waste-in-clear-bags-and-blue-barrels-BAJ6R7.jpg,Organic,bc8b63921ba431bd,13586062180073353661
Organic/Organic/yard_trimmings/maxresdefault.jpg,maxresdefault.jpg,Organic,f5cb4ae5a3cec084,17711332309720809604
Organic/Organic/yard_trimmings/maxresdefault2.jpg,maxresdefault2.jpg,Organic,8d33c84699d6a7a5,10174696188714330021
Organic/Organic/yard_trimmings/n-a-garden-piled-full-with-foliage-and-greenery-ready-to-be-moved-1710077149.jpg,n-a-garden-piled-full-with-foliage-and-greenery-ready-to-be-moved-1710077149.jpg,Organic,d50f782162b03d9f,15352621739514281375
Organic/Organic/yard_trimmings/paper-sacks-full-or-grass-and-yard-clippings-left-at-the-curb-for-JCR0H8.jpg,paper-sacks-full-or-grass-and-yard-clippings-left-at-the-curb-for-JCR0H8.jpg,Organic,a33a38838fba5399,11761775514534695833
Organic/Organic/yard_trimmings/pile-pruned-debris-shrub-trimmings-piled-neighborhood-sidewalk-yard-garden-trimmings-187559803.jpg,pile-pruned-debris-shrub-trimmings-piled-neighborhood-sidewalk-yard-garden-trimmings-187559803.jpg,Organic,e849d14bcbe6490f,16738139613572778255
Organic/Organic/yard_trimmings/r0_0_5600_3733_w5600_h3733_fmax.jpg,r0_0_5600_3733_w5600_h3733_fmax.jpg,Organic,bc9cc9637086ce8d,13590959204424142477
Organic/Organic/yard_trimmings/raking-feature.jpg,raking-feature.jpg,Organic,d07856a8739553ba,15021851838587950010
Organic/Organic/yard_trimmings/raking-up-grass-cuttings-in-spring-during-yard-maintenance-with-a-GT8C20.jpg,raking-up-grass-cuttings-in-spring-during-yard-maintenance-with-a-GT8C20.jpg,Organic,8ec663ed498766c1,10288020269566486209
Organic/Organic/yard_trimmings/rc_yard_waste_site.jpg,rc_yard_waste_site.jpg,Organic,d3b884d6e2654379,15256089796173710201
Organic/Organic/yard_trimmings/reusing-garden-waste.jpg,reusing-garden-waste.jpg,Organic,978d69646c6921eb,10920500551479796203
Organic/Organic/yard_trimmings/round-lidded-plastic-garbage-cans-awaiting-curbside-collection-on-2085653041.jpg,round-lidded-plastic-garbage-cans-awaiting-curbside-collection-on-2085653041.jpg,Organic,9e9f9d1412bfe081,11430027088829079681
Organic/Organic/yard_trimmings/rsz_shutterstock_1129173176.jpg,rsz_shutterstock_1129173176.jpg,Organic,efe16bb0a92534c2,17285215251320878274
Organic/Organic/yard_trimmings/rsz_shutterstock_656785330.jpg,rsz_shutterstock_656785330.jpg,Organic,adf6522d134b6534,12535296966383068468
Organic/Organic/yard_trimmings/sidential-lawns-gardens-grass-clippings-leaves-branches-silhouette-210345973.jpg,sidential-lawns-gardens-grass-clippings-leaves-branches-silhouette-210345973.jpg,Organic,e0b496cb49956e96,16191732360160833174
Organic/Organic/yard_trimmings/stock-photo-freshly-raked-backyard-with-rake-leaves-and-recycling-yard-waste-paper-bag-31652473.jpg,stock-photo-freshly-raked-backyard-with-rake-leaves-and-recycling-yard-waste-paper-bag-31652473.jpg,Organic,cd4f0e474c8f70a5,14794059000325304485
Organic/Organic/yard_trimmings/stock-photo-row-of-recycling-yard-waste-paper-bags-121844143.jpg,stock-photo-row-of-recycling-yard-waste-paper-bags-121844143.jpg,Organic,98b027b77f875890,11002337558738196624
Organic/Organic/yard_trimmings/stock-photo-wheelbarrow-full-with-garden-weeds-and-tools-in-a-garden-399197368.jpg,stock-photo-wheelbarrow-full-with-garden-weeds-and-tools-in-a-garden-399197368.jpg,Organic,a6865eec289bd8a5,11999382625561860261
Organic/Organic/yard_trimmings/th-black-bag-of-grass-clippings-grass-cuttings-in-a-black-plastic-1558537151.jpg,th-black-bag-of-grass-clippings-grass-cuttings-in-a-black-plastic-1558537151.jpg,Organic,a5b070cd9b9f5831,11939166640540702769
Organic/Organic/yard_trimmings/trash.jpg,trash.jpg,Organic,df20f15fc07961c2,16078116063266038210
Organic/Organic/yard_trimmings/trim-hedges-man-front-house-trimming-electric-edger-44768144.jpg,trim-hedges-man-front-house-trimming-electric-edger-44768144.jpg,Organic,d7928bcf65e032b0,15533631787637945008
Organic/Organic/yard_trimmings/ukecwlgg6urz.jpg,ukecwlgg6urz.jpg,Organic,c6c6cfe63495c988,14323364252530100616
Organic/Organic/yard_trimmings/ut-medium-brush-and-yard-waste-660x396.jpg__660.0x396.0_q85_crop_subsampling-2_upscale.jpg,ut-medium-brush-and-yard-waste-660x396.jpg__660.0x396.0_q85_crop_subsampling-2_upscale.jpg,Organic,d6161458d8c9abe7,15426539945430985703
Organic/Organic/yard_trimmings/wheelbarrow-with-garden-waste-in-a-rural-garden-at-a-half-timbered-EBNYYX.jpg,wheelbarrow-with-garden-waste-in-a-rural-garden-at-a-half-timbered-EBNYYX.jpg,Organic,ff67070e48e36584,18403686160206620036
Organic/Organic/yard_trimmings/wn-and-leaf-bags-full-of-yard-waste-sit-on-street-curb-waiting-to-2214986939.jpg,wn-and-leaf-bags-full-of-yard-waste-sit-on-street-curb-waiting-to-2214986939.jpg,Organic,f5c6420da9e91d55,17709915211133689173
Organic/Organic/yard_trimmings/woman-operating-heavy-duty-leaf-blower-copy.jpg,woman-operating-heavy-duty-leaf-blower-copy.jpg,Organic,9e965c989a3371b2,11427422914991059378
Organic/Organic/yard_trimmings/yard-clippings-heaped-in-wheelbarrow-BJCHJC.jpg,yard-clippings-heaped-in-wheelbarrow-BJCHJC.jpg,Organic,f4981e87396a24f6,17624870707847111926
Organic/Organic/yard_trimmings/yard-trimmings.jpg,yard-trimmings.jpg,Organic,e2b5c7c0eccf030d,16336182854776980237
Organic/Organic/yard_trimmings/yard-waste-540x540.jpg,yard-waste-540x540.jpg,Organic,83c1fcbcc3674e48,9494147377136094792
Organic/Organic/yard_trimmings/yard-waste-540x5402.jpg,yard-waste-540x5402.jpg,Organic,939d01b84f86ed66,10636659786038832486
Organic/Organic/yard_trimmings/yard-waste-TS_1.jpg,yard-waste-TS_1.jpg,Organic,fb6e6c3839889a98,18117537339697306264
Organic/Organic/yard_trimmings/yard-waste-by-street-waiting-to-be-picked-up-FJ0XYB.jpg,yard-waste-by-street-waiting-to-be-picked-up-FJ0XYB.jpg,Organic,893836e74c9e5b92,9887713348942715794
Organic/Organic/yard_trimmings/yard-waste-disposal-1-1-.png,yard-waste-disposal-1-1-.png,Organic,92dd21e7d89e8531,10582651979045963057
Organic/Organic/yard_trimmings/yard-waste-header.png,yard-waste-header.png,Organic,d299e63792091de6,15175413545749257702
Organic/Organic/yard_trimmings/yard-waste-in-trash.jpg,yard-waste-in-trash.jpg,Organic,a78ce260739998d7,12073273604957640919
Organic/Organic/yard_trimmings/yard-waste-paper-bag-AdobeStock_14631106-600x400.jpg,yard-waste-paper-bag-AdobeStock_14631106-600x400.jpg,Organic,cd4f0f4b8c51e1b4,14794060118086508980
Organic/Organic/yard_trimmings/yard-waste-pick-up.jpg,yard-waste-pick-up.jpg,Organic,8e6376f79081336c,10260175181733507948
Organic/Organic/yard_trimmings/yard-waste-removal_1.jpg,yard-waste-removal_1.jpg,Organic,95ca56944f03957d,10793534651927598461
Organic/Organic/yard_trimmings/yard-waste-set-out.jpg,yard-waste-set-out.jpg,Organic,dd41763c602c53ee,15943154157551899630
Organic/Organic/yard_trimmings/yard-waste.png,yard-waste.png,Organic,ec49131693666d6d,17026160853934042477
Organic/Organic/yard_trimmings/yard_waste.jpg,yard_waste.jpg,Organic,add553e82a84ba95,12526010195211762325
Organic/Organic/yard_trimmings/yard_waste_plants1.jpg,yard_waste_plants1.jpg,Organic,f826e6f4a43d1915,17881233308923009301
Organic/Organic/yard_trimmings/yardwaste.jpg,yardwaste.jpg,Organic,8166f63e5e68a91a,9324410826249513242
Organic/Organic/yard_trimmings/ypark_002.jpg,ypark_002.jpg,Organic,db52131f701faca1,15803715068142529697
Recyclable/Recyclable/cans_all_type/-can-massa-italy-august-condensed-white-background-company-american-76189952.jpg,-can-massa-italy-august-condensed-white-background-company-american-76189952.jpg,Recyclable,f838d3c78564c363,17886278773991850851
Recyclable/Recyclable/cans_all_type/-can-mock-up-blank-template-juice-soda-beer-jar-blank-isolated-on-2163144491.jpg,-can-mock-up-blank-template-juice-soda-beer-jar-blank-isolated-on-2163144491.jpg,Recyclable,fafa44a72191708f,18084842738273054863
Recyclable/Recyclable/cans_all_type/-drops-mock-up-labels-marks-showing-ice-chips-show-freshness-to-eye-89023184.jpg,-drops-mock-up-labels-marks-showing-ice-chips-show-freshness-to-eye-89023184.jpg,Recyclable,b39b4ee64ca64c8c,12942024705214663820
Recyclable/Recyclable/cans_all_type/-metallic-can-drink-beer-soda-water-juice-packaging-empty-mock-up-1376178530.jpg,-metallic-can-drink-beer-soda-water-juice-packaging-empty-mock-up-1376178530.jpg,Recyclable,be9f418f41c362c3,13735769472042754755
Recyclable/Recyclable/cans_all_type/-of-soda-drinks-in-aluminum-cans-isolated-on-white-with-clipping-path-brands.jpg,-of-soda-drinks-in-aluminum-cans-isolated-on-white-with-clipping-path-brands.jpg,Recyclable,fad985ce85347231,18075625701472760369
Recyclable/Recyclable/cans_all_type/0-Intro-canned_foods.jpg,0-Intro-canned_foods.jpg,Recyclable,ab7b05ecd2669087,12356476517321445511
Recyclable/Recyclable/cans_all_type/012893089_1-b80c05baee89d6658162d41907fc5880-768x994.png,012893089_1-b80c05baee89d6658162d41907fc5880-768x994.png,Recyclable,eb49b0969626e879,16954276433023658105
Recyclable/Recyclable/cans_all_type/01_ref_aerosol_dekxr6_4x3.jpg,01_ref_aerosol_dekxr6_4x3.jpg,Recyclable,8cb1c3901fecdf81,10138099259966021505
Recyclable/Recyclable/cans_all_type/02-zero-waste-plastic_3x4.jpg,02-zero-waste-plastic_3x4.jpg,Recyclable,f08c87575bb86664,17333377875112912484
Recyclable/Recyclable/cans_all_type/1000_F_562159019_0bLwz2fRtqYGR6QWwwnF7icyENY6lt07.jpg,1000_F_562159019_0bLwz2fRtqYGR6QWwwnF7icyENY6lt07.jpg,Recyclable,ce38ed07370d99d0,14859887585753143760
Recyclable/Recyclable/cans_all_type/12-oz-soda-can.png,12-oz-soda-can.png,Recyclable,b939c666999931cc,13346917114655093196
Recyclable/Recyclable/cans_all_type/1292760.jpg,1292760.jpg,Recyclable,adc0d6c1f09c9f23,12520243092543807267
Recyclable/Recyclable/cans_all_type/1557087432-8976.jpg,1557087432-8976.jpg,Recyclable,a2d8b44ab749b4d6,11734327062109467862
Recyclable/Recyclable/cans_all_type/1665075294-can-packaging-options-white-text.jpg,1665075294-can-packaging-options-white-text.jpg,Recyclable,f2964d49293816f7,17480243980304652023
Recyclable/Recyclable/cans_all_type/1673984002-51RqVCsy9ML._SL500_.jpg,1673984002-51RqVCsy9ML._SL500_.jpg,Recyclable,b99ac6c7c7949238,13374220604779303480
Recyclable/Recyclable/cans_all_type/200114-compostable-packaging-cups-utensils-plates.pla-plastic-waste-pollution-3-salad.jpg,200114-compostable-packaging-cups-utensils-plates.pla-plastic-waste-pollution-3-salad.jpg,Recyclable,be0715e0567b8a69,13692937245311076969
Recyclable/Recyclable/cans_all_type/20170221152145.png,20170221152145.png,Recyclable,94fbace421c21bf4,10735364232586599412
Recyclable/Recyclable/cans_all_type/24957061-a-load-of-aluminum-cans-to-be-compressed-and-baled-for-recycling-in-the-us.jpg,24957061-a-load-of-aluminum-cans-to-be-compressed-and-baled-for-recycling-in-the-us.jpg,Recyclable,b60f32ce5d318297,13118760101461721751
Recyclable/Recyclable/cans_all_type/2_piece_DI_02.png,2_piece_DI_02.png,Recyclable,bb3066a46ccf49cc,13488393740360829388
Recyclable/Recyclable/cans_all_type/2ed03c267a9e46d6a00350f7d01a56f1.jpg,2ed03c267a9e46d6a00350f7d01a56f1.jpg,Recyclable,b324ce9292cf4d69,12908669560874290537
Recyclable/Recyclable/cans_all_type/360_F_141404485_na6RQwOXUQcEvWupbecza08k35l69Ben.jpg,360_F_141404485_na6RQwOXUQcEvWupbecza08k35l69Ben.jpg,Recyclable,bf93f048c62cb49a,13804641478173832346
Recyclable/Recyclable/cans_all_type/360_F_211809581_35L09wrZOS8a0ttvlCgYX6YNXE8pwM7q.jpg,360_F_211809581_35L09wrZOS8a0ttvlCgYX6YNXE8pwM7q.jpg,Recyclable,fe884c637d828b4d,18340993472657525581
Recyclable/Recyclable/cans_all_type/360_F_525404454_VwozPoWGiIQk1eaqQVJ0ypygpe2RATMd.jpg,360_F_525404454_VwozPoWGiIQk1eaqQVJ0ypygpe2RATMd.jpg,Recyclable,a960d299970e3dcb,12204986547280166347
Recyclable/Recyclable/cans_all_type/37-tin-can-crafts-1.jpg.webp,37-tin-can-crafts-1.jpg.webp,Recyclable,b33337469c4ee419,12912725333010998297
Recyclable/Recyclable/cans_all_type/3_piece_can_new_03.png,3_piece_can_new_03.png,Recyclable,b87027c6c78ec21f,13290166235075363359
Recyclable/Recyclable/cans_all_type/3d-illustration-of-blank-aluminum-can-png.png,3d-illustration-of-blank-aluminum-can-png.png,Recyclable,93c36ccb6c8a6c3c,10647473564989156412
Recyclable/Recyclable/cans_all_type/4-9.png,4-9.png,Recyclable,bec0961bc36cc927,13745151108721723687
Recyclable/Recyclable/cans_all_type/4-reasons-why-we-should-recycle-aluminium-cans.jpg,4-reasons-why-we-should-recycle-aluminium-cans.jpg,Recyclable,958a793721a37a35,10775558336131856949
Recyclable/Recyclable/cans_all_type/47036.png,47036.png,Recyclable,ea6897c66e952629,16890917280967632425
Recyclable/Recyclable/cans_all_type/4f38n5dj.jpg,4f38n5dj.jpg,Recyclable,eab7d5c08c4e2d4c,16913221948577557836
Recyclable/Recyclable/cans_all_type/500ml-blank-customized-drink-printed-aluminum-can-747.jpg,500ml-blank-customized-drink-printed-aluminum-can-747.jpg,Recyclable,e4cc9a32cf9924cd,16486721878918505677
Recyclable/Recyclable/cans_all_type/51-Awesome-DIY-Tin-Can-Ideas-for-Garden2.jpg,51-Awesome-DIY-Tin-Can-Ideas-for-Garden2.jpg,Recyclable,9a50d7ba8d1f123c,11119624676209267260
Recyclable/Recyclable/cans_all_type/5222093606_5eb8eb9a4b.jpg,5222093606_5eb8eb9a4b.jpg,Recyclable,9ac44f1ff898a661,11152125576009524833
Recyclable/Recyclable/cans_all_type/5330f16806681925702afcbf75ba92b172-10-soups-lede.rsquare.w1200.jpg,5330f16806681925702afcbf75ba92b172-10-soups-lede.rsquare.w1200.jpg,Recyclable,bdc2c619f134194f,13673709233373452623
Recyclable/Recyclable/cans_all_type/596eff58-ab51-4fb7-a35b-94d5158d0ed9-cream-brocolli-soup.jpg,596eff58-ab51-4fb7-a35b-94d5158d0ed9-cream-brocolli-soup.jpg,Recyclable,ce09ae036713d7d4,14846588976241039316
Recyclable/Recyclable/cans_all_type/63782947220781457915.3.20-20Recycling20main800.jpg,63782947220781457915.3.20-20Recycling20main800.jpg,Recyclable,8df385a132763da4,10228666106071367076
Recyclable/Recyclable/cans_all_type/6396f35dfc97666fdf78c2a7_NOMOQ-productfotografie-20221028-Rotterdam-063.png,6396f35dfc97666fdf78c2a7_NOMOQ-productfotografie-20221028-Rotterdam-063.png,Recyclable,b7c93c364a646732,13243182383133648690
Recyclable/Recyclable/cans_all_type/64667581ef9a05659f8efc9836c51e9a.jpg,64667581ef9a05659f8efc9836c51e9a.jpg,Recyclable,e6845b0da53b5dc2,16610501439814065602
Recyclable/Recyclable/cans_all_type/689FD0DE-90E7-4492-BE26174EC02EF19F_source.jpg,689FD0DE-90E7-4492-BE26174EC02EF19F_source.jpg,Recyclable,bf89c1f2c663074c,13801775781508220748
Recyclable/Recyclable/cans_all_type/7.leadville-recycle-TINANDSTEEL-CANS-page-001.jpg,7.leadville-recycle-TINANDSTEEL-CANS-page-001.jpg,Recyclable,e76648c462e3d3d8,16674094678695728088
Recyclable/Recyclable/cans_all_type/711Ggg6DhAL.jpg,711Ggg6DhAL.jpg,Recyclable,ea1595e836075bb4,16867552803957463988
Recyclable/Recyclable/cans_all_type/72645168.jpg,72645168.jpg,Recyclable,8a8562360d673ff1,9981492133429198833
Recyclable/Recyclable/cans_all_type/77f9877872b344e2be60aee8e19b757b_0_0.jpg,77f9877872b344e2be60aee8e19b757b_0_0.jpg,Recyclable,87695ea172a984dd,9757434115181348061
Recyclable/Recyclable/cans_all_type/78818897.jpg,78818897.jpg,Recyclable,cd24c46da712e373,14782155852170322803
Recyclable/Recyclable/cans_all_type/81dt8D3rCiL._AC_UF10001000_QL80_.jpg,81dt8D3rCiL._AC_UF10001000_QL80_.jpg,Recyclable,d45beb24d82493cb,15302082702399017931
Recyclable/Recyclable/cans_all_type/81kUqWM64rL.jpg,81kUqWM64rL.jpg,Recyclable,8f22d0dd782287d7,10314035746253735895
Recyclable/Recyclable/cans_all_type/85150095-small.jpg,85150095-small.jpg,Recyclable,a9e8d4d628693ee4,12243269603272769252
Recyclable/Recyclable/cans_all_type/85674784.jpg,85674784.jpg,Recyclable,8b3ba15ff9109b05,10032790028470491909
Recyclable/Recyclable/cans_all_type/88e4ee48ecbd4b52ba034205595b58f4.jpg,88e4ee48ecbd4b52ba034205595b58f4.jpg,Recyclable,ab81aa34cbb83e55,12358345996214222421
Recyclable/Recyclable/cans_all_type/94163431.jpg,94163431.jpg,Recyclable,f846328eabb88c73,17890042158123617395
Recyclable/Recyclable/cans_all_type/AdobeStock_9525053geo-scaled.jpeg,AdobeStock_9525053geo-scaled.jpeg,Recyclable,b8d2c1669517be1a,13317919694420164122
Recyclable/Recyclable/cans_all_type/Al-Cans-1024x768.jpg,Al-Cans-1024x768.jpg,Recyclable,b445532d51b37cd1,12989880154329414865
Recyclable/Recyclable/cans_all_type/Alum20Cans_JPG.jpg,Alum20Cans_JPG.jpg,Recyclable,838cfb9cd88b1553,9479227966774515027
Recyclable/Recyclable/cans_all_type/Aluminium_cans.jpg,Aluminium_cans.jpg,Recyclable,8bf2a57435305ab6,10084304434163112630
Recyclable/Recyclable/cans_all_type/Bales-of-Crushed-Aluminum-Cans-Awaiting-Recycling-E28093-Photo-West-Boylston-MA-2.jpg,Bales-of-Crushed-Aluminum-Cans-Awaiting-Recycling-E28093-Photo-West-Boylston-MA-2.jpg,Recyclable,c597b3ba93b0b098,14238046360878231704
Recyclable/Recyclable/cans_all_type/Beer-and-soda-cans-found-to-have-traces-of-bisphenol-A.png,Beer-and-soda-cans-found-to-have-traces-of-bisphenol-A.png,Recyclable,fac69191853c933b,18070290609062318907
Recyclable/Recyclable/cans_all_type/Blog_02.21.2017.jpg,Blog_02.21.2017.jpg,Recyclable,df8015ca3faa37c0,16104896225872590784
Recyclable/Recyclable/cans_all_type/CAN-BODY-03-longfit.png,CAN-BODY-03-longfit.png,Recyclable,98676766cc989999,10981859907583121817
Recyclable/Recyclable/cans_all_type/Campbells-1-1-e1668679527809.jpg,Campbells-1-1-e1668679527809.jpg,Recyclable,a2798e2cd1439b76,11707545029466889078
Recyclable/Recyclable/cans_all_type/Campbells-WarholCans-scaled.jpg,Campbells-WarholCans-scaled.jpg,Recyclable,bbe0c41fc01b913f,13538036120521773375
Recyclable/Recyclable/cans_all_type/Can-do-attitude-beWater-plans-ASEAN-expansion-in-bid-to-reduce-plastic-waste-problem.jpg,Can-do-attitude-beWater-plans-ASEAN-expansion-in-bid-to-reduce-plastic-waste-problem.jpg,Recyclable,b9ceea8590bab055,13388896601598767189
Recyclable/Recyclable/cans_all_type/Can28Easy_Open_Can29.JPG.jpg,Can28Easy_Open_Can29.JPG.jpg,Recyclable,aad4056b5ab4659b,12309469640151819675
Recyclable/Recyclable/cans_all_type/Canned-Foods.jpeg,Canned-Foods.jpeg,Recyclable,e892ae25957ad94a,16758648639843916106
Recyclable/Recyclable/cans_all_type/Canned20Food20Blog2028129.png,Canned20Food20Blog2028129.png,Recyclable,ea4b952a93b70e54,16882751638227848788
Recyclable/Recyclable/cans_all_type/Cans.png,Cans.png,Recyclable,fae6c3e58418859b,18079353144656561563
Recyclable/Recyclable/cans_all_type/Drinking_can_ring-pull_tab.jpg,Drinking_can_ring-pull_tab.jpg,Recyclable,8bd4399ad749cc64,10075741603534326884
Recyclable/Recyclable/cans_all_type/EWG-report-reveals-brands-using-BPA-in-canned-food.jpg,EWG-report-reveals-brands-using-BPA-in-canned-food.jpg,Recyclable,b499c3c6c9399666,13013647856810694246
Recyclable/Recyclable/cans_all_type/Empty_tin_can2009-01-19.jpg,Empty_tin_can2009-01-19.jpg,Recyclable,a56cd89393926769,11920140442090497897
Recyclable/Recyclable/cans_all_type/Examples-of-aluminum-items-that-are-recyclable-1.png,Examples-of-aluminum-items-that-are-recyclable-1.png,Recyclable,eee997d66809860d,17215457997724681741
Recyclable/Recyclable/cans_all_type/Experimental-treatments-soup-example.png,Experimental-treatments-soup-example.png,Recyclable,f987897887798389,17980491188061963145
Recyclable/Recyclable/cans_all_type/FAY2IG7KP2MDA7F.jpg,FAY2IG7KP2MDA7F.jpg,Recyclable,a031c69be639669e,11543225692812043934
Recyclable/Recyclable/cans_all_type/FBMH7EYKP2MD9M8.jpg,FBMH7EYKP2MD9M8.jpg,Recyclable,a4dbe695da21d898,11879341973403981976
Recyclable/Recyclable/cans_all_type/Feature-Crops-2400-x-1350-58.png,Feature-Crops-2400-x-1350-58.png,Recyclable,e9cd9893936a6551,16847289540663731537
Recyclable/Recyclable/cans_all_type/Figure-1_can-coatings-2.png,Figure-1_can-coatings-2.png,Recyclable,fe3681a161c1cd5e,18317971064505879902
Recyclable/Recyclable/cans_all_type/HFB_Hunger_Blog_00230228_header_cans-scaled.jpg,HFB_Hunger_Blog_00230228_header_cans-scaled.jpg,Recyclable,d783169d65191d3c,15529280805365423420
Recyclable/Recyclable/cans_all_type/How-Much-Energy-Does-Recycling-One-Aluminum-Can-Save.jpg,How-Much-Energy-Does-Recycling-One-Aluminum-Can-Save.jpg,Recyclable,e99296e596389678,16830680670248932984
Recyclable/Recyclable/cans_all_type/IMG_0800.jpeg,IMG_0800.jpeg,Recyclable,8e3ef881746d82c7,10249903036829631175
Recyclable/Recyclable/cans_all_type/IMG_20131004_104155_216.jpg,IMG_20131004_104155_216.jpg,Recyclable,da813d5299fcd40b,15744933197244060683
Recyclable/Recyclable/cans_all_type/LzEyLzAzL2RyZWFtc3RpbWV4eGwxNzcyNDAwOSAtIGFsdW1pbnVtIGNhbnMuanBn.1V4x5MynmFA.jpg,LzEyLzAzL2RyZWFtc3RpbWV4eGwxNzcyNDAwOSAtIGFsdW1pbnVtIGNhbnMuanBn.1V4x5MynmFA.jpg,Recyclable,88c54d4be03dbe5c,9855368347850227292
Recyclable/Recyclable/cans_all_type/MPE20-20Can20Logistics20benefits.jpg,MPE20-20Can20Logistics20benefits.jpg,Recyclable,d1ac4b92eda0f38c,15108533944345228172
Recyclable/Recyclable/cans_all_type/Made-in-China-Low-Price-No-Impurity-Waste-Beverage-Cans-Waste-Aluminum-Cans-Ubc.jpg,Made-in-China-Low-Price-No-Impurity-Waste-Beverage-Cans-Waste-Aluminum-Cans-Ubc.jpg,Recyclable,d9589821a52fdf54,15661434974453620564
Recyclable/Recyclable/cans_all_type/NUNVBKEABUI6VBGCA6JNQWIZCE.jpg,NUNVBKEABUI6VBGCA6JNQWIZCE.jpg,Recyclable,bfc5c03a6e919dc0,13818662388851908032
Recyclable/Recyclable/cans_all_type/New-RepBan_CannedFood_2007.jpg,New-RepBan_CannedFood_2007.jpg,Recyclable,d239d2e787843ce8,15148370713490242792
Recyclable/Recyclable/cans_all_type/RauTZ.png,RauTZ.png,Recyclable,ce03d866896cff24,14844946731647172388
Recyclable/Recyclable/cans_all_type/Recycling-saves-money.jpg,Recycling-saves-money.jpg,Recyclable,dbb0835cb20ae53b,15830297124354581819
Recyclable/Recyclable/cans_all_type/Screen-Shot-2019-06-27-at-2.59.36-PM-e1561681171942.png,Screen-Shot-2019-06-27-at-2.59.36-PM-e1561681171942.png,Recyclable,be8369e4c3392c93,13727932520404167827
Recyclable/Recyclable/cans_all_type/Screenshot-2023-02-15-100305.png,Screenshot-2023-02-15-100305.png,Recyclable,978a593721a37a35,10919638339835623989
Recyclable/Recyclable/cans_all_type/Soup-Cans.jpg,Soup-Cans.jpg,Recyclable,fa26a4fdc75082c3,18025275968474612419
Recyclable/Recyclable/cans_all_type/Tin-Can-Crafts_Vertical_v1.jpg.webp,Tin-Can-Crafts_Vertical_v1.jpg.webp,Recyclable,bbeeb1a16a332e01,13541956436379250177
Recyclable/Recyclable/cans_all_type/Tin-can-crafts-3.jpg,Tin-can-crafts-3.jpg,Recyclable,a1217b1c5e5e6273,11610696676110393971
Recyclable/Recyclable/cans_all_type/Tomato-Bisque-ERA-scaled.jpg,Tomato-Bisque-ERA-scaled.jpg,Recyclable,91177a404c3f73ec,10454959476539618284
Recyclable/Recyclable/cans_all_type/Which-metals-to-recycle.jpg,Which-metals-to-recycle.jpg,Recyclable,ab29e31af6029ce3,12333638759466835171
Recyclable/Recyclable/cans_all_type/Yes-I-Can-water-cans-1.jpg,Yes-I-Can-water-cans-1.jpg,Recyclable,b273d95c08c3a9b6,12858860350380157366
Recyclable/Recyclable/cans_all_type/ZWB_ANZ_BoxThumbnail_AluminiumCans_bfe1ab62-ced7-47d4-9b8f-251c863db01d_720x.png,ZWB_ANZ_BoxThumbnail_AluminiumCans_bfe1ab62-ced7-47d4-9b8f-251c863db01d_720x.png,Recyclable,adecd692e226cc19,12532627789413010457
Recyclable/Recyclable/cans_all_type/_66324968_heinz2_comp_624.jpg,_66324968_heinz2_comp_624.jpg,Recyclable,bbc3c456c82d963c,13529873582555764284
Recyclable/Recyclable/cans_all_type/a-silver-tin-can-isolated-on-a-white-background-clipping-path-DNC3X5.jpg,a-silver-tin-can-isolated-on-a-white-background-clipping-path-DNC3X5.jpg,Recyclable,bce5c39253931a8b,13611500482031983243
Recyclable/Recyclable/cans_all_type/aero-landing_0005_Full-can.png,aero-landing_0005_Full-can.png,Recyclable,c0682e272f072f3f,13864382198687674175
Recyclable/Recyclable/cans_all_type/alum-metal.png,alum-metal.png,Recyclable,fac987c4c8a6c89d,18071124259050539165
Recyclable/Recyclable/cans_all_type/aluminium-cans-2-piece-for-beer-and-beverages-two-piece-beer-cans.jpg,aluminium-cans-2-piece-for-beer-and-beverages-two-piece-beer-cans.jpg,Recyclable,beb0f44ac40fd84e,13740751065061513294
Recyclable/Recyclable/cans_all_type/aluminium-cans-278.jpg,aluminium-cans-278.jpg,Recyclable,bab1c52fc499c10f,13452750370884927759
Recyclable/Recyclable/cans_all_type/aluminium-cans-middle-east.jpg,aluminium-cans-middle-east.jpg,Recyclable,d0694fe54b1a3bb0,15017622278669745072
Recyclable/Recyclable/cans_all_type/aluminium-cans-silver-can-branding-design-vector-18026625-1.jpg,aluminium-cans-silver-can-branding-design-vector-18026625-1.jpg,Recyclable,afce44e940e33197,12668138570446483863
Recyclable/Recyclable/cans_all_type/aluminium-drink-cans-waste-recycle-close-up-view-turin-italy-october-164013257.jpg,aluminium-drink-cans-waste-recycle-close-up-view-turin-italy-october-164013257.jpg,Recyclable,c0ccbcc86d66678d,13892686519546046349
Recyclable/Recyclable/cans_all_type/aluminium-steel-cans.png,aluminium-steel-cans.png,Recyclable,bf85c07ae05a9837,13800648267129329719
Recyclable/Recyclable/cans_all_type/aluminium05.png,aluminium05.png,Recyclable,aff46a973ad0240b,12678876048714114059
Recyclable/Recyclable/cans_all_type/aluminum-alloy-soft-drink-cans-tin-cans-collected-for-recycling-at-DC9YBC.jpg,aluminum-alloy-soft-drink-cans-tin-cans-collected-for-recycling-at-DC9YBC.jpg,Recyclable,fae40b9365cc16b8,18078587531867985592
Recyclable/Recyclable/cans_all_type/aluminum-beer-cans-with-keys-stock-image_csp9896786.jpg,aluminum-beer-cans-with-keys-stock-image_csp9896786.jpg,Recyclable,b3ace2fdac43a340,12946972607928050496
Recyclable/Recyclable/cans_all_type/aluminum-can-recycling.jpg,aluminum-can-recycling.jpg,Recyclable,d2c49019279b3f3e,15187422281113222974
Recyclable/Recyclable/cans_all_type/aluminum-can-sculptures-noah-deledda-thumbnail.jpg,aluminum-can-sculptures-noah-deledda-thumbnail.jpg,Recyclable,e18166f0765e2ecc,16249382113493528268
Recyclable/Recyclable/cans_all_type/aluminum-cans-at-the-bottom-of-a-recycling-bin-EKXJ4B.jpg,aluminum-cans-at-the-bottom-of-a-recycling-bin-EKXJ4B.jpg,Recyclable,db9a5a960eed21c4,15824059841261674948
Recyclable/Recyclable/cans_all_type/aluminum-cans-collected-for-recycling-center-AP5B7K.jpg,aluminum-cans-collected-for-recycling-center-AP5B7K.jpg,Recyclable,b78d08ef6f9230d0,13226237505119072464
Recyclable/Recyclable/cans_all_type/aluminum-cans-e1453526631407.jpg,aluminum-cans-e1453526631407.jpg,Recyclable,d13e6fd1b48b0471,15077611548950856817
Recyclable/Recyclable/cans_all_type/aluminum-cans-for-recycling.jpg,aluminum-cans-for-recycling.jpg,Recyclable,b3b54f601ff0a84c,12949343577845049420
Recyclable/Recyclable/cans_all_type/aluminum-cans-iStock-1148755120.jpg,aluminum-cans-iStock-1148755120.jpg,Recyclable,b5a8e290af81acb7,13089961428000025783
Recyclable/Recyclable/cans_all_type/aluminum-cans-in-recycling-bin-C3W0CR.jpg,aluminum-cans-in-recycling-bin-C3W0CR.jpg,Recyclable,cd8973e36cc46195,14810496270204166549
Recyclable/Recyclable/cans_all_type/aluminum-cans-in-recycling-kon-tum-vietnam-KJJ5CJ.jpg,aluminum-cans-in-recycling-kon-tum-vietnam-KJJ5CJ.jpg,Recyclable,c3d57ec34194709d,14111324384519286941
Recyclable/Recyclable/cans_all_type/aluminum-cans-in-recycling-kon-tum-vietnam-usage-worldwide-PC54WW.jpg,aluminum-cans-in-recycling-kon-tum-vietnam-usage-worldwide-PC54WW.jpg,Recyclable,c3d57ee34194708d,14111324521958240397
Recyclable/Recyclable/cans_all_type/aluminum-cans-p4bj2zq8ghz8sr6olvxa68f6em8uc1rra8lni6kazw-fbe6b699.jpg,aluminum-cans-p4bj2zq8ghz8sr6olvxa68f6em8uc1rra8lni6kazw-fbe6b699.jpg,Recyclable,9ae32c19a23fb386,11160812790162109318
Recyclable/Recyclable/cans_all_type/aluminum-cans.jpg,aluminum-cans.jpg,Recyclable,d3ed084995db8956,15270871023623047510
Recyclable/Recyclable/cans_all_type/aluminum-recycling.jpg,aluminum-recycling.jpg,Recyclable,c852293f3479d66a,14434645107115939434
Recyclable/Recyclable/cans_all_type/aluminum-recycling2.png,aluminum-recycling2.png,Recyclable,d50dc6c6da6f9442,15352145262146458690
Recyclable/Recyclable/cans_all_type/aluminum_materials_picture_ff_web_area.jpg,aluminum_materials_picture_ff_web_area.jpg,Recyclable,d15d562a2e2e2d2d,15086309065924422957
Recyclable/Recyclable/cans_all_type/andy-warhol-campbells-soup-can-p6n2ahitn7by8xzm9ejbqveo3bossv8zcpihwi57pw.jpg,andy-warhol-campbells-soup-can-p6n2ahitn7by8xzm9ejbqveo3bossv8zcpihwi57pw.jpg,Recyclable,921ad8c95aa5b637,10527965438252791351
Recyclable/Recyclable/cans_all_type/april-11-2020-halifax-canada-campbells-heinz-and-no-name-brand-canned-soups-2BK87NC.jpg,april-11-2020-halifax-canada-campbells-heinz-and-no-name-brand-canned-soups-2BK87NC.jpg,Recyclable,ada952920f8e7ca9,12513623826905332905
Recyclable/Recyclable/cans_all_type/assorted-cans-campbell-s-brand-soup-shopping-cart-assorted-cans-campbell-s-brand-soup-151033750.jpg,assorted-cans-campbell-s-brand-soup-shopping-cart-assorted-cans-campbell-s-brand-soup-151033750.jpg,Recyclable,d3ea9592e41d92b1,15270181944677995185
Recyclable/Recyclable/cans_all_type/b7objects_household001.jpg,b7objects_household001.jpg,Recyclable,bf33c2d2945a994c,13777569894744365388
Recyclable/Recyclable/cans_all_type/bd81ae39b970475bae9524c6018794aa_0_0.jpg,bd81ae39b970475bae9524c6018794aa_0_0.jpg,Recyclable,d0ad41feaf94980b,15036747292983203851
Recyclable/Recyclable/cans_all_type/beer-5215845_1280.jpg,beer-5215845_1280.jpg,Recyclable,929a4f6011f247fd,10563843149987465213
Recyclable/Recyclable/cans_all_type/beer-can-scrap.jpg,beer-can-scrap.jpg,Recyclable,85669c8a7d370eac,9612542573289082540
Recyclable/Recyclable/cans_all_type/best-progresso-soup-flavors.jpg,best-progresso-soup-flavors.jpg,Recyclable,e1ba72826ad58771,16265438908665661297
Recyclable/Recyclable/cans_all_type/bev-can-by-size.png,bev-can-by-size.png,Recyclable,836e6e6e2e3a1a19,9470628485907749401
Recyclable/Recyclable/cans_all_type/bev20can.jpg,bev20can.jpg,Recyclable,f62f99183c864967,17739565786609371495
Recyclable/Recyclable/cans_all_type/beverage-can-architecture.jpg,beverage-can-architecture.jpg,Recyclable,b19bc68d99698c66,12798041077569916006
Recyclable/Recyclable/cans_all_type/beverage20drink20cans.jpg,beverage20drink20cans.jpg,Recyclable,abe9ec2fbc901618,12387691939830437400
Recyclable/Recyclable/cans_all_type/big-tin-can-with-copy-space-isolated-on-white-background-HE441H.jpg,big-tin-can-with-copy-space-isolated-on-white-background-HE441H.jpg,Recyclable,f9ae54a155835687,17991410613292848775
Recyclable/Recyclable/cans_all_type/c0469750-800px-wm.jpg,c0469750-800px-wm.jpg,Recyclable,85fd2e727e421d22,9654924245431622946
Recyclable/Recyclable/cans_all_type/can-1957735_1920.jpg,can-1957735_1920.jpg,Recyclable,8f184075a6af8fb8,10311062220916625336
Recyclable/Recyclable/cans_all_type/can-lifecycle.png,can-lifecycle.png,Recyclable,b1e4c3991be3620f,12818585501768573455
Recyclable/Recyclable/cans_all_type/can-shortages.jpg,can-shortages.jpg,Recyclable,98f3b4187db918c9,11021350730387232969
Recyclable/Recyclable/cans_all_type/can-sizes.jpg,can-sizes.jpg,Recyclable,eab3b1cc0d48d6d2,16912056515660666578
Recyclable/Recyclable/cans_all_type/canned-food-961779-1.jpg,canned-food-961779-1.jpg,Recyclable,8466c2cccf970d1f,9540527045542874399
Recyclable/Recyclable/cans_all_type/canned-food-fish-1200x628-facebook-1200x628.jpg,canned-food-fish-1200x628-facebook-1200x628.jpg,Recyclable,f9c996b5b02609d3,17999083092851427795
Recyclable/Recyclable/cans_all_type/canned-food_0.jpg,canned-food_0.jpg,Recyclable,e97226bea0991ce5,16821550158362254565
Recyclable/Recyclable/cans_all_type/canned-food_wide-e18ed729392a8ac2763dff282529fe7bc0e834b9-s1400-c100.jpg,canned-food_wide-e18ed729392a8ac2763dff282529fe7bc0e834b9-s1400-c100.jpg,Recyclable,854a1cafc8d3be70,9604520696635178608
Recyclable/Recyclable/cans_all_type/canned-pumpkin-can-1296x728-body.jpg,canned-pumpkin-can-1296x728-body.jpg,Recyclable,d919b35366a6e644,15643731951433999940
Recyclable/Recyclable/cans_all_type/cd28515cb9fbaf5589376da505766a8f.png,cd28515cb9fbaf5589376da505766a8f.png,Recyclable,be52f22dfc2d4980,13714290094614858112
Recyclable/Recyclable/cans_all_type/coca-cola-07.jpg,coca-cola-07.jpg,Recyclable,8a1681fc9788cfe3,9950283348595757027
Recyclable/Recyclable/cans_all_type/collected-tin-cans-vietnam-AF9KEP.jpg,collected-tin-cans-vietnam-AF9KEP.jpg,Recyclable,c1e17797749a25c1,13970579011460015553
Recyclable/Recyclable/cans_all_type/crumpled-aluminum-can-2022-06-02-17-14-48-utc-scaled.jpg,crumpled-aluminum-can-2022-06-02-17-14-48-utc-scaled.jpg,Recyclable,ce66a5d8c45723a9,14872757169863205801
Recyclable/Recyclable/cans_all_type/crumpled-aluminum-can-empty-can-aluminum-can-isolated-white-background_38335-161.jpg,crumpled-aluminum-can-empty-can-aluminum-can-isolated-white-background_38335-161.jpg,Recyclable,ffb591da50c26845,18425793817300068421
Recyclable/Recyclable/cans_all_type/crushed-aluminium-drinks-cans-in-a-recycling-basket-2A927XT.jpg,crushed-aluminium-drinks-cans-in-a-recycling-basket-2A927XT.jpg,Recyclable,b0b318c226a62ffe,12732547793657671678
Recyclable/Recyclable/cans_all_type/crushed-tin-can-isolated-2BY4XX9.jpg,crushed-tin-can-isolated-2BY4XX9.jpg,Recyclable,ee94c5eb13c94685,17191583291019970181
Recyclable/Recyclable/cans_all_type/depositphotos_151711104-stock-photo-canned-food-3d-render.jpg,depositphotos_151711104-stock-photo-canned-food-3d-render.jpg,Recyclable,e87b87e487859534,16752132654530663732
Recyclable/Recyclable/cans_all_type/depositphotos_437224758-stock-photo-recycle-empty-cans-tin-food.jpg,depositphotos_437224758-stock-photo-recycle-empty-cans-tin-food.jpg,Recyclable,841f128c73f6785d,9520348531734771805
Recyclable/Recyclable/cans_all_type/depositphotos_524542642-stock-photo-tin-can-preserve-food-template.jpg,depositphotos_524542642-stock-photo-tin-can-preserve-food-template.jpg,Recyclable,ed8d52ad52a55287,17117428663074509447
Recyclable/Recyclable/cans_all_type/depositphotos_537407962-stock-photo-ukraine-chernivtsi-november-pile-garbage.jpg,depositphotos_537407962-stock-photo-ukraine-chernivtsi-november-pile-garbage.jpg,Recyclable,cc4b60a056eeea3d,14720966048760130109
Recyclable/Recyclable/cans_all_type/depositphotos_76684561-stock-photo-ho-chi-minh-city-vietnam.jpg,depositphotos_76684561-stock-photo-ho-chi-minh-city-vietnam.jpg,Recyclable,b5ea95dd70b848d0,13108454443726686416
Recyclable/Recyclable/cans_all_type/di-steel-2-new-6.png,di-steel-2-new-6.png,Recyclable,baf80ff568876086,13472535831973945478
Recyclable/Recyclable/cans_all_type/different-types-canned-food-illustration-600w-604738256.jpg,different-types-canned-food-illustration-600w-604738256.jpg,Recyclable,bf93b048d62ca4da,13804571109698086106
Recyclable/Recyclable/cans_all_type/eaw-thailand-may-empty-recycling-close-up-view-waste-disposal-site-151705209.jpg,eaw-thailand-may-empty-recycling-close-up-view-waste-disposal-site-151705209.jpg,Recyclable,b243455f9b8c383d,12845186839124654141
Recyclable/Recyclable/cans_all_type/empty-aluminium-drinks-cans-recycling-rostov-don-russia-172776163.jpg,empty-aluminium-drinks-cans-recycling-rostov-don-russia-172776163.jpg,Recyclable,83c9f795e0b0599a,9496393512379242906
Recyclable/Recyclable/cans_all_type/empty-beverage-cans.jpeg,empty-beverage-cans.jpeg,Recyclable,e4919b9199ca93ce,16470116361923367886
Recyclable/Recyclable/cans_all_type/empty-food-cans-recycling-19652090.jpg,empty-food-cans-recycling-19652090.jpg,Recyclable,fff91b8613165c10,18444804011532377104
Recyclable/Recyclable/cans_all_type/empty-metal-cans-23939723.jpg,empty-metal-cans-23939723.jpg,Recyclable,bb91c44e37f0608f,13515799796940562575
Recyclable/Recyclable/cans_all_type/empty-tin-can-isolated-on-a-white-background-metallic-food-container-2BWM655.jpg,empty-tin-can-isolated-on-a-white-background-metallic-food-container-2BWM655.jpg,Recyclable,e5ad4ec61a9b31b0,16549970818413310384
Recyclable/Recyclable/cans_all_type/empty-tin-cans-17610861.jpg,empty-tin-cans-17610861.jpg,Recyclable,d701f087f769ca05,15492928659893373445
Recyclable/Recyclable/cans_all_type/empty-tin-cans-8572637.jpg,empty-tin-cans-8572637.jpg,Recyclable,ae9dd1e24e9d10e2,12582443703854764258
Recyclable/Recyclable/cans_all_type/empty-used-aluminium-cans-ready-recycling-close-up-172409365.jpg,empty-used-aluminium-cans-ready-recycling-close-up-172409365.jpg,Recyclable,a89a6dfc7a8066b2,12149143875939755698
Recyclable/Recyclable/cans_all_type/evgeny-karchevsky-k1tUxfs8JYY-unsplash-2.jpg,evgeny-karchevsky-k1tUxfs8JYY-unsplash-2.jpg,Recyclable,c844736e9dad868d,14430786024930903693
Recyclable/Recyclable/cans_all_type/f2682342b94143bdbaac90802452fa81_0_0.jpg,f2682342b94143bdbaac90802452fa81_0_0.jpg,Recyclable,ef81aae78289c770,17258263158364686192
Recyclable/Recyclable/cans_all_type/family-size-cans-display-supermarket-company-was-founded-now-sells-157288625.jpg,family-size-cans-display-supermarket-company-was-founded-now-sells-157288625.jpg,Recyclable,a95ce4db2b8c132e,12203880720246772526
Recyclable/Recyclable/cans_all_type/food-can.jpg,food-can.jpg,Recyclable,ef62c28cb1bf8d80,17249563432315751808
Recyclable/Recyclable/cans_all_type/food-tin-can-on-white-CYBBCA.jpg,food-tin-can-on-white-CYBBCA.jpg,Recyclable,edbd1291538346c7,17130868972967904967
Recyclable/Recyclable/cans_all_type/food-tin-can_01.jpg,food-tin-can_01.jpg,Recyclable,917dc690aa867937,10483753832226912567
Recyclable/Recyclable/cans_all_type/fss-empty-cans.jpg,fss-empty-cans.jpg,Recyclable,90b2f8ade5999386,10426669513081197446
Recyclable/Recyclable/cans_all_type/g-eco-friendly-concept-recyclable-metal-waste-and-zero-waste-concept-2K0FCNX.jpg,g-eco-friendly-concept-recyclable-metal-waste-and-zero-waste-concept-2K0FCNX.jpg,Recyclable,fc8647bc1ce911c3,18196310217701528003
Recyclable/Recyclable/cans_all_type/garbage-tin-can-icon-cartoon-style-vector-27372731.jpg,garbage-tin-can-icon-cartoon-style-vector-27372731.jpg,Recyclable,b0c74fe547b81899,12738237917210089625
Recyclable/Recyclable/cans_all_type/gh-052720-best-healthy-canned-soups-1590698072.png,gh-052720-best-healthy-canned-soups-1590698072.png,Recyclable,9bd293c6e431b1e4,11228199303429337572
Recyclable/Recyclable/cans_all_type/ghows-PJ-3530caa6-cb6f-4a83-e053-0100007f7d97-e82199ad.jpeg,ghows-PJ-3530caa6-cb6f-4a83-e053-0100007f7d97-e82199ad.jpeg,Recyclable,bae4c50e8ef9c131,13467105452063572273
Recyclable/Recyclable/cans_all_type/haultail-What-is-the-effect-of-aluminum-beverage-cans-on-the-environment.jpg,haultail-What-is-the-effect-of-aluminum-beverage-cans-on-the-environment.jpg,Recyclable,95489158af758a5f,10757007520061295199
Recyclable/Recyclable/cans_all_type/healthy-canned-soups-amy-s-black-bean.jpg,healthy-canned-soups-amy-s-black-bean.jpg,Recyclable,b0cccf928b0ccf72,12739785674229337970
Recyclable/Recyclable/cans_all_type/healthy-canned-soups-campbell-s-chunky-heart-healthy-clam-chowder.jpg,healthy-canned-soups-campbell-s-chunky-heart-healthy-clam-chowder.jpg,Recyclable,e433c68e93178bcc,16443704980115262412
Recyclable/Recyclable/cans_all_type/healthy-canned-soups-campbells-98-percent-fat-free-broccoli-cheese.jpg,healthy-canned-soups-campbells-98-percent-fat-free-broccoli-cheese.jpg,Recyclable,e13167ce9a3866cc,16226865069440919244
Recyclable/Recyclable/cans_all_type/hed-crushed-discarded-empty-soft-drink-or-soda-aluminum-beverage-cans-R3DYM6.jpg,hed-crushed-discarded-empty-soft-drink-or-soda-aluminum-beverage-cans-R3DYM6.jpg,Recyclable,f3d405c35e8153cd,17569674382941443021
Recyclable/Recyclable/cans_all_type/how-to-recycle-aluminum-cans.png,how-to-recycle-aluminum-cans.png,Recyclable,bba4d44bc63ec0b1,13521165403186708657
Recyclable/Recyclable/cans_all_type/hpm_0000_0002_0_img0010.jpg,hpm_0000_0002_0_img0010.jpg,Recyclable,b84fce309352ce96,13281060534164311702
Recyclable/Recyclable/cans_all_type/iStock-882176684-recycle-cans.jpg,iStock-882176684-recycle-cans.jpg,Recyclable,82d3336db42f452e,9426934991284028718
Recyclable/Recyclable/cans_all_type/image28.jpg,image28.jpg,Recyclable,98f74d18236b3535,11022363379081360693
Recyclable/Recyclable/cans_all_type/image29.jpg,image29.jpg,Recyclable,98921b17b1e3a1eb,10993879428947485163
Recyclable/Recyclable/cans_all_type/imageedit_8_7934311890.jpg,imageedit_8_7934311890.jpg,Recyclable,ed619d1b76aa083a,17105125601010387002
Recyclable/Recyclable/cans_all_type/img_171534713499.jpg,img_171534713499.jpg,Recyclable,9290efc0ea95ce4d,10561204738032258637
Recyclable/Recyclable/cans_all_type/img_kaitori02.jpg,img_kaitori02.jpg,Recyclable,9be4d8b6302c355e,11233341647572710750
Recyclable/Recyclable/cans_all_type/imgbin-beer-recycling-bottle-beverage-can-waste-container-n16Eb9uEgizMUQNdZ2pyKAidT.jpg,imgbin-beer-recycling-bottle-beverage-can-waste-container-n16Eb9uEgizMUQNdZ2pyKAidT.jpg,Recyclable,f83987c687c6c686,17886476681829860998
Recyclable/Recyclable/cans_all_type/ith-water-drops-metallic-cans-for-beer-soda-lemonade-juice-energy-1271352472.jpg,ith-water-drops-metallic-cans-for-beer-soda-lemonade-juice-energy-1271352472.jpg,Recyclable,a88756877687708f,12143770060036993167
Recyclable/Recyclable/cans_all_type/l-intro-1653069533.jpg,l-intro-1653069533.jpg,Recyclable,9cf62a8beb593032,11310274294624890930
Recyclable/Recyclable/cans_all_type/maxres2.jpg,maxres2.jpg,Recyclable,cc7699316c666633,14733131668540253747
Recyclable/Recyclable/cans_all_type/maxresdefault.jpg,maxresdefault.jpg,Recyclable,ccc39934b748eb2a,14754805255888235306
Recyclable/Recyclable/cans_all_type/maxresdefault2.jpg,maxresdefault2.jpg,Recyclable,9c649746e6097dc9,11269298498350710217
Recyclable/Recyclable/cans_all_type/mbers_target_to_achieve_70_per_cent_aluminium_can_recycling_rate_by_2030_0_0.png,mbers_target_to_achieve_70_per_cent_aluminium_can_recycling_rate_by_2030_0_0.png,Recyclable,cd9167d7548bf090,14812734823932358800
Recyclable/Recyclable/cans_all_type/metal-aluminum-cans-non-biodegradable-600w-2016354857.jpg,metal-aluminum-cans-non-biodegradable-600w-2016354857.jpg,Recyclable,b986c37c914fe01d,13368587483677188125
Recyclable/Recyclable/cans_all_type/metal-aluminum-cans-non-biodegradable-600w-2016354890.jpg,metal-aluminum-cans-non-biodegradable-600w-2016354890.jpg,Recyclable,be80f127c418eb67,13727236817321257831
Recyclable/Recyclable/cans_all_type/metal-cans-for-recycling.jpg,metal-cans-for-recycling.jpg,Recyclable,e716e4c9996c8333,16651748226762572595
Recyclable/Recyclable/cans_all_type/metal-tin-can-isolated-food-lying-its-side-composition-over-white-background-74439654.jpg,metal-tin-can-isolated-food-lying-its-side-composition-over-white-background-74439654.jpg,Recyclable,b8c8c7b66ee93086,13315111884679622790
Recyclable/Recyclable/cans_all_type/ns-to-be-used-for-storage-of-products-are-being-displayed-in-the-expo-RXCE9N.jpg,ns-to-be-used-for-storage-of-products-are-being-displayed-in-the-expo-RXCE9N.jpg,Recyclable,facc7f8208de64a2,18071959601202226338
Recyclable/Recyclable/cans_all_type/old-canned-soup.jpg,old-canned-soup.jpg,Recyclable,bf9f922d3036c930,13807915705321310512
Recyclable/Recyclable/cans_all_type/p0c972tq.jpg,p0c972tq.jpg,Recyclable,897620312fbddc87,9905139826074442887
Recyclable/Recyclable/cans_all_type/paint_cats.png,paint_cats.png,Recyclable,8a8f3923e384ab7c,9984261725207440252
Recyclable/Recyclable/cans_all_type/pixnio-198357.jpeg,pixnio-198357.jpeg,Recyclable,dbec77ecd0e49040,15847173047810560064
Recyclable/Recyclable/cans_all_type/plastic-can-c.jpg,plastic-can-c.jpg,Recyclable,98e75d944bca4c55,11017877904893299797
Recyclable/Recyclable/cans_all_type/plastic-waste-and-other-recylable-items-1080x675.jpg,plastic-waste-and-other-recylable-items-1080x675.jpg,Recyclable,9eabf23484a621b7,11433498386387837367
Recyclable/Recyclable/cans_all_type/png-clipart-aluminum-can-recycling-bin-rubbish-bins-waste-paper-baskets-others-recycling-waste.png,png-clipart-aluminum-can-recycling-bin-rubbish-bins-waste-paper-baskets-others-recycling-waste.png,Recyclable,ecc69e4d633c9164,17061498293554286948
Recyclable/Recyclable/cans_all_type/png-transparent-fizzy-drinks-aluminum-can-sprite-coca-cola-jarritos-sprite-recycling-waste-cola.png,png-transparent-fizzy-drinks-aluminum-can-sprite-coca-cola-jarritos-sprite-recycling-waste-cola.png,Recyclable,b34cccc6cc339939,12919926585220634937
Recyclable/Recyclable/cans_all_type/pngtree-aluminum-cans-crushed-for-recycling-waste-reuse-material-photo-image_902933.jpg,pngtree-aluminum-cans-crushed-for-recycling-waste-reuse-material-photo-image_902933.jpg,Recyclable,b569698a96769664,13072095437370332772
Recyclable/Recyclable/cans_all_type/pouqoxmmx1.jpg,pouqoxmmx1.jpg,Recyclable,b6c3a13daacc3338,13169547021592048440
Recyclable/Recyclable/cans_all_type/preston-england-close-up-on-crushed-food-cans-drinks-cans-and-sweets-EY997A.jpg,preston-england-close-up-on-crushed-food-cans-drinks-cans-and-sweets-EY997A.jpg,Recyclable,b9e706c1739a382e,13395683044574771246
Recyclable/Recyclable/cans_all_type/product-roundup_cannedfood.jpg,product-roundup_cannedfood.jpg,Recyclable,fe8ac1b50f4a7a60,18341685415809546848
Recyclable/Recyclable/cans_all_type/pty-aluminum-cans-the-concept-of-processed-waste-background-texture-of-piles.jpg,pty-aluminum-cans-the-concept-of-processed-waste-background-texture-of-piles.jpg,Recyclable,fef9bc2ed0029289,18372923064078996105
Recyclable/Recyclable/cans_all_type/qad-blog-aluminum-cans.png,qad-blog-aluminum-cans.png,Recyclable,f8f46126e646d5c8,17939070035423581640
Recyclable/Recyclable/cans_all_type/real.jpg,real.jpg,Recyclable,d07e2ec1f82e8731,15023496817581918001
Recyclable/Recyclable/cans_all_type/realistic-cans-blue-with-water-drops-for-mock-up-soda-can-mock-up-free-png.png,realistic-cans-blue-with-water-drops-for-mock-up-soda-can-mock-up-free-png.png,Recyclable,bbb9f0acc464c44e,13527107580603974734
Recyclable/Recyclable/cans_all_type/recycle-aluminum-metal-crushed-can-waste-background-photo.jpg,recycle-aluminum-metal-crushed-can-waste-background-photo.jpg,Recyclable,b2d069c6f25c1e2d,12884914837097553453
Recyclable/Recyclable/cans_all_type/recycle-aluminum-metal-crushed-can-waste-background-photo2.jpg,recycle-aluminum-metal-crushed-can-waste-background-photo2.jpg,Recyclable,a95716b1d075db48,12202246668346055496
Recyclable/Recyclable/cans_all_type/recycle-aluminum-metal-crushed-can-waste-background_293060-10750.jpg,recycle-aluminum-metal-crushed-can-waste-background_293060-10750.jpg,Recyclable,81901d3d4e9793e7,9335994176687805415
Recyclable/Recyclable/cans_all_type/recycle-aluminum-metal-crushed-can-waste-background_293060-14712.jpg,recycle-aluminum-metal-crushed-can-waste-background_293060-14712.jpg,Recyclable,d6db53b6850674a1,15482060187397158049
Recyclable/Recyclable/cans_all_type/recycle-aluminum-metal-crushed-can-waste-background_293060-5186.jpg,recycle-aluminum-metal-crushed-can-waste-background_293060-5186.jpg,Recyclable,95aa2d8f6cd0daa4,10784482351721274020
Recyclable/Recyclable/cans_all_type/recycle-aluminum-metal-crushed-can-waste-background_293060-6927.jpg,recycle-aluminum-metal-crushed-can-waste-background_293060-6927.jpg,Recyclable,fd97745088204fe7,18273201902309101543
Recyclable/Recyclable/cans_all_type/recycling-21075023.jpg,recycling-21075023.jpg,Recyclable,b986c6c834b73b86,13368591107076078470
Recyclable/Recyclable/cans_all_type/recycling-bin-full-of-tin-cans-at-the-recycle-collection-center-in-sitka-alaska-usa-2PF5DKJ.jpg,recycling-bin-full-of-tin-cans-at-the-recycle-collection-center-in-sitka-alaska-usa-2PF5DKJ.jpg,Recyclable,e35c18a32ec57ad1,16382996633610451665
Recyclable/Recyclable/cans_all_type/recycling-process-soda-cans-after-rinse.jpg,recycling-process-soda-cans-after-rinse.jpg,Recyclable,e60ca76ad385e945,16576808405701093701
Recyclable/Recyclable/cans_all_type/recycling-symbol-waste-container-tin-can-png-favpng-ASUEjMd8dZew90LXEgfZTWLhh.jpg,recycling-symbol-waste-container-tin-can-png-favpng-ASUEjMd8dZew90LXEgfZTWLhh.jpg,Recyclable,e9e1e916833ec42e,16853007563497587758
Recyclable/Recyclable/cans_all_type/recycling-used-aluminum-cans-22651321.jpg,recycling-used-aluminum-cans-22651321.jpg,Recyclable,f0ff341c0f9383b0,17365655983288976304
Recyclable/Recyclable/cans_all_type/red-aluminium-can-vector-3885470.jpg,red-aluminium-can-vector-3885470.jpg,Recyclable,e1e39ab30e8e0cce,16277023572081118414
Recyclable/Recyclable/cans_all_type/republic-february-26-2017-energy-drinks-cans-from-czech-supermarkets-ostrava.jpg,republic-february-26-2017-energy-drinks-cans-from-czech-supermarkets-ostrava.jpg,Recyclable,c9d8453055223f7f,14544451070482071423
Recyclable/Recyclable/cans_all_type/rice-Easy-Operation-Pop-Top-Can-for-Electronic-Industry-Aluminum-Scrap-Metal.jpg,rice-Easy-Operation-Pop-Top-Can-for-Electronic-Industry-Aluminum-Scrap-Metal.jpg,Recyclable,a292477d0a7a0ddd,11714504183116336605
Recyclable/Recyclable/cans_all_type/sheet-alu-cans-garbage.jpg,sheet-alu-cans-garbage.jpg,Recyclable,f0c5b159875282df,17349468137595241183
Recyclable/Recyclable/cans_all_type/shutterstock-dC3A5ser.jpg,shutterstock-dC3A5ser.jpg,Recyclable,af378230afc005df,12625703225975113183
Recyclable/Recyclable/cans_all_type/shutterstock_1059823553-scaled.jpg,shutterstock_1059823553-scaled.jpg,Recyclable,99ce6798e81b8167,11082909639432175975
Recyclable/Recyclable/cans_all_type/sjb-4359-451.jpg,sjb-4359-451.jpg,Recyclable,80436b1fed721d47,9242348645166226759
Recyclable/Recyclable/cans_all_type/soda-can-mockup-realistic-transparent-free-png.png,soda-can-mockup-realistic-transparent-free-png.png,Recyclable,9b5d246274ae63b4,11195144253995901876
Recyclable/Recyclable/cans_all_type/soda-can-white-aluminum-2J8MroE-600.jpg,soda-can-white-aluminum-2J8MroE-600.jpg,Recyclable,e493939a9b4dc94c,16470670554463848780
Recyclable/Recyclable/cans_all_type/soda_can_1500394689-e1501261207105.jpg,soda_can_1500394689-e1501261207105.jpg,Recyclable,bd61c29e3e1ec12c,13646402330812137772
Recyclable/Recyclable/cans_all_type/soup-can-drawing-1.jpg,soup-can-drawing-1.jpg,Recyclable,ea6969b3938d84a6,16891148097425343654
Recyclable/Recyclable/cans_all_type/soup-can-generic-tin-copy-space-isolated-white-background-30738763.jpg,soup-can-generic-tin-copy-space-isolated-white-background-30738763.jpg,Recyclable,bcef47c1c3921296,13614179096099689110
Recyclable/Recyclable/cans_all_type/soup-cans-paintings-campbell-s-andy-warhol-as-seen-museumsquartier-vienna-austria-56224494.jpg,soup-cans-paintings-campbell-s-andy-warhol-as-seen-museumsquartier-vienna-austria-56224494.jpg,Recyclable,d255c5ad9036a5ea,15156237470224786922
Recyclable/Recyclable/cans_all_type/steel-can-header-inset.jpg,steel-can-header-inset.jpg,Recyclable,d18c3b6319f906ec,15099508947489982188
Recyclable/Recyclable/cans_all_type/steel-food-cans-3-piece-tinplate-cans-for-food-three-piece.jpg,steel-food-cans-3-piece-tinplate-cans-for-food-three-piece.jpg,Recyclable,eac2c7849339b19d,16916302522576646557
Recyclable/Recyclable/cans_all_type/steel-food-tin-can-on-white-background-BEG7A4.jpg,steel-food-tin-can-on-white-background-BEG7A4.jpg,Recyclable,e8e3169e499e46e1,16781281505608353505
Recyclable/Recyclable/cans_all_type/steel-soup-can-opened-CC8AXM.jpg,steel-soup-can-opened-CC8AXM.jpg,Recyclable,b8b0d2c365e54c8f,13308368635549797519
Recyclable/Recyclable/cans_all_type/stock-photo-recycle-aluminum-metal-crushed-can-waste-background-2163017067.jpg,stock-photo-recycle-aluminum-metal-crushed-can-waste-background-2163017067.jpg,Recyclable,a19f03a3dcd83c9c,11646031163723103388
Recyclable/Recyclable/cans_all_type/stocking-up-food-covid19.jpg,stocking-up-food-covid19.jpg,Recyclable,d844a592836ba3fb,15583762659297436667
Recyclable/Recyclable/cans_all_type/sz3rxrno.jpg,sz3rxrno.jpg,Recyclable,fac3d08ad0c6bc65,18069515424567311461
Recyclable/Recyclable/cans_all_type/three-aluminum-cans-without-label_1308-40588.jpg,three-aluminum-cans-without-label_1308-40588.jpg,Recyclable,d0b7fe03af81a381,15039768772409926529
Recyclable/Recyclable/cans_all_type/three-food-cans-on-white-background-DEENN6.jpg,three-food-cans-on-white-background-DEENN6.jpg,Recyclable,b3f250ad5c87588d,12966514982665017485
Recyclable/Recyclable/cans_all_type/tin-can-crafts-ft.jpg,tin-can-crafts-ft.jpg,Recyclable,fcc946d2a1193c5e,18215168038336543838
Recyclable/Recyclable/cans_all_type/tin-can-isolated-on-white-background-food-supplies-2E25PN9.jpg,tin-can-isolated-on-white-background-food-supplies-2E25PN9.jpg,Recyclable,fe83d1b475883a83,18339732680578972291
Recyclable/Recyclable/cans_all_type/tin-can-projects.jpg,tin-can-projects.jpg,Recyclable,da60b711f0ce14db,15735778385714877659
Recyclable/Recyclable/cans_all_type/tin_can_collage.jpg,tin_can_collage.jpg,Recyclable,8b643b0dcd70dac5,10044217999410387653
Recyclable/Recyclable/cans_all_type/ubcs.jpg,ubcs.jpg,Recyclable,96975e361b98332a,10851245413656703786
Recyclable/Recyclable/cans_all_type/up-photo-such-as-gumbo-soup-green-olives-original-decoration-store-215048708.jpg,up-photo-such-as-gumbo-soup-green-olives-original-decoration-store-215048708.jpg,Recyclable,d193163c8dcb994b,15101438424836184395
Recyclable/Recyclable/cans_all_type/used-aluminum-cans-1510558761-3447499.jpeg,used-aluminum-cans-1510558761-3447499.jpeg,Recyclable,afc25d98a0c4b7b8,12664788012232914872
Recyclable/Recyclable/cans_all_type/used-beverage-cans-aluminum-scrap-ubc--500x500.jpg,used-beverage-cans-aluminum-scrap-ubc--500x500.jpg,Recyclable,d5b83130dec930fc,15400113011759329532
Recyclable/Recyclable/cans_all_type/used-can-scrap-500x500.png,used-can-scrap-500x500.png,Recyclable,9cee14d9b984a9ca,11307998639726832074
Recyclable/Recyclable/cans_all_type/used-cans-recycling-klang-malaysia-may-separated-various-drinks-71794871.jpg,used-cans-recycling-klang-malaysia-may-separated-various-drinks-71794871.jpg,Recyclable,e2d5b0299928e6f3,16345164115320825587
Recyclable/Recyclable/cans_all_type/used-food-cans-at-recycling-center-germany-europe-S1TE9M.jpg,used-food-cans-at-recycling-center-germany-europe-S1TE9M.jpg,Recyclable,c7d24ba52ad270e3,14398654131417018595
Recyclable/Recyclable/cans_all_type/utensil.jpg,utensil.jpg,Recyclable,efe69585c1491a9c,17286668621414210204
Recyclable/Recyclable/cans_all_type/uuk754zo.jpg,uuk754zo.jpg,Recyclable,efe8d875950d841a,17287305169185113114
Recyclable/Recyclable/cans_all_type/various-household-metal-waste-cans-600w-1586734066.jpg,various-household-metal-waste-cans-600w-1586734066.jpg,Recyclable,ed79e246ad4a5243,17111957052353827395
Recyclable/Recyclable/cans_all_type/warhol-campbell-cans-dec-2018-embed01.png,warhol-campbell-cans-dec-2018-embed01.png,Recyclable,f5618a969ad432d3,17681565991480603347
Recyclable/Recyclable/cans_all_type/website2.0.png,website2.0.png,Recyclable,daf525ca7902c43d,15777558421106246717
Recyclable/Recyclable/cans_all_type/white-background-metal-waste-recycling-empty-crumpled-aluminum-can-120063176.jpg,white-background-metal-waste-recycling-empty-crumpled-aluminum-can-120063176.jpg,Recyclable,e4cb9bb41ae16d84,16486442058767232388
Recyclable/Recyclable/cans_all_type/yiu1pc0sap.jpg,yiu1pc0sap.jpg,Recyclable,fa31b1125a698c9f,18028385475725200543
Recyclable/Recyclable/glass_containers/-1117Wx1400H-464161823-clear-MODEL.jpg,-1117Wx1400H-464161823-clear-MODEL.jpg,Recyclable,83d4aa79d43b89d4,9499404954259655124
Recyclable/Recyclable/glass_containers/-grass-recycling-garbage-disposal-environment-ecology-concept-used-237382994.jpg,-grass-recycling-garbage-disposal-environment-ecology-concept-used-237382994.jpg,Recyclable,d6f9481fa5e2141b,15490491694081774619
Recyclable/Recyclable/glass_containers/-home-decor-lights-garden-planters-edging-organizing-DIY-apieceofrainbow-320.jpg,-home-decor-lights-garden-planters-edging-organizing-DIY-apieceofrainbow-320.jpg,Recyclable,c599b17de390067a,14238606851155428986
Recyclable/Recyclable/glass_containers/-jar-transparency-and-translucency-glass-jar-empty-clear-glass-jar-glass-lid.png,-jar-transparency-and-translucency-glass-jar-empty-clear-glass-jar-glass-lid.png,Recyclable,af6b2fd0f090940f,12640249353581138959
Recyclable/Recyclable/glass_containers/-recycle-storage-container-reduce-reuse-recycle-waste-sorting-bin-1549390778.jpg,-recycle-storage-container-reduce-reuse-recycle-waste-sorting-bin-1549390778.jpg,Recyclable,d3e3268c24eb53c3,15268089545072792515
Recyclable/Recyclable/glass_containers/0025.807V_1.jpg,0025.807V_1.jpg,Recyclable,96ab5c6ae5964945,10856872940894832965
Recyclable/Recyclable/glass_containers/09706-cover-bottlescxd.jpg,09706-cover-bottlescxd.jpg,Recyclable,ac322b43b2e952dd,12408027493123576541
Recyclable/Recyclable/glass_containers/09928-cover-opener.jpg,09928-cover-opener.jpg,Recyclable,de019db4275c5a2d,15997240748476750381
Recyclable/Recyclable/glass_containers/1-Glass-Jar-Dry-Goods-Food-Storage-Post-Thumbnail-Copyright-Your-Family-Ark-LLC-950x667.jpg,1-Glass-Jar-Dry-Goods-Food-Storage-Post-Thumbnail-Copyright-Your-Family-Ark-LLC-950x667.jpg,Recyclable,fba4b1b94cd3038c,18132813409116423052
Recyclable/Recyclable/glass_containers/1.jpg,1.jpg,Recyclable,a5e40ff89bd42562,11953696871388816738
Recyclable/Recyclable/glass_containers/1000006360930-1000006360929_01-750-1.jpg,1000006360930-1000006360929_01-750-1.jpg,Recyclable,c7b8463c914778ce,14391329835211782350
Recyclable/Recyclable/glass_containers/100ml-clear-acrylic-jar-cap-with-foam-liner-plastic-jars-314.webp,100ml-clear-acrylic-jar-cap-with-foam-liner-plastic-jars-314.webp,Recyclable,ea6e3b30c74e3099,16892504333001568409
Recyclable/Recyclable/glass_containers/18-How-to-Clean-and-Sanitize-Glass-Bottles-For-Reuse-XX-steps-1024x538.jpg,18-How-to-Clean-and-Sanitize-Glass-Bottles-For-Reuse-XX-steps-1024x538.jpg,Recyclable,b1493fb0d0cf3174,12774811846663156084
Recyclable/Recyclable/glass_containers/19-Innovative-Simple-and-Beautiful-DIY-Glass-Bottle-Decor-Ideas.jpg,19-Innovative-Simple-and-Beautiful-DIY-Glass-Bottle-Decor-Ideas.jpg,Recyclable,d7cbca80b5b8da41,15549744792580184641
Recyclable/Recyclable/glass_containers/25-25ml-small-mini-glass-bottles-jars-with-cork-stoppers-3pcs-original-imafd49zby3yrj7u.jpeg,25-25ml-small-mini-glass-bottles-jars-with-cork-stoppers-3pcs-original-imafd49zby3yrj7u.jpeg,Recyclable,bbc23bc66ab1c491,13529441953953989777
Recyclable/Recyclable/glass_containers/2_2c8ffcc9-71e4-485a-8a6d-413968b9a11e.jpg,2_2c8ffcc9-71e4-485a-8a6d-413968b9a11e.jpg,Recyclable,e4ee10db199baa64,16496141018318219876
Recyclable/Recyclable/glass_containers/30-ml-Lug-Cap-Glass-Jars.jpg,30-ml-Lug-Cap-Glass-Jars.jpg,Recyclable,f030564a8eb5e9d3,17307428246206671315
Recyclable/Recyclable/glass_containers/32.5_19d4770e-dc7a-4951-82bb-bf0030a411f7.jpg,32.5_19d4770e-dc7a-4951-82bb-bf0030a411f7.jpg,Recyclable,e6b36a0d99c98972,16623747256201873778
Recyclable/Recyclable/glass_containers/431275_l.jpg,431275_l.jpg,Recyclable,e887716285cede61,16755485606620880481
Recyclable/Recyclable/glass_containers/44084530822_acb18d4ea4_c-1200x900.jpg,44084530822_acb18d4ea4_c-1200x900.jpg,Recyclable,b2665baa42ea855b,12855062973200893275
Recyclable/Recyclable/glass_containers/48252.jpg,48252.jpg,Recyclable,e4a6d99b99666464,16476095549098320996
Recyclable/Recyclable/glass_containers/5-5-ml-small-mini-tall-clear-glass-bottles-jars-combo-of-10-pcs-original-imafd3nqa4ss5gbr.jpeg,5-5-ml-small-mini-tall-clear-glass-bottles-jars-combo-of-10-pcs-original-imafd3nqa4ss5gbr.jpeg,Recyclable,bb43e29653c5a4ac,13493878043810571436
Recyclable/Recyclable/glass_containers/500-GM-SQ-FANCY-scaled-e1674476779127.jpg,500-GM-SQ-FANCY-scaled-e1674476779127.jpg,Recyclable,87f9f8378d02a1cc,9798135381793874380
Recyclable/Recyclable/glass_containers/51Jl-pF7VZL.jpg,51Jl-pF7VZL.jpg,Recyclable,e161329a9e9e8ec6,16240317370942262982
Recyclable/Recyclable/glass_containers/51KO9Np8h0L.jpg,51KO9Np8h0L.jpg,Recyclable,fa9385686a877591,18055922014568805777
Recyclable/Recyclable/glass_containers/51P3TEvdWuL._AC_UF8941000_QL80_.jpg,51P3TEvdWuL._AC_UF8941000_QL80_.jpg,Recyclable,8f0e76fef03070b0,10308307434421121200
Recyclable/Recyclable/glass_containers/61APfOjOwNL.jpg,61APfOjOwNL.jpg,Recyclable,e933360c8ecf9a8c,16803834062212930188
Recyclable/Recyclable/glass_containers/61UB8QC4wL.jpg,61UB8QC4wL.jpg,Recyclable,8af4d53a788527d1,10012862318658267089
Recyclable/Recyclable/glass_containers/61ft4NGHGL.jpg,61ft4NGHGL.jpg,Recyclable,f2c88c3661dd36e1,17494386917718701793
Recyclable/Recyclable/glass_containers/61yOCnlgOLL._SL1500_-1.jpg,61yOCnlgOLL._SL1500_-1.jpg,Recyclable,ab94cc6b944bcc33,12363731639460416563
Recyclable/Recyclable/glass_containers/634e4f17051e7764aa233984-25ml-empty-seal-jars-glass-bottle-with.jpg,634e4f17051e7764aa233984-25ml-empty-seal-jars-glass-bottle-with.jpg,Recyclable,bb58c05fc2f0bad0,13499751400568044240
Recyclable/Recyclable/glass_containers/66dafa_2842aed6c4954075bf0d58dcb5ed5cecmv2.jpg,66dafa_2842aed6c4954075bf0d58dcb5ed5cecmv2.jpg,Recyclable,f609232ea6705fa5,17728740091388518309
Recyclable/Recyclable/glass_containers/71EBQt8XvtL._AC_UF10001000_QL80_.jpg,71EBQt8XvtL._AC_UF10001000_QL80_.jpg,Recyclable,ecc5866cc9b34e98,17061190565161553560
Recyclable/Recyclable/glass_containers/800px-Beer_bottles_2018_G1.jpg,800px-Beer_bottles_2018_G1.jpg,Recyclable,bad087e1819e61db,13461408688822444507
Recyclable/Recyclable/glass_containers/811bBLcwdXL._SL1500_-1.jpg,811bBLcwdXL._SL1500_-1.jpg,Recyclable,97b7189cede680c1,10932233682750439617
Recyclable/Recyclable/glass_containers/81B-xzZbOvL.jpg,81B-xzZbOvL.jpg,Recyclable,9991e26b9dcec6c0,11065874711262971584
Recyclable/Recyclable/glass_containers/81KUXai6eQL._SL1500_.jpg,81KUXai6eQL._SL1500_.jpg,Recyclable,fa4a9da6618da549,18035400995685377353
Recyclable/Recyclable/glass_containers/81ua-8FccoL._SL1500_.jpg,81ua-8FccoL._SL1500_.jpg,Recyclable,de81056add2ee459,16033102104951186521
Recyclable/Recyclable/glass_containers/Best-out-of-waste-ideas-to-decorate-your-home.jpg,Best-out-of-waste-ideas-to-decorate-your-home.jpg,Recyclable,b3f507229c96d368,12967278547320623976
Recyclable/Recyclable/glass_containers/Bottle-9.jpg,Bottle-9.jpg,Recyclable,eb6b85bcc3c29491,16963799467205760145
Recyclable/Recyclable/glass_containers/China-Kitchen-Storage-Glass-Mason-Jar-in-Bulk-Amber-Spice-Food-Glass-Jar-with-Lid.webp,China-Kitchen-Storage-Glass-Mason-Jar-in-Bulk-Amber-Spice-Food-Glass-Jar-with-Lid.webp,Recyclable,e4db80213791ff89,16490915340701794185
Recyclable/Recyclable/glass_containers/Cocacolacollection.JPG.jpg,Cocacolacollection.JPG.jpg,Recyclable,ff80843caa13f12f,18410860672776925487
Recyclable/Recyclable/glass_containers/Containers.jpg,Containers.jpg,Recyclable,e6a6991999698d9a,16620139810084457882
Recyclable/Recyclable/glass_containers/DIYlabeljarszerowastespicesReusableNation.jpg,DIYlabeljarszerowastespicesReusableNation.jpg,Recyclable,eddb81630fd1029e,17139435069355655838
Recyclable/Recyclable/glass_containers/DSC0662_600x.jpg,DSC0662_600x.jpg,Recyclable,f35b0786dc68d0b2,17535617849902026930
Recyclable/Recyclable/glass_containers/DSC07050.jpg,DSC07050.jpg,Recyclable,b9c6c439c2c43d9e,13386602694765198750
Recyclable/Recyclable/glass_containers/ESTAL-WILD-GLASS-1024x576.jpg,ESTAL-WILD-GLASS-1024x576.jpg,Recyclable,afc5c6c8c47a8578,12665748092641510776
Recyclable/Recyclable/glass_containers/FMCNJR900-02-1.jpg,FMCNJR900-02-1.jpg,Recyclable,8eeff55008e70f18,10299720596915162904
Recyclable/Recyclable/glass_containers/Fotografie-2015_10_130287_LR.jpeg,Fotografie-2015_10_130287_LR.jpeg,Recyclable,a792cc6d926633cc,12074938321913394124
Recyclable/Recyclable/glass_containers/GHJ_2005_2400x.jpg,GHJ_2005_2400x.jpg,Recyclable,e2369dc94833739c,16300389389139407772
Recyclable/Recyclable/glass_containers/Glass-Bottle-Jars-1.jpg,Glass-Bottle-Jars-1.jpg,Recyclable,febd2294e1339590,18355865679060768144
Recyclable/Recyclable/glass_containers/Glass-Jars-on-the-Counter.jpg,Glass-Jars-on-the-Counter.jpg,Recyclable,d2dc5c8207bd85ab,15194120956386575787
Recyclable/Recyclable/glass_containers/Glass-Seed-Jars-Zero-Waste-Chef-1024x436.jpg,Glass-Seed-Jars-Zero-Waste-Chef-1024x436.jpg,Recyclable,b73f1923d4648b1a,13204300274151492378
Recyclable/Recyclable/glass_containers/GlassBottleCandles_LuisVillalobos_BuyNothingReston-700x400.jpg,GlassBottleCandles_LuisVillalobos_BuyNothingReston-700x400.jpg,Recyclable,ff180e8913567559,18381457861010421081
Recyclable/Recyclable/glass_containers/HOW-TO-RE-USE-GLASS-JARS-AND-BOTTLES.jpg,HOW-TO-RE-USE-GLASS-JARS-AND-BOTTLES.jpg,Recyclable,8db7339c4aab14e8,10211687426446529768
Recyclable/Recyclable/glass_containers/Header-Image-1-1200x838.png,Header-Image-1-1200x838.png,Recyclable,a4c35a3ceb0db4c3,11872432260366841027
Recyclable/Recyclable/glass_containers/Industrial-glass-bottle-and-jar-scheme.png,Industrial-glass-bottle-and-jar-scheme.png,Recyclable,af91978c294cf11e,12651059456504557854
Recyclable/Recyclable/glass_containers/Kavi-Recycled-Vodka-Jars-Set-of-Four-4_800x.jpg,Kavi-Recycled-Vodka-Jars-Set-of-Four-4_800x.jpg,Recyclable,fb84d16b857b84d0,18123841060176889040
Recyclable/Recyclable/glass_containers/Kavi-Recycled-Vodka-Jars-Set-of-Four.jpg,Kavi-Recycled-Vodka-Jars-Set-of-Four.jpg,Recyclable,8084317efded4b2a,9260581155276409642
Recyclable/Recyclable/glass_containers/Kavi-Recycled-Vodka-Jars-Set-of-Two-2_800x.jpg,Kavi-Recycled-Vodka-Jars-Set-of-Two-2_800x.jpg,Recyclable,86c038f67c9f612e,9709823427914719534
Recyclable/Recyclable/glass_containers/Kavi-Transparent-Wine-Bottle-Jar-Set-of-Two.jpg,Kavi-Transparent-Wine-Bottle-Jar-Set-of-Two.jpg,Recyclable,d1c03d171a937795,15114147518894798741
Recyclable/Recyclable/glass_containers/MHC-C-072-06.jpg,MHC-C-072-06.jpg,Recyclable,ee819d4e81b4a56e,17186190613531633006
Recyclable/Recyclable/glass_containers/MP000000008225078_1348Wx2000H_202011202358181.jpeg,MP000000008225078_1348Wx2000H_202011202358181.jpeg,Recyclable,d50aeed2a2ad82ab,15351344868285579947
Recyclable/Recyclable/glass_containers/Real-Cycled4-1024x678.jpg,Real-Cycled4-1024x678.jpg,Recyclable,e29d956595629d62,16329372087445790050
Recyclable/Recyclable/glass_containers/Screenshot2023-01-22at4.00.14PM.png,Screenshot2023-01-22at4.00.14PM.png,Recyclable,bdc3d0cec23c0f34,13674002480067514164
Recyclable/Recyclable/glass_containers/SiONEER_glass_recycling_blog.jpg,SiONEER_glass_recycling_blog.jpg,Recyclable,ec819a19b526cabd,17042071900150745789
Recyclable/Recyclable/glass_containers/Types-of-Packaging-Glass-Bottles-Feature-Image.jpg,Types-of-Packaging-Glass-Bottles-Feature-Image.jpg,Recyclable,81c76d8392ded28e,9351563563130344078
Recyclable/Recyclable/glass_containers/WG-10026_20_3_800x.jpg,WG-10026_20_3_800x.jpg,Recyclable,ea81867eb861969e,16897935155688216222
Recyclable/Recyclable/glass_containers/Webp.net-gifmaker.gif,Webp.net-gifmaker.gif,Recyclable,d52a3327781afac4,15360145723712273092
Recyclable/Recyclable/glass_containers/XCRn60a5zd9b8KJQ3L2dA0xFNKxXe1Etv4u4o34D.jpeg,XCRn60a5zd9b8KJQ3L2dA0xFNKxXe1Etv4u4o34D.jpeg,Recyclable,e761d9613966609e,16672846307100352670
Recyclable/Recyclable/glass_containers/YPVkEC63mOKaXzB568IAM1F76mvlZQNocPWa9zjj.jpeg,YPVkEC63mOKaXzB568IAM1F76mvlZQNocPWa9zjj.jpeg,Recyclable,eb149c6bb462c9b4,16939336084849084852
Recyclable/Recyclable/glass_containers/abrablast_66e1dfa948.jpg,abrablast_66e1dfa948.jpg,Recyclable,9cc40f6ffea0d094,11296170739039785108
Recyclable/Recyclable/glass_containers/ae518d0b2da51b3a5332f05eb5f78517.png,ae518d0b2da51b3a5332f05eb5f78517.png,Recyclable,a8f69462dd2f9948,12175081794981304648
Recyclable/Recyclable/glass_containers/b0c06540025-494V_1.jpg,b0c06540025-494V_1.jpg,Recyclable,b99766921a999cc9,13373270396197510345
Recyclable/Recyclable/glass_containers/bff67913df873d7923e53a51e5139edb.webp,bff67913df873d7923e53a51e5139edb.webp,Recyclable,9f68c8c1673e8cc5,11486651582594845893
Recyclable/Recyclable/glass_containers/can-glass-be-recycled-683x1024.jpg,can-glass-be-recycled-683x1024.jpg,Recyclable,aef14f34c318bcc2,12605943920016800962
Recyclable/Recyclable/glass_containers/can-you-recycled-glass.jpg,can-you-recycled-glass.jpg,Recyclable,9191f736b191d01f,10489436821402013727
Recyclable/Recyclable/glass_containers/clean-glass-jars-for-reuse-or-recycling-HJBJ76.jpg,clean-glass-jars-for-reuse-or-recycling-HJBJ76.jpg,Recyclable,f6803dfb0dc432e1,17762265078826283745
Recyclable/Recyclable/glass_containers/cold-end.jpg,cold-end.jpg,Recyclable,b0703c7ebdb09585,12713728263112922501
Recyclable/Recyclable/glass_containers/ecor-lights-garden-planters-edging-organizing-DIY-apieceofrainbow-1-625x1024.jpg,ecor-lights-garden-planters-edging-organizing-DIY-apieceofrainbow-1-625x1024.jpg,Recyclable,8db9e6e6b212630d,10212447508543726349
Recyclable/Recyclable/glass_containers/ecor-lights-garden-planters-edging-organizing-DIY-apieceofrainbow-2-546x1024.jpg,ecor-lights-garden-planters-edging-organizing-DIY-apieceofrainbow-2-546x1024.jpg,Recyclable,80eb903fdaa1e3c6,9289677260307162054
Recyclable/Recyclable/glass_containers/empty-glass-jar-vector-5062356.jpg,empty-glass-jar-vector-5062356.jpg,Recyclable,b1b332c64e8e1a9b,12804633992847301275
Recyclable/Recyclable/glass_containers/etics-cartoon-style-clip-art-for-mobile-app-isolated-rgb-illustration-vector.jpg,etics-cartoon-style-clip-art-for-mobile-app-isolated-rgb-illustration-vector.jpg,Recyclable,a6cacb35d930349b,12018641987729110171
Recyclable/Recyclable/glass_containers/euro-pic.jpg,euro-pic.jpg,Recyclable,ea9dad92c2f2c630,16905859422066230832
Recyclable/Recyclable/glass_containers/fdfgfgfgfg-removebg-preview_2.png,fdfgfgfgfg-removebg-preview_2.png,Recyclable,d0b42f856fc8686b,15038697305849489515
Recyclable/Recyclable/glass_containers/for-zero-waste-shopping-and-storage-on-grey-background-no-plastic-1388959436.jpg,for-zero-waste-shopping-and-storage-on-grey-background-no-plastic-1388959436.jpg,Recyclable,beb622b319cf448c,13742209465595151500
Recyclable/Recyclable/glass_containers/glass-bottle-or-jar.jpg,glass-bottle-or-jar.jpg,Recyclable,bb9e9439c16b9039,13519406107191906361
Recyclable/Recyclable/glass_containers/glass-bottles-and-jars-for-recycling-M3RBBE.jpg,glass-bottles-and-jars-for-recycling-M3RBBE.jpg,Recyclable,fd2a0e974acc61cc,18242409283575374284
Recyclable/Recyclable/glass_containers/glass-jar-uses.jpg,glass-jar-uses.jpg,Recyclable,d91e07e75a0cc1d9,15644950845761307097
Recyclable/Recyclable/glass_containers/glass-recycling-header.jpg,glass-recycling-header.jpg,Recyclable,cb86988025bed2fe,14665576912735097598
Recyclable/Recyclable/glass_containers/glass-recycling.jpg,glass-recycling.jpg,Recyclable,d38cc28f341cdbc6,15243772759052704710
Recyclable/Recyclable/glass_containers/glass_bottles_materials_ff.jpg,glass_bottles_materials_ff.jpg,Recyclable,abd4122f54b3c43e,12381541270042166334
Recyclable/Recyclable/glass_containers/header-spice-jar-992x556.jpg,header-spice-jar-992x556.jpg,Recyclable,d68c9d73b2665854,15459904741095921748
Recyclable/Recyclable/glass_containers/home-glass-packaging-food-beverages-1024x666.jpg,home-glass-packaging-food-beverages-1024x666.jpg,Recyclable,e492c7e51839476d,16470446574015170413
Recyclable/Recyclable/glass_containers/home-glass-packaging-material-1024x666.jpg,home-glass-packaging-material-1024x666.jpg,Recyclable,c186bc73bc49972c,13945040501465519916
Recyclable/Recyclable/glass_containers/how-to-reuse-glass-bottles-and-jars-og.jpg,how-to-reuse-glass-bottles-and-jars-og.jpg,Recyclable,dd0bc064e8df2d70,15928036046762093936
Recyclable/Recyclable/glass_containers/how-to-reuse-glass-bottles-and-jars.jpg,how-to-reuse-glass-bottles-and-jars.jpg,Recyclable,df03c06ec3677843,16069899477345335363
Recyclable/Recyclable/glass_containers/il_500x500.4386032401_rgev.jpg,il_500x500.4386032401_rgev.jpg,Recyclable,e4a9d85627f958a1,16476938576261109921
Recyclable/Recyclable/glass_containers/il_570xN.2449419144_cwa3.jpg,il_570xN.2449419144_cwa3.jpg,Recyclable,a5c694919a12bef9,11945398414722907897
Recyclable/Recyclable/glass_containers/il_570xN.3673597270_eliu.jpg,il_570xN.3673597270_eliu.jpg,Recyclable,aff9d006991ef680,12680394952595666560
Recyclable/Recyclable/glass_containers/image-removebg-preview_9fe2e65d-5a31-414e-81c5-4401ae93aecb.png,image-removebg-preview_9fe2e65d-5a31-414e-81c5-4401ae93aecb.png,Recyclable,966b69966594876a,10838873022867474282
Recyclable/Recyclable/glass_containers/india-circus-by-krsnaa-mehta-grey-floral-galore-glass-bottle-24122002sd00156-1.jpg,india-circus-by-krsnaa-mehta-grey-floral-galore-glass-bottle-24122002sd00156-1.jpg,Recyclable,e6f31993c98c6626,16641673170596423206
Recyclable/Recyclable/glass_containers/ing-Glass-Cans-Recycled-Clear-Glass-Jar-for-Honey-Sauce-Jam-Candy-Packaging.webp,ing-Glass-Cans-Recycled-Clear-Glass-Jar-for-Honey-Sauce-Jam-Candy-Packaging.webp,Recyclable,86e4911bdbe4247e,9720053444611679358
Recyclable/Recyclable/glass_containers/jam-1106592_960_720.jpg,jam-1106592_960_720.jpg,Recyclable,a9543e2bd3acc954,12201445648409348436
Recyclable/Recyclable/glass_containers/jar-825x510.jpg,jar-825x510.jpg,Recyclable,f0590fef8415961d,17318891363417560605
Recyclable/Recyclable/glass_containers/jar.Cosmeticpetbottle_emptycontainers_acrylicshanjar_acrylicjar_50gmjarglass.jpg,jar.Cosmeticpetbottle_emptycontainers_acrylicshanjar_acrylicjar_50gmjarglass.jpg,Recyclable,ba92c56dce619b90,13444024913058962320
Recyclable/Recyclable/glass_containers/jar2.jpg,jar2.jpg,Recyclable,c3c52ca333a33bac,14106730487265573804
Recyclable/Recyclable/glass_containers/korken-bottle-shaped-jar-with-lid-clear-glass__1152252_pe885219_s5.jpg,korken-bottle-shaped-jar-with-lid-clear-glass__1152252_pe885219_s5.jpg,Recyclable,e466663293999b99,16457954255682771865
Recyclable/Recyclable/glass_containers/korken-bottle-shaped-jar-with-lid-clear-glass__1152258_pe885224_s5.jpg,korken-bottle-shaped-jar-with-lid-clear-glass__1152258_pe885224_s5.jpg,Recyclable,b066663267999b99,12710959364972321689
Recyclable/Recyclable/glass_containers/korken-jar-with-lid-clear-glass__0171898_pe306756_s5.jpg,korken-jar-with-lid-clear-glass__0171898_pe306756_s5.jpg,Recyclable,a78fda70841ff860,12074109302791469152
Recyclable/Recyclable/glass_containers/korken-jar-with-lid-clear-glass__0713739_pe729738_s5.jpg,korken-jar-with-lid-clear-glass__0713739_pe729738_s5.jpg,Recyclable,ed3c349592d3c3c1,17094596102609683393
Recyclable/Recyclable/glass_containers/korken-jar-with-lid-clear-glass__1059754_pe849771_s5.jpg,korken-jar-with-lid-clear-glass__1059754_pe849771_s5.jpg,Recyclable,ba78c18b8fa4b683,13436702293414426243
Recyclable/Recyclable/glass_containers/korken-jar-with-lid-clear-glass__1060982_ph168838_s5.jpg,korken-jar-with-lid-clear-glass__1060982_ph168838_s5.jpg,Recyclable,a9da5925964349f6,12239192955302398454
Recyclable/Recyclable/glass_containers/late-illustration-jar-glass-canning-close-container-empty-bottle_80590-11487.jpg,late-illustration-jar-glass-canning-close-container-empty-bottle_80590-11487.jpg,Recyclable,c96a1ee24a919f99,14513446706417344409
Recyclable/Recyclable/glass_containers/masonjarbackyard-1627317672.jpg,masonjarbackyard-1627317672.jpg,Recyclable,9efdad02d4e29059,11456503254773567577
Recyclable/Recyclable/glass_containers/maxresdefault.jpg,maxresdefault.jpg,Recyclable,dac2d1f6f8419453,15763392504407364691
Recyclable/Recyclable/glass_containers/maxresdefault2.jpg,maxresdefault2.jpg,Recyclable,b034cbc5c8cd93e3,12696997299802182627
Recyclable/Recyclable/glass_containers/maxresdefault3.jpg,maxresdefault3.jpg,Recyclable,8ca4c75ac9b9b370,10134444254235833200
Recyclable/Recyclable/glass_containers/my-borosil-storage-jars-1-2l-x-2-endura-airtight-glass-jar-set-of-2-1-2-l-30021285871754.jpg,my-borosil-storage-jars-1-2l-x-2-endura-airtight-glass-jar-set-of-2-1-2-l-30021285871754.jpg,Recyclable,a980ef3d95b7c340,12214025237212676928
Recyclable/Recyclable/glass_containers/my-borosil-storage-jars-12-pc-set-endura-airtight-glass-jar-set-of-12-29569577058442.jpg,my-borosil-storage-jars-12-pc-set-endura-airtight-glass-jar-set-of-12-29569577058442.jpg,Recyclable,f2cbcb308da48d95,17495300586846064021
Recyclable/Recyclable/glass_containers/my-borosil-storage-jars-600-ml-classic-jar-with-wooden-lid-31556757061770.jpg,my-borosil-storage-jars-600-ml-classic-jar-with-wooden-lid-31556757061770.jpg,Recyclable,b413c97cd7744329,12975936489412379433
Recyclable/Recyclable/glass_containers/my-borosil-storage-jars-750-ml-1l-1-3l-endura-airtight-glass-jar-set-of-3-30021303861386.jpg,my-borosil-storage-jars-750-ml-1l-1-3l-endura-airtight-glass-jar-set-of-3-30021303861386.jpg,Recyclable,fa50352527499cf6,18036974941308034294
Recyclable/Recyclable/glass_containers/pearl_green.jpg,pearl_green.jpg,Recyclable,f14eb2718e704fb0,17388031412114837424
Recyclable/Recyclable/glass_containers/pile-of-glass-bottles-to-be-recycled-MD11M2.jpg,pile-of-glass-bottles-to-be-recycled-MD11M2.jpg,Recyclable,fda354cd2a0875ca,18276544952949831114
Recyclable/Recyclable/glass_containers/pr_473.jpg,pr_473.jpg,Recyclable,a69b0d1c1e0d9dcd,12005203646100643277
Recyclable/Recyclable/glass_containers/pros-and-cons-glass-vs-plastic.png,pros-and-cons-glass-vs-plastic.png,Recyclable,974cc8c5330f9e8d,10902309547247902349
Recyclable/Recyclable/glass_containers/recycled-crafts-decorating-glass-jars.jpg,recycled-crafts-decorating-glass-jars.jpg,Recyclable,adabd240ad2e2ed1,12514327164804280017
Recyclable/Recyclable/glass_containers/recycled-glass-jars-c.jpg,recycled-glass-jars-c.jpg,Recyclable,f9c302fc998b11cb,17997231819833676235
Recyclable/Recyclable/glass_containers/recycled-glass.jpg,recycled-glass.jpg,Recyclable,a961b21ef3349723,12205232311149827875
Recyclable/Recyclable/glass_containers/repurposed-glass-jars-on-a-counter-upcycling.jpg,repurposed-glass-jars-on-a-counter-upcycling.jpg,Recyclable,a9c5f430ce05da3b,12233452453273918011
Recyclable/Recyclable/glass_containers/rsemptyemptycontainerforcosmeticsemptylipbalmcontainercreamjarsemptycosmetic.jpg,rsemptyemptycontainerforcosmeticsemptylipbalmcontainercreamjarsemptycosmetic.jpg,Recyclable,e89b9770868f4b25,16761156947739101989
Recyclable/Recyclable/glass_containers/s-glass-jar-watercolor-vector-clipart-set-hand-drawn-illustration_530505-480.jpg,s-glass-jar-watercolor-vector-clipart-set-hand-drawn-illustration_530505-480.jpg,Recyclable,ea959548946b633e,16903580915365274430
Recyclable/Recyclable/glass_containers/smetics-in-recycling-glass-bottle-jar-tube-for-skin-care-cleanser-2258699621.jpg,smetics-in-recycling-glass-bottle-jar-tube-for-skin-care-cleanser-2258699621.jpg,Recyclable,9e8e31e5e0974c99,11425124168070810777
Recyclable/Recyclable/glass_containers/soogo-clear-glass-cube-jar-1-l-set-of-2-product-images-o493624711-p599004984-1-202303030341.jpg,soogo-clear-glass-cube-jar-1-l-set-of-2-product-images-o493624711-p599004984-1-202303030341.jpg,Recyclable,ec31396c649b93cc,17019447604516983756
Recyclable/Recyclable/glass_containers/soogo-clear-glass-cube-jar-580-ml-set-of-3-product-images-o492867151-p597681808-1-202301181840.jpg,soogo-clear-glass-cube-jar-580-ml-set-of-3-product-images-o492867151-p597681808-1-202301181840.jpg,Recyclable,ec393b64c593e464,17021701570621072484
Recyclable/Recyclable/glass_containers/the-face-it-collection-cropped-1628584986.jpg,the-face-it-collection-cropped-1628584986.jpg,Recyclable,c7c09612f5d535cc,14393669417254073804
Recyclable/Recyclable/glass_containers/tles-wooden-grating-laid-meadow-recycled-glass-containers-close-up-158084825.jpg,tles-wooden-grating-laid-meadow-recycled-glass-containers-close-up-158084825.jpg,Recyclable,914b69d17e7113ca,10469578107243271114
Recyclable/Recyclable/glass_containers/tles-wooden-grating-laid-meadow-recycled-glass-containers-close-up-158084979.jpg,tles-wooden-grating-laid-meadow-recycled-glass-containers-close-up-158084979.jpg,Recyclable,dfefc1a0a0853e34,16136328885523791412
Recyclable/Recyclable/glass_containers/ttles-and-jars-glass-waste-empty-bottles-isolated-on-white-background-vector.jpg,ttles-and-jars-glass-waste-empty-bottles-isolated-on-white-background-vector.jpg,Recyclable,80afef5d9500d959,9272893342989998425
Recyclable/Recyclable/glass_containers/types-glass-you-can-recycle.png,types-glass-you-can-recycle.png,Recyclable,9e0da44ae596e1b6,11388939674276258230
Recyclable/Recyclable/glass_containers/zero-waste-home.jpg.webp,zero-waste-home.jpg.webp,Recyclable,c02f936b9512cdc7,13848449469459385799
Recyclable/Recyclable/paper_products/-an-HSM-baling-press-expands-the-capacity-boundaries-at-Alber-GmbH.--520x293.jpg,-an-HSM-baling-press-expands-the-capacity-boundaries-at-Alber-GmbH.--520x293.jpg,Recyclable,e18bbfd5350185b8,16252294602734798264
Recyclable/Recyclable/paper_products/-garbage-and-reusable-waste-management-old-paper-products-to-be-reused-waste.jpg,-garbage-and-reusable-waste-management-old-paper-products-to-be-reused-waste.jpg,Recyclable,b6dbc8968f62d025,13176345683778785317
Recyclable/Recyclable/paper_products/-paper-garbage-stuff-for-recycle-on-white-background-eco-friendly-2094399346.jpg,-paper-garbage-stuff-for-recycle-on-white-background-eco-friendly-2094399346.jpg,Recyclable,e9ad168749b1529b,16838139352120906395
Recyclable/Recyclable/paper_products/007490085_1-8e6d461c5712bdb1ad0c6f6948f82b11.png,007490085_1-8e6d461c5712bdb1ad0c6f6948f82b11.png,Recyclable,bf0fc08fc2f1c1d0,13767434309578375632
Recyclable/Recyclable/paper_products/04mag-cardboard-copy-videoSixteenByNine3000-v2.jpg,04mag-cardboard-copy-videoSixteenByNine3000-v2.jpg,Recyclable,edecb648a443ad46,17144278304602434886
Recyclable/Recyclable/paper_products/0688695001594027525-kraft-paper-scrap-o.jpeg.webp,0688695001594027525-kraft-paper-scrap-o.jpeg.webp,Recyclable,f02d1b9b059a8d7c,17306519295682579836
Recyclable/Recyclable/paper_products/1-rule.png,1-rule.png,Recyclable,b3e64c19ccb94639,12963132251125139001
Recyclable/Recyclable/paper_products/1000_F_253622625_mRkOKr6jfOmiHINdIBQHZWCBNOZhdxsG.jpg,1000_F_253622625_mRkOKr6jfOmiHINdIBQHZWCBNOZhdxsG.jpg,Recyclable,e997d06c962ba568,16832151297115006312
Recyclable/Recyclable/paper_products/1200px-Various_products_made_from_paper.JPG.jpg,1200px-Various_products_made_from_paper.JPG.jpg,Recyclable,eaa5b44b469ab196,16908118611432485270
Recyclable/Recyclable/paper_products/1250ml-kraft-paper-food-box-500x500.jpeg,1250ml-kraft-paper-food-box-500x500.jpeg,Recyclable,e99a941b96611f65,16832929403458625381
Recyclable/Recyclable/paper_products/13.20WEB-IMAGES-Paper-216x216.jpg,13.20WEB-IMAGES-Paper-216x216.jpg,Recyclable,ab95c4ca7a72a40f,12364004725932336143
Recyclable/Recyclable/paper_products/1610468941921.jpg,1610468941921.jpg,Recyclable,b74dc8b2d0710fb8,13208433952474337208
Recyclable/Recyclable/paper_products/17d7bd040219620f734f78e70bb24438.jpg,17d7bd040219620f734f78e70bb24438.jpg,Recyclable,aad1952e6ae12b9c,12308783283174452124
Recyclable/Recyclable/paper_products/18772787060_a6b88b52cb_z.jpg,18772787060_a6b88b52cb_z.jpg,Recyclable,c62d085c9dfe893a,14280079187342428474
Recyclable/Recyclable/paper_products/20200117122035-shopping-bags-4243556.jpeg,20200117122035-shopping-bags-4243556.jpeg,Recyclable,e23d3dca85cab168,16302254166188405096
Recyclable/Recyclable/paper_products/2021WhereRecycledPaperGoes_logotitle.png,2021WhereRecycledPaperGoes_logotitle.png,Recyclable,e82497cb1a3d496d,16727661814535244141
Recyclable/Recyclable/paper_products/20cardboard20boxes20on20white20background.20each20one20is20shot20separately.jpeg,20cardboard20boxes20on20white20background.20each20one20is20shot20separately.jpeg,Recyclable,faa48581e0f1cc7e,18060707198533749886
Recyclable/Recyclable/paper_products/251911498.jpg,251911498.jpg,Recyclable,bae533a92dd8058e,13467227062432957838
Recyclable/Recyclable/paper_products/41806500.jpg,41806500.jpg,Recyclable,ea969d6b940a728d,16903871336752509581
Recyclable/Recyclable/paper_products/45349554-cartons-waiting-to-be-picked-up-by-the-garbage-trucks-recycling-of-waste-paper.jpg,45349554-cartons-waiting-to-be-picked-up-by-the-garbage-trucks-recycling-of-waste-paper.jpg,Recyclable,949cbee3546d9330,10708643897563517744
Recyclable/Recyclable/paper_products/51DLHKxostL._SR6002C315_PIWhiteStrip2CBottomLeft2C02C35_SCLZZZZZZZ_FMpng_BG2552C2552C255.jpg,51DLHKxostL._SR6002C315_PIWhiteStrip2CBottomLeft2C02C35_SCLZZZZZZZ_FMpng_BG2552C2552C255.jpg,Recyclable,af66c63391c9cc4c,12639007329053428812
Recyclable/Recyclable/paper_products/51yELALi6L._SL500_.jpg,51yELALi6L._SL500_.jpg,Recyclable,ed9293cc92658673,17118907640427415155
Recyclable/Recyclable/paper_products/5cc8f28751a9ad23a663a94e_paper-blog.jpg,5cc8f28751a9ad23a663a94e_paper-blog.jpg,Recyclable,b62eda90c3f8a1cc,13127670279129571788
Recyclable/Recyclable/paper_products/800px-Box.agr.jpg,800px-Box.agr.jpg,Recyclable,c88737c23969706f,14449579236767920239
Recyclable/Recyclable/paper_products/96223146-cardboard-boxes-for-the-waste-paper-collection.jpg,96223146-cardboard-boxes-for-the-waste-paper-collection.jpg,Recyclable,dceaaab8a5991a92,15918723542923418258
Recyclable/Recyclable/paper_products/AccesstoRecyclingSnackable-Icons-60.jpeg,AccesstoRecyclingSnackable-Icons-60.jpeg,Recyclable,db2c4c225ad7a2d3,15793081703718167251
Recyclable/Recyclable/paper_products/Banner-focused-on-plus-products-eng-2-1024x506-1-1024x506.png,Banner-focused-on-plus-products-eng-2-1024x506-1-1024x506.png,Recyclable,8e91a52df00ec9ed,10273173841728424429
Recyclable/Recyclable/paper_products/Blog_4_28_21.jpg,Blog_4_28_21.jpg,Recyclable,d5b19b26e061c47d,15398259192232002685
Recyclable/Recyclable/paper_products/Box.agr.jpg,Box.agr.jpg,Recyclable,c88737c23969706f,14449579236767920239
Recyclable/Recyclable/paper_products/Corrugated20Packaging20Teaser20Image20Complete.jpg,Corrugated20Packaging20Teaser20Image20Complete.jpg,Recyclable,cf1961f61e92a06d,14923066549971624045
Recyclable/Recyclable/paper_products/Is-paper-biodegradable-hero-1230x615-c-default.jpg,Is-paper-biodegradable-hero-1230x615-c-default.jpg,Recyclable,916e63398e275995,10479422481786952085
Recyclable/Recyclable/paper_products/Overiew-papermaking-process-lumber-industry.jpg,Overiew-papermaking-process-lumber-industry.jpg,Recyclable,ab43cc8cf80c4df3,12340932309754334707
Recyclable/Recyclable/paper_products/Paper-and-cardboard-recycling-blog-banner.jpg,Paper-and-cardboard-recycling-blog-banner.jpg,Recyclable,ec3281c59578fac5,17019808627402799813
Recyclable/Recyclable/paper_products/Paper-scaled.png,Paper-scaled.png,Recyclable,d0721ba50fc4793e,15020098102982113598
Recyclable/Recyclable/paper_products/Paper_bowl.jpg,Paper_bowl.jpg,Recyclable,cf953e4c60332d6a,14957930235133373802
Recyclable/Recyclable/paper_products/Recycled_Paper_Towels_2_600x600.png,Recycled_Paper_Towels_2_600x600.png,Recyclable,cbb3e4c8e61d8156,14678327162035863894
Recyclable/Recyclable/paper_products/SHEYN-Shipping-Box-04-2.jpg,SHEYN-Shipping-Box-04-2.jpg,Recyclable,a327aedccb510d2c,11756557615601093932
Recyclable/Recyclable/paper_products/Tech_English_LG_Grade8-term2_p123.png,Tech_English_LG_Grade8-term2_p123.png,Recyclable,bf4290c1c93cd93d,13781736971686435133
Recyclable/Recyclable/paper_products/Tech_English_LG_Grade8-term2_p124.png,Tech_English_LG_Grade8-term2_p124.png,Recyclable,fc904babe251c671,18199129295812675185
Recyclable/Recyclable/paper_products/Top-Cardboard-Box-Manufacturers.jpg,Top-Cardboard-Box-Manufacturers.jpg,Recyclable,c6bfdcc3381e8ca0,14321408071079726240
Recyclable/Recyclable/paper_products/Untitled-design-28.png,Untitled-design-28.png,Recyclable,db96e3a1b04d6392,15823084624399917970
Recyclable/Recyclable/paper_products/WPC26RS_Section20Photo201_Eng.jpg,WPC26RS_Section20Photo201_Eng.jpg,Recyclable,e413eece92263647,16434742036187723335
Recyclable/Recyclable/paper_products/WhatPaperProductsRecyclable_greyoverlay.png,WhatPaperProductsRecyclable_greyoverlay.png,Recyclable,8a87751753b4d2d4,9982075842139050708
Recyclable/Recyclable/paper_products/a731cae2796caebdfadd16d9b8454e3b.jpg,a731cae2796caebdfadd16d9b8454e3b.jpg,Recyclable,dec929a7d8668615,16053408147605718549
Recyclable/Recyclable/paper_products/ade-from-recycled-paper-new-life-for-paper-examples-of-used-paper-1802026453.jpg,ade-from-recycled-paper-new-life-for-paper-examples-of-used-paper-1802026453.jpg,Recyclable,eeb1689c36c8698b,17199643472047925643
Recyclable/Recyclable/paper_products/art-attachment-background-boat-40906.jpeg,art-attachment-background-boat-40906.jpeg,Recyclable,badaed26d12683c4,13464334786951021508
Recyclable/Recyclable/paper_products/best-crafts-using-newspaper.jpg,best-crafts-using-newspaper.jpg,Recyclable,89fac29d933fe802,9942473109409884162
Recyclable/Recyclable/paper_products/bigstock-Recyclable-Materials-A-Select-364185454-1-825x510.jpg,bigstock-Recyclable-Materials-A-Select-364185454-1-825x510.jpg,Recyclable,d1aca7d9866d3470,15108635402626217072
Recyclable/Recyclable/paper_products/boxed20packed20goods-min.jpg,boxed20packed20goods-min.jpg,Recyclable,a146777849f32cd2,11621107246996597970
Recyclable/Recyclable/paper_products/bundles-of-cardboard-and-paper-for-recycling-ANDB1P.jpg,bundles-of-cardboard-and-paper-for-recycling-ANDB1P.jpg,Recyclable,848353e47bdee503,9548567875751437571
Recyclable/Recyclable/paper_products/cardboard-box-packing-peanuts-GettyImages-177495280-MLedit.jpg,cardboard-box-packing-peanuts-GettyImages-177495280-MLedit.jpg,Recyclable,b34d16f0892647db,12920008128344770523
Recyclable/Recyclable/paper_products/cardboard-min.jpeg,cardboard-min.jpeg,Recyclable,c9c96b311c32be78,14540270730613014136
Recyclable/Recyclable/paper_products/cardboard-recycling-1.jpg,cardboard-recycling-1.jpg,Recyclable,c9c1261fa751b969,14537942989521664361
Recyclable/Recyclable/paper_products/cardboard-to-recycle.jpg,cardboard-to-recycle.jpg,Recyclable,cc474646d36cb5e1,14719811177092527585
Recyclable/Recyclable/paper_products/cardboard-waste-paper-500x500.jpg,cardboard-waste-paper-500x500.jpg,Recyclable,dbe9cb08441e0f6b,15846420000242798443
Recyclable/Recyclable/paper_products/cardboard-waste-paper-scrap-645.jpg,cardboard-waste-paper-scrap-645.jpg,Recyclable,c60cce7a54d4b5c5,14271008344034817477
Recyclable/Recyclable/paper_products/cardboard_bales.png,cardboard_bales.png,Recyclable,d39ac782d3934c96,15247718853125557398
Recyclable/Recyclable/paper_products/cheap-shipping-boxes-1.jpg,cheap-shipping-boxes-1.jpg,Recyclable,82603c69793e97d3,9394575246398232531
Recyclable/Recyclable/paper_products/composting-paper.jpg,composting-paper.jpg,Recyclable,d0606f3b74b4ca96,15015123458804992662
Recyclable/Recyclable/paper_products/corrugated-vs-cardboard.jpg,corrugated-vs-cardboard.jpg,Recyclable,e5946e66640b9af8,16542968717282876152
Recyclable/Recyclable/paper_products/csm_Honig_Grasskarton_KarlKnauer_bd119781e6.jpg,csm_Honig_Grasskarton_KarlKnauer_bd119781e6.jpg,Recyclable,ecd4c3621b3c93c3,17065479714144818115
Recyclable/Recyclable/paper_products/csm_Sperli_Tuetenverpackung_KarlKnauer_5af44b4933.jpg,csm_Sperli_Tuetenverpackung_KarlKnauer_5af44b4933.jpg,Recyclable,b0c48ecccb93c739,12737462656350537529
Recyclable/Recyclable/paper_products/d820hero20newspaper20-20second20try.png,d820hero20newspaper20-20second20try.png,Recyclable,b1c363d928d75686,12809191549516076678
Recyclable/Recyclable/paper_products/garbage_recycle_recycling_sign-colored-background-top-view_1669975379.jpg,garbage_recycle_recycling_sign-colored-background-top-view_1669975379.jpg,Recyclable,92fc5e1d01aee643,10591443902343865923
Recyclable/Recyclable/paper_products/gift-box-rose-and-pocket-watch-on-brown-old-newspaper-KH0GXK.jpg,gift-box-rose-and-pocket-watch-on-brown-old-newspaper-KH0GXK.jpg,Recyclable,cdca36957a8479c4,14828724738704308676
Recyclable/Recyclable/paper_products/glass-containers-recycling-bin.jpg,glass-containers-recycling-bin.jpg,Recyclable,bac6d4a9916dc83a,13458678361197758522
Recyclable/Recyclable/paper_products/how-is-paper-recycled-and-reused-in-paper-products-reel-talk-193723_1024x1024.jpg,how-is-paper-recycled-and-reused-in-paper-products-reel-talk-193723_1024x1024.jpg,Recyclable,c85913214f366efc,14436591114296651516
Recyclable/Recyclable/paper_products/how-to-dispose-of-used-cardboard-boxes-01.jpg,how-to-dispose-of-used-cardboard-boxes-01.jpg,Recyclable,f6a55693295a991a,17772706694541515034
Recyclable/Recyclable/paper_products/hq720.jpg,hq720.jpg,Recyclable,cbd6639e9a85cc0a,14688036767563893770
Recyclable/Recyclable/paper_products/image29.jpg,image29.jpg,Recyclable,8ec674887b6a335a,10288038528309408602
Recyclable/Recyclable/paper_products/img_5e755845b44fd.jpg,img_5e755845b44fd.jpg,Recyclable,9399b11952536775,10635726717325633397
Recyclable/Recyclable/paper_products/maxresdefault.jpg,maxresdefault.jpg,Recyclable,941d63726f63cb24,10672796035084176164
Recyclable/Recyclable/paper_products/maxresdefault2.jpg,maxresdefault2.jpg,Recyclable,bc5dd498c6e4c196,13573238604601541014
Recyclable/Recyclable/paper_products/maxresdefault4.jpg,maxresdefault4.jpg,Recyclable,eace0d9491e316d6,16919475781831431894
Recyclable/Recyclable/paper_products/media2F14d2F14d799bf-bb7d-4c4f-ab41-23cb516d7c292Fimage.png,media2F14d2F14d799bf-bb7d-4c4f-ab41-23cb516d7c292Fimage.png,Recyclable,bf60d00f93f0c11f,13790250824333574431
Recyclable/Recyclable/paper_products/media2F31f2F31f4b7e5-1e39-42c4-a183-9d791928ee472FphpAWnYQQ.png,media2F31f2F31f4b7e5-1e39-42c4-a183-9d791928ee472FphpAWnYQQ.png,Recyclable,a0b4287bdf4bdf00,11579925054368767744
Recyclable/Recyclable/paper_products/mixed-paper-waste-cardboard-confidential-documents.jpg,mixed-paper-waste-cardboard-confidential-documents.jpg,Recyclable,8e0adaeae5949a35,10235233805561797173
Recyclable/Recyclable/paper_products/mobile-artwork_1.png,mobile-artwork_1.png,Recyclable,823bfdc0bc2739d0,9384373252788795856
Recyclable/Recyclable/paper_products/newspaper-bundles-for-paper-recycling.jpg,newspaper-bundles-for-paper-recycling.jpg,Recyclable,a3e1d60b947e2176,11808955043166429558
Recyclable/Recyclable/paper_products/nts-stacks-packs-pile-on-the-desk-in-the-office-waste-paper-paper-2087508244.jpg,nts-stacks-packs-pile-on-the-desk-in-the-office-waste-paper-paper-2087508244.jpg,Recyclable,d4cd28b614873ecb,15333957068759973579
Recyclable/Recyclable/paper_products/og-large-recycling-symbol.png,og-large-recycling-symbol.png,Recyclable,e566d621d9aad606,16530134923184100870
Recyclable/Recyclable/paper_products/old-newspapers-in-cardboard-box-BMD6CC.jpg,old-newspapers-in-cardboard-box-BMD6CC.jpg,Recyclable,b0ec4db35a933686,12748650077893113478
Recyclable/Recyclable/paper_products/open-box-newspaper-and-cup-inside-BFGY45.jpg,open-box-newspaper-and-cup-inside-BFGY45.jpg,Recyclable,fec06a9f0cca21ce,18356789312509059534
Recyclable/Recyclable/paper_products/or-recycling-urban-scene-environmental-conservation-concept-hong-kong-MPHXY8.jpg,or-recycling-urban-scene-environmental-conservation-concept-hong-kong-MPHXY8.jpg,Recyclable,a37135b362957499,11777253545119937689
Recyclable/Recyclable/paper_products/paper-mailers1.jpg,paper-mailers1.jpg,Recyclable,cf2a9793919c364a,14927910574931850826
Recyclable/Recyclable/paper_products/paper-recycling-at-plant-600x500.jpg,paper-recycling-at-plant-600x500.jpg,Recyclable,93462733e1a5d974,10612212675727710580
Recyclable/Recyclable/paper_products/paper-recycling-business.jpg,paper-recycling-business.jpg,Recyclable,bbcd91ce3912cca4,13532632770225032356
Recyclable/Recyclable/paper_products/paper-recycling-example-20200122.jpg,paper-recycling-example-20200122.jpg,Recyclable,e9668698b399cc66,16818277848868047974
Recyclable/Recyclable/paper_products/paper-recycling-paper-recycling-waste-cardboard-png-favpng-99SFN2yLMarC3zFexdVbAmz2h.jpg,paper-recycling-paper-recycling-waste-cardboard-png-favpng-99SFN2yLMarC3zFexdVbAmz2h.jpg,Recyclable,e19e9f309149da66,16257606735798852198
Recyclable/Recyclable/paper_products/paper_and_paperboard_ff_materials_0.jpg,paper_and_paperboard_ff_materials_0.jpg,Recyclable,8b3937958d2d2999,10032110760402692505
Recyclable/Recyclable/paper_products/paper_handout_en_0.jpg,paper_handout_en_0.jpg,Recyclable,c504d87fc067a67c,14196709968579110524
Recyclable/Recyclable/paper_products/personal_waste_diversion-_EXAMPLE__75883.1625001758.jpg,personal_waste_diversion-_EXAMPLE__75883.1625001758.jpg,Recyclable,ea91d0e29d2ad26d,16902520548216197741
Recyclable/Recyclable/paper_products/perspectives20on20paper20and20forest20products20in202022_1124440215_thumb_1536x1536.jpg,perspectives20on20paper20and20forest20products20in202022_1124440215_thumb_1536x1536.jpg,Recyclable,b0c3cd9c3373638c,12737250241895687052
Recyclable/Recyclable/paper_products/pier-altpapier-recycling-kp-1200_2e246d1781_96dc71c25a342a411d0d25f0af585045.jpg,pier-altpapier-recycling-kp-1200_2e246d1781_96dc71c25a342a411d0d25f0af585045.jpg,Recyclable,8c9f043d74a9f2d1,10132822348603716305
Recyclable/Recyclable/paper_products/plus-envelopes-carton-kraft-material403x-1024x682.png,plus-envelopes-carton-kraft-material403x-1024x682.png,Recyclable,89a27a5d872178de,9917623871540918494
Recyclable/Recyclable/paper_products/recyclablesbecome.jpg,recyclablesbecome.jpg,Recyclable,a34be03bb7848cbc,11766744998522162364
Recyclable/Recyclable/paper_products/recycling-paper-card-dumpster.jpg,recycling-paper-card-dumpster.jpg,Recyclable,ad8a85496a3dcf15,12504953865709145877
Recyclable/Recyclable/paper_products/segregated-paper-wastes-ready-to-recycling-DWRB4B.jpg,segregated-paper-wastes-ready-to-recycling-DWRB4B.jpg,Recyclable,958f02e17f8679d0,10776835600851302864
Recyclable/Recyclable/paper_products/shipping-damages.jpeg,shipping-damages.jpeg,Recyclable,fa7a0555628a07f5,18048744320924256245
Recyclable/Recyclable/paper_products/shutterstock_1135406513_600x600.jpg,shutterstock_1135406513_600x600.jpg,Recyclable,9fe629d282433cd5,11521942680779308245
Recyclable/Recyclable/paper_products/shutterstock_689934028-min.jpg,shutterstock_689934028-min.jpg,Recyclable,d06a5756e8ad9992,15017911938202835346
Recyclable/Recyclable/paper_products/slide_14.jpg,slide_14.jpg,Recyclable,c04f3d693e9279a4,13857362100672952740
Recyclable/Recyclable/paper_products/small-business-packaging-ideas.png,small-business-packaging-ideas.png,Recyclable,b2cd98e71b628c78,12884122227341167736
Recyclable/Recyclable/paper_products/sourcepaperfinal.jpg,sourcepaperfinal.jpg,Recyclable,eab1b53695663268,16911497321792287336
Recyclable/Recyclable/paper_products/spotify402x.png,spotify402x.png,Recyclable,a4327f8541ac7ba5,11831659381364915109
Recyclable/Recyclable/paper_products/stack-of-newspapers-for-recycling.jpg,stack-of-newspapers-for-recycling.jpg,Recyclable,84b02c4f1e1b3afe,9561190727226702590
Recyclable/Recyclable/paper_products/stack-of-newspapers-outdoors.jpg,stack-of-newspapers-outdoors.jpg,Recyclable,8c9c389c7189977b,10132035506247669627
Recyclable/Recyclable/paper_products/stack-of-paper-and-cardboard-for-recycling-2CRNY2N.jpg,stack-of-paper-and-cardboard-for-recycling-2CRNY2N.jpg,Recyclable,e5c64eb833904eb3,16557007633120251571
Recyclable/Recyclable/paper_products/stock-vector-paper-waste-items-paper-packaging-flat-design-illustrations-2291614661.jpg,stock-vector-paper-waste-items-paper-packaging-flat-design-illustrations-2291614661.jpg,Recyclable,e69b35a549d0598d,16616934234137844109
Recyclable/Recyclable/paper_products/ted-on-white-background-newspapers-boxes-notebooks-hand-fan-paper-2317157379.jpg,ted-on-white-background-newspapers-boxes-notebooks-hand-fan-paper-2317157379.jpg,Recyclable,daa928da35ca38a7,15756169689002817703
Recyclable/Recyclable/paper_products/the-drive-toward-sustainability-5050-1536x1536.jpg,the-drive-toward-sustainability-5050-1536x1536.jpg,Recyclable,cccc333298cecdc9,14757226371391344073
Recyclable/Recyclable/paper_products/vere-raw-material-shortage-user-industries-voice-concern-over-surging-prices.jpg,vere-raw-material-shortage-user-industries-voice-concern-over-surging-prices.jpg,Recyclable,f5e2f17b42e41c18,17717989395734469656
Recyclable/Recyclable/paper_products/w-newspaper-box-used-for-the-distribution-of-free-circulation-papers-7744258.jpg,w-newspaper-box-used-for-the-distribution-of-free-circulation-papers-7744258.jpg,Recyclable,f86cc79214c7688f,17900902049118644367
Recyclable/Recyclable/paper_products/waste-paper-products-carboard-box-13515875.jpg,waste-paper-products-carboard-box-13515875.jpg,Recyclable,e1929ee5329b19cc,16254228712367266252
Recyclable/Recyclable/paper_products/waste-paper-products-in-cardboard-box-BJ8JDP.jpg,waste-paper-products-in-cardboard-box-BJ8JDP.jpg,Recyclable,eae30d9c189837e6,16925386788667144166
Recyclable/Recyclable/paper_products/waste-paper-products-in-cardboard-box-BKEM99.jpg,waste-paper-products-in-cardboard-box-BKEM99.jpg,Recyclable,ea9b95e25887619a,16905270425645703578
Recyclable/Recyclable/paper_products/waste-paper-recycling-concept-with-cardboard-newspapers-bag-realistic_1284-33137.jpg,waste-paper-recycling-concept-with-cardboard-newspapers-bag-realistic_1284-33137.jpg,Recyclable,e63399d0742d374a,16587770973117036362
Recyclable/Recyclable/paper_products/waste-paper-skip-half-full-for-recycling-france-S3FCJW.jpg,waste-paper-skip-half-full-for-recycling-france-S3FCJW.jpg,Recyclable,80cef7c043b16bbc,9281628287198653372
Recyclable/Recyclable/paper_products/woman-sitting-on-the-floor-throwing-packing-material-in-the-air-ER92W8.jpg,woman-sitting-on-the-floor-throwing-packing-material-in-the-air-ER92W8.jpg,Recyclable,e8e5949a39eb5283,16781982976583619203
Recyclable/Recyclable/plastic_bottles/-1x-1.jpg,-1x-1.jpg,Recyclable,b33a7ad0196eb1c2,12914769915636789698
Recyclable/Recyclable/plastic_bottles/-drawing-plastic-waste-fresh-soda-drink-liquid-vector-illustration-244100830.jpg,-drawing-plastic-waste-fresh-soda-drink-liquid-vector-illustration-244100830.jpg,Recyclable,e88b3fcb63943485,16756556981343630469
Recyclable/Recyclable/plastic_bottles/01-waterbottlesun_20190719_0023_2x3.jpg,01-waterbottlesun_20190719_0023_2x3.jpg,Recyclable,9c93e3495c9e1c65,11282611395719208037
Recyclable/Recyclable/plastic_bottles/01_bottle_mm9070_190418_2400-2_16x9.jpg,01_bottle_mm9070_190418_2400-2_16x9.jpg,Recyclable,c4f9b8f54e3508c5,14193579064353425605
Recyclable/Recyclable/plastic_bottles/01_bottle_mm9070_190418_2400-2_2x3.jpg,01_bottle_mm9070_190418_2400-2_2x3.jpg,Recyclable,e23b3a3e15909bb1,16301687314521824177
Recyclable/Recyclable/plastic_bottles/02_bottle_mm9070_190418_2431-1-gif.gif,02_bottle_mm9070_190418_2431-1-gif.gif,Recyclable,c34f03b6dc1e5e24,14073471444467998244
Recyclable/Recyclable/plastic_bottles/02_bottle_mm9070_190418_2431-1-gif_3x4.gif,02_bottle_mm9070_190418_2431-1-gif_3x4.gif,Recyclable,c34d43b29c9e5e34,14072978845013532212
Recyclable/Recyclable/plastic_bottles/072822sprite.jpg,072822sprite.jpg,Recyclable,b3c6cc8966339933,12954266268675053875
Recyclable/Recyclable/plastic_bottles/1.5.jpg,1.5.jpg,Recyclable,b39999cccc6ccc32,12941544109107891250
Recyclable/Recyclable/plastic_bottles/102178025-Premium_Platic_Bottles.jpg,102178025-Premium_Platic_Bottles.jpg,Recyclable,8d9751ba637c0476,10202713341805986934
Recyclable/Recyclable/plastic_bottles/15537477-three-soda-water-bottles-isolated-on-white-background.jpg,15537477-three-soda-water-bottles-isolated-on-white-background.jpg,Recyclable,eec29c3d912f912a,17204485314751467818
Recyclable/Recyclable/plastic_bottles/1574672891_p_5170256_1028237.jpeg,1574672891_p_5170256_1028237.jpeg,Recyclable,b30b27e98e4c9c99,12901449441601166489
Recyclable/Recyclable/plastic_bottles/1600x960_205472-untitled-design-2021-10-26t214840301.jpg,1600x960_205472-untitled-design-2021-10-26t214840301.jpg,Recyclable,eb9cc1663372f908,16977657339973925128
Recyclable/Recyclable/plastic_bottles/210205135323-20210205-coca-cola-13-2-ounce.jpg,210205135323-20210205-coca-cola-13-2-ounce.jpg,Recyclable,b9c7c6926d399238,13386886749582103096
Recyclable/Recyclable/plastic_bottles/220728-coke-bottles-mjf-0712-f4d231.jpg,220728-coke-bottles-mjf-0712-f4d231.jpg,Recyclable,ee90d12f90f0c667,17190469779898549863
Recyclable/Recyclable/plastic_bottles/230316091950-01-plastic-water-bottle-industry-climate.jpg,230316091950-01-plastic-water-bottle-industry-climate.jpg,Recyclable,c0cec9d9d2999336,13893263837862925110
Recyclable/Recyclable/plastic_bottles/250ml-soda-pet-bottle.jpg,250ml-soda-pet-bottle.jpg,Recyclable,f5afaf81039b8072,17703561628862873714
Recyclable/Recyclable/plastic_bottles/360_F_231374564_5AGJByMj7j82L1BBMkxtTIntwrykx7Ys.jpg,360_F_231374564_5AGJByMj7j82L1BBMkxtTIntwrykx7Ys.jpg,Recyclable,fb8c84a38c7b9171,18126008438230847857
Recyclable/Recyclable/plastic_bottles/360_F_271992081_U3HO92OxojSCTyZhRnX9op5AyCCz0zYL.jpg,360_F_271992081_U3HO92OxojSCTyZhRnX9op5AyCCz0zYL.jpg,Recyclable,94eb179562364c73,10730696467505630323
Recyclable/Recyclable/plastic_bottles/4212d915183728270996d833a9ec3a2d--soda-bottle-crafts-soda-bottles.jpg,4212d915183728270996d833a9ec3a2d--soda-bottle-crafts-soda-bottles.jpg,Recyclable,f844c233c378de6a,17889637147401051754
Recyclable/Recyclable/plastic_bottles/4212d915183728270996d833a9ec3a2d.jpg,4212d915183728270996d833a9ec3a2d.jpg,Recyclable,f844c233c378de6a,17889637147401051754
Recyclable/Recyclable/plastic_bottles/51BtdZcVlML._AC_UF10001000_QL80_.jpg,51BtdZcVlML._AC_UF10001000_QL80_.jpg,Recyclable,fe7e816389816e89,18338236997207944841
Recyclable/Recyclable/plastic_bottles/5Different-types-of-PET-Source_-Hasiru-Dala-Innovations-1024x682.jpeg,5Different-types-of-PET-Source_-Hasiru-Dala-Innovations-1024x682.jpeg,Recyclable,d4913e36636a3963,15317092210980829539
Recyclable/Recyclable/plastic_bottles/60_ways_to_reuse_plastic_bottles.jpeg,60_ways_to_reuse_plastic_bottles.jpeg,Recyclable,cccd3436633333cc,14757508962160161740
Recyclable/Recyclable/plastic_bottles/61355355.jpg,61355355.jpg,Recyclable,ff84d137c02fd0a4,18412071213975195812
Recyclable/Recyclable/plastic_bottles/61vXqdLDGL.jpg,61vXqdLDGL.jpg,Recyclable,ea95601f954a957a,16903522465169970554
Recyclable/Recyclable/plastic_bottles/7-ways-to-upcycle-plastic-bottles-in-the-garden-pest-traps.jpg,7-ways-to-upcycle-plastic-bottles-in-the-garden-pest-traps.jpg,Recyclable,cef034c49383c73b,14911476385116833595
Recyclable/Recyclable/plastic_bottles/71MgpJ3gFZL.jpg,71MgpJ3gFZL.jpg,Recyclable,a2b89e30fde98a34,11725295563114646068
Recyclable/Recyclable/plastic_bottles/750-soda-extra-punch-plastic-bottle-kinley-original-imafcvvq3gqyzxrf.jpeg,750-soda-extra-punch-plastic-bottle-kinley-original-imafcvvq3gqyzxrf.jpeg,Recyclable,a070ffb43070ff24,11561021392831971108
Recyclable/Recyclable/plastic_bottles/Aluminium_Plastics_Wood-Mackenzie-1200x675.png,Aluminium_Plastics_Wood-Mackenzie-1200x675.png,Recyclable,d7c6719429e594c9,15548239644715226313
Recyclable/Recyclable/plastic_bottles/Antifreeze.jpg,Antifreeze.jpg,Recyclable,95b85a6b3a919a39,10788472323956644409
Recyclable/Recyclable/plastic_bottles/Black_and_white_Coke_Zero.jpg,Black_and_white_Coke_Zero.jpg,Recyclable,b1426e91eb376856,12772893066171738198
Recyclable/Recyclable/plastic_bottles/Bottled-water-packaging-uses-59-less-PET-plastic-than-other-beverages.jpg,Bottled-water-packaging-uses-59-less-PET-plastic-than-other-beverages.jpg,Recyclable,c091c5b67df2235c,13876089314492949340
Recyclable/Recyclable/plastic_bottles/CSD_ogolnie.jpg,CSD_ogolnie.jpg,Recyclable,fae011455aca4dd7,18077467893838794199
Recyclable/Recyclable/plastic_bottles/Dasani_web_3.6303e0c91079d.png,Dasani_web_3.6303e0c91079d.png,Recyclable,8010bf0f1fb735e4,9228085708159661540
Recyclable/Recyclable/plastic_bottles/F7GECBQH3Z3V3FE.jpg,F7GECBQH3Z3V3FE.jpg,Recyclable,9eb03a676ccc9899,11434703669775079577
Recyclable/Recyclable/plastic_bottles/Featured-Image-Coca-Cola-Update-e1680790895392.jpg,Featured-Image-Coca-Cola-Update-e1680790895392.jpg,Recyclable,f8e1d0366a853c9e,17933844123299953822
Recyclable/Recyclable/plastic_bottles/GettyImages-1250476314.jpg,GettyImages-1250476314.jpg,Recyclable,bacfc214b04eb70d,13461191205346785037
Recyclable/Recyclable/plastic_bottles/H9436b5a8afeb4b8685783aec367a9022q.jpg,H9436b5a8afeb4b8685783aec367a9022q.jpg,Recyclable,a61f9f1d99e0c8e0,11970461284058581216
Recyclable/Recyclable/plastic_bottles/How-Much-Money-Is-There-In-Plastic-Bottles.png,How-Much-Money-Is-There-In-Plastic-Bottles.png,Recyclable,8cfaa21fd85ce143,10158610167145226563
Recyclable/Recyclable/plastic_bottles/How-To-Make-A-Soda-Bottle-cloche-Garden-Gate-Magazine.jpg,How-To-Make-A-Soda-Bottle-cloche-Garden-Gate-Magazine.jpg,Recyclable,86c6363c7111cf73,9711509279693983603
Recyclable/Recyclable/plastic_bottles/IMG_2192.jpg,IMG_2192.jpg,Recyclable,99e26689f73489c3,11088537975283550659
Recyclable/Recyclable/plastic_bottles/Numbers_Behind_Water_Bottles2_099693d4-be78-45e8-bc4c-007319ffe0ac_1024x1024.jpg,Numbers_Behind_Water_Bottles2_099693d4-be78-45e8-bc4c-007319ffe0ac_1024x1024.jpg,Recyclable,fec881d63309566b,18359066637955061355
Recyclable/Recyclable/plastic_bottles/PETE-Plastic-Bottle-Food-Storage-Post-Thumbnail-Copyright-Your-Family-Ark-LLC-950x666.jpg,PETE-Plastic-Bottle-Food-Storage-Post-Thumbnail-Copyright-Your-Family-Ark-LLC-950x666.jpg,Recyclable,97f0780f62327297,10948382701604991639
Recyclable/Recyclable/plastic_bottles/Pic1Waste-sorters-aggregators.jpeg,Pic1Waste-sorters-aggregators.jpeg,Recyclable,8f3011cee633266f,10317766326628853359
Recyclable/Recyclable/plastic_bottles/Polyethylene-Terephthalate-Water-Bottles.jpg,Polyethylene-Terephthalate-Water-Bottles.jpg,Recyclable,c3e2b05bad2af458,14115038089926341720
Recyclable/Recyclable/plastic_bottles/Reusable-Bottles-scaled.jpg,Reusable-Bottles-scaled.jpg,Recyclable,902567696cd9cbc3,10386821818095356867
Recyclable/Recyclable/plastic_bottles/SKINBOTTLE_P2_570x428.jpg,SKINBOTTLE_P2_570x428.jpg,Recyclable,a48f9b529f349634,11857867123050452532
Recyclable/Recyclable/plastic_bottles/Screenshot-2021-11-01-at-22.49.21.png,Screenshot-2021-11-01-at-22.49.21.png,Recyclable,b869d1b67ac1b09c,13288382757207126172
Recyclable/Recyclable/plastic_bottles/SodaBottle1.jpg,SodaBottle1.jpg,Recyclable,c33169cbb3b90587,14065139434869294471
Recyclable/Recyclable/plastic_bottles/SodaBottle2.jpg,SodaBottle2.jpg,Recyclable,f7d768bcf0404c23,17858858008054877219
Recyclable/Recyclable/plastic_bottles/The-journey-to-100-recycled-plastic-bottles-rPET-in-the-UK.jpg,The-journey-to-100-recycled-plastic-bottles-rPET-in-the-UK.jpg,Recyclable,a6499b6734cccc99,11982279151165688985
Recyclable/Recyclable/plastic_bottles/WEBDasani-Sprite-Fesca-Seagrams--Mello-Yellow.png,WEBDasani-Sprite-Fesca-Seagrams--Mello-Yellow.png,Recyclable,8fd0e70738588f78,10363036760775626616
Recyclable/Recyclable/plastic_bottles/_106025465_gettyimages-997802542.jpg,_106025465_gettyimages-997802542.jpg,Recyclable,aafba7cc9c82a544,12320625702843098436
Recyclable/Recyclable/plastic_bottles/_116927274_adez_paper_bottle.jpg,_116927274_adez_paper_bottle.jpg,Recyclable,8c2e670ca26a67f3,10101124318200752115
Recyclable/Recyclable/plastic_bottles/a-discarded-old-bottle-of-coca-cola-in-water-closeup-2F3417K.jpg,a-discarded-old-bottle-of-coca-cola-in-water-closeup-2F3417K.jpg,Recyclable,99cb66a43e966691,11082064163685951121
Recyclable/Recyclable/plastic_bottles/aaede33392224d85fc52e77638a88bda.jpg,aaede33392224d85fc52e77638a88bda.jpg,Recyclable,86e741c29d8f58cd,9720810624825383117
Recyclable/Recyclable/plastic_bottles/botella-plastico.jpg,botella-plastico.jpg,Recyclable,eb9716ada5c8a950,16976062255462918480
Recyclable/Recyclable/plastic_bottles/bottle-1300161_640.png,bottle-1300161_640.png,Recyclable,e1d696c118617f65,16273360059631763301
Recyclable/Recyclable/plastic_bottles/bottle-crafts-720x405.jpg,bottle-crafts-720x405.jpg,Recyclable,e11216263efff029,16218049561636106281
Recyclable/Recyclable/plastic_bottles/bottleHistory.jpg,bottleHistory.jpg,Recyclable,9689693696e3389d,10847316860679174301
Recyclable/Recyclable/plastic_bottles/bottles-to-fabric.jpg,bottles-to-fabric.jpg,Recyclable,90cf6ba00ff1b7c0,10434677196847167424
Recyclable/Recyclable/plastic_bottles/bottles-with-soft-drink_1339-1839.jpg,bottles-with-soft-drink_1339-1839.jpg,Recyclable,e99696698139867e,16831806037227570814
Recyclable/Recyclable/plastic_bottles/bottles3-kEpF--621x414LiveMint.JPG.jpg,bottles3-kEpF--621x414LiveMint.JPG.jpg,Recyclable,9fd3724162535a53,11516674297264560723
Recyclable/Recyclable/plastic_bottles/cfa2b386ae46a3e284981022398039a2--cola-packaging.jpg,cfa2b386ae46a3e284981022398039a2--cola-packaging.jpg,Recyclable,ebd8951d4be0b4e0,16994497146942174432
Recyclable/Recyclable/plastic_bottles/coca-cola-bottles.jpg,coca-cola-bottles.jpg,Recyclable,9fe1e8c607391cc9,11520745259012791497
Recyclable/Recyclable/plastic_bottles/coca-cola-recycled-plastic-news_dezeen_2364_sq.jpg,coca-cola-recycled-plastic-news_dezeen_2364_sq.jpg,Recyclable,a78d887258738fb8,12073456200741785528
Recyclable/Recyclable/plastic_bottles/coke-rpet-portfolio-lineup.jpg,coke-rpet-portfolio-lineup.jpg,Recyclable,f4cf4a796282ce2a,17640400150637760042
Recyclable/Recyclable/plastic_bottles/ctor-set-illustration-container-water-bottle-plastic-with-liquid_102902-4326.jpg,ctor-set-illustration-container-water-bottle-plastic-with-liquid_102902-4326.jpg,Recyclable,bfc1e8d0c02f9327,13817581115024577319
Recyclable/Recyclable/plastic_bottles/d-water-drinks-in-bottles-plastic-beverage-bottles-icon-set-flat-icon-vector.jpg,d-water-drinks-in-bottles-plastic-beverage-bottles-icon-set-flat-icon-vector.jpg,Recyclable,d2adad52a552f252,15180980489408410194
Recyclable/Recyclable/plastic_bottles/ded-sea-waste-environment-contamination-neat-vector-illustration_81894-10608.jpg,ded-sea-waste-environment-contamination-neat-vector-illustration_81894-10608.jpg,Recyclable,ef678882ed48c49d,17250906993574069405
Recyclable/Recyclable/plastic_bottles/depositphotos_17414663-stock-photo-little-bottle-of-soda.jpg,depositphotos_17414663-stock-photo-little-bottle-of-soda.jpg,Recyclable,e4929b33996c9365,16470397433166992229
Recyclable/Recyclable/plastic_bottles/depositphotos_32383859-stock-photo-set-of-water-bottles.jpg,depositphotos_32383859-stock-photo-set-of-water-bottles.jpg,Recyclable,adc4444b63b39d6a,12521207954582773098
Recyclable/Recyclable/plastic_bottles/depositphotos_9379122-stock-photo-closeup-asssorted-soda-bottles.jpg,depositphotos_9379122-stock-photo-closeup-asssorted-soda-bottles.jpg,Recyclable,aad4c089bcbcbe83,12309675379319946883
Recyclable/Recyclable/plastic_bottles/detail-of-empty-water-bottle-collection-R166YG.jpg,detail-of-empty-water-bottle-collection-R166YG.jpg,Recyclable,971a1cc36394793d,10888046674636470589
Recyclable/Recyclable/plastic_bottles/drink-6537028_640.jpg,drink-6537028_640.jpg,Recyclable,d90504f8ef262ee6,15637910748324572902
Recyclable/Recyclable/plastic_bottles/drinks-cans-plastic-bottles-illustrations-set_74855-16864.jpg,drinks-cans-plastic-bottles-illustrations-set_74855-16864.jpg,Recyclable,ea52c7b5b8e98449,16884777536270730313
Recyclable/Recyclable/plastic_bottles/drip-feeder-338x600.jpg,drip-feeder-338x600.jpg,Recyclable,d343578b3ce45c2c,15223107420976077868
Recyclable/Recyclable/plastic_bottles/drip-feeder-e1517492065644.jpg,drip-feeder-e1517492065644.jpg,Recyclable,d343578b3ce45c2c,15223107420976077868
Recyclable/Recyclable/plastic_bottles/empty-glass-soda-water-bottles-in-crate-anand-charotar-gujarat-india-ET0G95.jpg,empty-glass-soda-water-bottles-in-crate-anand-charotar-gujarat-india-ET0G95.jpg,Recyclable,c9cf3f856cc85285,14541911564090888837
Recyclable/Recyclable/plastic_bottles/empty-plastic-soda-bottle-200ml.jpeg,empty-plastic-soda-bottle-200ml.jpeg,Recyclable,c3c7ed68589838d3,14107505390180120787
Recyclable/Recyclable/plastic_bottles/f4a7287c01c992ec201abd897da29b00.jpg,f4a7287c01c992ec201abd897da29b00.jpg,Recyclable,cc2f45b1370cd9e2,14713055135077816802
Recyclable/Recyclable/plastic_bottles/facts-about-plastic-bottles1.jpg,facts-about-plastic-bottles1.jpg,Recyclable,be39c342ac5a1d35,13707201632005659957
Recyclable/Recyclable/plastic_bottles/facts-about-plastic-bottles2.jpg,facts-about-plastic-bottles2.jpg,Recyclable,cf50ffcb40330b68,14938721212408466280
Recyclable/Recyclable/plastic_bottles/ft-grass-environmental-concept-bucharest-romania-coca-cola-plastic-185142975.jpg,ft-grass-environmental-concept-bucharest-romania-coca-cola-plastic-185142975.jpg,Recyclable,9868ec9ac5479fb0,10982287840821878704
Recyclable/Recyclable/plastic_bottles/ht-p-make-a-soda-shorter.jpg,ht-p-make-a-soda-shorter.jpg,Recyclable,c68636784929ef39,14305181156640419641
Recyclable/Recyclable/plastic_bottles/img_5e7545baa3fe4.jpg,img_5e7545baa3fe4.jpg,Recyclable,aef14f34c318bcc2,12605943920016800962
Recyclable/Recyclable/plastic_bottles/le-soda-lemon-orange-and-water-drinks-in-bottles-plastic-beverage-1296536842.jpg,le-soda-lemon-orange-and-water-drinks-in-bottles-plastic-beverage-1296536842.jpg,Recyclable,9fc0609f70cf3f80,11511306885467684736
Recyclable/Recyclable/plastic_bottles/lemonade-plastic-bottles-citrus-orange-lemon-soda-water_101087-176.jpg,lemonade-plastic-bottles-citrus-orange-lemon-soda-water_101087-176.jpg,Recyclable,e698999999669966,16616199710166128998
Recyclable/Recyclable/plastic_bottles/linder-with-tap-and-pump-containers-for-clean-water-and-beverages-2175350909.jpg,linder-with-tap-and-pump-containers-for-clean-water-and-beverages-2175350909.jpg,Recyclable,bf9340af18c0679b,13804448403599419291
Recyclable/Recyclable/plastic_bottles/maxresdefault.jpg,maxresdefault.jpg,Recyclable,f134ae5b8168f1b4,17380708569965982132
Recyclable/Recyclable/plastic_bottles/maxresdefault2.jpg,maxresdefault2.jpg,Recyclable,90b45d45b6b357b0,10427061591268874160
Recyclable/Recyclable/plastic_bottles/maxresdefault3.jpg,maxresdefault3.jpg,Recyclable,8259661dc76471e7,9392650775943213543
Recyclable/Recyclable/plastic_bottles/minium-vs-carton-carbon-footprint-p6s8ct2sc0qlo3sipt9k1m2zjocwp37mfzvcpsjmh4.png,minium-vs-carton-carbon-footprint-p6s8ct2sc0qlo3sipt9k1m2zjocwp37mfzvcpsjmh4.png,Recyclable,a4cf1bb1c4649b66,11875741192717376358
Recyclable/Recyclable/plastic_bottles/mysoda-bottle-0.5l-white-2pcs-crop.jpg,mysoda-bottle-0.5l-white-2pcs-crop.jpg,Recyclable,e984b4cbcb1bcb30,16826772895141972784
Recyclable/Recyclable/plastic_bottles/nick-fewings--2lJGRIY5P0-unsplash.jpg,nick-fewings--2lJGRIY5P0-unsplash.jpg,Recyclable,9faae236849621b7,11505256921851896247
Recyclable/Recyclable/plastic_bottles/pet-bottle-recycling.jpg,pet-bottle-recycling.jpg,Recyclable,8829b515ad52deba,9811572367910166202
Recyclable/Recyclable/plastic_bottles/pet-plastic-soda-bottles-category.png,pet-plastic-soda-bottles-category.png,Recyclable,fa85c0782f78857a,18052046303809537402
Recyclable/Recyclable/plastic_bottles/pexels-photo-802221.jpeg,pexels-photo-802221.jpeg,Recyclable,9c29f2d40963a5de,11252792136466408926
Recyclable/Recyclable/plastic_bottles/plass.jpg,plass.jpg,Recyclable,d5a932d5689fd540,15395892693307479360
Recyclable/Recyclable/plastic_bottles/plastic-bottle-ocean-1200x600.jpg,plastic-bottle-ocean-1200x600.jpg,Recyclable,f98427e3999c8656,17979539470858094166
Recyclable/Recyclable/plastic_bottles/plastic-bottles-mineral-water-soda-can_101087-305.jpg,plastic-bottles-mineral-water-soda-can_101087-305.jpg,Recyclable,be95cb5ac11b36c0,13733106229383476928
Recyclable/Recyclable/plastic_bottles/plastic-bottles-of-assorted-carbonated-soft-drinks-in-variety-of-colors-MG89G6.jpg,plastic-bottles-of-assorted-carbonated-soft-drinks-in-variety-of-colors-MG89G6.jpg,Recyclable,fac4458b3a9b3591,18069644069203293585
Recyclable/Recyclable/plastic_bottles/plastic-bottles-of-assorted-carbonated-soft-drinks-in-variety-of-colors-T39G53.jpg,plastic-bottles-of-assorted-carbonated-soft-drinks-in-variety-of-colors-T39G53.jpg,Recyclable,aabd65c31a9a15e1,12303101645685396961
Recyclable/Recyclable/plastic_bottles/plastic-bottles.jpg,plastic-bottles.jpg,Recyclable,afb2f03dd44f8940,12660445650837539136
Recyclable/Recyclable/plastic_bottles/plastic-soda-bottle.jpg,plastic-soda-bottle.jpg,Recyclable,ec8c53ae13874793,17045090696807532435
Recyclable/Recyclable/plastic_bottles/plastic-water-bottles-environmental-impacts.jpg,plastic-water-bottles-environmental-impacts.jpg,Recyclable,9e61b0dbcd7a21b0,11412597388825207216
Recyclable/Recyclable/plastic_bottles/plastic-water-bottles-facts.jpg,plastic-water-bottles-facts.jpg,Recyclable,d0e639c479aa3d86,15052782320550034822
Recyclable/Recyclable/plastic_bottles/ple-soft-drink-bottles-without-and-with-drops-on-white-background-2080245079.jpg,ple-soft-drink-bottles-without-and-with-drops-on-white-background-2080245079.jpg,Recyclable,e99415bd54a956a9,16831101610303772329
Recyclable/Recyclable/plastic_bottles/png-clipart-plastic-bag-plastic-bottle-water-bottles-water-dam-photography-recycling.png,png-clipart-plastic-bag-plastic-bottle-water-bottles-water-dam-photography-recycling.png,Recyclable,b39b33893399338c,12941994618548466572
Recyclable/Recyclable/plastic_bottles/roud-empty-plastic-soda-bottle-groud-garbage-pollution-environment-177143555.jpg,roud-empty-plastic-soda-bottle-groud-garbage-pollution-environment-177143555.jpg,Recyclable,c65b38b5874b263a,14293080194700486202
Recyclable/Recyclable/plastic_bottles/scenes-in-bottles.png,scenes-in-bottles.png,Recyclable,e8c2ba594db0b29b,16772172854999429787
Recyclable/Recyclable/plastic_bottles/set-of-plastic-bottle-of-water-and-sweet-soda-cola-vector-21591062.jpg,set-of-plastic-bottle-of-water-and-sweet-soda-cola-vector-21591062.jpg,Recyclable,eaca158f25da4a95,16918358654730259093
Recyclable/Recyclable/plastic_bottles/shutterstock-large-file.jpg,shutterstock-large-file.jpg,Recyclable,f46e511cf9d42d28,17613104377584954664
Recyclable/Recyclable/plastic_bottles/soda-bottle-2308606.jpg,soda-bottle-2308606.jpg,Recyclable,e7829ce51ab269a5,16682068477543082405
Recyclable/Recyclable/plastic_bottles/soda-bottle-watering-can.jpg,soda-bottle-watering-can.jpg,Recyclable,84c9baef74a0ca74,9568384420941974132
Recyclable/Recyclable/plastic_bottles/soda-drink-bottles-soft-drinks-in-plastic-bottle-vector-30704743.jpg,soda-drink-bottles-soft-drinks-in-plastic-bottle-vector-30704743.jpg,Recyclable,fbbc74c321d244c3,18139501780576388291
Recyclable/Recyclable/plastic_bottles/soda-plastic-bottle-21860919.jpg,soda-plastic-bottle-21860919.jpg,Recyclable,b1cbcfa64e3019b1,12811561878168803761
Recyclable/Recyclable/plastic_bottles/sprite_custom-69f1695b46d4430dda05de4503fc55028693fe4c.jpg,sprite_custom-69f1695b46d4430dda05de4503fc55028693fe4c.jpg,Recyclable,993b12e5cb10f4ce,11041439689592599758
Recyclable/Recyclable/plastic_bottles/stock-photo-bottle-empty-isolated-on-white-background-2132182071.jpg,stock-photo-bottle-empty-isolated-on-white-background-2132182071.jpg,Recyclable,fca7708f708349c9,18205643780038805961
Recyclable/Recyclable/plastic_bottles/t-water-fizzy-beverage-illustration-vinnitsa-ukraine-may-17-2022-free-vector.jpg,t-water-fizzy-beverage-illustration-vinnitsa-ukraine-may-17-2022-free-vector.jpg,Recyclable,bbe4c01be41b9393,13539157605806216083
Recyclable/Recyclable/plastic_bottles/tanvi-sharma--4bD2p5.jpg,tanvi-sharma--4bD2p5.jpg,Recyclable,9e911bd22d0b471f,11425944319128454943
Recyclable/Recyclable/plastic_bottles/terrarium-cut-bottle.jpg,terrarium-cut-bottle.jpg,Recyclable,8177a8b83aec4d36,9329110662337285430
Recyclable/Recyclable/plastic_bottles/upcycle-plastic-bottles-in-the-garden-pv2.jpg,upcycle-plastic-bottles-in-the-garden-pv2.jpg,Recyclable,cefa34e4d482c68b,14914291273413346955
Recyclable/Recyclable/plastic_bottles/veragepepsiplastic-bottlelogopromotion-throwbackmade-with-real-sugar-2J30PJ3.jpg,veragepepsiplastic-bottlelogopromotion-throwbackmade-with-real-sugar-2J30PJ3.jpg,Recyclable,fba121d412791cf3,18131810769497038067
Recyclable/Recyclable/plastic_bottles/water-bottle-reuse-feat.jpg,water-bottle-reuse-feat.jpg,Recyclable,f2d7084ad40ff54a,17498463994649769290
Recyclable/Recyclable/plastic_bottles/water-bottles-plastic-bottle-collection-260nw-1953297745.jpg,water-bottles-plastic-bottle-collection-260nw-1953297745.jpg,Recyclable,ee5c9063a38c6ed8,17175761836504280792
Recyclable/Recyclable/plastic_bottles/zk2uCsZ0-plastic-bottles.jpg,zk2uCsZ0-plastic-bottles.jpg,Recyclable,90c9f6b5f40a6f12,10433141273124302610
