relative_path,filename,extension,input_stage,normalization,mean_r,mean_g,mean_b,std_r,std_g,std_b,image_size,input_mode,status
Hazardous/batteries/1-s2.0-S0892687521004477-ga1.png,1-s2.0-S0892687521004477-ga1.png,.png,stage4_standardized,ImageNet,0.485,0.456,0.406,0.229,0.224,0.225,224x224,RGB,VALIDATED
Hazardous/batteries/1-s2.0-S2405829720304827-fx1.png,1-s2.0-S2405829720304827-fx1.png,.png,stage4_standardized,ImageNet,0.485,0.456,0.406,0.229,0.224,0.225,224x224,RGB,VALIDATED
Hazardous/batteries/1-s2.0-S2666016421000268-ga1.png,1-s2.0-S2666016421000268-ga1.png,.png,stage4_standardized,ImageNet,0.485,0.456,0.406,0.229,0.224,0.225,224x224,RGB,VALIDATED
Hazardous/batteries/12209_2020_236_Fig1_HTML.png,12209_2020_236_Fig1_HTML.png,.png,stage4_standardized,ImageNet,0.485,0.456,0.406,0.229,0.224,0.225,224x224,RGB,VALIDATED
Hazardous/batteries/12209_2020_236_Fig2_HTML.png,12209_2020_236_Fig2_HTML.png,.png,stage4_standardized,ImageNet,0.485,0.456,0.406,0.229,0.224,0.225,224x224,RGB,VALIDATED
Hazardous/batteries/18650Cell.png,18650Cell.png,.png,stage4_standardized,ImageNet,0.485,0.456,0.406,0.229,0.224,0.225,224x224,RGB,VALIDATED
Hazardous/batteries/19.13.png,19.13.png,.png,stage4_standardized,ImageNet,0.485,0.456,0.406,0.229,0.224,0.225,224x224,RGB,VALIDATED
Hazardous/batteries/1_Picture7.png,1_Picture7.png,.png,stage4_standardized,ImageNet,0.485,0.456,0.406,0.229,0.224,0.225,224x224,RGB,VALIDATED
Hazardous/batteries/40422.MN2400B8.png,40422.MN2400B8.png,.png,stage4_standardized,ImageNet,0.485,0.456,0.406,0.229,0.224,0.225,224x224,RGB,VALIDATED
Hazardous/batteries/41560_2019_368_Fig1_HTML.png,41560_2019_368_Fig1_HTML.png,.png,stage4_standardized,ImageNet,0.485,0.456,0.406,0.229,0.224,0.225,224x224,RGB,VALIDATED
Hazardous/batteries/41586_2019_1682_Fig1_HTML.png,41586_2019_1682_Fig1_HTML.png,.png,stage4_standardized,ImageNet,0.485,0.456,0.406,0.229,0.224,0.225,224x224,RGB,VALIDATED
Hazardous/batteries/41598_2013_Article_BFsrep01946_Fig1_HTML.png,41598_2013_Article_BFsrep01946_Fig1_HTML.png,.png,stage4_standardized,ImageNet,0.485,0.456,0.406,0.229,0.224,0.225,224x224,RGB,VALIDATED
Hazardous/batteries/800px-Alkali_battery_5.png,800px-Alkali_battery_5.png,.png,stage4_standardized,ImageNet,0.485,0.456,0.406,0.229,0.224,0.225,224x224,RGB,VALIDATED
Hazardous/batteries/AA_matchstick-1.png,AA_matchstick-1.png,.png,stage4_standardized,ImageNet,0.485,0.456,0.406,0.229,0.224,0.225,224x224,RGB,VALIDATED
Hazardous/batteries/AMP-17_61f252bb2428a.png,AMP-17_61f252bb2428a.png,.png,stage4_standardized,ImageNet,0.485,0.456,0.406,0.229,0.224,0.225,224x224,RGB,VALIDATED
Hazardous/batteries/AdobeStock_58870390.png,AdobeStock_58870390.png,.png,stage4_standardized,ImageNet,0.485,0.456,0.406,0.229,0.224,0.225,224x224,RGB,VALIDATED
Hazardous/batteries/Alkaline-Batteries-What-Battery-Suppliers-Consider-Their-Advantages--e1538514638890.png,Alkaline-Batteries-What-Battery-Suppliers-Consider-Their-Advantages--e1538514638890.png,.png,stage4_standardized,ImageNet,0.485,0.456,0.406,0.229,0.224,0.225,224x224,RGB,VALIDATED
Hazardous/batteries/Alkaline-Battery-vs-Lithium-Battery.png,Alkaline-Battery-vs-Lithium-Battery.png,.png,stage4_standardized,ImageNet,0.485,0.456,0.406,0.229,0.224,0.225,224x224,RGB,VALIDATED
Hazardous/batteries/Alkaline-batteries.png,Alkaline-batteries.png,.png,stage4_standardized,ImageNet,0.485,0.456,0.406,0.229,0.224,0.225,224x224,RGB,VALIDATED
Hazardous/batteries/Alkaline-vs.-Lithium-Batteries.png,Alkaline-vs.-Lithium-Batteries.png,.png,stage4_standardized,ImageNet,0.485,0.456,0.406,0.229,0.224,0.225,224x224,RGB,VALIDATED
Hazardous/batteries/Batteries-.png,Batteries-.png,.png,stage4_standardized,ImageNet,0.485,0.456,0.406,0.229,0.224,0.225,224x224,RGB,VALIDATED
Hazardous/batteries/Batteries3.png,Batteries3.png,.png,stage4_standardized,ImageNet,0.485,0.456,0.406,0.229,0.224,0.225,224x224,RGB,VALIDATED
Hazardous/batteries/Batteries_-Lithium-Ion-Battery-and-Lithium-Polymer-Battery-Explained.png,Batteries_-Lithium-Ion-Battery-and-Lithium-Polymer-Battery-Explained.png,.png,stage4_standardized,ImageNet,0.485,0.456,0.406,0.229,0.224,0.225,224x224,RGB,VALIDATED
Hazardous/batteries/Cutaway-view-dioxide-power-cell.png,Cutaway-view-dioxide-power-cell.png,.png,stage4_standardized,ImageNet,0.485,0.456,0.406,0.229,0.224,0.225,224x224,RGB,VALIDATED
Hazardous/batteries/Difference-Between-Alkaline-and-Lithium-Batteries-Tabular-Form.png,Difference-Between-Alkaline-and-Lithium-Batteries-Tabular-Form.png,.png,stage4_standardized,ImageNet,0.485,0.456,0.406,0.229,0.224,0.225,224x224,RGB,VALIDATED
Hazardous/batteries/Different-Types-of-Batteries.png,Different-Types-of-Batteries.png,.png,stage4_standardized,ImageNet,0.485,0.456,0.406,0.229,0.224,0.225,224x224,RGB,VALIDATED
Hazardous/batteries/EDR-2.png,EDR-2.png,.png,stage4_standardized,ImageNet,0.485,0.456,0.406,0.229,0.224,0.225,224x224,RGB,VALIDATED
Hazardous/batteries/EG-BA-LR20-01_hires_photo---dea0b151-d0a5-4bac-9036-259aa2110a20.JPG.png,EG-BA-LR20-01_hires_photo---dea0b151-d0a5-4bac-9036-259aa2110a20.JPG.png,.png,stage4_standardized,ImageNet,0.485,0.456,0.406,0.229,0.224,0.225,224x224,RGB,VALIDATED
Hazardous/batteries/Eneloop_6420.png,Eneloop_6420.png,.png,stage4_standardized,ImageNet,0.485,0.456,0.406,0.229,0.224,0.225,224x224,RGB,VALIDATED
Hazardous/batteries/Intro-to-batteries-featured.png,Intro-to-batteries-featured.png,.png,stage4_standardized,ImageNet,0.485,0.456,0.406,0.229,0.224,0.225,224x224,RGB,VALIDATED
Hazardous/batteries/Li-Batteries-for-Disposal-or-Recycling-1024x575.png,Li-Batteries-for-Disposal-or-Recycling-1024x575.png,.png,stage4_standardized,ImageNet,0.485,0.456,0.406,0.229,0.224,0.225,224x224,RGB,VALIDATED
Hazardous/batteries/Life-cycle-inventory-of-Li-ion-battery-Ecoinvent-30-Battery-Li-ion-rechargeable.png,Life-cycle-inventory-of-Li-ion-battery-Ecoinvent-30-Battery-Li-ion-rechargeable.png,.png,stage4_standardized,ImageNet,0.485,0.456,0.406,0.229,0.224,0.225,224x224,RGB,VALIDATED
Hazardous/batteries/Lithium-Batteries-vs-Alkaline-Batteries.png,Lithium-Batteries-vs-Alkaline-Batteries.png,.png,stage4_standardized,ImageNet,0.485,0.456,0.406,0.229,0.224,0.225,224x224,RGB,VALIDATED
Hazardous/batteries/Lithium-Batteries.png,Lithium-Batteries.png,.png,stage4_standardized,ImageNet,0.485,0.456,0.406,0.229,0.224,0.225,224x224,RGB,VALIDATED
Hazardous/batteries/Lithium-ion-lithium-polymer-superhero-battery-blog-cover-image.png,Lithium-ion-lithium-polymer-superhero-battery-blog-cover-image.png,.png,stage4_standardized,ImageNet,0.485,0.456,0.406,0.229,0.224,0.225,224x224,RGB,VALIDATED
Hazardous/batteries/Lithium-ion_battery.png,Lithium-ion_battery.png,.png,stage4_standardized,ImageNet,0.485,0.456,0.406,0.229,0.224,0.225,224x224,RGB,VALIDATED
Hazardous/batteries/Lithium20batttery20pic.png,Lithium20batttery20pic.png,.png,stage4_standardized,ImageNet,0.485,0.456,0.406,0.229,0.224,0.225,224x224,RGB,VALIDATED
Hazardous/batteries/Lithium_battery_terminal_image_EN.png,Lithium_battery_terminal_image_EN.png,.png,stage4_standardized,ImageNet,0.485,0.456,0.406,0.229,0.224,0.225,224x224,RGB,VALIDATED
Hazardous/batteries/NAWMA-Safe-Battery-Recycling-content.png,NAWMA-Safe-Battery-Recycling-content.png,.png,stage4_standardized,ImageNet,0.485,0.456,0.406,0.229,0.224,0.225,224x224,RGB,VALIDATED
Hazardous/batteries/Nokia_Battery.png,Nokia_Battery.png,.png,stage4_standardized,ImageNet,0.485,0.456,0.406,0.229,0.224,0.225,224x224,RGB,VALIDATED
Hazardous/batteries/Photo-collage-of-different-types-of-batteries-12022022.jpg.png,Photo-collage-of-different-types-of-batteries-12022022.jpg.png,.png,stage4_standardized,ImageNet,0.485,0.456,0.406,0.229,0.224,0.225,224x224,RGB,VALIDATED
Hazardous/batteries/Primary-battery-types.png,Primary-battery-types.png,.png,stage4_standardized,ImageNet,0.485,0.456,0.406,0.229,0.224,0.225,224x224,RGB,VALIDATED
Hazardous/batteries/Screen-Shot-2021-07-20-at-10.37.08-AM.png,Screen-Shot-2021-07-20-at-10.37.08-AM.png,.png,stage4_standardized,ImageNet,0.485,0.456,0.406,0.229,0.224,0.225,224x224,RGB,VALIDATED
Hazardous/batteries/The_ultimate_comparative_analysis_of_carbon_zinc_battery_vs_alkaline_800x.png,The_ultimate_comparative_analysis_of_carbon_zinc_battery_vs_alkaline_800x.png,.png,stage4_standardized,ImageNet,0.485,0.456,0.406,0.229,0.224,0.225,224x224,RGB,VALIDATED
Hazardous/batteries/Types-of-Batteries-1.png,Types-of-Batteries-1.png,.png,stage4_standardized,ImageNet,0.485,0.456,0.406,0.229,0.224,0.225,224x224,RGB,VALIDATED
Hazardous/batteries/Types-of-Batteries-Featured-Image.png,Types-of-Batteries-Featured-Image.png,.png,stage4_standardized,ImageNet,0.485,0.456,0.406,0.229,0.224,0.225,224x224,RGB,VALIDATED
Hazardous/batteries/Types-of-Batteries.png,Types-of-Batteries.png,.png,stage4_standardized,ImageNet,0.485,0.456,0.406,0.229,0.224,0.225,224x224,RGB,VALIDATED
Hazardous/batteries/Types-of-BatteriesPrimary-and-Secondary.png,Types-of-BatteriesPrimary-and-Secondary.png,.png,stage4_standardized,ImageNet,0.485,0.456,0.406,0.229,0.224,0.225,224x224,RGB,VALIDATED
Hazardous/batteries/Types-of-rechargeable-batteries-.png,Types-of-rechargeable-batteries-.png,.png,stage4_standardized,ImageNet,0.485,0.456,0.406,0.229,0.224,0.225,224x224,RGB,VALIDATED
Hazardous/batteries/TypesofBatteries.png,TypesofBatteries.png,.png,stage4_standardized,ImageNet,0.485,0.456,0.406,0.229,0.224,0.225,224x224,RGB,VALIDATED
Hazardous/batteries/What_Batteries_are_Best_for_Flashlights_2991x.png,What_Batteries_are_Best_for_Flashlights_2991x.png,.png,stage4_standardized,ImageNet,0.485,0.456,0.406,0.229,0.224,0.225,224x224,RGB,VALIDATED
Hazardous/batteries/aenm202102917-fig-0006-m.png,aenm202102917-fig-0006-m.png,.png,stage4_standardized,ImageNet,0.485,0.456,0.406,0.229,0.224,0.225,224x224,RGB,VALIDATED
Hazardous/batteries/alkaline-batteries-for-recyling.png,alkaline-batteries-for-recyling.png,.png,stage4_standardized,ImageNet,0.485,0.456,0.406,0.229,0.224,0.225,224x224,RGB,VALIDATED
Hazardous/batteries/alkaline-battery_en.png,alkaline-battery_en.png,.png,stage4_standardized,ImageNet,0.485,0.456,0.406,0.229,0.224,0.225,224x224,RGB,VALIDATED
Hazardous/batteries/alkaline-zinc-carbon.png,alkaline-zinc-carbon.png,.png,stage4_standardized,ImageNet,0.485,0.456,0.406,0.229,0.224,0.225,224x224,RGB,VALIDATED
Hazardous/batteries/basic-lithium-ion-battery-5-2_en.png,basic-lithium-ion-battery-5-2_en.png,.png,stage4_standardized,ImageNet,0.485,0.456,0.406,0.229,0.224,0.225,224x224,RGB,VALIDATED
Hazardous/batteries/batterien_seen_fotolia_26510842_m.png,batterien_seen_fotolia_26510842_m.png,.png,stage4_standardized,ImageNet,0.485,0.456,0.406,0.229,0.224,0.225,224x224,RGB,VALIDATED
Hazardous/batteries/batteries-04-00007-g002.png,batteries-04-00007-g002.png,.png,stage4_standardized,ImageNet,0.485,0.456,0.406,0.229,0.224,0.225,224x224,RGB,VALIDATED
Hazardous/batteries/batteries-05-00068-g001.png,batteries-05-00068-g001.png,.png,stage4_standardized,ImageNet,0.485,0.456,0.406,0.229,0.224,0.225,224x224,RGB,VALIDATED
Hazardous/batteries/batteries-scaled.png,batteries-scaled.png,.png,stage4_standardized,ImageNet,0.485,0.456,0.406,0.229,0.224,0.225,224x224,RGB,VALIDATED
Hazardous/batteries/batteries2.png,batteries2.png,.png,stage4_standardized,ImageNet,0.485,0.456,0.406,0.229,0.224,0.225,224x224,RGB,VALIDATED
Hazardous/batteries/batteries20in20a20pile20WEEE.png,batteries20in20a20pile20WEEE.png,.png,stage4_standardized,ImageNet,0.485,0.456,0.406,0.229,0.224,0.225,224x224,RGB,VALIDATED
Hazardous/batteries/batteries_as_hero.png,batteries_as_hero.png,.png,stage4_standardized,ImageNet,0.485,0.456,0.406,0.229,0.224,0.225,224x224,RGB,VALIDATED
Hazardous/batteries/battery-directive-european-union.png,battery-directive-european-union.png,.png,stage4_standardized,ImageNet,0.485,0.456,0.406,0.229,0.224,0.225,224x224,RGB,VALIDATED
Hazardous/batteries/battery-recycling.png,battery-recycling.png,.png,stage4_standardized,ImageNet,0.485,0.456,0.406,0.229,0.224,0.225,224x224,RGB,VALIDATED
Hazardous/batteries/battery-recycling2.png,battery-recycling2.png,.png,stage4_standardized,ImageNet,0.485,0.456,0.406,0.229,0.224,0.225,224x224,RGB,VALIDATED
Hazardous/batteries/battery-types-and-sizes.jpg.png,battery-types-and-sizes.jpg.png,.png,stage4_standardized,ImageNet,0.485,0.456,0.406,0.229,0.224,0.225,224x224,RGB,VALIDATED
Hazardous/batteries/battery_recycling.png,battery_recycling.png,.png,stage4_standardized,ImageNet,0.485,0.456,0.406,0.229,0.224,0.225,224x224,RGB,VALIDATED
Hazardous/batteries/battery_sizing.png,battery_sizing.png,.png,stage4_standardized,ImageNet,0.485,0.456,0.406,0.229,0.224,0.225,224x224,RGB,VALIDATED
Hazardous/batteries/bu-social.png,bu-social.png,.png,stage4_standardized,ImageNet,0.485,0.456,0.406,0.229,0.224,0.225,224x224,RGB,VALIDATED
Hazardous/batteries/carbon-zinc-battery-vs-alkaline.png,carbon-zinc-battery-vs-alkaline.png,.png,stage4_standardized,ImageNet,0.485,0.456,0.406,0.229,0.224,0.225,224x224,RGB,VALIDATED
Hazardous/batteries/collected-to-take-to-be-recycled-rather-than-be-dumped-into-landfill-2GDCM0M.png,collected-to-take-to-be-recycled-rather-than-be-dumped-into-landfill-2GDCM0M.png,.png,stage4_standardized,ImageNet,0.485,0.456,0.406,0.229,0.224,0.225,224x224,RGB,VALIDATED
Hazardous/batteries/common-alkaline-battery-sizes.png,common-alkaline-battery-sizes.png,.png,stage4_standardized,ImageNet,0.485,0.456,0.406,0.229,0.224,0.225,224x224,RGB,VALIDATED
Hazardous/batteries/creens-LCD-iPhone-panels-laptop-collected-for-disposal-in-plastic-containers.png,creens-LCD-iPhone-panels-laptop-collected-for-disposal-in-plastic-containers.png,.png,stage4_standardized,ImageNet,0.485,0.456,0.406,0.229,0.224,0.225,224x224,RGB,VALIDATED
Hazardous/batteries/d1ma00216c-f4_hi-res.png,d1ma00216c-f4_hi-res.png,.png,stage4_standardized,ImageNet,0.485,0.456,0.406,0.229,0.224,0.225,224x224,RGB,VALIDATED
Hazardous/batteries/d1ma00216c-f6_hi-res.png,d1ma00216c-f6_hi-res.png,.png,stage4_standardized,ImageNet,0.485,0.456,0.406,0.229,0.224,0.225,224x224,RGB,VALIDATED
Hazardous/batteries/ef1c02489_0011.png,ef1c02489_0011.png,.png,stage4_standardized,ImageNet,0.485,0.456,0.406,0.229,0.224,0.225,224x224,RGB,VALIDATED
Hazardous/batteries/energizer-cold-weather-lithium-aa-battery.png,energizer-cold-weather-lithium-aa-battery.png,.png,stage4_standardized,ImageNet,0.485,0.456,0.406,0.229,0.224,0.225,224x224,RGB,VALIDATED
Hazardous/batteries/fenrg-08-571440-g001.png,fenrg-08-571440-g001.png,.png,stage4_standardized,ImageNet,0.485,0.456,0.406,0.229,0.224,0.225,224x224,RGB,VALIDATED
Hazardous/batteries/file-20201020-17-1x28u8s.png,file-20201020-17-1x28u8s.png,.png,stage4_standardized,ImageNet,0.485,0.456,0.406,0.229,0.224,0.225,224x224,RGB,VALIDATED
Hazardous/batteries/image-2-716x1024.png,image-2-716x1024.png,.png,stage4_standardized,ImageNet,0.485,0.456,0.406,0.229,0.224,0.225,224x224,RGB,VALIDATED
Hazardous/batteries/imageqz6zbg.png,imageqz6zbg.png,.png,stage4_standardized,ImageNet,0.485,0.456,0.406,0.229,0.224,0.225,224x224,RGB,VALIDATED
Hazardous/batteries/imagescxsuu.png,imagescxsuu.png,.png,stage4_standardized,ImageNet,0.485,0.456,0.406,0.229,0.224,0.225,224x224,RGB,VALIDATED
Hazardous/batteries/inf212000-fig-0001-m.png,inf212000-fig-0001-m.png,.png,stage4_standardized,ImageNet,0.485,0.456,0.406,0.229,0.224,0.225,224x224,RGB,VALIDATED
Hazardous/batteries/know-what-type-of-battery-to-use-in-equipment2.png,know-what-type-of-battery-to-use-in-equipment2.png,.png,stage4_standardized,ImageNet,0.485,0.456,0.406,0.229,0.224,0.225,224x224,RGB,VALIDATED
Hazardous/batteries/lifecycleimagebatteries.png,lifecycleimagebatteries.png,.png,stage4_standardized,ImageNet,0.485,0.456,0.406,0.229,0.224,0.225,224x224,RGB,VALIDATED
Hazardous/batteries/lithium-ion-aa-batteries.png,lithium-ion-aa-batteries.png,.png,stage4_standardized,ImageNet,0.485,0.456,0.406,0.229,0.224,0.225,224x224,RGB,VALIDATED
Hazardous/batteries/lithium-ion-batteries3.png,lithium-ion-batteries3.png,.png,stage4_standardized,ImageNet,0.485,0.456,0.406,0.229,0.224,0.225,224x224,RGB,VALIDATED
Hazardous/batteries/lithium-ion-watt-hours-highlighted.png,lithium-ion-watt-hours-highlighted.png,.png,stage4_standardized,ImageNet,0.485,0.456,0.406,0.229,0.224,0.225,224x224,RGB,VALIDATED
Hazardous/batteries/lithium-vs-alkaline-batteries-where-the-differences-and-which-is-better.png,lithium-vs-alkaline-batteries-where-the-differences-and-which-is-better.png,.png,stage4_standardized,ImageNet,0.485,0.456,0.406,0.229,0.224,0.225,224x224,RGB,VALIDATED
Hazardous/batteries/lithium-vs-alkaline-batteries.png,lithium-vs-alkaline-batteries.png,.png,stage4_standardized,ImageNet,0.485,0.456,0.406,0.229,0.224,0.225,224x224,RGB,VALIDATED
Hazardous/batteries/machinedesign_7204_pulse_plus_batteries_promo_0.png,machinedesign_7204_pulse_plus_batteries_promo_0.png,.png,stage4_standardized,ImageNet,0.485,0.456,0.406,0.229,0.224,0.225,224x224,RGB,VALIDATED
Hazardous/batteries/maxresdefault.png,maxresdefault.png,.png,stage4_standardized,ImageNet,0.485,0.456,0.406,0.229,0.224,0.225,224x224,RGB,VALIDATED
Hazardous/batteries/non-rechargeable-batteries-product-image_0.png,non-rechargeable-batteries-product-image_0.png,.png,stage4_standardized,ImageNet,0.485,0.456,0.406,0.229,0.224,0.225,224x224,RGB,VALIDATED
Hazardous/batteries/photo_news_lithium_batteries_1100x500_NEW.png,photo_news_lithium_batteries_1100x500_NEW.png,.png,stage4_standardized,ImageNet,0.485,0.456,0.406,0.229,0.224,0.225,224x224,RGB,VALIDATED
Hazardous/batteries/power-one-c-size-1-5v-battery-pack-of-2--500x500.png,power-one-c-size-1-5v-battery-pack-of-2--500x500.png,.png,stage4_standardized,ImageNet,0.485,0.456,0.406,0.229,0.224,0.225,224x224,RGB,VALIDATED
Hazardous/batteries/poweron-longlife-power-9v-mrp-265.png,poweron-longlife-power-9v-mrp-265.png,.png,stage4_standardized,ImageNet,0.485,0.456,0.406,0.229,0.224,0.225,224x224,RGB,VALIDATED
Hazardous/batteries/rechargeable-battery-2048px-5925.png,rechargeable-battery-2048px-5925.png,.png,stage4_standardized,ImageNet,0.485,0.456,0.406,0.229,0.224,0.225,224x224,RGB,VALIDATED
Hazardous/batteries/rechargeable-battery-2048px-5939.png,rechargeable-battery-2048px-5939.png,.png,stage4_standardized,ImageNet,0.485,0.456,0.406,0.229,0.224,0.225,224x224,RGB,VALIDATED
Hazardous/batteries/rechargeable-battery-2048px-5963-2x1-1.png,rechargeable-battery-2048px-5963-2x1-1.png,.png,stage4_standardized,ImageNet,0.485,0.456,0.406,0.229,0.224,0.225,224x224,RGB,VALIDATED
Hazardous/batteries/sc0c04940_0022.png,sc0c04940_0022.png,.png,stage4_standardized,ImageNet,0.485,0.456,0.406,0.229,0.224,0.225,224x224,RGB,VALIDATED
Hazardous/batteries/sciadv.abm2422-f1.png,sciadv.abm2422-f1.png,.png,stage4_standardized,ImageNet,0.485,0.456,0.406,0.229,0.224,0.225,224x224,RGB,VALIDATED
Hazardous/batteries/smtd202000039-fig-0001-m.png,smtd202000039-fig-0001-m.png,.png,stage4_standardized,ImageNet,0.485,0.456,0.406,0.229,0.224,0.225,224x224,RGB,VALIDATED
Hazardous/batteries/spent-batteries-CNBG3H.png,spent-batteries-CNBG3H.png,.png,stage4_standardized,ImageNet,0.485,0.456,0.406,0.229,0.224,0.225,224x224,RGB,VALIDATED
Hazardous/batteries/suschem-02-00011-g001.png,suschem-02-00011-g001.png,.png,stage4_standardized,ImageNet,0.485,0.456,0.406,0.229,0.224,0.225,224x224,RGB,VALIDATED
Hazardous/batteries/technology-0-1.png,technology-0-1.png,.png,stage4_standardized,ImageNet,0.485,0.456,0.406,0.229,0.224,0.225,224x224,RGB,VALIDATED
Hazardous/batteries/thehistoryan.png,thehistoryan.png,.png,stage4_standardized,ImageNet,0.485,0.456,0.406,0.229,0.224,0.225,224x224,RGB,VALIDATED
Hazardous/batteries/typical-lithium-ion-battery.png,typical-lithium-ion-battery.png,.png,stage4_standardized,ImageNet,0.485,0.456,0.406,0.229,0.224,0.225,224x224,RGB,VALIDATED
Hazardous/batteries/un3480.png,un3480.png,.png,stage4_standardized,ImageNet,0.485,0.456,0.406,0.229,0.224,0.225,224x224,RGB,VALIDATED
Hazardous/batteries/using-alkaline-batteries-in-your-application.png,using-alkaline-batteries-in-your-application.png,.png,stage4_standardized,ImageNet,0.485,0.456,0.406,0.229,0.224,0.225,224x224,RGB,VALIDATED
Hazardous/batteries/van_dragt_102517_0032_how_to_choose_batteries.png,van_dragt_102517_0032_how_to_choose_batteries.png,.png,stage4_standardized,ImageNet,0.485,0.456,0.406,0.229,0.224,0.225,224x224,RGB,VALIDATED
Hazardous/batteries/what-is-a-lithium-ion-battery-what-are-the-types-of-lithium-ion-battery-chemistries.png,what-is-a-lithium-ion-battery-what-are-the-types-of-lithium-ion-battery-chemistries.png,.png,stage4_standardized,ImageNet,0.485,0.456,0.406,0.229,0.224,0.225,224x224,RGB,VALIDATED
Hazardous/e-waste/-1x-1 - Copy.png,-1x-1 - Copy.png,.png,stage4_standardized,ImageNet,0.485,0.456,0.406,0.229,0.224,0.225,224x224,RGB,VALIDATED
Hazardous/e-waste/-august-heap-of-broken-smartphone-screen-e-waste-electronic-waste-1100705909 - Copy.png,-august-heap-of-broken-smartphone-screen-e-waste-electronic-waste-1100705909 - Copy.png,.png,stage4_standardized,ImageNet,0.485,0.456,0.406,0.229,0.224,0.225,224x224,RGB,VALIDATED
Hazardous/e-waste/-garbage-sorting-eco-friendly-sign-for-web-page-app-ui-ux-gui-design-2CPCA8A - Copy.png,-garbage-sorting-eco-friendly-sign-for-web-page-app-ui-ux-gui-design-2CPCA8A - Copy.png,.png,stage4_standardized,ImageNet,0.485,0.456,0.406,0.229,0.224,0.225,224x224,RGB,VALIDATED
Hazardous/e-waste/-mixed-electronic-waste-old-broken-computer-parts-and-cell-phones-1545599141 - Copy.png,-mixed-electronic-waste-old-broken-computer-parts-and-cell-phones-1545599141 - Copy.png,.png,stage4_standardized,ImageNet,0.485,0.456,0.406,0.229,0.224,0.225,224x224,RGB,VALIDATED
Hazardous/e-waste/0.40042800_1555498967_e-waste2 - Copy.png,0.40042800_1555498967_e-waste2 - Copy.png,.png,stage4_standardized,ImageNet,0.485,0.456,0.406,0.229,0.224,0.225,224x224,RGB,VALIDATED
Hazardous/e-waste/01-e-waste-millions-tons - Copy.png,01-e-waste-millions-tons - Copy.png,.png,stage4_standardized,ImageNet,0.485,0.456,0.406,0.229,0.224,0.225,224x224,RGB,VALIDATED
Hazardous/e-waste/01-e-waste-millions-tons_square - Copy.png,01-e-waste-millions-tons_square - Copy.png,.png,stage4_standardized,ImageNet,0.485,0.456,0.406,0.229,0.224,0.225,224x224,RGB,VALIDATED
Hazardous/e-waste/02bulb-web2-1454343899851-superJumbo - Copy.png,02bulb-web2-1454343899851-superJumbo - Copy.png,.png,stage4_standardized,ImageNet,0.485,0.456,0.406,0.229,0.224,0.225,224x224,RGB,VALIDATED
Hazardous/e-waste/04801E3UVtxDTDY9ek1ovu0-3..v1618408208 - Copy.png,04801E3UVtxDTDY9ek1ovu0-3..v1618408208 - Copy.png,.png,stage4_standardized,ImageNet,0.485,0.456,0.406,0.229,0.224,0.225,224x224,RGB,VALIDATED
Hazardous/e-waste/09109-scicon-lightbulbcxd - Copy.png,09109-scicon-lightbulbcxd - Copy.png,.png,stage4_standardized,ImageNet,0.485,0.456,0.406,0.229,0.224,0.225,224x224,RGB,VALIDATED
Hazardous/e-waste/1-compact-fluorescent-bird-lamp-full-spectrum-lighting-bulb-2-4-original-imag9836wgsrnaev - Copy.png,1-compact-fluorescent-bird-lamp-full-spectrum-lighting-bulb-2-4-original-imag9836wgsrnaev - Copy.png,.png,stage4_standardized,ImageNet,0.485,0.456,0.406,0.229,0.224,0.225,224x224,RGB,VALIDATED
Hazardous/e-waste/1-s2.0-S2352186421006970-gr4 - Copy.png,1-s2.0-S2352186421006970-gr4 - Copy.png,.png,stage4_standardized,ImageNet,0.485,0.456,0.406,0.229,0.224,0.225,224x224,RGB,VALIDATED
Hazardous/e-waste/1000_F_137113944_B7B2w62hhwjr7dWy8R5nYwwlHIwCRu6S - Copy.png,1000_F_137113944_B7B2w62hhwjr7dWy8R5nYwwlHIwCRu6S - Copy.png,.png,stage4_standardized,ImageNet,0.485,0.456,0.406,0.229,0.224,0.225,224x224,RGB,VALIDATED
Hazardous/e-waste/1200px-Energiesparlampe_01_retouched - Copy.png,1200px-Energiesparlampe_01_retouched - Copy.png,.png,stage4_standardized,ImageNet,0.485,0.456,0.406,0.229,0.224,0.225,224x224,RGB,VALIDATED
Hazardous/e-waste/1200px-Ewaste-pile - Copy.png,1200px-Ewaste-pile - Copy.png,.png,stage4_standardized,ImageNet,0.485,0.456,0.406,0.229,0.224,0.225,224x224,RGB,VALIDATED
Hazardous/e-waste/1200px-Handy_schrott_mobile_phone_scrap - Copy.png,1200px-Handy_schrott_mobile_phone_scrap - Copy.png,.png,stage4_standardized,ImageNet,0.485,0.456,0.406,0.229,0.224,0.225,224x224,RGB,VALIDATED
Hazardous/e-waste/129249_iStock-636655004---Hero - Copy.png,129249_iStock-636655004---Hero - Copy.png,.png,stage4_standardized,ImageNet,0.485,0.456,0.406,0.229,0.224,0.225,224x224,RGB,VALIDATED
Hazardous/e-waste/1464951746_U1GPlR_e-waste-IndiaBLO-870 - Copy.png,1464951746_U1GPlR_e-waste-IndiaBLO-870 - Copy.png,.png,stage4_standardized,ImageNet,0.485,0.456,0.406,0.229,0.224,0.225,224x224,RGB,VALIDATED
Hazardous/e-waste/1507096064_kRvRf8_e-waste - Copy.png,1507096064_kRvRf8_e-waste - Copy.png,.png,stage4_standardized,ImageNet,0.485,0.456,0.406,0.229,0.224,0.225,224x224,RGB,VALIDATED
Hazardous/e-waste/1521042165621 - Copy.png,1521042165621 - Copy.png,.png,stage4_standardized,ImageNet,0.485,0.456,0.406,0.229,0.224,0.225,224x224,RGB,VALIDATED
Hazardous/e-waste/156050-wrdgfxdtvg-1615456453 - Copy.png,156050-wrdgfxdtvg-1615456453 - Copy.png,.png,stage4_standardized,ImageNet,0.485,0.456,0.406,0.229,0.224,0.225,224x224,RGB,VALIDATED
Hazardous/e-waste/17175 - Copy.png,17175 - Copy.png,.png,stage4_standardized,ImageNet,0.485,0.456,0.406,0.229,0.224,0.225,224x224,RGB,VALIDATED
Hazardous/e-waste/2020_8largeimg_799107359 - Copy.png,2020_8largeimg_799107359 - Copy.png,.png,stage4_standardized,ImageNet,0.485,0.456,0.406,0.229,0.224,0.225,224x224,RGB,VALIDATED
Hazardous/e-waste/2050_E-Waste_Asian_Outlook_Web_title - Copy.png,2050_E-Waste_Asian_Outlook_Web_title - Copy.png,.png,stage4_standardized,ImageNet,0.485,0.456,0.406,0.229,0.224,0.225,224x224,RGB,VALIDATED
Hazardous/e-waste/20_20130315 - Copy.png,20_20130315 - Copy.png,.png,stage4_standardized,ImageNet,0.485,0.456,0.406,0.229,0.224,0.225,224x224,RGB,VALIDATED
Hazardous/e-waste/20f1f392-6d51-4fdb-a0a1-b6e0e837a57b.bc4be531fe04703066c45a302f6d7c0e - Copy.png,20f1f392-6d51-4fdb-a0a1-b6e0e837a57b.bc4be531fe04703066c45a302f6d7c0e - Copy.png,.png,stage4_standardized,ImageNet,0.485,0.456,0.406,0.229,0.224,0.225,224x224,RGB,VALIDATED
Hazardous/e-waste/25896 - Copy.png,25896 - Copy.png,.png,stage4_standardized,ImageNet,0.485,0.456,0.406,0.229,0.224,0.225,224x224,RGB,VALIDATED
Hazardous/e-waste/3283392878_d023c2ef93 - Copy.png,3283392878_d023c2ef93 - Copy.png,.png,stage4_standardized,ImageNet,0.485,0.456,0.406,0.229,0.224,0.225,224x224,RGB,VALIDATED
Hazardous/e-waste/341a4407444002d51dff14946e857c65 - Copy.png,341a4407444002d51dff14946e857c65 - Copy.png,.png,stage4_standardized,ImageNet,0.485,0.456,0.406,0.229,0.224,0.225,224x224,RGB,VALIDATED
Hazardous/e-waste/47-e-waste-a-growing-concern - Copy.png,47-e-waste-a-growing-concern - Copy.png,.png,stage4_standardized,ImageNet,0.485,0.456,0.406,0.229,0.224,0.225,224x224,RGB,VALIDATED
Hazardous/e-waste/516ee9d3b98a42557dc49476674823f0--e-waste-recycling-recycling-programs - Copy.png,516ee9d3b98a42557dc49476674823f0--e-waste-recycling-recycling-programs - Copy.png,.png,stage4_standardized,ImageNet,0.485,0.456,0.406,0.229,0.224,0.225,224x224,RGB,VALIDATED
Hazardous/e-waste/5927e3e4f1744da1ce90e7a09c175334 - Copy.png,5927e3e4f1744da1ce90e7a09c175334 - Copy.png,.png,stage4_standardized,ImageNet,0.485,0.456,0.406,0.229,0.224,0.225,224x224,RGB,VALIDATED
Hazardous/e-waste/5g-internet-race-huawei-04 - Copy.png,5g-internet-race-huawei-04 - Copy.png,.png,stage4_standardized,ImageNet,0.485,0.456,0.406,0.229,0.224,0.225,224x224,RGB,VALIDATED
Hazardous/e-waste/615c6bf230f40d9decf916ae97e192681b20e27238a8ae30ccbab09630fd0a53 - Copy.png,615c6bf230f40d9decf916ae97e192681b20e27238a8ae30ccbab09630fd0a53 - Copy.png,.png,stage4_standardized,ImageNet,0.485,0.456,0.406,0.229,0.224,0.225,224x224,RGB,VALIDATED
Hazardous/e-waste/6184AcGb9XL - Copy.png,6184AcGb9XL - Copy.png,.png,stage4_standardized,ImageNet,0.485,0.456,0.406,0.229,0.224,0.225,224x224,RGB,VALIDATED
Hazardous/e-waste/61DVdFF9f-L - Copy.png,61DVdFF9f-L - Copy.png,.png,stage4_standardized,ImageNet,0.485,0.456,0.406,0.229,0.224,0.225,224x224,RGB,VALIDATED
Hazardous/e-waste/634ec7fb55fe19788b75085f-18-watt-cfl-light-bulbs-4-pin-g24q-2 - Copy.png,634ec7fb55fe19788b75085f-18-watt-cfl-light-bulbs-4-pin-g24q-2 - Copy.png,.png,stage4_standardized,ImageNet,0.485,0.456,0.406,0.229,0.224,0.225,224x224,RGB,VALIDATED
Hazardous/e-waste/640339-50P_PRO - Copy.png,640339-50P_PRO - Copy.png,.png,stage4_standardized,ImageNet,0.485,0.456,0.406,0.229,0.224,0.225,224x224,RGB,VALIDATED
Hazardous/e-waste/65481011 - Copy.png,65481011 - Copy.png,.png,stage4_standardized,ImageNet,0.485,0.456,0.406,0.229,0.224,0.225,224x224,RGB,VALIDATED
Hazardous/e-waste/66016104-inefficient-tungsten-light-bulbs-discarded-in-a-trash-can-green-eco-concept - Copy.png,66016104-inefficient-tungsten-light-bulbs-discarded-in-a-trash-can-green-eco-concept - Copy.png,.png,stage4_standardized,ImageNet,0.485,0.456,0.406,0.229,0.224,0.225,224x224,RGB,VALIDATED
Hazardous/e-waste/694898-electronic-waste-thinkstock - Copy.png,694898-electronic-waste-thinkstock - Copy.png,.png,stage4_standardized,ImageNet,0.485,0.456,0.406,0.229,0.224,0.225,224x224,RGB,VALIDATED
Hazardous/e-waste/6ft-Fluorescent-Box-Gallery-Image-1 - Copy.png,6ft-Fluorescent-Box-Gallery-Image-1 - Copy.png,.png,stage4_standardized,ImageNet,0.485,0.456,0.406,0.229,0.224,0.225,224x224,RGB,VALIDATED
Hazardous/e-waste/74409247-old-cellphones-and-battery-electronic-waste-concept - Copy.png,74409247-old-cellphones-and-battery-electronic-waste-concept - Copy.png,.png,stage4_standardized,ImageNet,0.485,0.456,0.406,0.229,0.224,0.225,224x224,RGB,VALIDATED
Hazardous/e-waste/7ade6617-865a-42bf-b8f8-12859169a351.a7819c077ec87ce47606d6942a125eea - Copy.png,7ade6617-865a-42bf-b8f8-12859169a351.a7819c077ec87ce47606d6942a125eea - Copy.png,.png,stage4_standardized,ImageNet,0.485,0.456,0.406,0.229,0.224,0.225,224x224,RGB,VALIDATED
Hazardous/e-waste/800px-Ewaste-pile - Copy.png,800px-Ewaste-pile - Copy.png,.png,stage4_standardized,ImageNet,0.485,0.456,0.406,0.229,0.224,0.225,224x224,RGB,VALIDATED
Hazardous/e-waste/8085 - Copy.png,8085 - Copy.png,.png,stage4_standardized,ImageNet,0.485,0.456,0.406,0.229,0.224,0.225,224x224,RGB,VALIDATED
Hazardous/e-waste/85a44d0f-d9a2-37b6-93c1-1c21fed330cf - Copy.png,85a44d0f-d9a2-37b6-93c1-1c21fed330cf - Copy.png,.png,stage4_standardized,ImageNet,0.485,0.456,0.406,0.229,0.224,0.225,224x224,RGB,VALIDATED
Hazardous/e-waste/8ft-Fluorescent-Box-Gallery-Image-1 - Copy.png,8ft-Fluorescent-Box-Gallery-Image-1 - Copy.png,.png,stage4_standardized,ImageNet,0.485,0.456,0.406,0.229,0.224,0.225,224x224,RGB,VALIDATED
Hazardous/e-waste/AdobeStock_271026267 - Copy.png,AdobeStock_271026267 - Copy.png,.png,stage4_standardized,ImageNet,0.485,0.456,0.406,0.229,0.224,0.225,224x224,RGB,VALIDATED
Hazardous/e-waste/AdobeStock_365525290 - Copy.png,AdobeStock_365525290 - Copy.png,.png,stage4_standardized,ImageNet,0.485,0.456,0.406,0.229,0.224,0.225,224x224,RGB,VALIDATED
Hazardous/e-waste/Alabama_CurtisPalmer - Copy.png,Alabama_CurtisPalmer - Copy.png,.png,stage4_standardized,ImageNet,0.485,0.456,0.406,0.229,0.224,0.225,224x224,RGB,VALIDATED
Hazardous/e-waste/Avv5bVd22NhcKDUGMWzvNW - Copy.png,Avv5bVd22NhcKDUGMWzvNW - Copy.png,.png,stage4_standardized,ImageNet,0.485,0.456,0.406,0.229,0.224,0.225,224x224,RGB,VALIDATED
Hazardous/e-waste/BLOG-Which-light-bulbs-need-a-ballast - Copy.png,BLOG-Which-light-bulbs-need-a-ballast - Copy.png,.png,stage4_standardized,ImageNet,0.485,0.456,0.406,0.229,0.224,0.225,224x224,RGB,VALIDATED
Hazardous/e-waste/BulbSchematic - Copy.png,BulbSchematic - Copy.png,.png,stage4_standardized,ImageNet,0.485,0.456,0.406,0.229,0.224,0.225,224x224,RGB,VALIDATED
Hazardous/e-waste/CFL - Copy.png,CFL - Copy.png,.png,stage4_standardized,ImageNet,0.485,0.456,0.406,0.229,0.224,0.225,224x224,RGB,VALIDATED
Hazardous/e-waste/CFL-1 - Copy.png,CFL-1 - Copy.png,.png,stage4_standardized,ImageNet,0.485,0.456,0.406,0.229,0.224,0.225,224x224,RGB,VALIDATED
Hazardous/e-waste/CFL-Broken-Bulb-scaled - Copy.png,CFL-Broken-Bulb-scaled - Copy.png,.png,stage4_standardized,ImageNet,0.485,0.456,0.406,0.229,0.224,0.225,224x224,RGB,VALIDATED
Hazardous/e-waste/CFL-VS-LED-Lighting - Copy.png,CFL-VS-LED-Lighting - Copy.png,.png,stage4_standardized,ImageNet,0.485,0.456,0.406,0.229,0.224,0.225,224x224,RGB,VALIDATED
Hazardous/e-waste/Challenges-and-Opportunities-in-Electronic-Waste-Management-in-India-SHAMI - Copy.png,Challenges-and-Opportunities-in-Electronic-Waste-Management-in-India-SHAMI - Copy.png,.png,stage4_standardized,ImageNet,0.485,0.456,0.406,0.229,0.224,0.225,224x224,RGB,VALIDATED
Hazardous/e-waste/Compact-Flourescent-Lighbulb - Copy.png,Compact-Flourescent-Lighbulb - Copy.png,.png,stage4_standardized,ImageNet,0.485,0.456,0.406,0.229,0.224,0.225,224x224,RGB,VALIDATED
Hazardous/e-waste/Compact-fluorescent-lamps - Copy.png,Compact-fluorescent-lamps - Copy.png,.png,stage4_standardized,ImageNet,0.485,0.456,0.406,0.229,0.224,0.225,224x224,RGB,VALIDATED
Hazardous/e-waste/Compact_fluorescent_light_bulb_with_GU24_connector - Copy.png,Compact_fluorescent_light_bulb_with_GU24_connector - Copy.png,.png,stage4_standardized,ImageNet,0.485,0.456,0.406,0.229,0.224,0.225,224x224,RGB,VALIDATED
Hazardous/e-waste/Dont-Trash-fluorescent-bulbs - Copy.png,Dont-Trash-fluorescent-bulbs - Copy.png,.png,stage4_standardized,ImageNet,0.485,0.456,0.406,0.229,0.224,0.225,224x224,RGB,VALIDATED
Hazardous/e-waste/E-Waste - Copy.png,E-Waste - Copy.png,.png,stage4_standardized,ImageNet,0.485,0.456,0.406,0.229,0.224,0.225,224x224,RGB,VALIDATED
Hazardous/e-waste/E-Waste-Management-in-India - Copy.png,E-Waste-Management-in-India - Copy.png,.png,stage4_standardized,ImageNet,0.485,0.456,0.406,0.229,0.224,0.225,224x224,RGB,VALIDATED
Hazardous/e-waste/E-Waste-Management-in-India-2016-Rules-Challenges-upsc-ias-essay3-e1559907374322 - Copy.png,E-Waste-Management-in-India-2016-Rules-Challenges-upsc-ias-essay3-e1559907374322 - Copy.png,.png,stage4_standardized,ImageNet,0.485,0.456,0.406,0.229,0.224,0.225,224x224,RGB,VALIDATED
Hazardous/e-waste/E-Waste20Wednesday20-20Waste20Reduction20Week202022 - Copy.png,E-Waste20Wednesday20-20Waste20Reduction20Week202022 - Copy.png,.png,stage4_standardized,ImageNet,0.485,0.456,0.406,0.229,0.224,0.225,224x224,RGB,VALIDATED
Hazardous/e-waste/E-Waste20types-493414483 - Copy.png,E-Waste20types-493414483 - Copy.png,.png,stage4_standardized,ImageNet,0.485,0.456,0.406,0.229,0.224,0.225,224x224,RGB,VALIDATED
Hazardous/e-waste/E-Waste_Landfill - Copy.png,E-Waste_Landfill - Copy.png,.png,stage4_standardized,ImageNet,0.485,0.456,0.406,0.229,0.224,0.225,224x224,RGB,VALIDATED
Hazardous/e-waste/E-waste - Copy.png,E-waste - Copy.png,.png,stage4_standardized,ImageNet,0.485,0.456,0.406,0.229,0.224,0.225,224x224,RGB,VALIDATED
Hazardous/e-waste/Electronic-Waste-E-Waste-WEEE - Copy.png,Electronic-Waste-E-Waste-WEEE - Copy.png,.png,stage4_standardized,ImageNet,0.485,0.456,0.406,0.229,0.224,0.225,224x224,RGB,VALIDATED
Hazardous/e-waste/Electronic-waste-1 - Copy.png,Electronic-waste-1 - Copy.png,.png,stage4_standardized,ImageNet,0.485,0.456,0.406,0.229,0.224,0.225,224x224,RGB,VALIDATED
Hazardous/e-waste/Electronic-waste-management - Copy.png,Electronic-waste-management - Copy.png,.png,stage4_standardized,ImageNet,0.485,0.456,0.406,0.229,0.224,0.225,224x224,RGB,VALIDATED
Hazardous/e-waste/Electronic-waste2-scaled - Copy.png,Electronic-waste2-scaled - Copy.png,.png,stage4_standardized,ImageNet,0.485,0.456,0.406,0.229,0.224,0.225,224x224,RGB,VALIDATED
Hazardous/e-waste/Electronic_waste_at_Agbogbloshie2C_Ghana - Copy.png,Electronic_waste_at_Agbogbloshie2C_Ghana - Copy.png,.png,stage4_standardized,ImageNet,0.485,0.456,0.406,0.229,0.224,0.225,224x224,RGB,VALIDATED
Hazardous/e-waste/Energiesparlampe_01_retouched - Copy.png,Energiesparlampe_01_retouched - Copy.png,.png,stage4_standardized,ImageNet,0.485,0.456,0.406,0.229,0.224,0.225,224x224,RGB,VALIDATED
Hazardous/e-waste/Ewaste - Copy.png,Ewaste - Copy.png,.png,stage4_standardized,ImageNet,0.485,0.456,0.406,0.229,0.224,0.225,224x224,RGB,VALIDATED
Hazardous/e-waste/Ewaste-1602590536972 - Copy.png,Ewaste-1602590536972 - Copy.png,.png,stage4_standardized,ImageNet,0.485,0.456,0.406,0.229,0.224,0.225,224x224,RGB,VALIDATED
Hazardous/e-waste/Example-of-e-waste-in-Category-3-ICT-a-used-mobile-phones-and-b-used-monitors_Q320 - Copy.png,Example-of-e-waste-in-Category-3-ICT-a-used-mobile-phones-and-b-used-monitors_Q320 - Copy.png,.png,stage4_standardized,ImageNet,0.485,0.456,0.406,0.229,0.224,0.225,224x224,RGB,VALIDATED
Hazardous/e-waste/Featured-pictures-for-webiste11 - Copy.png,Featured-pictures-for-webiste11 - Copy.png,.png,stage4_standardized,ImageNet,0.485,0.456,0.406,0.229,0.224,0.225,224x224,RGB,VALIDATED
Hazardous/e-waste/Five-Reasons-Why-E-Waste-Recycling-is-Important-1-1024x517 - Copy.png,Five-Reasons-Why-E-Waste-Recycling-is-Important-1-1024x517 - Copy.png,.png,stage4_standardized,ImageNet,0.485,0.456,0.406,0.229,0.224,0.225,224x224,RGB,VALIDATED
Hazardous/e-waste/Fluorescent-Bulbs-in-Trash-1-1024x683 - Copy.png,Fluorescent-Bulbs-in-Trash-1-1024x683 - Copy.png,.png,stage4_standardized,ImageNet,0.485,0.456,0.406,0.229,0.224,0.225,224x224,RGB,VALIDATED
Hazardous/e-waste/Fluorescent-Bulbs-in-Trash-2-e1434205961573 - Copy.png,Fluorescent-Bulbs-in-Trash-2-e1434205961573 - Copy.png,.png,stage4_standardized,ImageNet,0.485,0.456,0.406,0.229,0.224,0.225,224x224,RGB,VALIDATED
Hazardous/e-waste/FluorescentBulbs - Copy.png,FluorescentBulbs - Copy.png,.png,stage4_standardized,ImageNet,0.485,0.456,0.406,0.229,0.224,0.225,224x224,RGB,VALIDATED
Hazardous/e-waste/Fluorescent_Light_Video - Copy.png,Fluorescent_Light_Video - Copy.png,.png,stage4_standardized,ImageNet,0.485,0.456,0.406,0.229,0.224,0.225,224x224,RGB,VALIDATED
Hazardous/e-waste/Fluorescent_light_bulb_from_inside_2 - Copy.png,Fluorescent_light_bulb_from_inside_2 - Copy.png,.png,stage4_standardized,ImageNet,0.485,0.456,0.406,0.229,0.224,0.225,224x224,RGB,VALIDATED
Hazardous/e-waste/GettyImages-1298365434 - Copy.png,GettyImages-1298365434 - Copy.png,.png,stage4_standardized,ImageNet,0.485,0.456,0.406,0.229,0.224,0.225,224x224,RGB,VALIDATED
Hazardous/e-waste/HHW_Bulbs-updated - Copy.png,HHW_Bulbs-updated - Copy.png,.png,stage4_standardized,ImageNet,0.485,0.456,0.406,0.229,0.224,0.225,224x224,RGB,VALIDATED
Hazardous/e-waste/ImageForArticle_8587_16733568303499477 - Copy.png,ImageForArticle_8587_16733568303499477 - Copy.png,.png,stage4_standardized,ImageNet,0.485,0.456,0.406,0.229,0.224,0.225,224x224,RGB,VALIDATED
Hazardous/e-waste/Incandescent_and_fluorescent_light_bulbs - Copy.png,Incandescent_and_fluorescent_light_bulbs - Copy.png,.png,stage4_standardized,ImageNet,0.485,0.456,0.406,0.229,0.224,0.225,224x224,RGB,VALIDATED
Hazardous/e-waste/Intro-to-E-Waste - Copy.png,Intro-to-E-Waste - Copy.png,.png,stage4_standardized,ImageNet,0.485,0.456,0.406,0.229,0.224,0.225,224x224,RGB,VALIDATED
Hazardous/e-waste/Is-it-hazardous-waste...flourescent-light-bulbs - Copy.png,Is-it-hazardous-waste...flourescent-light-bulbs - Copy.png,.png,stage4_standardized,ImageNet,0.485,0.456,0.406,0.229,0.224,0.225,224x224,RGB,VALIDATED
Hazardous/e-waste/JunkDevices-607673850 - Copy.png,JunkDevices-607673850 - Copy.png,.png,stage4_standardized,ImageNet,0.485,0.456,0.406,0.229,0.224,0.225,224x224,RGB,VALIDATED
Hazardous/e-waste/LED-CLF-Incandescent-2 - Copy.png,LED-CLF-Incandescent-2 - Copy.png,.png,stage4_standardized,ImageNet,0.485,0.456,0.406,0.229,0.224,0.225,224x224,RGB,VALIDATED
Hazardous/e-waste/LED-CLF-Incandescent_1024x1024 - Copy.png,LED-CLF-Incandescent_1024x1024 - Copy.png,.png,stage4_standardized,ImageNet,0.485,0.456,0.406,0.229,0.224,0.225,224x224,RGB,VALIDATED
Hazardous/e-waste/LED-vs-fluorescent-2022-section-1 - Copy.png,LED-vs-fluorescent-2022-section-1 - Copy.png,.png,stage4_standardized,ImageNet,0.485,0.456,0.406,0.229,0.224,0.225,224x224,RGB,VALIDATED
Hazardous/e-waste/LED20vs20Fluorescent20Image20202120Blog20Sized - Copy.png,LED20vs20Fluorescent20Image20202120Blog20Sized - Copy.png,.png,stage4_standardized,ImageNet,0.485,0.456,0.406,0.229,0.224,0.225,224x224,RGB,VALIDATED
Hazardous/e-waste/Led-CFL-And-Incandescent-Bulbs-Wi-6719889-scaled - Copy.png,Led-CFL-And-Incandescent-Bulbs-Wi-6719889-scaled - Copy.png,.png,stage4_standardized,ImageNet,0.485,0.456,0.406,0.229,0.224,0.225,224x224,RGB,VALIDATED
Hazardous/e-waste/Light-Bulb-Recycling - Copy.png,Light-Bulb-Recycling - Copy.png,.png,stage4_standardized,ImageNet,0.485,0.456,0.406,0.229,0.224,0.225,224x224,RGB,VALIDATED
Hazardous/e-waste/Light20bulbs.JPG - Copy.png,Light20bulbs.JPG - Copy.png,.png,stage4_standardized,ImageNet,0.485,0.456,0.406,0.229,0.224,0.225,224x224,RGB,VALIDATED
Hazardous/e-waste/Lights-Hero - Copy.png,Lights-Hero - Copy.png,.png,stage4_standardized,ImageNet,0.485,0.456,0.406,0.229,0.224,0.225,224x224,RGB,VALIDATED
Hazardous/e-waste/Maple-Leaf-Foods-Electronic-Recycling-Program-Photo-Credit-Lya_Cattel - Copy.png,Maple-Leaf-Foods-Electronic-Recycling-Program-Photo-Credit-Lya_Cattel - Copy.png,.png,stage4_standardized,ImageNet,0.485,0.456,0.406,0.229,0.224,0.225,224x224,RGB,VALIDATED
Hazardous/e-waste/Mercury-bulb-ban-1024x341 - Copy.png,Mercury-bulb-ban-1024x341 - Copy.png,.png,stage4_standardized,ImageNet,0.485,0.456,0.406,0.229,0.224,0.225,224x224,RGB,VALIDATED
Hazardous/e-waste/Namo-Blog_Cover-7-1024x536 - Copy.png,Namo-Blog_Cover-7-1024x536 - Copy.png,.png,stage4_standardized,ImageNet,0.485,0.456,0.406,0.229,0.224,0.225,224x224,RGB,VALIDATED
Hazardous/e-waste/New-RepBan_Guide-FluorescentBulbs_2008 - Copy.png,New-RepBan_Guide-FluorescentBulbs_2008 - Copy.png,.png,stage4_standardized,ImageNet,0.485,0.456,0.406,0.229,0.224,0.225,224x224,RGB,VALIDATED
Hazardous/e-waste/Noteable_ewaste_main-760x378 - Copy.png,Noteable_ewaste_main-760x378 - Copy.png,.png,stage4_standardized,ImageNet,0.485,0.456,0.406,0.229,0.224,0.225,224x224,RGB,VALIDATED
Hazardous/e-waste/Optimized-ewaste-middle-east - Copy.png,Optimized-ewaste-middle-east - Copy.png,.png,stage4_standardized,ImageNet,0.485,0.456,0.406,0.229,0.224,0.225,224x224,RGB,VALIDATED
Hazardous/e-waste/Parts_of_CFL_large - Copy.png,Parts_of_CFL_large - Copy.png,.png,stage4_standardized,ImageNet,0.485,0.456,0.406,0.229,0.224,0.225,224x224,RGB,VALIDATED
Hazardous/e-waste/Reciclaje_electronico_categorias_inglC3A9s - Copy.png,Reciclaje_electronico_categorias_inglC3A9s - Copy.png,.png,stage4_standardized,ImageNet,0.485,0.456,0.406,0.229,0.224,0.225,224x224,RGB,VALIDATED
Hazardous/e-waste/S4cyF6X8zyxWbqHjnI83ICAtzm6CgAqDFVIA9UZG95I.JPG - Copy.png,S4cyF6X8zyxWbqHjnI83ICAtzm6CgAqDFVIA9UZG95I.JPG - Copy.png,.png,stage4_standardized,ImageNet,0.485,0.456,0.406,0.229,0.224,0.225,224x224,RGB,VALIDATED
Hazardous/e-waste/Solutions-to-e-waste-problems1 - Copy.png,Solutions-to-e-waste-problems1 - Copy.png,.png,stage4_standardized,ImageNet,0.485,0.456,0.406,0.229,0.224,0.225,224x224,RGB,VALIDATED
Hazardous/e-waste/WASTE-superJumbo - Copy.png,WASTE-superJumbo - Copy.png,.png,stage4_standardized,ImageNet,0.485,0.456,0.406,0.229,0.224,0.225,224x224,RGB,VALIDATED
Hazardous/e-waste/What-is-e-waste-Great-Lakes-Electronics-Corporation-collection - Copy.png,What-is-e-waste-Great-Lakes-Electronics-Corporation-collection - Copy.png,.png,stage4_standardized,ImageNet,0.485,0.456,0.406,0.229,0.224,0.225,224x224,RGB,VALIDATED
Hazardous/e-waste/What_is_electronic_waste_recycling - Copy.png,What_is_electronic_waste_recycling - Copy.png,.png,stage4_standardized,ImageNet,0.485,0.456,0.406,0.229,0.224,0.225,224x224,RGB,VALIDATED
Hazardous/e-waste/_108381526_mediaitem108381525 - Copy.png,_108381526_mediaitem108381525 - Copy.png,.png,stage4_standardized,ImageNet,0.485,0.456,0.406,0.229,0.224,0.225,224x224,RGB,VALIDATED
Hazardous/e-waste/_elektroschrott_hardware_kp_1200_a97c5f3517_8f5684198f6489c7d84856d3efe3ad10 - Copy.png,_elektroschrott_hardware_kp_1200_a97c5f3517_8f5684198f6489c7d84856d3efe3ad10 - Copy.png,.png,stage4_standardized,ImageNet,0.485,0.456,0.406,0.229,0.224,0.225,224x224,RGB,VALIDATED
Hazardous/e-waste/abfall-ressourcen_produktverantwortung_elektronikaltgeraete_foto_fernseher-berg - Copy.png,abfall-ressourcen_produktverantwortung_elektronikaltgeraete_foto_fernseher-berg - Copy.png,.png,stage4_standardized,ImageNet,0.485,0.456,0.406,0.229,0.224,0.225,224x224,RGB,VALIDATED
Hazardous/e-waste/an-electronics-e-waste-recycling-collection-area-the-collection-is-APK6DT - Copy.png,an-electronics-e-waste-recycling-collection-area-the-collection-is-APK6DT - Copy.png,.png,stage4_standardized,ImageNet,0.485,0.456,0.406,0.229,0.224,0.225,224x224,RGB,VALIDATED
Hazardous/e-waste/archives-ewaste-one_one - Copy.png,archives-ewaste-one_one - Copy.png,.png,stage4_standardized,ImageNet,0.485,0.456,0.406,0.229,0.224,0.225,224x224,RGB,VALIDATED
Hazardous/e-waste/archives-ewaste-one_one.png,archives-ewaste-one_one.png,.png,stage4_standardized,ImageNet,0.485,0.456,0.406,0.229,0.224,0.225,224x224,RGB,VALIDATED
Hazardous/e-waste/aving-led-and-fluorescent-lightbulbs-infographic-on-a-blue-background-vector - Copy.png,aving-led-and-fluorescent-lightbulbs-infographic-on-a-blue-background-vector - Copy.png,.png,stage4_standardized,ImageNet,0.485,0.456,0.406,0.229,0.224,0.225,224x224,RGB,VALIDATED
Hazardous/e-waste/bbf3173e-a750-4687-97be-50f2a4cd2d2b - Copy.png,bbf3173e-a750-4687-97be-50f2a4cd2d2b - Copy.png,.png,stage4_standardized,ImageNet,0.485,0.456,0.406,0.229,0.224,0.225,224x224,RGB,VALIDATED
Hazardous/e-waste/box1-img - Copy.png,box1-img - Copy.png,.png,stage4_standardized,ImageNet,0.485,0.456,0.406,0.229,0.224,0.225,224x224,RGB,VALIDATED
Hazardous/e-waste/bulbs2 - Copy.png,bulbs2 - Copy.png,.png,stage4_standardized,ImageNet,0.485,0.456,0.406,0.229,0.224,0.225,224x224,RGB,VALIDATED
Hazardous/e-waste/bulbs_2 - Copy.png,bulbs_2 - Copy.png,.png,stage4_standardized,ImageNet,0.485,0.456,0.406,0.229,0.224,0.225,224x224,RGB,VALIDATED
Hazardous/e-waste/bulbs_lg - Copy.png,bulbs_lg - Copy.png,.png,stage4_standardized,ImageNet,0.485,0.456,0.406,0.229,0.224,0.225,224x224,RGB,VALIDATED
Hazardous/e-waste/cfl-product-family - Copy.png,cfl-product-family - Copy.png,.png,stage4_standardized,ImageNet,0.485,0.456,0.406,0.229,0.224,0.225,224x224,RGB,VALIDATED
Hazardous/e-waste/cfl-waste-recycling - Copy.png,cfl-waste-recycling - Copy.png,.png,stage4_standardized,ImageNet,0.485,0.456,0.406,0.229,0.224,0.225,224x224,RGB,VALIDATED
Hazardous/e-waste/cfl_app - Copy.png,cfl_app - Copy.png,.png,stage4_standardized,ImageNet,0.485,0.456,0.406,0.229,0.224,0.225,224x224,RGB,VALIDATED
Hazardous/e-waste/cfl_bulbs - Copy.png,cfl_bulbs - Copy.png,.png,stage4_standardized,ImageNet,0.485,0.456,0.406,0.229,0.224,0.225,224x224,RGB,VALIDATED
Hazardous/e-waste/cfllightbulbs - Copy.png,cfllightbulbs - Copy.png,.png,stage4_standardized,ImageNet,0.485,0.456,0.406,0.229,0.224,0.225,224x224,RGB,VALIDATED
Hazardous/e-waste/circuit-board-electronic-waste-for-recycling-with-selective-focus-main-board - Copy.png,circuit-board-electronic-waste-for-recycling-with-selective-focus-main-board - Copy.png,.png,stage4_standardized,ImageNet,0.485,0.456,0.406,0.229,0.224,0.225,224x224,RGB,VALIDATED
Hazardous/e-waste/cling-bin-with-discarded-electrical-and-electronic-devices-such-as-277722974 - Copy.png,cling-bin-with-discarded-electrical-and-electronic-devices-such-as-277722974 - Copy.png,.png,stage4_standardized,ImageNet,0.485,0.456,0.406,0.229,0.224,0.225,224x224,RGB,VALIDATED
Hazardous/e-waste/close-up-shot-of-some-electronic-waste-E88KF4 - Copy.png,close-up-shot-of-some-electronic-waste-E88KF4 - Copy.png,.png,stage4_standardized,ImageNet,0.485,0.456,0.406,0.229,0.224,0.225,224x224,RGB,VALIDATED
Hazardous/e-waste/compact-fluorescent-light-bulb-vector-3890 - Copy.png,compact-fluorescent-light-bulb-vector-3890 - Copy.png,.png,stage4_standardized,ImageNet,0.485,0.456,0.406,0.229,0.224,0.225,224x224,RGB,VALIDATED
Hazardous/e-waste/compact-fluorescent-light-bulbs-with-typical-color-temperatures-vector-HGPGPK - Copy.png,compact-fluorescent-light-bulbs-with-typical-color-temperatures-vector-HGPGPK - Copy.png,.png,stage4_standardized,ImageNet,0.485,0.456,0.406,0.229,0.224,0.225,224x224,RGB,VALIDATED
Hazardous/e-waste/computer-electronic-waste-29637446 - Copy.png,computer-electronic-waste-29637446 - Copy.png,.png,stage4_standardized,ImageNet,0.485,0.456,0.406,0.229,0.224,0.225,224x224,RGB,VALIDATED
Hazardous/e-waste/crompton-bulbs-and-cfls-19-08-2021-975-240174309-zjbfq - Copy.png,crompton-bulbs-and-cfls-19-08-2021-975-240174309-zjbfq - Copy.png,.png,stage4_standardized,ImageNet,0.485,0.456,0.406,0.229,0.224,0.225,224x224,RGB,VALIDATED
Hazardous/e-waste/db4789b29626 - Copy.png,db4789b29626 - Copy.png,.png,stage4_standardized,ImageNet,0.485,0.456,0.406,0.229,0.224,0.225,224x224,RGB,VALIDATED
Hazardous/e-waste/depositphotos_30453211-stock-photo-modern-electronic-waste - Copy.png,depositphotos_30453211-stock-photo-modern-electronic-waste - Copy.png,.png,stage4_standardized,ImageNet,0.485,0.456,0.406,0.229,0.224,0.225,224x224,RGB,VALIDATED
Hazardous/e-waste/depositphotos_38625459-stock-photo-incandescent-compact-fluorescent-halogen-lamps - Copy.png,depositphotos_38625459-stock-photo-incandescent-compact-fluorescent-halogen-lamps - Copy.png,.png,stage4_standardized,ImageNet,0.485,0.456,0.406,0.229,0.224,0.225,224x224,RGB,VALIDATED
Hazardous/e-waste/detail_th_lightbulbs_cfl_content.jpg - Copy.png,detail_th_lightbulbs_cfl_content.jpg - Copy.png,.png,stage4_standardized,ImageNet,0.485,0.456,0.406,0.229,0.224,0.225,224x224,RGB,VALIDATED
Hazardous/e-waste/disposing-lightbulbs-batteries - Copy.png,disposing-lightbulbs-batteries - Copy.png,.png,stage4_standardized,ImageNet,0.485,0.456,0.406,0.229,0.224,0.225,224x224,RGB,VALIDATED
Hazardous/e-waste/e-inside-green-recycling-symbol-e-waste-concept-illustration-with-1118223065 - Copy.png,e-inside-green-recycling-symbol-e-waste-concept-illustration-with-1118223065 - Copy.png,.png,stage4_standardized,ImageNet,0.485,0.456,0.406,0.229,0.224,0.225,224x224,RGB,VALIDATED
Hazardous/e-waste/e-schrott2 - Copy.png,e-schrott2 - Copy.png,.png,stage4_standardized,ImageNet,0.485,0.456,0.406,0.229,0.224,0.225,224x224,RGB,VALIDATED
Hazardous/e-waste/e-waste-2049017_1280 - Copy.png,e-waste-2049017_1280 - Copy.png,.png,stage4_standardized,ImageNet,0.485,0.456,0.406,0.229,0.224,0.225,224x224,RGB,VALIDATED
Hazardous/e-waste/e-waste-3 - Copy.png,e-waste-3 - Copy.png,.png,stage4_standardized,ImageNet,0.485,0.456,0.406,0.229,0.224,0.225,224x224,RGB,VALIDATED
Hazardous/e-waste/e-waste-e-waste-old-mobile-phones-battery-isolated-white-background-177536164 - Copy.png,e-waste-e-waste-old-mobile-phones-battery-isolated-white-background-177536164 - Copy.png,.png,stage4_standardized,ImageNet,0.485,0.456,0.406,0.229,0.224,0.225,224x224,RGB,VALIDATED
Hazardous/e-waste/e-waste-electronic-waste-recycling-and-management - Copy.png,e-waste-electronic-waste-recycling-and-management - Copy.png,.png,stage4_standardized,ImageNet,0.485,0.456,0.406,0.229,0.224,0.225,224x224,RGB,VALIDATED
Hazardous/e-waste/e-waste-lg-238744418 - Copy.png,e-waste-lg-238744418 - Copy.png,.png,stage4_standardized,ImageNet,0.485,0.456,0.406,0.229,0.224,0.225,224x224,RGB,VALIDATED
Hazardous/e-waste/e-waste-policy-recast-to-focus-on-no-of-products-recycled - Copy.png,e-waste-policy-recast-to-focus-on-no-of-products-recycled - Copy.png,.png,stage4_standardized,ImageNet,0.485,0.456,0.406,0.229,0.224,0.225,224x224,RGB,VALIDATED
Hazardous/e-waste/e-waste-process - Copy.png,e-waste-process - Copy.png,.png,stage4_standardized,ImageNet,0.485,0.456,0.406,0.229,0.224,0.225,224x224,RGB,VALIDATED
Hazardous/e-waste/e-waste-recycling-law-1 - Copy.png,e-waste-recycling-law-1 - Copy.png,.png,stage4_standardized,ImageNet,0.485,0.456,0.406,0.229,0.224,0.225,224x224,RGB,VALIDATED
Hazardous/e-waste/e-waste2 - Copy.png,e-waste2 - Copy.png,.png,stage4_standardized,ImageNet,0.485,0.456,0.406,0.229,0.224,0.225,224x224,RGB,VALIDATED
Hazardous/e-waste/e-waste3 - Copy.png,e-waste3 - Copy.png,.png,stage4_standardized,ImageNet,0.485,0.456,0.406,0.229,0.224,0.225,224x224,RGB,VALIDATED
Hazardous/e-waste/e-waste4 - Copy.png,e-waste4 - Copy.png,.png,stage4_standardized,ImageNet,0.485,0.456,0.406,0.229,0.224,0.225,224x224,RGB,VALIDATED
Hazardous/e-waste/eWaste - Copy.png,eWaste - Copy.png,.png,stage4_standardized,ImageNet,0.485,0.456,0.406,0.229,0.224,0.225,224x224,RGB,VALIDATED
Hazardous/e-waste/e_waste_1572334975 - Copy.png,e_waste_1572334975 - Copy.png,.png,stage4_standardized,ImageNet,0.485,0.456,0.406,0.229,0.224,0.225,224x224,RGB,VALIDATED
Hazardous/e-waste/e_waste_1572344183_725x725 - Copy.png,e_waste_1572344183_725x725 - Copy.png,.png,stage4_standardized,ImageNet,0.485,0.456,0.406,0.229,0.224,0.225,224x224,RGB,VALIDATED
Hazardous/e-waste/e_waste_660_062019115620 - Copy.png,e_waste_660_062019115620 - Copy.png,.png,stage4_standardized,ImageNet,0.485,0.456,0.406,0.229,0.224,0.225,224x224,RGB,VALIDATED
Hazardous/e-waste/ectric-lighting-types-incandescent-light-bulb-halogen-lamp-cfl-and-573739525 - Copy.png,ectric-lighting-types-incandescent-light-bulb-halogen-lamp-cfl-and-573739525 - Copy.png,.png,stage4_standardized,ImageNet,0.485,0.456,0.406,0.229,0.224,0.225,224x224,RGB,VALIDATED
Hazardous/e-waste/ectronic-gadgets-devices-on-white-table-e-waste-planned-obsolescence-2KF1CDY - Copy.png,ectronic-gadgets-devices-on-white-table-e-waste-planned-obsolescence-2KF1CDY - Copy.png,.png,stage4_standardized,ImageNet,0.485,0.456,0.406,0.229,0.224,0.225,224x224,RGB,VALIDATED
Hazardous/e-waste/electonic-waste - Copy.png,electonic-waste - Copy.png,.png,stage4_standardized,ImageNet,0.485,0.456,0.406,0.229,0.224,0.225,224x224,RGB,VALIDATED
Hazardous/e-waste/electrical-electronic-waste-1 - Copy.png,electrical-electronic-waste-1 - Copy.png,.png,stage4_standardized,ImageNet,0.485,0.456,0.406,0.229,0.224,0.225,224x224,RGB,VALIDATED
Hazardous/e-waste/electronic-recycling - Copy.png,electronic-recycling - Copy.png,.png,stage4_standardized,ImageNet,0.485,0.456,0.406,0.229,0.224,0.225,224x224,RGB,VALIDATED
Hazardous/e-waste/electronic-waste - Copy.png,electronic-waste - Copy.png,.png,stage4_standardized,ImageNet,0.485,0.456,0.406,0.229,0.224,0.225,224x224,RGB,VALIDATED
Hazardous/e-waste/electronic-waste-collection-center-subsequent-recycling-circular-economy_761147-84 - Copy.png,electronic-waste-collection-center-subsequent-recycling-circular-economy_761147-84 - Copy.png,.png,stage4_standardized,ImageNet,0.485,0.456,0.406,0.229,0.224,0.225,224x224,RGB,VALIDATED
Hazardous/e-waste/electronic-waste-disposal - Copy.png,electronic-waste-disposal - Copy.png,.png,stage4_standardized,ImageNet,0.485,0.456,0.406,0.229,0.224,0.225,224x224,RGB,VALIDATED
Hazardous/e-waste/electronic-waste-e-waste - Copy.png,electronic-waste-e-waste - Copy.png,.png,stage4_standardized,ImageNet,0.485,0.456,0.406,0.229,0.224,0.225,224x224,RGB,VALIDATED
Hazardous/e-waste/electronic-waste-e-waste-167412842216x9 - Copy.png,electronic-waste-e-waste-167412842216x9 - Copy.png,.png,stage4_standardized,ImageNet,0.485,0.456,0.406,0.229,0.224,0.225,224x224,RGB,VALIDATED
Hazardous/e-waste/electronic-waste-electronic-waste-old-computers-monitors-other-devices-to-recycle-109977003 - Copy.png,electronic-waste-electronic-waste-old-computers-monitors-other-devices-to-recycle-109977003 - Copy.png,.png,stage4_standardized,ImageNet,0.485,0.456,0.406,0.229,0.224,0.225,224x224,RGB,VALIDATED
Hazardous/e-waste/electronic-waste-hand-dropping-old-damaged-smartphone-bin-e-garbage-152109224 - Copy.png,electronic-waste-hand-dropping-old-damaged-smartphone-bin-e-garbage-152109224 - Copy.png,.png,stage4_standardized,ImageNet,0.485,0.456,0.406,0.229,0.224,0.225,224x224,RGB,VALIDATED
Hazardous/e-waste/electronic-waste-hero - Copy.png,electronic-waste-hero - Copy.png,.png,stage4_standardized,ImageNet,0.485,0.456,0.406,0.229,0.224,0.225,224x224,RGB,VALIDATED
Hazardous/e-waste/electronic-waste-ready-for-recycling-isolated-on-white-background-J769FF - Copy.png,electronic-waste-ready-for-recycling-isolated-on-white-background-J769FF - Copy.png,.png,stage4_standardized,ImageNet,0.485,0.456,0.406,0.229,0.224,0.225,224x224,RGB,VALIDATED
Hazardous/e-waste/electronic-waste-statistics - Copy.png,electronic-waste-statistics - Copy.png,.png,stage4_standardized,ImageNet,0.485,0.456,0.406,0.229,0.224,0.225,224x224,RGB,VALIDATED
Hazardous/e-waste/electronic-waste-stock-photo_csp13003320 - Copy.png,electronic-waste-stock-photo_csp13003320 - Copy.png,.png,stage4_standardized,ImageNet,0.485,0.456,0.406,0.229,0.224,0.225,224x224,RGB,VALIDATED
Hazardous/e-waste/energy-saving-bulbs-spent-incandescent-halogen-cfi-fluorescent-led-174891292 - Copy.png,energy-saving-bulbs-spent-incandescent-halogen-cfi-fluorescent-led-174891292 - Copy.png,.png,stage4_standardized,ImageNet,0.485,0.456,0.406,0.229,0.224,0.225,224x224,RGB,VALIDATED
Hazardous/e-waste/es-2012-02886m_0005 - Copy.png,es-2012-02886m_0005 - Copy.png,.png,stage4_standardized,ImageNet,0.485,0.456,0.406,0.229,0.224,0.225,224x224,RGB,VALIDATED
Hazardous/e-waste/esy-042966920 - Copy.png,esy-042966920 - Copy.png,.png,stage4_standardized,ImageNet,0.485,0.456,0.406,0.229,0.224,0.225,224x224,RGB,VALIDATED
Hazardous/e-waste/ewaste-3 - Copy.png,ewaste-3 - Copy.png,.png,stage4_standardized,ImageNet,0.485,0.456,0.406,0.229,0.224,0.225,224x224,RGB,VALIDATED
Hazardous/e-waste/ewaste-aspect-ratio-2000-1200-1024x614 - Copy.png,ewaste-aspect-ratio-2000-1200-1024x614 - Copy.png,.png,stage4_standardized,ImageNet,0.485,0.456,0.406,0.229,0.224,0.225,224x224,RGB,VALIDATED
Hazardous/e-waste/ewaste-hero-banner - Copy.png,ewaste-hero-banner - Copy.png,.png,stage4_standardized,ImageNet,0.485,0.456,0.406,0.229,0.224,0.225,224x224,RGB,VALIDATED
Hazardous/e-waste/ewaste-recycling - Copy.png,ewaste-recycling - Copy.png,.png,stage4_standardized,ImageNet,0.485,0.456,0.406,0.229,0.224,0.225,224x224,RGB,VALIDATED
Hazardous/e-waste/ewaste-type - Copy.png,ewaste-type - Copy.png,.png,stage4_standardized,ImageNet,0.485,0.456,0.406,0.229,0.224,0.225,224x224,RGB,VALIDATED
Hazardous/e-waste/ey-waste-bin-full-of-e-waste - Copy.png,ey-waste-bin-full-of-e-waste - Copy.png,.png,stage4_standardized,ImageNet,0.485,0.456,0.406,0.229,0.224,0.225,224x224,RGB,VALIDATED
Hazardous/e-waste/file-20200709-58-1grgzv5 - Copy.png,file-20200709-58-1grgzv5 - Copy.png,.png,stage4_standardized,ImageNet,0.485,0.456,0.406,0.229,0.224,0.225,224x224,RGB,VALIDATED
Hazardous/e-waste/file-20210216-19-57bzc1 - Copy.png,file-20210216-19-57bzc1 - Copy.png,.png,stage4_standardized,ImageNet,0.485,0.456,0.406,0.229,0.224,0.225,224x224,RGB,VALIDATED
Hazardous/e-waste/flourescents - Copy.png,flourescents - Copy.png,.png,stage4_standardized,ImageNet,0.485,0.456,0.406,0.229,0.224,0.225,224x224,RGB,VALIDATED
Hazardous/e-waste/fluorescent - Copy.png,fluorescent - Copy.png,.png,stage4_standardized,ImageNet,0.485,0.456,0.406,0.229,0.224,0.225,224x224,RGB,VALIDATED
Hazardous/e-waste/fluorescent-lightbulb-abstract-15600002 - Copy.png,fluorescent-lightbulb-abstract-15600002 - Copy.png,.png,stage4_standardized,ImageNet,0.485,0.456,0.406,0.229,0.224,0.225,224x224,RGB,VALIDATED
Hazardous/e-waste/fluorescent2 - Copy.png,fluorescent2 - Copy.png,.png,stage4_standardized,ImageNet,0.485,0.456,0.406,0.229,0.224,0.225,224x224,RGB,VALIDATED
Hazardous/e-waste/fluorescent20lights20hero - Copy.png,fluorescent20lights20hero - Copy.png,.png,stage4_standardized,ImageNet,0.485,0.456,0.406,0.229,0.224,0.225,224x224,RGB,VALIDATED
Hazardous/e-waste/fluorescentlights - Copy.png,fluorescentlights - Copy.png,.png,stage4_standardized,ImageNet,0.485,0.456,0.406,0.229,0.224,0.225,224x224,RGB,VALIDATED
Hazardous/e-waste/gettyimages-522580785 - Copy.png,gettyimages-522580785 - Copy.png,.png,stage4_standardized,ImageNet,0.485,0.456,0.406,0.229,0.224,0.225,224x224,RGB,VALIDATED
Hazardous/e-waste/gettyimages-566436837-1559940280 - Copy.png,gettyimages-566436837-1559940280 - Copy.png,.png,stage4_standardized,ImageNet,0.485,0.456,0.406,0.229,0.224,0.225,224x224,RGB,VALIDATED
Hazardous/e-waste/going-greener-by-recycling-burnt-out-bulbs-1523856076-3781852 - Copy.png,going-greener-by-recycling-burnt-out-bulbs-1523856076-3781852 - Copy.png,.png,stage4_standardized,ImageNet,0.485,0.456,0.406,0.229,0.224,0.225,224x224,RGB,VALIDATED
Hazardous/e-waste/hazardous-waste-solutions-fluorescent-tubes - Copy.png,hazardous-waste-solutions-fluorescent-tubes - Copy.png,.png,stage4_standardized,ImageNet,0.485,0.456,0.406,0.229,0.224,0.225,224x224,RGB,VALIDATED
Hazardous/e-waste/hazardous-waste-wooden-background-74234943 - Copy.png,hazardous-waste-wooden-background-74234943 - Copy.png,.png,stage4_standardized,ImageNet,0.485,0.456,0.406,0.229,0.224,0.225,224x224,RGB,VALIDATED
Hazardous/e-waste/how-fluorescents-work - Copy.png,how-fluorescents-work - Copy.png,.png,stage4_standardized,ImageNet,0.485,0.456,0.406,0.229,0.224,0.225,224x224,RGB,VALIDATED
Hazardous/e-waste/how-to-dispose-of-fluorescent-light-bulbs - Copy.png,how-to-dispose-of-fluorescent-light-bulbs - Copy.png,.png,stage4_standardized,ImageNet,0.485,0.456,0.406,0.229,0.224,0.225,224x224,RGB,VALIDATED
Hazardous/e-waste/how-to-dispose-of-light-bulbs-section-3 - Copy.png,how-to-dispose-of-light-bulbs-section-3 - Copy.png,.png,stage4_standardized,ImageNet,0.485,0.456,0.406,0.229,0.224,0.225,224x224,RGB,VALIDATED
Hazardous/e-waste/how-to-dispose-of-light-bulbs-section-4 - Copy.png,how-to-dispose-of-light-bulbs-section-4 - Copy.png,.png,stage4_standardized,ImageNet,0.485,0.456,0.406,0.229,0.224,0.225,224x224,RGB,VALIDATED
Hazardous/e-waste/how_to_upcycle_ewaste_1573547808 - Copy.png,how_to_upcycle_ewaste_1573547808 - Copy.png,.png,stage4_standardized,ImageNet,0.485,0.456,0.406,0.229,0.224,0.225,224x224,RGB,VALIDATED
Hazardous/e-waste/https3A2F2Fwww.elektormagazine.com2Fassets2Fupload2Fimages2F02Fe-waste4 - Copy.png,https3A2F2Fwww.elektormagazine.com2Fassets2Fupload2Fimages2F02Fe-waste4 - Copy.png,.png,stage4_standardized,ImageNet,0.485,0.456,0.406,0.229,0.224,0.225,224x224,RGB,VALIDATED
Hazardous/e-waste/iPleaders-17 - Copy.png,iPleaders-17 - Copy.png,.png,stage4_standardized,ImageNet,0.485,0.456,0.406,0.229,0.224,0.225,224x224,RGB,VALIDATED
Hazardous/e-waste/ic-waste-old-products-china-cyclic-utilization-broken-energy-saving-47934966 - Copy.png,ic-waste-old-products-china-cyclic-utilization-broken-energy-saving-47934966 - Copy.png,.png,stage4_standardized,ImageNet,0.485,0.456,0.406,0.229,0.224,0.225,224x224,RGB,VALIDATED
Hazardous/e-waste/icons-led-lamps-types-fluorescent-filament-halogen-diode-and-other-632016899 - Copy.png,icons-led-lamps-types-fluorescent-filament-halogen-diode-and-other-632016899 - Copy.png,.png,stage4_standardized,ImageNet,0.485,0.456,0.406,0.229,0.224,0.225,224x224,RGB,VALIDATED
Hazardous/e-waste/image31 - Copy.png,image31 - Copy.png,.png,stage4_standardized,ImageNet,0.485,0.456,0.406,0.229,0.224,0.225,224x224,RGB,VALIDATED
Hazardous/e-waste/img878241 - Copy.png,img878241 - Copy.png,.png,stage4_standardized,ImageNet,0.485,0.456,0.406,0.229,0.224,0.225,224x224,RGB,VALIDATED
Hazardous/e-waste/impact-of-e-waste-hero1540775416137 - Copy.png,impact-of-e-waste-hero1540775416137 - Copy.png,.png,stage4_standardized,ImageNet,0.485,0.456,0.406,0.229,0.224,0.225,224x224,RGB,VALIDATED
Hazardous/e-waste/impact-of-e-waste-infographic1541812360135 - Copy.png,impact-of-e-waste-infographic1541812360135 - Copy.png,.png,stage4_standardized,ImageNet,0.485,0.456,0.406,0.229,0.224,0.225,224x224,RGB,VALIDATED
Hazardous/e-waste/incandescent-led-cfl - Copy.png,incandescent-led-cfl - Copy.png,.png,stage4_standardized,ImageNet,0.485,0.456,0.406,0.229,0.224,0.225,224x224,RGB,VALIDATED
Hazardous/e-waste/international-e-waste-day - Copy.png,international-e-waste-day - Copy.png,.png,stage4_standardized,ImageNet,0.485,0.456,0.406,0.229,0.224,0.225,224x224,RGB,VALIDATED
Hazardous/e-waste/lable-black-line-icon-varieties-of-lamps-waste-recycling-garbage-sorting-eco - Copy.png,lable-black-line-icon-varieties-of-lamps-waste-recycling-garbage-sorting-eco - Copy.png,.png,stage4_standardized,ImageNet,0.485,0.456,0.406,0.229,0.224,0.225,224x224,RGB,VALIDATED
Hazardous/e-waste/lamps - Copy.png,lamps - Copy.png,.png,stage4_standardized,ImageNet,0.485,0.456,0.406,0.229,0.224,0.225,224x224,RGB,VALIDATED
Hazardous/e-waste/light-bulb-fluorescent - Copy.png,light-bulb-fluorescent - Copy.png,.png,stage4_standardized,ImageNet,0.485,0.456,0.406,0.229,0.224,0.225,224x224,RGB,VALIDATED
Hazardous/e-waste/light-bulb-recycling-waste-legacy-tungsten-on-white-background-GJ5BDK - Copy.png,light-bulb-recycling-waste-legacy-tungsten-on-white-background-GJ5BDK - Copy.png,.png,stage4_standardized,ImageNet,0.485,0.456,0.406,0.229,0.224,0.225,224x224,RGB,VALIDATED
Hazardous/e-waste/light-bulbs-and-recycling-bin-for-them-light-bulbs-and-fluorescent-lamps-are - Copy.png,light-bulbs-and-recycling-bin-for-them-light-bulbs-and-fluorescent-lamps-are - Copy.png,.png,stage4_standardized,ImageNet,0.485,0.456,0.406,0.229,0.224,0.225,224x224,RGB,VALIDATED
Hazardous/e-waste/lightbulb-average-rated-lifetime-hours-1 - Copy.png,lightbulb-average-rated-lifetime-hours-1 - Copy.png,.png,stage4_standardized,ImageNet,0.485,0.456,0.406,0.229,0.224,0.225,224x224,RGB,VALIDATED
Hazardous/e-waste/lightbulb-recycling - Copy.png,lightbulb-recycling - Copy.png,.png,stage4_standardized,ImageNet,0.485,0.456,0.406,0.229,0.224,0.225,224x224,RGB,VALIDATED
Hazardous/e-waste/lightbulbs - Copy.png,lightbulbs - Copy.png,.png,stage4_standardized,ImageNet,0.485,0.456,0.406,0.229,0.224,0.225,224x224,RGB,VALIDATED
Hazardous/e-waste/ling-electronic-waste-electronics-hazardous-waste-recycle-computer-recycling - Copy.png,ling-electronic-waste-electronics-hazardous-waste-recycle-computer-recycling - Copy.png,.png,stage4_standardized,ImageNet,0.485,0.456,0.406,0.229,0.224,0.225,224x224,RGB,VALIDATED
Hazardous/e-waste/ling-issue-concept-copy-space-text-damaged-held-disposal-challenge-277763587 - Copy.png,ling-issue-concept-copy-space-text-damaged-held-disposal-challenge-277763587 - Copy.png,.png,stage4_standardized,ImageNet,0.485,0.456,0.406,0.229,0.224,0.225,224x224,RGB,VALIDATED
Hazardous/e-waste/maxresdefault - Copy.png,maxresdefault - Copy.png,.png,stage4_standardized,ImageNet,0.485,0.456,0.406,0.229,0.224,0.225,224x224,RGB,VALIDATED
Hazardous/e-waste/maxresdefault2 - Copy.png,maxresdefault2 - Copy.png,.png,stage4_standardized,ImageNet,0.485,0.456,0.406,0.229,0.224,0.225,224x224,RGB,VALIDATED
Hazardous/e-waste/mika-baumeister-oXb5tA61wI-unsplash-scaled-e1651078651490 - Copy.png,mika-baumeister-oXb5tA61wI-unsplash-scaled-e1651078651490 - Copy.png,.png,stage4_standardized,ImageNet,0.485,0.456,0.406,0.229,0.224,0.225,224x224,RGB,VALIDATED
Hazardous/e-waste/n-edison-fluorescent-and-led-isolated-on-a-transparent-background-1242075553 - Copy.png,n-edison-fluorescent-and-led-isolated-on-a-transparent-background-1242075553 - Copy.png,.png,stage4_standardized,ImageNet,0.485,0.456,0.406,0.229,0.224,0.225,224x224,RGB,VALIDATED
Hazardous/e-waste/n1-e1639575580776 - Copy.png,n1-e1639575580776 - Copy.png,.png,stage4_standardized,ImageNet,0.485,0.456,0.406,0.229,0.224,0.225,224x224,RGB,VALIDATED
Hazardous/e-waste/negative-side-of-compact-flourescent-bulbs-cfls - Copy.png,negative-side-of-compact-flourescent-bulbs-cfls - Copy.png,.png,stage4_standardized,ImageNet,0.485,0.456,0.406,0.229,0.224,0.225,224x224,RGB,VALIDATED
Hazardous/e-waste/nergy-saving-bulbs-tube-spent-incandescent-halogen-cfi-fluorescent-174891297 - Copy.png,nergy-saving-bulbs-tube-spent-incandescent-halogen-cfi-fluorescent-174891297 - Copy.png,.png,stage4_standardized,ImageNet,0.485,0.456,0.406,0.229,0.224,0.225,224x224,RGB,VALIDATED
Hazardous/e-waste/nergy-saving-bulbs-tube-spent-incandescent-halogen-cfi-fluorescent-174891307 - Copy.png,nergy-saving-bulbs-tube-spent-incandescent-halogen-cfi-fluorescent-174891307 - Copy.png,.png,stage4_standardized,ImageNet,0.485,0.456,0.406,0.229,0.224,0.225,224x224,RGB,VALIDATED
Hazardous/e-waste/ng-electronic-waste-electronics-recycle-bin-miscellaneous-computer-recycling - Copy.png,ng-electronic-waste-electronics-recycle-bin-miscellaneous-computer-recycling - Copy.png,.png,stage4_standardized,ImageNet,0.485,0.456,0.406,0.229,0.224,0.225,224x224,RGB,VALIDATED
Hazardous/e-waste/old-burnt-fluorescent-energy-saving-lamps-hazardous-toxic-electronic-waste-75820716 - Copy.png,old-burnt-fluorescent-energy-saving-lamps-hazardous-toxic-electronic-waste-75820716 - Copy.png,.png,stage4_standardized,ImageNet,0.485,0.456,0.406,0.229,0.224,0.225,224x224,RGB,VALIDATED
Hazardous/e-waste/old-used-led-halogen-bulbs-fluorescent-tubes-different-light-bulbs-collected-recycling-217026394 - Copy.png,old-used-led-halogen-bulbs-fluorescent-tubes-different-light-bulbs-collected-recycling-217026394 - Copy.png,.png,stage4_standardized,ImageNet,0.485,0.456,0.406,0.229,0.224,0.225,224x224,RGB,VALIDATED
Hazardous/e-waste/omponents-mainboards-pcb-connectors-hardware-electronics-industry-eco-PNX35G - Copy.png,omponents-mainboards-pcb-connectors-hardware-electronics-industry-eco-PNX35G - Copy.png,.png,stage4_standardized,ImageNet,0.485,0.456,0.406,0.229,0.224,0.225,224x224,RGB,VALIDATED
Hazardous/e-waste/onic-waste-on-white-background-reuse-and-recycle-concept-top-view-1011557155 - Copy.png,onic-waste-on-white-background-reuse-and-recycle-concept-top-view-1011557155 - Copy.png,.png,stage4_standardized,ImageNet,0.485,0.456,0.406,0.229,0.224,0.225,224x224,RGB,VALIDATED
Hazardous/e-waste/outlined-compact-fluorescent-light-bulbs-stock-illustrations_csp49558453 - Copy.png,outlined-compact-fluorescent-light-bulbs-stock-illustrations_csp49558453 - Copy.png,.png,stage4_standardized,ImageNet,0.485,0.456,0.406,0.229,0.224,0.225,224x224,RGB,VALIDATED
Hazardous/e-waste/page_1 - Copy.png,page_1 - Copy.png,.png,stage4_standardized,ImageNet,0.485,0.456,0.406,0.229,0.224,0.225,224x224,RGB,VALIDATED
Hazardous/e-waste/pile-o-light-bulbs-1024x683 - Copy.png,pile-o-light-bulbs-1024x683 - Copy.png,.png,stage4_standardized,ImageNet,0.485,0.456,0.406,0.229,0.224,0.225,224x224,RGB,VALIDATED
Hazardous/e-waste/post_lighting_waste - Copy.png,post_lighting_waste - Copy.png,.png,stage4_standardized,ImageNet,0.485,0.456,0.406,0.229,0.224,0.225,224x224,RGB,VALIDATED
Hazardous/e-waste/r-illustrations-set-different-lightbulb-types-with-various-shapes-2035328045 - Copy.png,r-illustrations-set-different-lightbulb-types-with-various-shapes-2035328045 - Copy.png,.png,stage4_standardized,ImageNet,0.485,0.456,0.406,0.229,0.224,0.225,224x224,RGB,VALIDATED
Hazardous/e-waste/rcury-lamps-e-waste-environmental-pollution-crime-dirty-broken-old-128643963 - Copy.png,rcury-lamps-e-waste-environmental-pollution-crime-dirty-broken-old-128643963 - Copy.png,.png,stage4_standardized,ImageNet,0.485,0.456,0.406,0.229,0.224,0.225,224x224,RGB,VALIDATED
Hazardous/e-waste/reciclaje-industrial-portada - Copy.png,reciclaje-industrial-portada - Copy.png,.png,stage4_standardized,ImageNet,0.485,0.456,0.406,0.229,0.224,0.225,224x224,RGB,VALIDATED
Hazardous/e-waste/recycle-e-waste-new-aug-22 - Copy.png,recycle-e-waste-new-aug-22 - Copy.png,.png,stage4_standardized,ImageNet,0.485,0.456,0.406,0.229,0.224,0.225,224x224,RGB,VALIDATED
Hazardous/e-waste/recycle-old-phones-1617128956 - Copy.png,recycle-old-phones-1617128956 - Copy.png,.png,stage4_standardized,ImageNet,0.485,0.456,0.406,0.229,0.224,0.225,224x224,RGB,VALIDATED
Hazardous/e-waste/rk-background-the-concept-of-recycling-and-disposal-of-electronic-2188810405 - Copy.png,rk-background-the-concept-of-recycling-and-disposal-of-electronic-2188810405 - Copy.png,.png,stage4_standardized,ImageNet,0.485,0.456,0.406,0.229,0.224,0.225,224x224,RGB,VALIDATED
Hazardous/e-waste/rk-background-the-concept-of-recycling-and-disposal-of-electronic-2199207751 - Copy.png,rk-background-the-concept-of-recycling-and-disposal-of-electronic-2199207751 - Copy.png,.png,stage4_standardized,ImageNet,0.485,0.456,0.406,0.229,0.224,0.225,224x224,RGB,VALIDATED
Hazardous/e-waste/s-devices-and-used-electronic-components-intended-for-waste-disposal-2F3X0P0 - Copy.png,s-devices-and-used-electronic-components-intended-for-waste-disposal-2F3X0P0 - Copy.png,.png,stage4_standardized,ImageNet,0.485,0.456,0.406,0.229,0.224,0.225,224x224,RGB,VALIDATED
Hazardous/e-waste/safe-disposal-any-logos-brand-names-have-been-removed-great-recycle-33215495 - Copy.png,safe-disposal-any-logos-brand-names-have-been-removed-great-recycle-33215495 - Copy.png,.png,stage4_standardized,ImageNet,0.485,0.456,0.406,0.229,0.224,0.225,224x224,RGB,VALIDATED
Hazardous/e-waste/sddefault - Copy.png,sddefault - Copy.png,.png,stage4_standardized,ImageNet,0.485,0.456,0.406,0.229,0.224,0.225,224x224,RGB,VALIDATED
Hazardous/e-waste/set-different-types-light-bulbs-incandescent-compact-fluorescent-lamp_223337-667 - Copy.png,set-different-types-light-bulbs-incandescent-compact-fluorescent-lamp_223337-667 - Copy.png,.png,stage4_standardized,ImageNet,0.485,0.456,0.406,0.229,0.224,0.225,224x224,RGB,VALIDATED
Hazardous/e-waste/shutterstock_101806765-Bulbs - Copy.png,shutterstock_101806765-Bulbs - Copy.png,.png,stage4_standardized,ImageNet,0.485,0.456,0.406,0.229,0.224,0.225,224x224,RGB,VALIDATED
Hazardous/e-waste/shutterstock_139275554-1024x600 - Copy.png,shutterstock_139275554-1024x600 - Copy.png,.png,stage4_standardized,ImageNet,0.485,0.456,0.406,0.229,0.224,0.225,224x224,RGB,VALIDATED
Hazardous/e-waste/shutterstock_29134336 - Copy.png,shutterstock_29134336 - Copy.png,.png,stage4_standardized,ImageNet,0.485,0.456,0.406,0.229,0.224,0.225,224x224,RGB,VALIDATED
Hazardous/e-waste/spiral-20-23-watt-cfl-bulbs - Copy.png,spiral-20-23-watt-cfl-bulbs - Copy.png,.png,stage4_standardized,ImageNet,0.485,0.456,0.406,0.229,0.224,0.225,224x224,RGB,VALIDATED
Hazardous/e-waste/stock-photo-electronic-waste-and-garbage-for-recycling-1675112317 - Copy.png,stock-photo-electronic-waste-and-garbage-for-recycling-1675112317 - Copy.png,.png,stage4_standardized,ImageNet,0.485,0.456,0.406,0.229,0.224,0.225,224x224,RGB,VALIDATED
Hazardous/e-waste/stock-photo-hazardous-waste-on-a-black-background-681808615 - Copy.png,stock-photo-hazardous-waste-on-a-black-background-681808615 - Copy.png,.png,stage4_standardized,ImageNet,0.485,0.456,0.406,0.229,0.224,0.225,224x224,RGB,VALIDATED
Hazardous/e-waste/stock-photo-hazardous-waste-on-a-black-background-with-space-for-text-681808597 - Copy.png,stock-photo-hazardous-waste-on-a-black-background-with-space-for-text-681808597 - Copy.png,.png,stage4_standardized,ImageNet,0.485,0.456,0.406,0.229,0.224,0.225,224x224,RGB,VALIDATED
Hazardous/e-waste/stock-photo-old-and-dusty-light-incandescent-bulb-isolated-on-white-background-2289784737 - Copy.png,stock-photo-old-and-dusty-light-incandescent-bulb-isolated-on-white-background-2289784737 - Copy.png,.png,stage4_standardized,ImageNet,0.485,0.456,0.406,0.229,0.224,0.225,224x224,RGB,VALIDATED
Hazardous/e-waste/stock-photo-old-lamps-and-lightbulbs-collection-in-a-waste-bin-2167268987 - Copy.png,stock-photo-old-lamps-and-lightbulbs-collection-in-a-waste-bin-2167268987 - Copy.png,.png,stage4_standardized,ImageNet,0.485,0.456,0.406,0.229,0.224,0.225,224x224,RGB,VALIDATED
Hazardous/e-waste/stock-photo-pile-of-broken-fluorescent-light-bulb-is-danger-for-health-386850775 - Copy.png,stock-photo-pile-of-broken-fluorescent-light-bulb-is-danger-for-health-386850775 - Copy.png,.png,stage4_standardized,ImageNet,0.485,0.456,0.406,0.229,0.224,0.225,224x224,RGB,VALIDATED
Hazardous/e-waste/stock-photo-pile-of-light-bulbs-energy-saving-diode-glass-etc-recycling-clutter-745555078 - Copy.png,stock-photo-pile-of-light-bulbs-energy-saving-diode-glass-etc-recycling-clutter-745555078 - Copy.png,.png,stage4_standardized,ImageNet,0.485,0.456,0.406,0.229,0.224,0.225,224x224,RGB,VALIDATED
Hazardous/e-waste/stock-photo-spent-fluorescent-lamps-and-energy-saving-bulbs-awaiting-disposal-243014344 - Copy.png,stock-photo-spent-fluorescent-lamps-and-energy-saving-bulbs-awaiting-disposal-243014344 - Copy.png,.png,stage4_standardized,ImageNet,0.485,0.456,0.406,0.229,0.224,0.225,224x224,RGB,VALIDATED
Hazardous/e-waste/stock-vector-led-incandescent-and-energy-saving-light-bulbs-vector-illustration-1898745574 - Copy.png,stock-vector-led-incandescent-and-energy-saving-light-bulbs-vector-illustration-1898745574 - Copy.png,.png,stage4_standardized,ImageNet,0.485,0.456,0.406,0.229,0.224,0.225,224x224,RGB,VALIDATED
Hazardous/e-waste/sustainability-15-01837-g001 - Copy.png,sustainability-15-01837-g001 - Copy.png,.png,stage4_standardized,ImageNet,0.485,0.456,0.406,0.229,0.224,0.225,224x224,RGB,VALIDATED
Hazardous/e-waste/t-diverse-old-halogen-and-fluorescent-light-bulbs-in-and-around-a-2197969323 - Copy.png,t-diverse-old-halogen-and-fluorescent-light-bulbs-in-and-around-a-2197969323 - Copy.png,.png,stage4_standardized,ImageNet,0.485,0.456,0.406,0.229,0.224,0.225,224x224,RGB,VALIDATED
Hazardous/e-waste/t-diverse-old-halogen-and-fluorescent-light-bulbs-in-and-around-a-2197969345 - Copy.png,t-diverse-old-halogen-and-fluorescent-light-bulbs-in-and-around-a-2197969345 - Copy.png,.png,stage4_standardized,ImageNet,0.485,0.456,0.406,0.229,0.224,0.225,224x224,RGB,VALIDATED
Hazardous/e-waste/t5-recycling - Copy.png,t5-recycling - Copy.png,.png,stage4_standardized,ImageNet,0.485,0.456,0.406,0.229,0.224,0.225,224x224,RGB,VALIDATED
Hazardous/e-waste/ulbs-at-recycling-event-old-broken-and-burnt-light-bulbs-waits-to-1593279565 - Copy.png,ulbs-at-recycling-event-old-broken-and-burnt-light-bulbs-waits-to-1593279565 - Copy.png,.png,stage4_standardized,ImageNet,0.485,0.456,0.406,0.229,0.224,0.225,224x224,RGB,VALIDATED
Hazardous/e-waste/uter-gold-as-ingredient-motherboards-e-waste-problem-environmental-279793363 - Copy.png,uter-gold-as-ingredient-motherboards-e-waste-problem-environmental-279793363 - Copy.png,.png,stage4_standardized,ImageNet,0.485,0.456,0.406,0.229,0.224,0.225,224x224,RGB,VALIDATED
Hazardous/e-waste/waste - Copy.png,waste - Copy.png,.png,stage4_standardized,ImageNet,0.485,0.456,0.406,0.229,0.224,0.225,224x224,RGB,VALIDATED
Hazardous/e-waste/what_are_cfl_bulbs_and_where_should_they_be_used - Copy.png,what_are_cfl_bulbs_and_where_should_they_be_used - Copy.png,.png,stage4_standardized,ImageNet,0.485,0.456,0.406,0.229,0.224,0.225,224x224,RGB,VALIDATED
Hazardous/paints/006827571_1-ee962a21b5d2673a4c1f0ed05d640bb6.png,006827571_1-ee962a21b5d2673a4c1f0ed05d640bb6.png,.png,stage4_standardized,ImageNet,0.485,0.456,0.406,0.229,0.224,0.225,224x224,RGB,VALIDATED
Hazardous/paints/1-s2.0-S2589004221010828-fx1.png,1-s2.0-S2589004221010828-fx1.png,.png,stage4_standardized,ImageNet,0.485,0.456,0.406,0.229,0.224,0.225,224x224,RGB,VALIDATED
Hazardous/paints/10-Non-Hazardous-Waste-Disposal-Methods.png,10-Non-Hazardous-Waste-Disposal-Methods.png,.png,stage4_standardized,ImageNet,0.485,0.456,0.406,0.229,0.224,0.225,224x224,RGB,VALIDATED
Hazardous/paints/10123-cover-barrel.png,10123-cover-barrel.png,.png,stage4_standardized,ImageNet,0.485,0.456,0.406,0.229,0.224,0.225,224x224,RGB,VALIDATED
Hazardous/paints/13202_2020_865_Fig3_HTML.png,13202_2020_865_Fig3_HTML.png,.png,stage4_standardized,ImageNet,0.485,0.456,0.406,0.229,0.224,0.225,224x224,RGB,VALIDATED
Hazardous/paints/14580596996402728873807_600.png,14580596996402728873807_600.png,.png,stage4_standardized,ImageNet,0.485,0.456,0.406,0.229,0.224,0.225,224x224,RGB,VALIDATED
Hazardous/paints/15-new.png,15-new.png,.png,stage4_standardized,ImageNet,0.485,0.456,0.406,0.229,0.224,0.225,224x224,RGB,VALIDATED
Hazardous/paints/18109287.png,18109287.png,.png,stage4_standardized,ImageNet,0.485,0.456,0.406,0.229,0.224,0.225,224x224,RGB,VALIDATED
Hazardous/paints/200x177-hazardous-waste-items.png,200x177-hazardous-waste-items.png,.png,stage4_standardized,ImageNet,0.485,0.456,0.406,0.229,0.224,0.225,224x224,RGB,VALIDATED
Hazardous/paints/20141208-02b_tcm100-1373849.png,20141208-02b_tcm100-1373849.png,.png,stage4_standardized,ImageNet,0.485,0.456,0.406,0.229,0.224,0.225,224x224,RGB,VALIDATED
Hazardous/paints/2022-2023-HHW-Flyer-updated2.png,2022-2023-HHW-Flyer-updated2.png,.png,stage4_standardized,ImageNet,0.485,0.456,0.406,0.229,0.224,0.225,224x224,RGB,VALIDATED
Hazardous/paints/25375296_web1_HHW-jsj-210608_1.png,25375296_web1_HHW-jsj-210608_1.png,.png,stage4_standardized,ImageNet,0.485,0.456,0.406,0.229,0.224,0.225,224x224,RGB,VALIDATED
Hazardous/paints/3021738.JPG.png,3021738.JPG.png,.png,stage4_standardized,ImageNet,0.485,0.456,0.406,0.229,0.224,0.225,224x224,RGB,VALIDATED
Hazardous/paints/32242531531_03d057a31c_o.png,32242531531_03d057a31c_o.png,.png,stage4_standardized,ImageNet,0.485,0.456,0.406,0.229,0.224,0.225,224x224,RGB,VALIDATED
Hazardous/paints/33-FT0807GageDiagramLG.png,33-FT0807GageDiagramLG.png,.png,stage4_standardized,ImageNet,0.485,0.456,0.406,0.229,0.224,0.225,224x224,RGB,VALIDATED
Hazardous/paints/40494_2020_388_Fig1_HTML.png,40494_2020_388_Fig1_HTML.png,.png,stage4_standardized,ImageNet,0.485,0.456,0.406,0.229,0.224,0.225,224x224,RGB,VALIDATED
Hazardous/paints/41LxYlhuRLL._AC_UF10001000_QL80_.png,41LxYlhuRLL._AC_UF10001000_QL80_.png,.png,stage4_standardized,ImageNet,0.485,0.456,0.406,0.229,0.224,0.225,224x224,RGB,VALIDATED
Hazardous/paints/5-Hazardous-Waste-Examples-Image-1.png,5-Hazardous-Waste-Examples-Image-1.png,.png,stage4_standardized,ImageNet,0.485,0.456,0.406,0.229,0.224,0.225,224x224,RGB,VALIDATED
Hazardous/paints/50215931-hazardous-waste-paints-and-varnishes.png,50215931-hazardous-waste-paints-and-varnishes.png,.png,stage4_standardized,ImageNet,0.485,0.456,0.406,0.229,0.224,0.225,224x224,RGB,VALIDATED
Hazardous/paints/51AhrzGd8gL._AC_UF8941000_QL80_.png,51AhrzGd8gL._AC_UF8941000_QL80_.png,.png,stage4_standardized,ImageNet,0.485,0.456,0.406,0.229,0.224,0.225,224x224,RGB,VALIDATED
Hazardous/paints/51V5ThxCh2L._AC_SL1035_.png,51V5ThxCh2L._AC_SL1035_.png,.png,stage4_standardized,ImageNet,0.485,0.456,0.406,0.229,0.224,0.225,224x224,RGB,VALIDATED
Hazardous/paints/5350017_image_10_46.png,5350017_image_10_46.png,.png,stage4_standardized,ImageNet,0.485,0.456,0.406,0.229,0.224,0.225,224x224,RGB,VALIDATED
Hazardous/paints/5350017_image_2_46.png,5350017_image_2_46.png,.png,stage4_standardized,ImageNet,0.485,0.456,0.406,0.229,0.224,0.225,224x224,RGB,VALIDATED
Hazardous/paints/640px-White_spirit.JPG.png,640px-White_spirit.JPG.png,.png,stage4_standardized,ImageNet,0.485,0.456,0.406,0.229,0.224,0.225,224x224,RGB,VALIDATED
Hazardous/paints/712jw2JuLGL.png,712jw2JuLGL.png,.png,stage4_standardized,ImageNet,0.485,0.456,0.406,0.229,0.224,0.225,224x224,RGB,VALIDATED
Hazardous/paints/7EA97D7B-0886-4E16-85DB-2F3BBAC680DA.png,7EA97D7B-0886-4E16-85DB-2F3BBAC680DA.png,.png,stage4_standardized,ImageNet,0.485,0.456,0.406,0.229,0.224,0.225,224x224,RGB,VALIDATED
Hazardous/paints/8.png,8.png,.png,stage4_standardized,ImageNet,0.485,0.456,0.406,0.229,0.224,0.225,224x224,RGB,VALIDATED
Hazardous/paints/81B8lITyDxL._AC_UF10001000_QL80_.png,81B8lITyDxL._AC_UF10001000_QL80_.png,.png,stage4_standardized,ImageNet,0.485,0.456,0.406,0.229,0.224,0.225,224x224,RGB,VALIDATED
Hazardous/paints/81YecOeujXL._AC_SL1500_.png,81YecOeujXL._AC_SL1500_.png,.png,stage4_standardized,ImageNet,0.485,0.456,0.406,0.229,0.224,0.225,224x224,RGB,VALIDATED
Hazardous/paints/8e22955011cf8d6d8ac7d13a1e62a2ee_XL.png,8e22955011cf8d6d8ac7d13a1e62a2ee_XL.png,.png,stage4_standardized,ImageNet,0.485,0.456,0.406,0.229,0.224,0.225,224x224,RGB,VALIDATED
Hazardous/paints/9769-DS-19-0131_Household-Hazardous-Waste.png,9769-DS-19-0131_Household-Hazardous-Waste.png,.png,stage4_standardized,ImageNet,0.485,0.456,0.406,0.229,0.224,0.225,224x224,RGB,VALIDATED
Hazardous/paints/984.png,984.png,.png,stage4_standardized,ImageNet,0.485,0.456,0.406,0.229,0.224,0.225,224x224,RGB,VALIDATED
Hazardous/paints/99-2.1800x1800.png,99-2.1800x1800.png,.png,stage4_standardized,ImageNet,0.485,0.456,0.406,0.229,0.224,0.225,224x224,RGB,VALIDATED
Hazardous/paints/AdobeStock_210581916.png,AdobeStock_210581916.png,.png,stage4_standardized,ImageNet,0.485,0.456,0.406,0.229,0.224,0.225,224x224,RGB,VALIDATED
Hazardous/paints/BX_Lacke-Makros-12_1110px.png,BX_Lacke-Makros-12_1110px.png,.png,stage4_standardized,ImageNet,0.485,0.456,0.406,0.229,0.224,0.225,224x224,RGB,VALIDATED
Hazardous/paints/CONTGLAS.png,CONTGLAS.png,.png,stage4_standardized,ImageNet,0.485,0.456,0.406,0.229,0.224,0.225,224x224,RGB,VALIDATED
Hazardous/paints/CRL-new-header-pics-14-1024x384.png,CRL-new-header-pics-14-1024x384.png,.png,stage4_standardized,ImageNet,0.485,0.456,0.406,0.229,0.224,0.225,224x224,RGB,VALIDATED
Hazardous/paints/Cans-for-solvent-waste.png,Cans-for-solvent-waste.png,.png,stage4_standardized,ImageNet,0.485,0.456,0.406,0.229,0.224,0.225,224x224,RGB,VALIDATED
Hazardous/paints/Chemic7.png,Chemic7.png,.png,stage4_standardized,ImageNet,0.485,0.456,0.406,0.229,0.224,0.225,224x224,RGB,VALIDATED
Hazardous/paints/ChromaGlast-Sub-Solvent-Category.png,ChromaGlast-Sub-Solvent-Category.png,.png,stage4_standardized,ImageNet,0.485,0.456,0.406,0.229,0.224,0.225,224x224,RGB,VALIDATED
Hazardous/paints/CitrusSolvent_Collection_RealMilkPaintCo_Web_2019_b4440ba8-7140-4254-8c06-eb0c61a89993.png,CitrusSolvent_Collection_RealMilkPaintCo_Web_2019_b4440ba8-7140-4254-8c06-eb0c61a89993.png,.png,stage4_standardized,ImageNet,0.485,0.456,0.406,0.229,0.224,0.225,224x224,RGB,VALIDATED
Hazardous/paints/Composition-of-Solvent-borne-Paints.png,Composition-of-Solvent-borne-Paints.png,.png,stage4_standardized,ImageNet,0.485,0.456,0.406,0.229,0.224,0.225,224x224,RGB,VALIDATED
Hazardous/paints/Composition-of-Solvent-borne-Paints_Q320.png,Composition-of-Solvent-borne-Paints_Q320.png,.png,stage4_standardized,ImageNet,0.485,0.456,0.406,0.229,0.224,0.225,224x224,RGB,VALIDATED
Hazardous/paints/EWM_paint_2007.png,EWM_paint_2007.png,.png,stage4_standardized,ImageNet,0.485,0.456,0.406,0.229,0.224,0.225,224x224,RGB,VALIDATED
Hazardous/paints/Flow-sheet-for-the-three-stage-paint-stripper-waste-treatment-process.png,Flow-sheet-for-the-three-stage-paint-stripper-waste-treatment-process.png,.png,stage4_standardized,ImageNet,0.485,0.456,0.406,0.229,0.224,0.225,224x224,RGB,VALIDATED
Hazardous/paints/HHW-1024x537.png,HHW-1024x537.png,.png,stage4_standardized,ImageNet,0.485,0.456,0.406,0.229,0.224,0.225,224x224,RGB,VALIDATED
Hazardous/paints/HouseholdHazWaste.png,HouseholdHazWaste.png,.png,stage4_standardized,ImageNet,0.485,0.456,0.406,0.229,0.224,0.225,224x224,RGB,VALIDATED
Hazardous/paints/How-Water-based-paints-is-better-when-wompared-with-solvent-based-paints-1024x640.png,How-Water-based-paints-is-better-when-wompared-with-solvent-based-paints-1024x640.png,.png,stage4_standardized,ImageNet,0.485,0.456,0.406,0.229,0.224,0.225,224x224,RGB,VALIDATED
Hazardous/paints/Hydrocarbon-Solvents-used-for-Solvent-Based-Paint-Formulation.png,Hydrocarbon-Solvents-used-for-Solvent-Based-Paint-Formulation.png,.png,stage4_standardized,ImageNet,0.485,0.456,0.406,0.229,0.224,0.225,224x224,RGB,VALIDATED
Hazardous/paints/IMG_1527-1024x668.png,IMG_1527-1024x668.png,.png,stage4_standardized,ImageNet,0.485,0.456,0.406,0.229,0.224,0.225,224x224,RGB,VALIDATED
Hazardous/paints/IMG_2666-scaled.png,IMG_2666-scaled.png,.png,stage4_standardized,ImageNet,0.485,0.456,0.406,0.229,0.224,0.225,224x224,RGB,VALIDATED
Hazardous/paints/IMG_2667-scaled.png,IMG_2667-scaled.png,.png,stage4_standardized,ImageNet,0.485,0.456,0.406,0.229,0.224,0.225,224x224,RGB,VALIDATED
Hazardous/paints/INF6348-Hazardous-Waste-banner-855x380-4-v2__ResizedImageWzg5MCwzOTZd.png,INF6348-Hazardous-Waste-banner-855x380-4-v2__ResizedImageWzg5MCwzOTZd.png,.png,stage4_standardized,ImageNet,0.485,0.456,0.406,0.229,0.224,0.225,224x224,RGB,VALIDATED
Hazardous/paints/Imagen-Ecobiofor.png,Imagen-Ecobiofor.png,.png,stage4_standardized,ImageNet,0.485,0.456,0.406,0.229,0.224,0.225,224x224,RGB,VALIDATED
Hazardous/paints/JC_Licht_Blog_Water-Based_vs._Solvent-Based_Paints_800x800.png,JC_Licht_Blog_Water-Based_vs._Solvent-Based_Paints_800x800.png,.png,stage4_standardized,ImageNet,0.485,0.456,0.406,0.229,0.224,0.225,224x224,RGB,VALIDATED
Hazardous/paints/Methylated-rubber2_pdp_Thinners-1.png,Methylated-rubber2_pdp_Thinners-1.png,.png,stage4_standardized,ImageNet,0.485,0.456,0.406,0.229,0.224,0.225,224x224,RGB,VALIDATED
Hazardous/paints/Mineral-Spirits-vs.-Paint-Thinner-Mineral-Spirits-are-More-Effective.png,Mineral-Spirits-vs.-Paint-Thinner-Mineral-Spirits-are-More-Effective.png,.png,stage4_standardized,ImageNet,0.485,0.456,0.406,0.229,0.224,0.225,224x224,RGB,VALIDATED
Hazardous/paints/Mixed_Brand_Solvents_Atmos_2.png,Mixed_Brand_Solvents_Atmos_2.png,.png,stage4_standardized,ImageNet,0.485,0.456,0.406,0.229,0.224,0.225,224x224,RGB,VALIDATED
Hazardous/paints/Mixed_Brand_Solvents_Atmos_3.png,Mixed_Brand_Solvents_Atmos_3.png,.png,stage4_standardized,ImageNet,0.485,0.456,0.406,0.229,0.224,0.225,224x224,RGB,VALIDATED
Hazardous/paints/NOVDEC18_WEB_Science-Chemicals_AdobeStock_175995879_Creid-makcoud.png,NOVDEC18_WEB_Science-Chemicals_AdobeStock_175995879_Creid-makcoud.png,.png,stage4_standardized,ImageNet,0.485,0.456,0.406,0.229,0.224,0.225,224x224,RGB,VALIDATED
Hazardous/paints/North_Seattle_Household_Hazardous_Waste_Collection_Facility_01.png,North_Seattle_Household_Hazardous_Waste_Collection_Facility_01.png,.png,stage4_standardized,ImageNet,0.485,0.456,0.406,0.229,0.224,0.225,224x224,RGB,VALIDATED
Hazardous/paints/Oil-Painting-Mediums_-A-Guide.png,Oil-Painting-Mediums_-A-Guide.png,.png,stage4_standardized,ImageNet,0.485,0.456,0.406,0.229,0.224,0.225,224x224,RGB,VALIDATED
Hazardous/paints/Oil-Painting-Solvent.png,Oil-Painting-Solvent.png,.png,stage4_standardized,ImageNet,0.485,0.456,0.406,0.229,0.224,0.225,224x224,RGB,VALIDATED
Hazardous/paints/Orange-and-Lavender-group-1.png,Orange-and-Lavender-group-1.png,.png,stage4_standardized,ImageNet,0.485,0.456,0.406,0.229,0.224,0.225,224x224,RGB,VALIDATED
Hazardous/paints/Paint-Disposal-scaled.png,Paint-Disposal-scaled.png,.png,stage4_standardized,ImageNet,0.485,0.456,0.406,0.229,0.224,0.225,224x224,RGB,VALIDATED
Hazardous/paints/Paint-Solvents-and-Thinners.png,Paint-Solvents-and-Thinners.png,.png,stage4_standardized,ImageNet,0.485,0.456,0.406,0.229,0.224,0.225,224x224,RGB,VALIDATED
Hazardous/paints/Paint-Thinners.png,Paint-Thinners.png,.png,stage4_standardized,ImageNet,0.485,0.456,0.406,0.229,0.224,0.225,224x224,RGB,VALIDATED
Hazardous/paints/PaintSolvents26Thinners.png,PaintSolvents26Thinners.png,.png,stage4_standardized,ImageNet,0.485,0.456,0.406,0.229,0.224,0.225,224x224,RGB,VALIDATED
Hazardous/paints/Paints-Varnishes-Hero.png,Paints-Varnishes-Hero.png,.png,stage4_standardized,ImageNet,0.485,0.456,0.406,0.229,0.224,0.225,224x224,RGB,VALIDATED
Hazardous/paints/PlasticWaste_topNteaser.png,PlasticWaste_topNteaser.png,.png,stage4_standardized,ImageNet,0.485,0.456,0.406,0.229,0.224,0.225,224x224,RGB,VALIDATED
Hazardous/paints/Recycled_solvent_or_virgin_maratek-881x588.png,Recycled_solvent_or_virgin_maratek-881x588.png,.png,stage4_standardized,ImageNet,0.485,0.456,0.406,0.229,0.224,0.225,224x224,RGB,VALIDATED
Hazardous/paints/Screen-Shot-2022-09-22-at-12.37.23-PM-568x400.png,Screen-Shot-2022-09-22-at-12.37.23-PM-568x400.png,.png,stage4_standardized,ImageNet,0.485,0.456,0.406,0.229,0.224,0.225,224x224,RGB,VALIDATED
Hazardous/paints/Soho_A4_PaintSolvents__91726__10832.1557412784.png,Soho_A4_PaintSolvents__91726__10832.1557412784.png,.png,stage4_standardized,ImageNet,0.485,0.456,0.406,0.229,0.224,0.225,224x224,RGB,VALIDATED
Hazardous/paints/Solvent-Free-Web-1.png,Solvent-Free-Web-1.png,.png,stage4_standardized,ImageNet,0.485,0.456,0.406,0.229,0.224,0.225,224x224,RGB,VALIDATED
Hazardous/paints/Solvent-based-paints-1024x640.png,Solvent-based-paints-1024x640.png,.png,stage4_standardized,ImageNet,0.485,0.456,0.406,0.229,0.224,0.225,224x224,RGB,VALIDATED
Hazardous/paints/Solvents.png,Solvents.png,.png,stage4_standardized,ImageNet,0.485,0.456,0.406,0.229,0.224,0.225,224x224,RGB,VALIDATED
Hazardous/paints/Solvents2.png,Solvents2.png,.png,stage4_standardized,ImageNet,0.485,0.456,0.406,0.229,0.224,0.225,224x224,RGB,VALIDATED
Hazardous/paints/The-oil-painters-guide.png,The-oil-painters-guide.png,.png,stage4_standardized,ImageNet,0.485,0.456,0.406,0.229,0.224,0.225,224x224,RGB,VALIDATED
Hazardous/paints/Trex-6.png,Trex-6.png,.png,stage4_standardized,ImageNet,0.485,0.456,0.406,0.229,0.224,0.225,224x224,RGB,VALIDATED
Hazardous/paints/Untitled_design_51.png,Untitled_design_51.png,.png,stage4_standardized,ImageNet,0.485,0.456,0.406,0.229,0.224,0.225,224x224,RGB,VALIDATED
Hazardous/paints/WASTE-SERVICES-Paints-466x250-480w.png,WASTE-SERVICES-Paints-466x250-480w.png,.png,stage4_standardized,ImageNet,0.485,0.456,0.406,0.229,0.224,0.225,224x224,RGB,VALIDATED
Hazardous/paints/WN_OMV_AWMO_Water_Solvent_03.png,WN_OMV_AWMO_Water_Solvent_03.png,.png,stage4_standardized,ImageNet,0.485,0.456,0.406,0.229,0.224,0.225,224x224,RGB,VALIDATED
Hazardous/paints/Water-Based-Paints-vs-Solvent-Based-Paints.png,Water-Based-Paints-vs-Solvent-Based-Paints.png,.png,stage4_standardized,ImageNet,0.485,0.456,0.406,0.229,0.224,0.225,224x224,RGB,VALIDATED
Hazardous/paints/Water-based-paints-1024x640.png,Water-based-paints-1024x640.png,.png,stage4_standardized,ImageNet,0.485,0.456,0.406,0.229,0.224,0.225,224x224,RGB,VALIDATED
Hazardous/paints/White-Spirit-1200x1200px.png,White-Spirit-1200x1200px.png,.png,stage4_standardized,ImageNet,0.485,0.456,0.406,0.229,0.224,0.225,224x224,RGB,VALIDATED
Hazardous/paints/aerosol_170164178_small-250x167.png,aerosol_170164178_small-250x167.png,.png,stage4_standardized,ImageNet,0.485,0.456,0.406,0.229,0.224,0.225,224x224,RGB,VALIDATED
Hazardous/paints/aerosolrecycling.png,aerosolrecycling.png,.png,stage4_standardized,ImageNet,0.485,0.456,0.406,0.229,0.224,0.225,224x224,RGB,VALIDATED
Hazardous/paints/bottles234.png,bottles234.png,.png,stage4_standardized,ImageNet,0.485,0.456,0.406,0.229,0.224,0.225,224x224,RGB,VALIDATED
Hazardous/paints/buckets-with-paint-dirty-glass-jars-brushes-spray-gun-solvents-and-other-art-supplies-2R3WH8J.png,buckets-with-paint-dirty-glass-jars-brushes-spray-gun-solvents-and-other-art-supplies-2R3WH8J.png,.png,stage4_standardized,ImageNet,0.485,0.456,0.406,0.229,0.224,0.225,224x224,RGB,VALIDATED
Hazardous/paints/circle-paint-and-solvents-scaled.png,circle-paint-and-solvents-scaled.png,.png,stage4_standardized,ImageNet,0.485,0.456,0.406,0.229,0.224,0.225,224x224,RGB,VALIDATED
Hazardous/paints/coschemicalcleanout-222.png,coschemicalcleanout-222.png,.png,stage4_standardized,ImageNet,0.485,0.456,0.406,0.229,0.224,0.225,224x224,RGB,VALIDATED
Hazardous/paints/deco-shine-paint-solvent-385994667-b0zph.png,deco-shine-paint-solvent-385994667-b0zph.png,.png,stage4_standardized,ImageNet,0.485,0.456,0.406,0.229,0.224,0.225,224x224,RGB,VALIDATED
Hazardous/paints/empty-paint-cans-waiting-disposal-los-angeles-california-52298309.png,empty-paint-cans-waiting-disposal-los-angeles-california-52298309.png,.png,stage4_standardized,ImageNet,0.485,0.456,0.406,0.229,0.224,0.225,224x224,RGB,VALIDATED
Hazardous/paints/haz.JPG.png,haz.JPG.png,.png,stage4_standardized,ImageNet,0.485,0.456,0.406,0.229,0.224,0.225,224x224,RGB,VALIDATED
Hazardous/paints/hazardous-waste-l.png,hazardous-waste-l.png,.png,stage4_standardized,ImageNet,0.485,0.456,0.406,0.229,0.224,0.225,224x224,RGB,VALIDATED
Hazardous/paints/hazardous2Bhousehold2Bmaterials.png,hazardous2Bhousehold2Bmaterials.png,.png,stage4_standardized,ImageNet,0.485,0.456,0.406,0.229,0.224,0.225,224x224,RGB,VALIDATED
Hazardous/paints/hazardouswaste_paints.png,hazardouswaste_paints.png,.png,stage4_standardized,ImageNet,0.485,0.456,0.406,0.229,0.224,0.225,224x224,RGB,VALIDATED
Hazardous/paints/hhw.png,hhw.png,.png,stage4_standardized,ImageNet,0.485,0.456,0.406,0.229,0.224,0.225,224x224,RGB,VALIDATED
Hazardous/paints/household-hazardous-waste.png,household-hazardous-waste.png,.png,stage4_standardized,ImageNet,0.485,0.456,0.406,0.229,0.224,0.225,224x224,RGB,VALIDATED
Hazardous/paints/household-hazardous-wastes.png,household-hazardous-wastes.png,.png,stage4_standardized,ImageNet,0.485,0.456,0.406,0.229,0.224,0.225,224x224,RGB,VALIDATED
Hazardous/paints/household_hazardous_waste_flier.png,household_hazardous_waste_flier.png,.png,stage4_standardized,ImageNet,0.485,0.456,0.406,0.229,0.224,0.225,224x224,RGB,VALIDATED
Hazardous/paints/how-to-dispose-of-aerosol-cans-safely-header.png,how-to-dispose-of-aerosol-cans-safely-header.png,.png,stage4_standardized,ImageNet,0.485,0.456,0.406,0.229,0.224,0.225,224x224,RGB,VALIDATED
Hazardous/paints/how-to-manage-hazardous-waste-in-auto-body-and-paint-shops.png,how-to-manage-hazardous-waste-in-auto-body-and-paint-shops.png,.png,stage4_standardized,ImageNet,0.485,0.456,0.406,0.229,0.224,0.225,224x224,RGB,VALIDATED
Hazardous/paints/jp33a6-3.png,jp33a6-3.png,.png,stage4_standardized,ImageNet,0.485,0.456,0.406,0.229,0.224,0.225,224x224,RGB,VALIDATED
Hazardous/paints/m4_ss10_fig10.7.png,m4_ss10_fig10.7.png,.png,stage4_standardized,ImageNet,0.485,0.456,0.406,0.229,0.224,0.225,224x224,RGB,VALIDATED
Hazardous/paints/maxresdefault.png,maxresdefault.png,.png,stage4_standardized,ImageNet,0.485,0.456,0.406,0.229,0.224,0.225,224x224,RGB,VALIDATED
Hazardous/paints/maxresdefault2.png,maxresdefault2.png,.png,stage4_standardized,ImageNet,0.485,0.456,0.406,0.229,0.224,0.225,224x224,RGB,VALIDATED
Hazardous/paints/maxresdefault3.png,maxresdefault3.png,.png,stage4_standardized,ImageNet,0.485,0.456,0.406,0.229,0.224,0.225,224x224,RGB,VALIDATED
Hazardous/paints/nexus3-paint-cans.png,nexus3-paint-cans.png,.png,stage4_standardized,ImageNet,0.485,0.456,0.406,0.229,0.224,0.225,224x224,RGB,VALIDATED
Hazardous/paints/o-PAINTING-570.png,o-PAINTING-570.png,.png,stage4_standardized,ImageNet,0.485,0.456,0.406,0.229,0.224,0.225,224x224,RGB,VALIDATED
Hazardous/paints/oil-painting-without-solvents.png,oil-painting-without-solvents.png,.png,stage4_standardized,ImageNet,0.485,0.456,0.406,0.229,0.224,0.225,224x224,RGB,VALIDATED
Hazardous/paints/p1dnoa0gj61o916ae19thirg155k6.jpg.optimal.png,p1dnoa0gj61o916ae19thirg155k6.jpg.optimal.png,.png,stage4_standardized,ImageNet,0.485,0.456,0.406,0.229,0.224,0.225,224x224,RGB,VALIDATED
Hazardous/paints/page_1.png,page_1.png,.png,stage4_standardized,ImageNet,0.485,0.456,0.406,0.229,0.224,0.225,224x224,RGB,VALIDATED
Hazardous/paints/page_image.png,page_image.png,.png,stage4_standardized,ImageNet,0.485,0.456,0.406,0.229,0.224,0.225,224x224,RGB,VALIDATED
Hazardous/paints/page_image2.png,page_image2.png,.png,stage4_standardized,ImageNet,0.485,0.456,0.406,0.229,0.224,0.225,224x224,RGB,VALIDATED
Hazardous/paints/paint-cans-household-hazardous-waste.png,paint-cans-household-hazardous-waste.png,.png,stage4_standardized,ImageNet,0.485,0.456,0.406,0.229,0.224,0.225,224x224,RGB,VALIDATED
Hazardous/paints/paint-in-tin_iStock-1100x620px_copyright_janssenkruseproductions_1130426675_200917.png,paint-in-tin_iStock-1100x620px_copyright_janssenkruseproductions_1130426675_200917.png,.png,stage4_standardized,ImageNet,0.485,0.456,0.406,0.229,0.224,0.225,224x224,RGB,VALIDATED
Hazardous/paints/paint-thinner.png,paint-thinner.png,.png,stage4_standardized,ImageNet,0.485,0.456,0.406,0.229,0.224,0.225,224x224,RGB,VALIDATED
Hazardous/paints/paint-waste-disposal-e1652382599202.png,paint-waste-disposal-e1652382599202.png,.png,stage4_standardized,ImageNet,0.485,0.456,0.406,0.229,0.224,0.225,224x224,RGB,VALIDATED
Hazardous/paints/paintBuckets.png,paintBuckets.png,.png,stage4_standardized,ImageNet,0.485,0.456,0.406,0.229,0.224,0.225,224x224,RGB,VALIDATED
Hazardous/paints/paint_storage.png,paint_storage.png,.png,stage4_standardized,ImageNet,0.485,0.456,0.406,0.229,0.224,0.225,224x224,RGB,VALIDATED
Hazardous/paints/paintcans_Depositphotos_20131433_s-2019.png,paintcans_Depositphotos_20131433_s-2019.png,.png,stage4_standardized,ImageNet,0.485,0.456,0.406,0.229,0.224,0.225,224x224,RGB,VALIDATED
Hazardous/paints/paints-1-39fk2i757nrqtbo10u9845vnea4dhzvgtaw3aajb7a97m9zv4.png,paints-1-39fk2i757nrqtbo10u9845vnea4dhzvgtaw3aajb7a97m9zv4.png,.png,stage4_standardized,ImageNet,0.485,0.456,0.406,0.229,0.224,0.225,224x224,RGB,VALIDATED
Hazardous/paints/paints-1134393.png,paints-1134393.png,.png,stage4_standardized,ImageNet,0.485,0.456,0.406,0.229,0.224,0.225,224x224,RGB,VALIDATED
Hazardous/paints/paints-solvents.png,paints-solvents.png,.png,stage4_standardized,ImageNet,0.485,0.456,0.406,0.229,0.224,0.225,224x224,RGB,VALIDATED
Hazardous/paints/paiting-a-wall_iStock-1251274075_1100x620px_200917.png,paiting-a-wall_iStock-1251274075_1100x620px_200917.png,.png,stage4_standardized,ImageNet,0.485,0.456,0.406,0.229,0.224,0.225,224x224,RGB,VALIDATED
Hazardous/paints/people-mixing-paint.png,people-mixing-paint.png,.png,stage4_standardized,ImageNet,0.485,0.456,0.406,0.229,0.224,0.225,224x224,RGB,VALIDATED
Hazardous/paints/ppe42a14c4_06.png,ppe42a14c4_06.png,.png,stage4_standardized,ImageNet,0.485,0.456,0.406,0.229,0.224,0.225,224x224,RGB,VALIDATED
Hazardous/paints/productgrid_solvents_w900-1.png,productgrid_solvents_w900-1.png,.png,stage4_standardized,ImageNet,0.485,0.456,0.406,0.229,0.224,0.225,224x224,RGB,VALIDATED
Hazardous/paints/rulesofoilpainting1-carrielewis.png,rulesofoilpainting1-carrielewis.png,.png,stage4_standardized,ImageNet,0.485,0.456,0.406,0.229,0.224,0.225,224x224,RGB,VALIDATED
Hazardous/paints/sca-journal-05oct2018-fa-hazmat-page-0001.png,sca-journal-05oct2018-fa-hazmat-page-0001.png,.png,stage4_standardized,ImageNet,0.485,0.456,0.406,0.229,0.224,0.225,224x224,RGB,VALIDATED
Hazardous/paints/screenshot-2022-08-03-130744.png,screenshot-2022-08-03-130744.png,.png,stage4_standardized,ImageNet,0.485,0.456,0.406,0.229,0.224,0.225,224x224,RGB,VALIDATED
Hazardous/paints/shutterstock_40569.png,shutterstock_40569.png,.png,stage4_standardized,ImageNet,0.485,0.456,0.406,0.229,0.224,0.225,224x224,RGB,VALIDATED
Hazardous/paints/shutterstock_705650794-scaled-e1651069725819.png,shutterstock_705650794-scaled-e1651069725819.png,.png,stage4_standardized,ImageNet,0.485,0.456,0.406,0.229,0.224,0.225,224x224,RGB,VALIDATED
Hazardous/paints/sia-paint-solvents-1.png,sia-paint-solvents-1.png,.png,stage4_standardized,ImageNet,0.485,0.456,0.406,0.229,0.224,0.225,224x224,RGB,VALIDATED
Hazardous/paints/slide_6.png,slide_6.png,.png,stage4_standardized,ImageNet,0.485,0.456,0.406,0.229,0.224,0.225,224x224,RGB,VALIDATED
Hazardous/paints/slide_62.png,slide_62.png,.png,stage4_standardized,ImageNet,0.485,0.456,0.406,0.229,0.224,0.225,224x224,RGB,VALIDATED
Hazardous/paints/soldier-paints-solvant-thinner-500x500.png,soldier-paints-solvant-thinner-500x500.png,.png,stage4_standardized,ImageNet,0.485,0.456,0.406,0.229,0.224,0.225,224x224,RGB,VALIDATED
Hazardous/paints/soldier-paints-solvent-thinner-paint.png,soldier-paints-solvent-thinner-paint.png,.png,stage4_standardized,ImageNet,0.485,0.456,0.406,0.229,0.224,0.225,224x224,RGB,VALIDATED
Hazardous/paints/solvent-recovery-barrels-1024x485.png,solvent-recovery-barrels-1024x485.png,.png,stage4_standardized,ImageNet,0.485,0.456,0.406,0.229,0.224,0.225,224x224,RGB,VALIDATED
Hazardous/paints/solvent-selection-mix-at-Jacksons.png,solvent-selection-mix-at-Jacksons.png,.png,stage4_standardized,ImageNet,0.485,0.456,0.406,0.229,0.224,0.225,224x224,RGB,VALIDATED
Hazardous/paints/solvent-waste-container.png,solvent-waste-container.png,.png,stage4_standardized,ImageNet,0.485,0.456,0.406,0.229,0.224,0.225,224x224,RGB,VALIDATED
Hazardous/paints/solvents-paints-and-adhesives.png,solvents-paints-and-adhesives.png,.png,stage4_standardized,ImageNet,0.485,0.456,0.406,0.229,0.224,0.225,224x224,RGB,VALIDATED
Hazardous/paints/test-tube_iStock-1063777306_1100x620px_200917.png,test-tube_iStock-1063777306_1100x620px_200917.png,.png,stage4_standardized,ImageNet,0.485,0.456,0.406,0.229,0.224,0.225,224x224,RGB,VALIDATED
Hazardous/paints/thinning-oil-paint-feature-image.png,thinning-oil-paint-feature-image.png,.png,stage4_standardized,ImageNet,0.485,0.456,0.406,0.229,0.224,0.225,224x224,RGB,VALIDATED
Hazardous/paints/ts-used-for-paint-painting-and-finishing-isolated-on-natural-white-411279802.png,ts-used-for-paint-painting-and-finishing-isolated-on-natural-white-411279802.png,.png,stage4_standardized,ImageNet,0.485,0.456,0.406,0.229,0.224,0.225,224x224,RGB,VALIDATED
Hazardous/paints/tubes.png,tubes.png,.png,stage4_standardized,ImageNet,0.485,0.456,0.406,0.229,0.224,0.225,224x224,RGB,VALIDATED
Hazardous/paints/uipment-for-Waste-Oil-Solvents-Sludge-Ash-Dust-Iron-Paint-Burning-Treatment.png,uipment-for-Waste-Oil-Solvents-Sludge-Ash-Dust-Iron-Paint-Burning-Treatment.png,.png,stage4_standardized,ImageNet,0.485,0.456,0.406,0.229,0.224,0.225,224x224,RGB,VALIDATED
Hazardous/paints/used_paint_cans.png,used_paint_cans.png,.png,stage4_standardized,ImageNet,0.485,0.456,0.406,0.229,0.224,0.225,224x224,RGB,VALIDATED
Hazardous/paints/various-tins-of-paint-solvents-stirrers-in-a-tidy-collection-on-the-E565YW.png,various-tins-of-paint-solvents-stirrers-in-a-tidy-collection-on-the-E565YW.png,.png,stage4_standardized,ImageNet,0.485,0.456,0.406,0.229,0.224,0.225,224x224,RGB,VALIDATED
Hazardous/paints/various-used-paint-tins-ready-for-disposal-scaled.png,various-used-paint-tins-ready-for-disposal-scaled.png,.png,stage4_standardized,ImageNet,0.485,0.456,0.406,0.229,0.224,0.225,224x224,RGB,VALIDATED
Hazardous/paints/yellowPaint2.png,yellowPaint2.png,.png,stage4_standardized,ImageNet,0.485,0.456,0.406,0.229,0.224,0.225,224x224,RGB,VALIDATED
Hazardous/pesticides/0.42889600_1581698919_59.png,0.42889600_1581698919_59.png,.png,stage4_standardized,ImageNet,0.485,0.456,0.406,0.229,0.224,0.225,224x224,RGB,VALIDATED
Hazardous/pesticides/007243897_1-8f559f97b6cf58ab46d35d17e6771d24.png,007243897_1-8f559f97b6cf58ab46d35d17e6771d24.png,.png,stage4_standardized,ImageNet,0.485,0.456,0.406,0.229,0.224,0.225,224x224,RGB,VALIDATED
Hazardous/pesticides/007655891_1-545b05bd3c57e9fd46f3f49e371a5673-768x994.png,007655891_1-545b05bd3c57e9fd46f3f49e371a5673-768x994.png,.png,stage4_standardized,ImageNet,0.485,0.456,0.406,0.229,0.224,0.225,224x224,RGB,VALIDATED
Hazardous/pesticides/08c2d5475f254215f90c5fcde77ec4b4.png,08c2d5475f254215f90c5fcde77ec4b4.png,.png,stage4_standardized,ImageNet,0.485,0.456,0.406,0.229,0.224,0.225,224x224,RGB,VALIDATED
Hazardous/pesticides/1-s2.0-S2352186420313262-gr1.png,1-s2.0-S2352186420313262-gr1.png,.png,stage4_standardized,ImageNet,0.485,0.456,0.406,0.229,0.224,0.225,224x224,RGB,VALIDATED
Hazardous/pesticides/1008x512_2_r_69841.png,1008x512_2_r_69841.png,.png,stage4_standardized,ImageNet,0.485,0.456,0.406,0.229,0.224,0.225,224x224,RGB,VALIDATED
Hazardous/pesticides/1668775196_Impact-of-agricultural-use-of-pesticides-and-insecticides-on-health.png,1668775196_Impact-of-agricultural-use-of-pesticides-and-insecticides-on-health.png,.png,stage4_standardized,ImageNet,0.485,0.456,0.406,0.229,0.224,0.225,224x224,RGB,VALIDATED
Hazardous/pesticides/170313-un-pesticides.png,170313-un-pesticides.png,.png,stage4_standardized,ImageNet,0.485,0.456,0.406,0.229,0.224,0.225,224x224,RGB,VALIDATED
Hazardous/pesticides/2018-Pesticide-Waste-Collection-Flyer-112818.png,2018-Pesticide-Waste-Collection-Flyer-112818.png,.png,stage4_standardized,ImageNet,0.485,0.456,0.406,0.229,0.224,0.225,224x224,RGB,VALIDATED
Hazardous/pesticides/209531-dc.png,209531-dc.png,.png,stage4_standardized,ImageNet,0.485,0.456,0.406,0.229,0.224,0.225,224x224,RGB,VALIDATED
Hazardous/pesticides/24168828280_943a25d118_z-640x400.png,24168828280_943a25d118_z-640x400.png,.png,stage4_standardized,ImageNet,0.485,0.456,0.406,0.229,0.224,0.225,224x224,RGB,VALIDATED
Hazardous/pesticides/3-Plants-species-used-for-Insecticides-Pesticides.png,3-Plants-species-used-for-Insecticides-Pesticides.png,.png,stage4_standardized,ImageNet,0.485,0.456,0.406,0.229,0.224,0.225,224x224,RGB,VALIDATED
Hazardous/pesticides/43247_2022_601_Fig1_HTML.png,43247_2022_601_Fig1_HTML.png,.png,stage4_standardized,ImageNet,0.485,0.456,0.406,0.229,0.224,0.225,224x224,RGB,VALIDATED
Hazardous/pesticides/50-wg-agricultural-pymetrozine-pesticides-500x500.png,50-wg-agricultural-pymetrozine-pesticides-500x500.png,.png,stage4_standardized,ImageNet,0.485,0.456,0.406,0.229,0.224,0.225,224x224,RGB,VALIDATED
Hazardous/pesticides/51v-y8IhbML._AC_UF10001000_QL80_.png,51v-y8IhbML._AC_UF10001000_QL80_.png,.png,stage4_standardized,ImageNet,0.485,0.456,0.406,0.229,0.224,0.225,224x224,RGB,VALIDATED
Hazardous/pesticides/59_92f2f7e8-b088-4d92-8367-bf806cf10b36_lg.png,59_92f2f7e8-b088-4d92-8367-bf806cf10b36_lg.png,.png,stage4_standardized,ImageNet,0.485,0.456,0.406,0.229,0.224,0.225,224x224,RGB,VALIDATED
Hazardous/pesticides/67f78e9db5cd4cdf3e4e8c84e7ef7e5fIMG_20200923_141824_Copy_.png,67f78e9db5cd4cdf3e4e8c84e7ef7e5fIMG_20200923_141824_Copy_.png,.png,stage4_standardized,ImageNet,0.485,0.456,0.406,0.229,0.224,0.225,224x224,RGB,VALIDATED
Hazardous/pesticides/81Fr9VLIgL._AC_UF10001000_QL80_.png,81Fr9VLIgL._AC_UF10001000_QL80_.png,.png,stage4_standardized,ImageNet,0.485,0.456,0.406,0.229,0.224,0.225,224x224,RGB,VALIDATED
Hazardous/pesticides/81YuimeaSNL._AC_UF10001000_QL80_.png,81YuimeaSNL._AC_UF10001000_QL80_.png,.png,stage4_standardized,ImageNet,0.485,0.456,0.406,0.229,0.224,0.225,224x224,RGB,VALIDATED
Hazardous/pesticides/9788193863909__jpg-550x550h.png,9788193863909__jpg-550x550h.png,.png,stage4_standardized,ImageNet,0.485,0.456,0.406,0.229,0.224,0.225,224x224,RGB,VALIDATED
Hazardous/pesticides/9c049d8218f7898c19adcee99354e73422-24-pesticides-lede.rsquare.w1200.png,9c049d8218f7898c19adcee99354e73422-24-pesticides-lede.rsquare.w1200.png,.png,stage4_standardized,ImageNet,0.485,0.456,0.406,0.229,0.224,0.225,224x224,RGB,VALIDATED
Hazardous/pesticides/A-landfill-for-disposal-of-pesticide-wastes-45_Q320.png,A-landfill-for-disposal-of-pesticide-wastes-45_Q320.png,.png,stage4_standardized,ImageNet,0.485,0.456,0.406,0.229,0.224,0.225,224x224,RGB,VALIDATED
Hazardous/pesticides/A-schematic-view-of-the-pesticide-cycle-in-an-ecosystem.png,A-schematic-view-of-the-pesticide-cycle-in-an-ecosystem.png,.png,stage4_standardized,ImageNet,0.485,0.456,0.406,0.229,0.224,0.225,224x224,RGB,VALIDATED
Hazardous/pesticides/AgBusPesticideCollection.png,AgBusPesticideCollection.png,.png,stage4_standardized,ImageNet,0.485,0.456,0.406,0.229,0.224,0.225,224x224,RGB,VALIDATED
Hazardous/pesticides/Are-They-Hazardous-WastesE280A6-Pesticides-and-Herbicides.png,Are-They-Hazardous-WastesE280A6-Pesticides-and-Herbicides.png,.png,stage4_standardized,ImageNet,0.485,0.456,0.406,0.229,0.224,0.225,224x224,RGB,VALIDATED
Hazardous/pesticides/Books-on-Agrochemicals-Pesticides-Insecticides-1.png,Books-on-Agrochemicals-Pesticides-Insecticides-1.png,.png,stage4_standardized,ImageNet,0.485,0.456,0.406,0.229,0.224,0.225,224x224,RGB,VALIDATED
Hazardous/pesticides/Causes_and_effects_of_soil_pollution.png,Causes_and_effects_of_soil_pollution.png,.png,stage4_standardized,ImageNet,0.485,0.456,0.406,0.229,0.224,0.225,224x224,RGB,VALIDATED
Hazardous/pesticides/Chemical-formulation.png,Chemical-formulation.png,.png,stage4_standardized,ImageNet,0.485,0.456,0.406,0.229,0.224,0.225,224x224,RGB,VALIDATED
Hazardous/pesticides/Cropduster_spraying_pesticides.png,Cropduster_spraying_pesticides.png,.png,stage4_standardized,ImageNet,0.485,0.456,0.406,0.229,0.224,0.225,224x224,RGB,VALIDATED
Hazardous/pesticides/Detected-pesticides-divided-into-three-groups-herbicides-insecticides-and-fungicides.png,Detected-pesticides-divided-into-three-groups-herbicides-insecticides-and-fungicides.png,.png,stage4_standardized,ImageNet,0.485,0.456,0.406,0.229,0.224,0.225,224x224,RGB,VALIDATED
Hazardous/pesticides/Diagram-showing-the-main-impacts-of-pesticides-on-soil-plant-and-arthropod-communities.png,Diagram-showing-the-main-impacts-of-pesticides-on-soil-plant-and-arthropod-communities.png,.png,stage4_standardized,ImageNet,0.485,0.456,0.406,0.229,0.224,0.225,224x224,RGB,VALIDATED
Hazardous/pesticides/EFFECTS-OF-PESTICIDES-AND-INSECTICIDES-ON-ENVIRONMENT-AND-HUMAN-HEALTH-BleedGreen.png,EFFECTS-OF-PESTICIDES-AND-INSECTICIDES-ON-ENVIRONMENT-AND-HUMAN-HEALTH-BleedGreen.png,.png,stage4_standardized,ImageNet,0.485,0.456,0.406,0.229,0.224,0.225,224x224,RGB,VALIDATED
Hazardous/pesticides/FLYING-INSECT-Pesticide-Insecticides.png,FLYING-INSECT-Pesticide-Insecticides.png,.png,stage4_standardized,ImageNet,0.485,0.456,0.406,0.229,0.224,0.225,224x224,RGB,VALIDATED
Hazardous/pesticides/GEF_ChemicalsWaste_2023_04-1.png,GEF_ChemicalsWaste_2023_04-1.png,.png,stage4_standardized,ImageNet,0.485,0.456,0.406,0.229,0.224,0.225,224x224,RGB,VALIDATED
Hazardous/pesticides/HERBICIDES-2.png,HERBICIDES-2.png,.png,stage4_standardized,ImageNet,0.485,0.456,0.406,0.229,0.224,0.225,224x224,RGB,VALIDATED
Hazardous/pesticides/Hazardous-pesticide.png,Hazardous-pesticide.png,.png,stage4_standardized,ImageNet,0.485,0.456,0.406,0.229,0.224,0.225,224x224,RGB,VALIDATED
Hazardous/pesticides/How_to_Start_Manufacturing_Agrochemical_Products_in_India_corpseed.png,How_to_Start_Manufacturing_Agrochemical_Products_in_India_corpseed.png,.png,stage4_standardized,ImageNet,0.485,0.456,0.406,0.229,0.224,0.225,224x224,RGB,VALIDATED
Hazardous/pesticides/IMAGE_1651139094.png,IMAGE_1651139094.png,.png,stage4_standardized,ImageNet,0.485,0.456,0.406,0.229,0.224,0.225,224x224,RGB,VALIDATED
Hazardous/pesticides/Image-5-800x450.png,Image-5-800x450.png,.png,stage4_standardized,ImageNet,0.485,0.456,0.406,0.229,0.224,0.225,224x224,RGB,VALIDATED
Hazardous/pesticides/NThZgLN.png,NThZgLN.png,.png,stage4_standardized,ImageNet,0.485,0.456,0.406,0.229,0.224,0.225,224x224,RGB,VALIDATED
Hazardous/pesticides/PR-Draft1-1024x555.png,PR-Draft1-1024x555.png,.png,stage4_standardized,ImageNet,0.485,0.456,0.406,0.229,0.224,0.225,224x224,RGB,VALIDATED
Hazardous/pesticides/Pesticide-use-herbicides-insecticides-fungicides-and-others-ie-sulfur-and-oils.png,Pesticide-use-herbicides-insecticides-fungicides-and-others-ie-sulfur-and-oils.png,.png,stage4_standardized,ImageNet,0.485,0.456,0.406,0.229,0.224,0.225,224x224,RGB,VALIDATED
Hazardous/pesticides/Pesticides-01.png,Pesticides-01.png,.png,stage4_standardized,ImageNet,0.485,0.456,0.406,0.229,0.224,0.225,224x224,RGB,VALIDATED
Hazardous/pesticides/Pesticides-02.png,Pesticides-02.png,.png,stage4_standardized,ImageNet,0.485,0.456,0.406,0.229,0.224,0.225,224x224,RGB,VALIDATED
Hazardous/pesticides/Pesticides-1.png,Pesticides-1.png,.png,stage4_standardized,ImageNet,0.485,0.456,0.406,0.229,0.224,0.225,224x224,RGB,VALIDATED
Hazardous/pesticides/Pesticides-Food_1.png,Pesticides-Food_1.png,.png,stage4_standardized,ImageNet,0.485,0.456,0.406,0.229,0.224,0.225,224x224,RGB,VALIDATED
Hazardous/pesticides/Pesticides-Pros-Cons-2.png,Pesticides-Pros-Cons-2.png,.png,stage4_standardized,ImageNet,0.485,0.456,0.406,0.229,0.224,0.225,224x224,RGB,VALIDATED
Hazardous/pesticides/Pesticides.png,Pesticides.png,.png,stage4_standardized,ImageNet,0.485,0.456,0.406,0.229,0.224,0.225,224x224,RGB,VALIDATED
Hazardous/pesticides/Pesticides2.png,Pesticides2.png,.png,stage4_standardized,ImageNet,0.485,0.456,0.406,0.229,0.224,0.225,224x224,RGB,VALIDATED
Hazardous/pesticides/RS3523_UPL-Phoskill-Monocrotophos-02.png,RS3523_UPL-Phoskill-Monocrotophos-02.png,.png,stage4_standardized,ImageNet,0.485,0.456,0.406,0.229,0.224,0.225,224x224,RGB,VALIDATED
Hazardous/pesticides/Screen-Shot-2018-05-16-at-7.33.54-PM.png,Screen-Shot-2018-05-16-at-7.33.54-PM.png,.png,stage4_standardized,ImageNet,0.485,0.456,0.406,0.229,0.224,0.225,224x224,RGB,VALIDATED
Hazardous/pesticides/Types-of-Presticides-1.png,Types-of-Presticides-1.png,.png,stage4_standardized,ImageNet,0.485,0.456,0.406,0.229,0.224,0.225,224x224,RGB,VALIDATED
Hazardous/pesticides/United-Chemicals-2.png,United-Chemicals-2.png,.png,stage4_standardized,ImageNet,0.485,0.456,0.406,0.229,0.224,0.225,224x224,RGB,VALIDATED
Hazardous/pesticides/What-Are-Pesticides-8-Types-of-Pesticides-Used-in-Agriculture.png,What-Are-Pesticides-8-Types-of-Pesticides-Used-in-Agriculture.png,.png,stage4_standardized,ImageNet,0.485,0.456,0.406,0.229,0.224,0.225,224x224,RGB,VALIDATED
Hazardous/pesticides/a-man-spraying-pesticides-into-a-field-of-crops-that-will-be-used-for-food.png,a-man-spraying-pesticides-into-a-field-of-crops-that-will-be-used-for-food.png,.png,stage4_standardized,ImageNet,0.485,0.456,0.406,0.229,0.224,0.225,224x224,RGB,VALIDATED
Hazardous/pesticides/a-range-of-garden-pesticides-insecticides-found-within-a-household-GKNDHJ.png,a-range-of-garden-pesticides-insecticides-found-within-a-household-GKNDHJ.png,.png,stage4_standardized,ImageNet,0.485,0.456,0.406,0.229,0.224,0.225,224x224,RGB,VALIDATED
Hazardous/pesticides/act-concept-vector-illustration-stop-herbicide-use-reduce-harmful-2287834549.png,act-concept-vector-illustration-stop-herbicide-use-reduce-harmful-2287834549.png,.png,stage4_standardized,ImageNet,0.485,0.456,0.406,0.229,0.224,0.225,224x224,RGB,VALIDATED
Hazardous/pesticides/agriculture-12-00600-g001.png,agriculture-12-00600-g001.png,.png,stage4_standardized,ImageNet,0.485,0.456,0.406,0.229,0.224,0.225,224x224,RGB,VALIDATED
Hazardous/pesticides/agro2Binsecticide2B1.png,agro2Binsecticide2B1.png,.png,stage4_standardized,ImageNet,0.485,0.456,0.406,0.229,0.224,0.225,224x224,RGB,VALIDATED
Hazardous/pesticides/aimco-products.png,aimco-products.png,.png,stage4_standardized,ImageNet,0.485,0.456,0.406,0.229,0.224,0.225,224x224,RGB,VALIDATED
Hazardous/pesticides/b1594insectisidespesticides_1.png,b1594insectisidespesticides_1.png,.png,stage4_standardized,ImageNet,0.485,0.456,0.406,0.229,0.224,0.225,224x224,RGB,VALIDATED
Hazardous/pesticides/bioengineering-08-00092-g001.png,bioengineering-08-00092-g001.png,.png,stage4_standardized,ImageNet,0.485,0.456,0.406,0.229,0.224,0.225,224x224,RGB,VALIDATED
Hazardous/pesticides/bistar.png,bistar.png,.png,stage4_standardized,ImageNet,0.485,0.456,0.406,0.229,0.224,0.225,224x224,RGB,VALIDATED
Hazardous/pesticides/chlordiazinon1.png,chlordiazinon1.png,.png,stage4_standardized,ImageNet,0.485,0.456,0.406,0.229,0.224,0.225,224x224,RGB,VALIDATED
Hazardous/pesticides/discarded-pesticide-cartons-cans-beside-fence-of-orange-orchard-in-ABHE97.png,discarded-pesticide-cartons-cans-beside-fence-of-orange-orchard-in-ABHE97.png,.png,stage4_standardized,ImageNet,0.485,0.456,0.406,0.229,0.224,0.225,224x224,RGB,VALIDATED
Hazardous/pesticides/discarded-pesticide-containers-include-cygon-267-and-dibtom-both-are-CP48BC.png,discarded-pesticide-containers-include-cygon-267-and-dibtom-both-are-CP48BC.png,.png,stage4_standardized,ImageNet,0.485,0.456,0.406,0.229,0.224,0.225,224x224,RGB,VALIDATED
Hazardous/pesticides/disposalbnr.png,disposalbnr.png,.png,stage4_standardized,ImageNet,0.485,0.456,0.406,0.229,0.224,0.225,224x224,RGB,VALIDATED
Hazardous/pesticides/e-suit-mask-lemon-trees-man-spraying-toxic-pesticides-insecticides-184466768.png,e-suit-mask-lemon-trees-man-spraying-toxic-pesticides-insecticides-184466768.png,.png,stage4_standardized,ImageNet,0.485,0.456,0.406,0.229,0.224,0.225,224x224,RGB,VALIDATED
Hazardous/pesticides/ecticides-chemical-spray-to-get-rid-of-weeds-and-insects-or-plant-1944918877.png,ecticides-chemical-spray-to-get-rid-of-weeds-and-insects-or-plant-1944918877.png,.png,stage4_standardized,ImageNet,0.485,0.456,0.406,0.229,0.224,0.225,224x224,RGB,VALIDATED
Hazardous/pesticides/ecticides-vegetable-garden-man-protective-workwear-gloves-spraying-123408462.png,ecticides-vegetable-garden-man-protective-workwear-gloves-spraying-123408462.png,.png,stage4_standardized,ImageNet,0.485,0.456,0.406,0.229,0.224,0.225,224x224,RGB,VALIDATED
Hazardous/pesticides/eme-man-spraying-toxic-pesticides-or-insecticides-on-corn-growing-1715459710.png,eme-man-spraying-toxic-pesticides-or-insecticides-on-corn-growing-1715459710.png,.png,stage4_standardized,ImageNet,0.485,0.456,0.406,0.229,0.224,0.225,224x224,RGB,VALIDATED
Hazardous/pesticides/es-toxins-insecticides-pesticides-biocides-with-hazard-warning-signs-caution.png,es-toxins-insecticides-pesticides-biocides-with-hazard-warning-signs-caution.png,.png,stage4_standardized,ImageNet,0.485,0.456,0.406,0.229,0.224,0.225,224x224,RGB,VALIDATED
Hazardous/pesticides/fa17b98d63c76d6ea77920e330f9d6cf.png,fa17b98d63c76d6ea77920e330f9d6cf.png,.png,stage4_standardized,ImageNet,0.485,0.456,0.406,0.229,0.224,0.225,224x224,RGB,VALIDATED
Hazardous/pesticides/farmer-sprays-insectides-Japan-rice-paddy.png,farmer-sprays-insectides-Japan-rice-paddy.png,.png,stage4_standardized,ImageNet,0.485,0.456,0.406,0.229,0.224,0.225,224x224,RGB,VALIDATED
Hazardous/pesticides/fig13.png,fig13.png,.png,stage4_standardized,ImageNet,0.485,0.456,0.406,0.229,0.224,0.225,224x224,RGB,VALIDATED
Hazardous/pesticides/fmicb-13-962619-g001.png,fmicb-13-962619-g001.png,.png,stage4_standardized,ImageNet,0.485,0.456,0.406,0.229,0.224,0.225,224x224,RGB,VALIDATED
Hazardous/pesticides/food-and-agriculture-organization-fao-locust-control-operation-preparation-F13K2X.png,food-and-agriculture-organization-fao-locust-control-operation-preparation-F13K2X.png,.png,stage4_standardized,ImageNet,0.485,0.456,0.406,0.229,0.224,0.225,224x224,RGB,VALIDATED
Hazardous/pesticides/foods-09-01468-ag.png,foods-09-01468-ag.png,.png,stage4_standardized,ImageNet,0.485,0.456,0.406,0.229,0.224,0.225,224x224,RGB,VALIDATED
Hazardous/pesticides/garbage.png,garbage.png,.png,stage4_standardized,ImageNet,0.485,0.456,0.406,0.229,0.224,0.225,224x224,RGB,VALIDATED
Hazardous/pesticides/gardener-sprays-pesticides-or-insecticides-vector-36700021.png,gardener-sprays-pesticides-or-insecticides-vector-36700021.png,.png,stage4_standardized,ImageNet,0.485,0.456,0.406,0.229,0.224,0.225,224x224,RGB,VALIDATED
Hazardous/pesticides/gardening-chemicalsinsecticidespesticides-items-from-a-garden-shed-M3TDW9.png,gardening-chemicalsinsecticidespesticides-items-from-a-garden-shed-M3TDW9.png,.png,stage4_standardized,ImageNet,0.485,0.456,0.406,0.229,0.224,0.225,224x224,RGB,VALIDATED
Hazardous/pesticides/herbicide-587589_960_720.png,herbicide-587589_960_720.png,.png,stage4_standardized,ImageNet,0.485,0.456,0.406,0.229,0.224,0.225,224x224,RGB,VALIDATED
Hazardous/pesticides/how-mali-is-eliminating-hazardous-pesticides-en-01-780.png,how-mali-is-eliminating-hazardous-pesticides-en-01-780.png,.png,stage4_standardized,ImageNet,0.485,0.456,0.406,0.229,0.224,0.225,224x224,RGB,VALIDATED
Hazardous/pesticides/hpm_0000_0001_0_img0148.png,hpm_0000_0001_0_img0148.png,.png,stage4_standardized,ImageNet,0.485,0.456,0.406,0.229,0.224,0.225,224x224,RGB,VALIDATED
Hazardous/pesticides/hydro_new2.png,hydro_new2.png,.png,stage4_standardized,ImageNet,0.485,0.456,0.406,0.229,0.224,0.225,224x224,RGB,VALIDATED
Hazardous/pesticides/iStockpesticidefield1146x452-824x325.png,iStockpesticidefield1146x452-824x325.png,.png,stage4_standardized,ImageNet,0.485,0.456,0.406,0.229,0.224,0.225,224x224,RGB,VALIDATED
Hazardous/pesticides/icide-spray-lettuce-iceberg-field-sunset-insecticides-agricultural-180035011.png,icide-spray-lettuce-iceberg-field-sunset-insecticides-agricultural-180035011.png,.png,stage4_standardized,ImageNet,0.485,0.456,0.406,0.229,0.224,0.225,224x224,RGB,VALIDATED
Hazardous/pesticides/icide-sprayers-inappropriate-protection-rice-fields-use-pesticides-127994497.png,icide-sprayers-inappropriate-protection-rice-fields-use-pesticides-127994497.png,.png,stage4_standardized,ImageNet,0.485,0.456,0.406,0.229,0.224,0.225,224x224,RGB,VALIDATED
Hazardous/pesticides/img-pesticides.png,img-pesticides.png,.png,stage4_standardized,ImageNet,0.485,0.456,0.406,0.229,0.224,0.225,224x224,RGB,VALIDATED
Hazardous/pesticides/insecticide-fertilizer-icon_202271-741.png,insecticide-fertilizer-icon_202271-741.png,.png,stage4_standardized,ImageNet,0.485,0.456,0.406,0.229,0.224,0.225,224x224,RGB,VALIDATED
Hazardous/pesticides/insecticide-hero.png,insecticide-hero.png,.png,stage4_standardized,ImageNet,0.485,0.456,0.406,0.229,0.224,0.225,224x224,RGB,VALIDATED
Hazardous/pesticides/insecticidebnr.png,insecticidebnr.png,.png,stage4_standardized,ImageNet,0.485,0.456,0.406,0.229,0.224,0.225,224x224,RGB,VALIDATED
Hazardous/pesticides/insecticides-and-pesticides.png,insecticides-and-pesticides.png,.png,stage4_standardized,ImageNet,0.485,0.456,0.406,0.229,0.224,0.225,224x224,RGB,VALIDATED
Hazardous/pesticides/jefferson-city-pesticide-collection-2018.png,jefferson-city-pesticide-collection-2018.png,.png,stage4_standardized,ImageNet,0.485,0.456,0.406,0.229,0.224,0.225,224x224,RGB,VALIDATED
Hazardous/pesticides/latest-technical-book-on-insecticides-and-pesticides-hindi-original-imafvq28xeq9mwhd.png,latest-technical-book-on-insecticides-and-pesticides-hindi-original-imafvq28xeq9mwhd.png,.png,stage4_standardized,ImageNet,0.485,0.456,0.406,0.229,0.224,0.225,224x224,RGB,VALIDATED
Hazardous/pesticides/mer-fumigate-in-protective-suit-and-mask-lemon-trees-man-spraying-1743156359.png,mer-fumigate-in-protective-suit-and-mask-lemon-trees-man-spraying-1743156359.png,.png,stage4_standardized,ImageNet,0.485,0.456,0.406,0.229,0.224,0.225,224x224,RGB,VALIDATED
Hazardous/pesticides/miscellaneous-pesticides-stored-in-old-garden-shed-E672N1.png,miscellaneous-pesticides-stored-in-old-garden-shed-E672N1.png,.png,stage4_standardized,ImageNet,0.485,0.456,0.406,0.229,0.224,0.225,224x224,RGB,VALIDATED
Hazardous/pesticides/miscellaneous-pesticides-stored-in-old-garden-shed-E672N3.png,miscellaneous-pesticides-stored-in-old-garden-shed-E672N3.png,.png,stage4_standardized,ImageNet,0.485,0.456,0.406,0.229,0.224,0.225,224x224,RGB,VALIDATED
Hazardous/pesticides/miscellaneous-pesticides-stored-in-old-garden-shed-E672N4.png,miscellaneous-pesticides-stored-in-old-garden-shed-E672N4.png,.png,stage4_standardized,ImageNet,0.485,0.456,0.406,0.229,0.224,0.225,224x224,RGB,VALIDATED
Hazardous/pesticides/n-spraying-toxic-pesticides-insecticides-corn-growing-plantation_473712-2324.png,n-spraying-toxic-pesticides-insecticides-corn-growing-plantation_473712-2324.png,.png,stage4_standardized,ImageNet,0.485,0.456,0.406,0.229,0.224,0.225,224x224,RGB,VALIDATED
Hazardous/pesticides/n-spraying-toxic-pesticides-insecticides-corn-growing-plantation_473712-3185.png,n-spraying-toxic-pesticides-insecticides-corn-growing-plantation_473712-3185.png,.png,stage4_standardized,ImageNet,0.485,0.456,0.406,0.229,0.224,0.225,224x224,RGB,VALIDATED
Hazardous/pesticides/n-spraying-toxic-pesticides-insecticides-corn-growing-plantation_473712-3189.png,n-spraying-toxic-pesticides-insecticides-corn-growing-plantation_473712-3189.png,.png,stage4_standardized,ImageNet,0.485,0.456,0.406,0.229,0.224,0.225,224x224,RGB,VALIDATED
Hazardous/pesticides/natural-insecticide.png,natural-insecticide.png,.png,stage4_standardized,ImageNet,0.485,0.456,0.406,0.229,0.224,0.225,224x224,RGB,VALIDATED
Hazardous/pesticides/nsecticides-fungicides-molluscicides-plant-protections-in-agriculture-vector.png,nsecticides-fungicides-molluscicides-plant-protections-in-agriculture-vector.png,.png,stage4_standardized,ImageNet,0.485,0.456,0.406,0.229,0.224,0.225,224x224,RGB,VALIDATED
Hazardous/pesticides/obsoletes.png,obsoletes.png,.png,stage4_standardized,ImageNet,0.485,0.456,0.406,0.229,0.224,0.225,224x224,RGB,VALIDATED
Hazardous/pesticides/pest-control-tools-bottle-insecticide-disinfection-abstract-concept-graphic-design_133260-4276.png,pest-control-tools-bottle-insecticide-disinfection-abstract-concept-graphic-design_133260-4276.png,.png,stage4_standardized,ImageNet,0.485,0.456,0.406,0.229,0.224,0.225,224x224,RGB,VALIDATED
Hazardous/pesticides/pesticide-jugs-r.png,pesticide-jugs-r.png,.png,stage4_standardized,ImageNet,0.485,0.456,0.406,0.229,0.224,0.225,224x224,RGB,VALIDATED
Hazardous/pesticides/pesticide-l.png,pesticide-l.png,.png,stage4_standardized,ImageNet,0.485,0.456,0.406,0.229,0.224,0.225,224x224,RGB,VALIDATED
Hazardous/pesticides/pesticide-muddle-1_660_032813015033.png,pesticide-muddle-1_660_032813015033.png,.png,stage4_standardized,ImageNet,0.485,0.456,0.406,0.229,0.224,0.225,224x224,RGB,VALIDATED
Hazardous/pesticides/pesticide.png,pesticide.png,.png,stage4_standardized,ImageNet,0.485,0.456,0.406,0.229,0.224,0.225,224x224,RGB,VALIDATED
Hazardous/pesticides/pesticide2.png,pesticide2.png,.png,stage4_standardized,ImageNet,0.485,0.456,0.406,0.229,0.224,0.225,224x224,RGB,VALIDATED
Hazardous/pesticides/pesticideanalysis-180725161324-thumbnail.png,pesticideanalysis-180725161324-thumbnail.png,.png,stage4_standardized,ImageNet,0.485,0.456,0.406,0.229,0.224,0.225,224x224,RGB,VALIDATED
Hazardous/pesticides/pesticides-148331_640.png,pesticides-148331_640.png,.png,stage4_standardized,ImageNet,0.485,0.456,0.406,0.229,0.224,0.225,224x224,RGB,VALIDATED
Hazardous/pesticides/pesticides-bottles-illustrations-set_82574-2033.png,pesticides-bottles-illustrations-set_82574-2033.png,.png,stage4_standardized,ImageNet,0.485,0.456,0.406,0.229,0.224,0.225,224x224,RGB,VALIDATED
Hazardous/pesticides/pesticides-drawing_csp28269690.png,pesticides-drawing_csp28269690.png,.png,stage4_standardized,ImageNet,0.485,0.456,0.406,0.229,0.224,0.225,224x224,RGB,VALIDATED
Hazardous/pesticides/pesticides-insecticides-using-spraying-hose-nozzle-farmer-spraying-123409059.png,pesticides-insecticides-using-spraying-hose-nozzle-farmer-spraying-123409059.png,.png,stage4_standardized,ImageNet,0.485,0.456,0.406,0.229,0.224,0.225,224x224,RGB,VALIDATED
Hazardous/pesticides/pesticides.png,pesticides.png,.png,stage4_standardized,ImageNet,0.485,0.456,0.406,0.229,0.224,0.225,224x224,RGB,VALIDATED
Hazardous/pesticides/pesticides2.png,pesticides2.png,.png,stage4_standardized,ImageNet,0.485,0.456,0.406,0.229,0.224,0.225,224x224,RGB,VALIDATED
Hazardous/pesticides/pesticides4.png,pesticides4.png,.png,stage4_standardized,ImageNet,0.485,0.456,0.406,0.229,0.224,0.225,224x224,RGB,VALIDATED
Hazardous/pesticides/pesticides_og.png,pesticides_og.png,.png,stage4_standardized,ImageNet,0.485,0.456,0.406,0.229,0.224,0.225,224x224,RGB,VALIDATED
Hazardous/pesticides/phenyl-and-any-keetnashaak-pesticides-insecticides-original-imafjzmxq6gs5bgr.png,phenyl-and-any-keetnashaak-pesticides-insecticides-original-imafjzmxq6gs5bgr.png,.png,stage4_standardized,ImageNet,0.485,0.456,0.406,0.229,0.224,0.225,224x224,RGB,VALIDATED
Hazardous/pesticides/pic2.png,pic2.png,.png,stage4_standardized,ImageNet,0.485,0.456,0.406,0.229,0.224,0.225,224x224,RGB,VALIDATED
Hazardous/pesticides/reduce-the-need-for-pesticides-and-herbicides-us-environmental-.png,reduce-the-need-for-pesticides-and-herbicides-us-environmental-.png,.png,stage4_standardized,ImageNet,0.485,0.456,0.406,0.229,0.224,0.225,224x224,RGB,VALIDATED
Hazardous/pesticides/rganic-ecological-agriculture-spray-pesticides-pesticide-on-fruit-1512406559.png,rganic-ecological-agriculture-spray-pesticides-pesticide-on-fruit-1512406559.png,.png,stage4_standardized,ImageNet,0.485,0.456,0.406,0.229,0.224,0.225,224x224,RGB,VALIDATED
Hazardous/pesticides/son-sprays-toxic-pesticides-insecticides-plantation-weed-control_544249-1800.png,son-sprays-toxic-pesticides-insecticides-plantation-weed-control_544249-1800.png,.png,stage4_standardized,ImageNet,0.485,0.456,0.406,0.229,0.224,0.225,224x224,RGB,VALIDATED
Hazardous/pesticides/spray-pesticides-farm-worker-spray-pesticide-insecticide-on-fruit-1812642349.png,spray-pesticides-farm-worker-spray-pesticide-insecticide-on-fruit-1812642349.png,.png,stage4_standardized,ImageNet,0.485,0.456,0.406,0.229,0.224,0.225,224x224,RGB,VALIDATED
Hazardous/pesticides/spraying-pesticides-28301470.png,spraying-pesticides-28301470.png,.png,stage4_standardized,ImageNet,0.485,0.456,0.406,0.229,0.224,0.225,224x224,RGB,VALIDATED
Hazardous/pesticides/spraying-pesticides.png,spraying-pesticides.png,.png,stage4_standardized,ImageNet,0.485,0.456,0.406,0.229,0.224,0.225,224x224,RGB,VALIDATED
Hazardous/pesticides/suelo_746x419.png,suelo_746x419.png,.png,stage4_standardized,ImageNet,0.485,0.456,0.406,0.229,0.224,0.225,224x224,RGB,VALIDATED
Hazardous/pesticides/tiny-people-spraying-pesticides-insecticides-vegetables_778687-830.png,tiny-people-spraying-pesticides-insecticides-vegetables_778687-830.png,.png,stage4_standardized,ImageNet,0.485,0.456,0.406,0.229,0.224,0.225,224x224,RGB,VALIDATED
Hazardous/pesticides/toxics-09-00042-ag.png,toxics-09-00042-ag.png,.png,stage4_standardized,ImageNet,0.485,0.456,0.406,0.229,0.224,0.225,224x224,RGB,VALIDATED
Hazardous/pesticides/toxics-09-00042-g001.png,toxics-09-00042-g001.png,.png,stage4_standardized,ImageNet,0.485,0.456,0.406,0.229,0.224,0.225,224x224,RGB,VALIDATED
Hazardous/pesticides/tractor-spraying-pesticides-soy-bean-field-fields-136713412.png,tractor-spraying-pesticides-soy-bean-field-fields-136713412.png,.png,stage4_standardized,ImageNet,0.485,0.456,0.406,0.229,0.224,0.225,224x224,RGB,VALIDATED
Hazardous/pesticides/using-pesticides-and-insecticides-protected-with-mask-and-special-1424346491.png,using-pesticides-and-insecticides-protected-with-mask-and-special-1424346491.png,.png,stage4_standardized,ImageNet,0.485,0.456,0.406,0.229,0.224,0.225,224x224,RGB,VALIDATED
Hazardous/pesticides/y-herbicides-farmers-spray-insecticides-in-rice-fields-in-vietnam-1827065294.png,y-herbicides-farmers-spray-insecticides-in-rice-fields-in-vietnam-1827065294.png,.png,stage4_standardized,ImageNet,0.485,0.456,0.406,0.229,0.224,0.225,224x224,RGB,VALIDATED
Hazardous/pesticides/ycling-facilities-farmers-are-resorting-to-burning-the-plastic-waste-2BR5N84.png,ycling-facilities-farmers-are-resorting-to-burning-the-plastic-waste-2BR5N84.png,.png,stage4_standardized,ImageNet,0.485,0.456,0.406,0.229,0.224,0.225,224x224,RGB,VALIDATED
Non-Recyclable/ceramic_product/-bowl-shape-star-bott-bottom-melted-broken-glass-bubbles-air-vessel-85817559.png,-bowl-shape-star-bott-bottom-melted-broken-glass-bubbles-air-vessel-85817559.png,.png,stage4_standardized,ImageNet,0.485,0.456,0.406,0.229,0.224,0.225,224x224,RGB,VALIDATED
Non-Recyclable/ceramic_product/-broken-porcelain-vases-within-other-glass-ones-by-bouke-de-vries-sharecover.png,-broken-porcelain-vases-within-other-glass-ones-by-bouke-de-vries-sharecover.png,.png,stage4_standardized,ImageNet,0.485,0.456,0.406,0.229,0.224,0.225,224x224,RGB,VALIDATED
Non-Recyclable/ceramic_product/09928-cover-opener.png,09928-cover-opener.png,.png,stage4_standardized,ImageNet,0.485,0.456,0.406,0.229,0.224,0.225,224x224,RGB,VALIDATED
Non-Recyclable/ceramic_product/1-s2.0-S0959652618312502-egi10VHWB78ZW0.png,1-s2.0-S0959652618312502-egi10VHWB78ZW0.png,.png,stage4_standardized,ImageNet,0.485,0.456,0.406,0.229,0.224,0.225,224x224,RGB,VALIDATED
Non-Recyclable/ceramic_product/1000_F_172501432_IhEVRC2DHxNv7FchR8D5RbTA7f2gWbee.png,1000_F_172501432_IhEVRC2DHxNv7FchR8D5RbTA7f2gWbee.png,.png,stage4_standardized,ImageNet,0.485,0.456,0.406,0.229,0.224,0.225,224x224,RGB,VALIDATED
Non-Recyclable/ceramic_product/1000_F_180506836_FCGcDt6J9w5QbR2FrUHHhvjxbdICxNT2.png,1000_F_180506836_FCGcDt6J9w5QbR2FrUHHhvjxbdICxNT2.png,.png,stage4_standardized,ImageNet,0.485,0.456,0.406,0.229,0.224,0.225,224x224,RGB,VALIDATED
Non-Recyclable/ceramic_product/1000_F_220512221_OCfWwiGHcPm7X37OJvsjbF5poVjBLNgZ.png,1000_F_220512221_OCfWwiGHcPm7X37OJvsjbF5poVjBLNgZ.png,.png,stage4_standardized,ImageNet,0.485,0.456,0.406,0.229,0.224,0.225,224x224,RGB,VALIDATED
Non-Recyclable/ceramic_product/1200x628-5-1024x536.png,1200x628-5-1024x536.png,.png,stage4_standardized,ImageNet,0.485,0.456,0.406,0.229,0.224,0.225,224x224,RGB,VALIDATED
Non-Recyclable/ceramic_product/1f962803384fdb322c4df8ad882b6176.png,1f962803384fdb322c4df8ad882b6176.png,.png,stage4_standardized,ImageNet,0.485,0.456,0.406,0.229,0.224,0.225,224x224,RGB,VALIDATED
Non-Recyclable/ceramic_product/22222222.png,22222222.png,.png,stage4_standardized,ImageNet,0.485,0.456,0.406,0.229,0.224,0.225,224x224,RGB,VALIDATED
Non-Recyclable/ceramic_product/30322484-clay-pottery-ceramics-in-background-broken-glass-debris-design-wall.png,30322484-clay-pottery-ceramics-in-background-broken-glass-debris-design-wall.png,.png,stage4_standardized,ImageNet,0.485,0.456,0.406,0.229,0.224,0.225,224x224,RGB,VALIDATED
Non-Recyclable/ceramic_product/31s3amSRHL._AC_UF8941000_QL80_.png,31s3amSRHL._AC_UF8941000_QL80_.png,.png,stage4_standardized,ImageNet,0.485,0.456,0.406,0.229,0.224,0.225,224x224,RGB,VALIDATED
Non-Recyclable/ceramic_product/339751732.png,339751732.png,.png,stage4_standardized,ImageNet,0.485,0.456,0.406,0.229,0.224,0.225,224x224,RGB,VALIDATED
Non-Recyclable/ceramic_product/370177714.png,370177714.png,.png,stage4_standardized,ImageNet,0.485,0.456,0.406,0.229,0.224,0.225,224x224,RGB,VALIDATED
Non-Recyclable/ceramic_product/3D5RzKh5xf0shYAlvPrUAnD5Sw3lHKXdYM0BF953.png,3D5RzKh5xf0shYAlvPrUAnD5Sw3lHKXdYM0BF953.png,.png,stage4_standardized,ImageNet,0.485,0.456,0.406,0.229,0.224,0.225,224x224,RGB,VALIDATED
Non-Recyclable/ceramic_product/3de69e4f-ae11-4b1c-9b81-e2cac38564cf.png,3de69e4f-ae11-4b1c-9b81-e2cac38564cf.png,.png,stage4_standardized,ImageNet,0.485,0.456,0.406,0.229,0.224,0.225,224x224,RGB,VALIDATED
Non-Recyclable/ceramic_product/58314b65035fe8c7.png,58314b65035fe8c7.png,.png,stage4_standardized,ImageNet,0.485,0.456,0.406,0.229,0.224,0.225,224x224,RGB,VALIDATED
Non-Recyclable/ceramic_product/5d6244dbed155216ff0b25ec8a3405f3.png,5d6244dbed155216ff0b25ec8a3405f3.png,.png,stage4_standardized,ImageNet,0.485,0.456,0.406,0.229,0.224,0.225,224x224,RGB,VALIDATED
Non-Recyclable/ceramic_product/5j45j45j-min.png,5j45j45j-min.png,.png,stage4_standardized,ImageNet,0.485,0.456,0.406,0.229,0.224,0.225,224x224,RGB,VALIDATED
Non-Recyclable/ceramic_product/640-close-up-of-ceramics_600x600_crop_center.png,640-close-up-of-ceramics_600x600_crop_center.png,.png,stage4_standardized,ImageNet,0.485,0.456,0.406,0.229,0.224,0.225,224x224,RGB,VALIDATED
Non-Recyclable/ceramic_product/71OXpnqqnYL._AC_UF10001000_QL80_.png,71OXpnqqnYL._AC_UF10001000_QL80_.png,.png,stage4_standardized,ImageNet,0.485,0.456,0.406,0.229,0.224,0.225,224x224,RGB,VALIDATED
Non-Recyclable/ceramic_product/800px_COLOURBOX5957211.png,800px_COLOURBOX5957211.png,.png,stage4_standardized,ImageNet,0.485,0.456,0.406,0.229,0.224,0.225,224x224,RGB,VALIDATED
Non-Recyclable/ceramic_product/81xHJfbgGS.png,81xHJfbgGS.png,.png,stage4_standardized,ImageNet,0.485,0.456,0.406,0.229,0.224,0.225,224x224,RGB,VALIDATED
Non-Recyclable/ceramic_product/9.png,9.png,.png,stage4_standardized,ImageNet,0.485,0.456,0.406,0.229,0.224,0.225,224x224,RGB,VALIDATED
Non-Recyclable/ceramic_product/Beauty-in-Broken-Things-Hero.png,Beauty-in-Broken-Things-Hero.png,.png,stage4_standardized,ImageNet,0.485,0.456,0.406,0.229,0.224,0.225,224x224,RGB,VALIDATED
Non-Recyclable/ceramic_product/Beer_bottles_2018_G1.png,Beer_bottles_2018_G1.png,.png,stage4_standardized,ImageNet,0.485,0.456,0.406,0.229,0.224,0.225,224x224,RGB,VALIDATED
Non-Recyclable/ceramic_product/Best-Glue-for-Ceramics_Hero_NEW.png,Best-Glue-for-Ceramics_Hero_NEW.png,.png,stage4_standardized,ImageNet,0.485,0.456,0.406,0.229,0.224,0.225,224x224,RGB,VALIDATED
Non-Recyclable/ceramic_product/Blog-Images-15.png,Blog-Images-15.png,.png,stage4_standardized,ImageNet,0.485,0.456,0.406,0.229,0.224,0.225,224x224,RGB,VALIDATED
Non-Recyclable/ceramic_product/Brock3-1080x810.png,Brock3-1080x810.png,.png,stage4_standardized,ImageNet,0.485,0.456,0.406,0.229,0.224,0.225,224x224,RGB,VALIDATED
Non-Recyclable/ceramic_product/Broken-Ceramics-Glass-Mirror-Chips.png,Broken-Ceramics-Glass-Mirror-Chips.png,.png,stage4_standardized,ImageNet,0.485,0.456,0.406,0.229,0.224,0.225,224x224,RGB,VALIDATED
Non-Recyclable/ceramic_product/Broken-ceramic-mug-1024x597.png,Broken-ceramic-mug-1024x597.png,.png,stage4_standardized,ImageNet,0.485,0.456,0.406,0.229,0.224,0.225,224x224,RGB,VALIDATED
Non-Recyclable/ceramic_product/Crushed-ceramic-pots-waste-white-ceramics-24.png,Crushed-ceramic-pots-waste-white-ceramics-24.png,.png,stage4_standardized,ImageNet,0.485,0.456,0.406,0.229,0.224,0.225,224x224,RGB,VALIDATED
Non-Recyclable/ceramic_product/DsixVthXoAAJ_eE.png,DsixVthXoAAJ_eE.png,.png,stage4_standardized,ImageNet,0.485,0.456,0.406,0.229,0.224,0.225,224x224,RGB,VALIDATED
Non-Recyclable/ceramic_product/EDII_NMUS_V_2007_289_1-001.png,EDII_NMUS_V_2007_289_1-001.png,.png,stage4_standardized,ImageNet,0.485,0.456,0.406,0.229,0.224,0.225,224x224,RGB,VALIDATED
Non-Recyclable/ceramic_product/Glass-Before-After.png,Glass-Before-After.png,.png,stage4_standardized,ImageNet,0.485,0.456,0.406,0.229,0.224,0.225,224x224,RGB,VALIDATED
Non-Recyclable/ceramic_product/Glass-Recycling-Process-InContent.png,Glass-Recycling-Process-InContent.png,.png,stage4_standardized,ImageNet,0.485,0.456,0.406,0.229,0.224,0.225,224x224,RGB,VALIDATED
Non-Recyclable/ceramic_product/Glass-recycling.png,Glass-recycling.png,.png,stage4_standardized,ImageNet,0.485,0.456,0.406,0.229,0.224,0.225,224x224,RGB,VALIDATED
Non-Recyclable/ceramic_product/Glass.png,Glass.png,.png,stage4_standardized,ImageNet,0.485,0.456,0.406,0.229,0.224,0.225,224x224,RGB,VALIDATED
Non-Recyclable/ceramic_product/How-to-Dispose-of-Broken-Glass-Shards.png,How-to-Dispose-of-Broken-Glass-Shards.png,.png,stage4_standardized,ImageNet,0.485,0.456,0.406,0.229,0.224,0.225,224x224,RGB,VALIDATED
Non-Recyclable/ceramic_product/How-to-dispose-of-broken-glass-Cover.png,How-to-dispose-of-broken-glass-Cover.png,.png,stage4_standardized,ImageNet,0.485,0.456,0.406,0.229,0.224,0.225,224x224,RGB,VALIDATED
Non-Recyclable/ceramic_product/IMG_3214.JPG.png,IMG_3214.JPG.png,.png,stage4_standardized,ImageNet,0.485,0.456,0.406,0.229,0.224,0.225,224x224,RGB,VALIDATED
Non-Recyclable/ceramic_product/ImageForNews_59851_16615112202202141.png,ImageForNews_59851_16615112202202141.png,.png,stage4_standardized,ImageNet,0.485,0.456,0.406,0.229,0.224,0.225,224x224,RGB,VALIDATED
Non-Recyclable/ceramic_product/Is-Recycling-Glass-Worth-It.png,Is-Recycling-Glass-Worth-It.png,.png,stage4_standardized,ImageNet,0.485,0.456,0.406,0.229,0.224,0.225,224x224,RGB,VALIDATED
Non-Recyclable/ceramic_product/J-152-019-thumb-1600x900---3890.png,J-152-019-thumb-1600x900---3890.png,.png,stage4_standardized,ImageNet,0.485,0.456,0.406,0.229,0.224,0.225,224x224,RGB,VALIDATED
Non-Recyclable/ceramic_product/Kintsugi-Card.png,Kintsugi-Card.png,.png,stage4_standardized,ImageNet,0.485,0.456,0.406,0.229,0.224,0.225,224x224,RGB,VALIDATED
Non-Recyclable/ceramic_product/LZSBWTVMZFLHTBPVKNOIAGPNEY.png,LZSBWTVMZFLHTBPVKNOIAGPNEY.png,.png,stage4_standardized,ImageNet,0.485,0.456,0.406,0.229,0.224,0.225,224x224,RGB,VALIDATED
Non-Recyclable/ceramic_product/Photo-Waste-Recycled-glass-lifecycle.png,Photo-Waste-Recycled-glass-lifecycle.png,.png,stage4_standardized,ImageNet,0.485,0.456,0.406,0.229,0.224,0.225,224x224,RGB,VALIDATED
Non-Recyclable/ceramic_product/Recycle-Disposal.png,Recycle-Disposal.png,.png,stage4_standardized,ImageNet,0.485,0.456,0.406,0.229,0.224,0.225,224x224,RGB,VALIDATED
Non-Recyclable/ceramic_product/Recycled-glass-tile.png,Recycled-glass-tile.png,.png,stage4_standardized,ImageNet,0.485,0.456,0.406,0.229,0.224,0.225,224x224,RGB,VALIDATED
Non-Recyclable/ceramic_product/Tea-Bowl2-1024x739.png,Tea-Bowl2-1024x739.png,.png,stage4_standardized,ImageNet,0.485,0.456,0.406,0.229,0.224,0.225,224x224,RGB,VALIDATED
Non-Recyclable/ceramic_product/Turn-a-Broken-Porcelain-Vase-into-an-Art-Piece-with-3D-Printing-Pen_FacFox-1.png,Turn-a-Broken-Porcelain-Vase-into-an-Art-Piece-with-3D-Printing-Pen_FacFox-1.png,.png,stage4_standardized,ImageNet,0.485,0.456,0.406,0.229,0.224,0.225,224x224,RGB,VALIDATED
Non-Recyclable/ceramic_product/WDPRGPFC001b-Waste-Broken-Glass-n-Ceramic-Pieces-Living-2-scaled.png,WDPRGPFC001b-Waste-Broken-Glass-n-Ceramic-Pieces-Living-2-scaled.png,.png,stage4_standardized,ImageNet,0.485,0.456,0.406,0.229,0.224,0.225,224x224,RGB,VALIDATED
Non-Recyclable/ceramic_product/WDPRGPFC001b-Waste-Broken-Glass-n-Ceramic-Pieces-design.png,WDPRGPFC001b-Waste-Broken-Glass-n-Ceramic-Pieces-design.png,.png,stage4_standardized,ImageNet,0.485,0.456,0.406,0.229,0.224,0.225,224x224,RGB,VALIDATED
Non-Recyclable/ceramic_product/Your-Complete-Guide-to-Safely-Disposing-of-Broken-Glass-1-y8t9a48ynxihx5k9r33im8.png,Your-Complete-Guide-to-Safely-Disposing-of-Broken-Glass-1-y8t9a48ynxihx5k9r33im8.png,.png,stage4_standardized,ImageNet,0.485,0.456,0.406,0.229,0.224,0.225,224x224,RGB,VALIDATED
Non-Recyclable/ceramic_product/_118448907_154c85b8-47e0-4a98-8dd6-37e588315d9d.png,_118448907_154c85b8-47e0-4a98-8dd6-37e588315d9d.png,.png,stage4_standardized,ImageNet,0.485,0.456,0.406,0.229,0.224,0.225,224x224,RGB,VALIDATED
Non-Recyclable/ceramic_product/amic-tiles-floor-family-quarrel-irritation-broken-dishes-for-happiness-photo.png,amic-tiles-floor-family-quarrel-irritation-broken-dishes-for-happiness-photo.png,.png,stage4_standardized,ImageNet,0.485,0.456,0.406,0.229,0.224,0.225,224x224,RGB,VALIDATED
Non-Recyclable/ceramic_product/arts-crockery-halves-broken-white-cup-disintegration-accident-cut_695181-454.png,arts-crockery-halves-broken-white-cup-disintegration-accident-cut_695181-454.png,.png,stage4_standardized,ImageNet,0.485,0.456,0.406,0.229,0.224,0.225,224x224,RGB,VALIDATED
Non-Recyclable/ceramic_product/bdv-db-05.png,bdv-db-05.png,.png,stage4_standardized,ImageNet,0.485,0.456,0.406,0.229,0.224,0.225,224x224,RGB,VALIDATED
Non-Recyclable/ceramic_product/better-kintsugi-kumai.png,better-kintsugi-kumai.png,.png,stage4_standardized,ImageNet,0.485,0.456,0.406,0.229,0.224,0.225,224x224,RGB,VALIDATED
Non-Recyclable/ceramic_product/blue-crystalline-kintsugi-vase-2a.png,blue-crystalline-kintsugi-vase-2a.png,.png,stage4_standardized,ImageNet,0.485,0.456,0.406,0.229,0.224,0.225,224x224,RGB,VALIDATED
Non-Recyclable/ceramic_product/blue-vase-badly-broken.png,blue-vase-badly-broken.png,.png,stage4_standardized,ImageNet,0.485,0.456,0.406,0.229,0.224,0.225,224x224,RGB,VALIDATED
Non-Recyclable/ceramic_product/bouke-de-vries-broken-ceramics-sculptures-kintsugi-designboom-8.png,bouke-de-vries-broken-ceramics-sculptures-kintsugi-designboom-8.png,.png,stage4_standardized,ImageNet,0.485,0.456,0.406,0.229,0.224,0.225,224x224,RGB,VALIDATED
Non-Recyclable/ceramic_product/bowl-bottom-broken-glass-w-melted-bubbles-air-vessel-was-lying-flat-85817560.png,bowl-bottom-broken-glass-w-melted-bubbles-air-vessel-was-lying-flat-85817560.png,.png,stage4_standardized,ImageNet,0.485,0.456,0.406,0.229,0.224,0.225,224x224,RGB,VALIDATED
Non-Recyclable/ceramic_product/breaking_glass_blog_banner.png,breaking_glass_blog_banner.png,.png,stage4_standardized,ImageNet,0.485,0.456,0.406,0.229,0.224,0.225,224x224,RGB,VALIDATED
Non-Recyclable/ceramic_product/broken-bottles-4-1024x818.png,broken-bottles-4-1024x818.png,.png,stage4_standardized,ImageNet,0.485,0.456,0.406,0.229,0.224,0.225,224x224,RGB,VALIDATED
Non-Recyclable/ceramic_product/broken-bottles.png,broken-bottles.png,.png,stage4_standardized,ImageNet,0.485,0.456,0.406,0.229,0.224,0.225,224x224,RGB,VALIDATED
Non-Recyclable/ceramic_product/broken-ceramic-glass-which-damaged-260nw-1420943837.png,broken-ceramic-glass-which-damaged-260nw-1420943837.png,.png,stage4_standardized,ImageNet,0.485,0.456,0.406,0.229,0.224,0.225,224x224,RGB,VALIDATED
Non-Recyclable/ceramic_product/broken-chinese-ceramic-vase-on-white-background-CR2H8C.png,broken-chinese-ceramic-vase-on-white-background-CR2H8C.png,.png,stage4_standardized,ImageNet,0.485,0.456,0.406,0.229,0.224,0.225,224x224,RGB,VALIDATED
Non-Recyclable/ceramic_product/broken-glass-mosaic-tile-decoration-in-park-guell-barcelona-spain-1017069073.png,broken-glass-mosaic-tile-decoration-in-park-guell-barcelona-spain-1017069073.png,.png,stage4_standardized,ImageNet,0.485,0.456,0.406,0.229,0.224,0.225,224x224,RGB,VALIDATED
Non-Recyclable/ceramic_product/broken-glass-mosaic-tiles-bench-as-ceramic-art-in-park-guell-barcelona-spain-2B6HY56.png,broken-glass-mosaic-tiles-bench-as-ceramic-art-in-park-guell-barcelona-spain-2B6HY56.png,.png,stage4_standardized,ImageNet,0.485,0.456,0.406,0.229,0.224,0.225,224x224,RGB,VALIDATED
Non-Recyclable/ceramic_product/broken-glass-separated-by-color-and-prepared-for-recycling-at-a-glass-CC88DY.png,broken-glass-separated-by-color-and-prepared-for-recycling-at-a-glass-CC88DY.png,.png,stage4_standardized,ImageNet,0.485,0.456,0.406,0.229,0.224,0.225,224x224,RGB,VALIDATED
Non-Recyclable/ceramic_product/broken-glass-waste-and-disposal-drawing_csp79427295.png,broken-glass-waste-and-disposal-drawing_csp79427295.png,.png,stage4_standardized,ImageNet,0.485,0.456,0.406,0.229,0.224,0.225,224x224,RGB,VALIDATED
Non-Recyclable/ceramic_product/broken-plastic-glass-ceramic-trash-polluting-rocky-shoreline-lake-washington-close-up-166216643.png,broken-plastic-glass-ceramic-trash-polluting-rocky-shoreline-lake-washington-close-up-166216643.png,.png,stage4_standardized,ImageNet,0.485,0.456,0.406,0.229,0.224,0.225,224x224,RGB,VALIDATED
Non-Recyclable/ceramic_product/broken20mug.png,broken20mug.png,.png,stage4_standardized,ImageNet,0.485,0.456,0.406,0.229,0.224,0.225,224x224,RGB,VALIDATED
Non-Recyclable/ceramic_product/c7c78ff954653f5d1aa71fc29f6ed604.png,c7c78ff954653f5d1aa71fc29f6ed604.png,.png,stage4_standardized,ImageNet,0.485,0.456,0.406,0.229,0.224,0.225,224x224,RGB,VALIDATED
Non-Recyclable/ceramic_product/colored-glass-pieces.png,colored-glass-pieces.png,.png,stage4_standardized,ImageNet,0.485,0.456,0.406,0.229,0.224,0.225,224x224,RGB,VALIDATED
Non-Recyclable/ceramic_product/colorful-broken-glass-pottery-on-260nw-1532128616.png,colorful-broken-glass-pottery-on-260nw-1532128616.png,.png,stage4_standardized,ImageNet,0.485,0.456,0.406,0.229,0.224,0.225,224x224,RGB,VALIDATED
Non-Recyclable/ceramic_product/de-bowl-in-the-shape-of-a-star-at-the-bottom-of-the-bowl-melted-broken-glass.png,de-bowl-in-the-shape-of-a-star-at-the-bottom-of-the-bowl-melted-broken-glass.png,.png,stage4_standardized,ImageNet,0.485,0.456,0.406,0.229,0.224,0.225,224x224,RGB,VALIDATED
Non-Recyclable/ceramic_product/depositphotos_234468602-stock-photo-collage-tile-decoration-broken-glass.png,depositphotos_234468602-stock-photo-collage-tile-decoration-broken-glass.png,.png,stage4_standardized,ImageNet,0.485,0.456,0.406,0.229,0.224,0.225,224x224,RGB,VALIDATED
Non-Recyclable/ceramic_product/depositphotos_8204577-stock-photo-broken-bottle.png,depositphotos_8204577-stock-photo-broken-bottle.png,.png,stage4_standardized,ImageNet,0.485,0.456,0.406,0.229,0.224,0.225,224x224,RGB,VALIDATED
Non-Recyclable/ceramic_product/dishes-not-recyclable.png,dishes-not-recyclable.png,.png,stage4_standardized,ImageNet,0.485,0.456,0.406,0.229,0.224,0.225,224x224,RGB,VALIDATED
Non-Recyclable/ceramic_product/drop-coffee-by-roar-studio-dubai_dezeen_2364_col_hero1-852x479.png,drop-coffee-by-roar-studio-dubai_dezeen_2364_col_hero1-852x479.png,.png,stage4_standardized,ImageNet,0.485,0.456,0.406,0.229,0.224,0.225,224x224,RGB,VALIDATED
Non-Recyclable/ceramic_product/e-clay-broken-ceramic-jug-waste-handmade-plasticine-isolated-white-163744973.png,e-clay-broken-ceramic-jug-waste-handmade-plasticine-isolated-white-163744973.png,.png,stage4_standardized,ImageNet,0.485,0.456,0.406,0.229,0.224,0.225,224x224,RGB,VALIDATED
Non-Recyclable/ceramic_product/e-patterns-isolated-white-background-vector-cartoon-illustration_76964-12318.png,e-patterns-isolated-white-background-vector-cartoon-illustration_76964-12318.png,.png,stage4_standardized,ImageNet,0.485,0.456,0.406,0.229,0.224,0.225,224x224,RGB,VALIDATED
Non-Recyclable/ceramic_product/e-patterns-isolated-white-background-vector-cartoon-illustration_76964-12320.png,e-patterns-isolated-white-background-vector-cartoon-illustration_76964-12320.png,.png,stage4_standardized,ImageNet,0.485,0.456,0.406,0.229,0.224,0.225,224x224,RGB,VALIDATED
Non-Recyclable/ceramic_product/f81b7221c3c8ec31c91a739838b342e1--mosaic-tray-mosaic-tables.png,f81b7221c3c8ec31c91a739838b342e1--mosaic-tray-mosaic-tables.png,.png,stage4_standardized,ImageNet,0.485,0.456,0.406,0.229,0.224,0.225,224x224,RGB,VALIDATED
Non-Recyclable/ceramic_product/fd315fee1ce664f215b7fc517d259bde.png,fd315fee1ce664f215b7fc517d259bde.png,.png,stage4_standardized,ImageNet,0.485,0.456,0.406,0.229,0.224,0.225,224x224,RGB,VALIDATED
Non-Recyclable/ceramic_product/file-20221102-45064-bw9n55.png,file-20221102-45064-bw9n55.png,.png,stage4_standardized,ImageNet,0.485,0.456,0.406,0.229,0.224,0.225,224x224,RGB,VALIDATED
Non-Recyclable/ceramic_product/glass-disposal.png,glass-disposal.png,.png,stage4_standardized,ImageNet,0.485,0.456,0.406,0.229,0.224,0.225,224x224,RGB,VALIDATED
Non-Recyclable/ceramic_product/glass-for-recycling.png,glass-for-recycling.png,.png,stage4_standardized,ImageNet,0.485,0.456,0.406,0.229,0.224,0.225,224x224,RGB,VALIDATED
Non-Recyclable/ceramic_product/glass-waste-stock-image_csp12318466.png,glass-waste-stock-image_csp12318466.png,.png,stage4_standardized,ImageNet,0.485,0.456,0.406,0.229,0.224,0.225,224x224,RGB,VALIDATED
Non-Recyclable/ceramic_product/granby-workshop-assemble-ceramics-design_dezeen_2364_col_5-852x852.png,granby-workshop-assemble-ceramics-design_dezeen_2364_col_5-852x852.png,.png,stage4_standardized,ImageNet,0.485,0.456,0.406,0.229,0.224,0.225,224x224,RGB,VALIDATED
Non-Recyclable/ceramic_product/granby-workshop-waste-ceramics-design_dezeen_2364_sq-1.png,granby-workshop-waste-ceramics-design_dezeen_2364_sq-1.png,.png,stage4_standardized,ImageNet,0.485,0.456,0.406,0.229,0.224,0.225,224x224,RGB,VALIDATED
Non-Recyclable/ceramic_product/granbyware2.png,granbyware2.png,.png,stage4_standardized,ImageNet,0.485,0.456,0.406,0.229,0.224,0.225,224x224,RGB,VALIDATED
Non-Recyclable/ceramic_product/guide-glass-brokenglass.png,guide-glass-brokenglass.png,.png,stage4_standardized,ImageNet,0.485,0.456,0.406,0.229,0.224,0.225,224x224,RGB,VALIDATED
Non-Recyclable/ceramic_product/handmade-old-clay-pottery-ceramics-picture_csp21200013.png,handmade-old-clay-pottery-ceramics-picture_csp21200013.png,.png,stage4_standardized,ImageNet,0.485,0.456,0.406,0.229,0.224,0.225,224x224,RGB,VALIDATED
Non-Recyclable/ceramic_product/hong-kong-august-01-a-mix-of-broken-glass-shattered-ceramics-building-HKCCMG.png,hong-kong-august-01-a-mix-of-broken-glass-shattered-ceramics-building-HKCCMG.png,.png,stage4_standardized,ImageNet,0.485,0.456,0.406,0.229,0.224,0.225,224x224,RGB,VALIDATED
Non-Recyclable/ceramic_product/how_to_creatively_use_the_broken_coffee_mugs.png,how_to_creatively_use_the_broken_coffee_mugs.png,.png,stage4_standardized,ImageNet,0.485,0.456,0.406,0.229,0.224,0.225,224x224,RGB,VALIDATED
Non-Recyclable/ceramic_product/hq720.png,hq720.png,.png,stage4_standardized,ImageNet,0.485,0.456,0.406,0.229,0.224,0.225,224x224,RGB,VALIDATED
Non-Recyclable/ceramic_product/image-asset.png,image-asset.png,.png,stage4_standardized,ImageNet,0.485,0.456,0.406,0.229,0.224,0.225,224x224,RGB,VALIDATED
Non-Recyclable/ceramic_product/kintsugi-art-japanese-broken-pottery.png,kintsugi-art-japanese-broken-pottery.png,.png,stage4_standardized,ImageNet,0.485,0.456,0.406,0.229,0.224,0.225,224x224,RGB,VALIDATED
Non-Recyclable/ceramic_product/kintsugi-hero.png,kintsugi-hero.png,.png,stage4_standardized,ImageNet,0.485,0.456,0.406,0.229,0.224,0.225,224x224,RGB,VALIDATED
Non-Recyclable/ceramic_product/kintsugi-portata.png,kintsugi-portata.png,.png,stage4_standardized,ImageNet,0.485,0.456,0.406,0.229,0.224,0.225,224x224,RGB,VALIDATED
Non-Recyclable/ceramic_product/kintsugi_2048x2048.png,kintsugi_2048x2048.png,.png,stage4_standardized,ImageNet,0.485,0.456,0.406,0.229,0.224,0.225,224x224,RGB,VALIDATED
Non-Recyclable/ceramic_product/lacey-williams-175638-unsplash-1024x595.png,lacey-williams-175638-unsplash-1024x595.png,.png,stage4_standardized,ImageNet,0.485,0.456,0.406,0.229,0.224,0.225,224x224,RGB,VALIDATED
Non-Recyclable/ceramic_product/largepreview.png,largepreview.png,.png,stage4_standardized,ImageNet,0.485,0.456,0.406,0.229,0.224,0.225,224x224,RGB,VALIDATED
Non-Recyclable/ceramic_product/letsbeclear-glass-jp-dd3_original.png,letsbeclear-glass-jp-dd3_original.png,.png,stage4_standardized,ImageNet,0.485,0.456,0.406,0.229,0.224,0.225,224x224,RGB,VALIDATED
Non-Recyclable/ceramic_product/maxresdefault.png,maxresdefault.png,.png,stage4_standardized,ImageNet,0.485,0.456,0.406,0.229,0.224,0.225,224x224,RGB,VALIDATED
Non-Recyclable/ceramic_product/maxresdefault2.png,maxresdefault2.png,.png,stage4_standardized,ImageNet,0.485,0.456,0.406,0.229,0.224,0.225,224x224,RGB,VALIDATED
Non-Recyclable/ceramic_product/mosaic-china-crafts.png,mosaic-china-crafts.png,.png,stage4_standardized,ImageNet,0.485,0.456,0.406,0.229,0.224,0.225,224x224,RGB,VALIDATED
Non-Recyclable/ceramic_product/msw-small.png,msw-small.png,.png,stage4_standardized,ImageNet,0.485,0.456,0.406,0.229,0.224,0.225,224x224,RGB,VALIDATED
Non-Recyclable/ceramic_product/new_guide_available_for_fractography_of_ceramics_and_glasses.png,new_guide_available_for_fractography_of_ceramics_and_glasses.png,.png,stage4_standardized,ImageNet,0.485,0.456,0.406,0.229,0.224,0.225,224x224,RGB,VALIDATED
Non-Recyclable/ceramic_product/nish-gray_glaze2C_gold_lacquer_-_Ethnological_Museum2C_Berlin_-_DSC02061.JPG.png,nish-gray_glaze2C_gold_lacquer_-_Ethnological_Museum2C_Berlin_-_DSC02061.JPG.png,.png,stage4_standardized,ImageNet,0.485,0.456,0.406,0.229,0.224,0.225,224x224,RGB,VALIDATED
Non-Recyclable/ceramic_product/original.png,original.png,.png,stage4_standardized,ImageNet,0.485,0.456,0.406,0.229,0.224,0.225,224x224,RGB,VALIDATED
Non-Recyclable/ceramic_product/p037kb0l.png,p037kb0l.png,.png,stage4_standardized,ImageNet,0.485,0.456,0.406,0.229,0.224,0.225,224x224,RGB,VALIDATED
Non-Recyclable/ceramic_product/plastic_bag_contamination_.png,plastic_bag_contamination_.png,.png,stage4_standardized,ImageNet,0.485,0.456,0.406,0.229,0.224,0.225,224x224,RGB,VALIDATED
Non-Recyclable/ceramic_product/plate-blue-broken-cemetery.png,plate-blue-broken-cemetery.png,.png,stage4_standardized,ImageNet,0.485,0.456,0.406,0.229,0.224,0.225,224x224,RGB,VALIDATED
Non-Recyclable/ceramic_product/plate-smashed-blue-glass.png,plate-smashed-blue-glass.png,.png,stage4_standardized,ImageNet,0.485,0.456,0.406,0.229,0.224,0.225,224x224,RGB,VALIDATED
Non-Recyclable/ceramic_product/r-broken-ceramic-vase-green-bottle-dandellions-remains-of-the-paint-old-wood.png,r-broken-ceramic-vase-green-bottle-dandellions-remains-of-the-paint-old-wood.png,.png,stage4_standardized,ImageNet,0.485,0.456,0.406,0.229,0.224,0.225,224x224,RGB,VALIDATED
Non-Recyclable/ceramic_product/recycled-glass-powder-500x500.png,recycled-glass-powder-500x500.png,.png,stage4_standardized,ImageNet,0.485,0.456,0.406,0.229,0.224,0.225,224x224,RGB,VALIDATED
Non-Recyclable/ceramic_product/recycled-glass.png,recycled-glass.png,.png,stage4_standardized,ImageNet,0.485,0.456,0.406,0.229,0.224,0.225,224x224,RGB,VALIDATED
Non-Recyclable/ceramic_product/recycling-06-00026-g001.png,recycling-06-00026-g001.png,.png,stage4_standardized,ImageNet,0.485,0.456,0.406,0.229,0.224,0.225,224x224,RGB,VALIDATED
Non-Recyclable/ceramic_product/recycling-glass.png,recycling-glass.png,.png,stage4_standardized,ImageNet,0.485,0.456,0.406,0.229,0.224,0.225,224x224,RGB,VALIDATED
Non-Recyclable/ceramic_product/repurpose-china.png,repurpose-china.png,.png,stage4_standardized,ImageNet,0.485,0.456,0.406,0.229,0.224,0.225,224x224,RGB,VALIDATED
Non-Recyclable/ceramic_product/rritory-india-feb-a-beautiful-pattern-of-bird-made-with-waste-and-2284142049.png,rritory-india-feb-a-beautiful-pattern-of-bird-made-with-waste-and-2284142049.png,.png,stage4_standardized,ImageNet,0.485,0.456,0.406,0.229,0.224,0.225,224x224,RGB,VALIDATED
Non-Recyclable/ceramic_product/shards-of-broken-pottery-CFKKAG.png,shards-of-broken-pottery-CFKKAG.png,.png,stage4_standardized,ImageNet,0.485,0.456,0.406,0.229,0.224,0.225,224x224,RGB,VALIDATED
Non-Recyclable/ceramic_product/shutterstock_1805501278-1.png,shutterstock_1805501278-1.png,.png,stage4_standardized,ImageNet,0.485,0.456,0.406,0.229,0.224,0.225,224x224,RGB,VALIDATED
Non-Recyclable/ceramic_product/stock-photo-broken-ceramic-glass-which-is-damaged-by-transportation-1425982577.png,stock-photo-broken-ceramic-glass-which-is-damaged-by-transportation-1425982577.png,.png,stage4_standardized,ImageNet,0.485,0.456,0.406,0.229,0.224,0.225,224x224,RGB,VALIDATED
Non-Recyclable/ceramic_product/stock-photo-broken-ceramics-dishes-in-wall-background-stock-images-214036360.png,stock-photo-broken-ceramics-dishes-in-wall-background-stock-images-214036360.png,.png,stage4_standardized,ImageNet,0.485,0.456,0.406,0.229,0.224,0.225,224x224,RGB,VALIDATED
Non-Recyclable/ceramic_product/the-old-broken-glass-cup-D8GBJ9.png,the-old-broken-glass-cup-D8GBJ9.png,.png,stage4_standardized,ImageNet,0.485,0.456,0.406,0.229,0.224,0.225,224x224,RGB,VALIDATED
Non-Recyclable/ceramic_product/tion-broken-glass-mosaic-broken-ceramic-tiles-as-crazy-background-for-paving.png,tion-broken-glass-mosaic-broken-ceramic-tiles-as-crazy-background-for-paving.png,.png,stage4_standardized,ImageNet,0.485,0.456,0.406,0.229,0.224,0.225,224x224,RGB,VALIDATED
Non-Recyclable/ceramic_product/trash17_wide-9ef04671bfc0a0abd41c2950e6652fa098890b95-s1100-c50.png,trash17_wide-9ef04671bfc0a0abd41c2950e6652fa098890b95-s1100-c50.png,.png,stage4_standardized,ImageNet,0.485,0.456,0.406,0.229,0.224,0.225,224x224,RGB,VALIDATED
Non-Recyclable/ceramic_product/tures-of-broken-porcelain-vases-within-other-glass-ones-by-bouke-de-vries-14.png,tures-of-broken-porcelain-vases-within-other-glass-ones-by-bouke-de-vries-14.png,.png,stage4_standardized,ImageNet,0.485,0.456,0.406,0.229,0.224,0.225,224x224,RGB,VALIDATED
Non-Recyclable/ceramic_product/turn-broken-ceramics-800x800.png,turn-broken-ceramics-800x800.png,.png,stage4_standardized,ImageNet,0.485,0.456,0.406,0.229,0.224,0.225,224x224,RGB,VALIDATED
Non-Recyclable/ceramic_product/ulptures-of-broken-porcelain-vases-within-other-glass-ones-by-bouke-de-vries.png,ulptures-of-broken-porcelain-vases-within-other-glass-ones-by-bouke-de-vries.png,.png,stage4_standardized,ImageNet,0.485,0.456,0.406,0.229,0.224,0.225,224x224,RGB,VALIDATED
Non-Recyclable/ceramic_product/why-does-ceramic-break-glass.png,why-does-ceramic-break-glass.png,.png,stage4_standardized,ImageNet,0.485,0.456,0.406,0.229,0.224,0.225,224x224,RGB,VALIDATED
Non-Recyclable/ceramic_product/wl-bottom-broken-glass-w-melted-bubbles-air-vessel-was-placed-front-85817408.png,wl-bottom-broken-glass-w-melted-bubbles-air-vessel-was-placed-front-85817408.png,.png,stage4_standardized,ImageNet,0.485,0.456,0.406,0.229,0.224,0.225,224x224,RGB,VALIDATED
Non-Recyclable/ceramic_product/woman-repairing-broken-pottery-kintsugi-royalty-free-image-1680030784.png,woman-repairing-broken-pottery-kintsugi-royalty-free-image-1680030784.png,.png,stage4_standardized,ImageNet,0.485,0.456,0.406,0.229,0.224,0.225,224x224,RGB,VALIDATED
Non-Recyclable/ceramic_product/woman_sort_recycle_glass_bin.png,woman_sort_recycle_glass_bin.png,.png,stage4_standardized,ImageNet,0.485,0.456,0.406,0.229,0.224,0.225,224x224,RGB,VALIDATED
Non-Recyclable/diapers/-baby-nappies-diapers-waste-dirty-diapers-trash-bag-disposing-used-239559297.png,-baby-nappies-diapers-waste-dirty-diapers-trash-bag-disposing-used-239559297.png,.png,stage4_standardized,ImageNet,0.485,0.456,0.406,0.229,0.224,0.225,224x224,RGB,VALIDATED
Non-Recyclable/diapers/-garbage-pail-disposing-of-used-baby-nappies-environmental-impact-2084386903.png,-garbage-pail-disposing-of-used-baby-nappies-environmental-impact-2084386903.png,.png,stage4_standardized,ImageNet,0.485,0.456,0.406,0.229,0.224,0.225,224x224,RGB,VALIDATED
Non-Recyclable/diapers/-shadow-with-clipping-path-plastic-trash-can-overfilled-with-nappies-2B6X2H7.png,-shadow-with-clipping-path-plastic-trash-can-overfilled-with-nappies-2B6X2H7.png,.png,stage4_standardized,ImageNet,0.485,0.456,0.406,0.229,0.224,0.225,224x224,RGB,VALIDATED
Non-Recyclable/diapers/-table-group-disposable-diapers-arranged-over-white-changing-table-145294479.png,-table-group-disposable-diapers-arranged-over-white-changing-table-145294479.png,.png,stage4_standardized,ImageNet,0.485,0.456,0.406,0.229,0.224,0.225,224x224,RGB,VALIDATED
Non-Recyclable/diapers/05_5d6dfe6d-8164-49c4-951c-11cf82c8d19b.png,05_5d6dfe6d-8164-49c4-951c-11cf82c8d19b.png,.png,stage4_standardized,ImageNet,0.485,0.456,0.406,0.229,0.224,0.225,224x224,RGB,VALIDATED
Non-Recyclable/diapers/1-s2.0-S0921344919304549-ga1.png,1-s2.0-S0921344919304549-ga1.png,.png,stage4_standardized,ImageNet,0.485,0.456,0.406,0.229,0.224,0.225,224x224,RGB,VALIDATED
Non-Recyclable/diapers/1-uv-fs5l01nzvbxmtbuhwvw.png,1-uv-fs5l01nzvbxmtbuhwvw.png,.png,stage4_standardized,ImageNet,0.485,0.456,0.406,0.229,0.224,0.225,224x224,RGB,VALIDATED
Non-Recyclable/diapers/1.png,1.png,.png,stage4_standardized,ImageNet,0.485,0.456,0.406,0.229,0.224,0.225,224x224,RGB,VALIDATED
Non-Recyclable/diapers/100-cotton-huggies-advanced-ultra-absorbent-disposable-baby-diapers-pants-103.png,100-cotton-huggies-advanced-ultra-absorbent-disposable-baby-diapers-pants-103.png,.png,stage4_standardized,ImageNet,0.485,0.456,0.406,0.229,0.224,0.225,224x224,RGB,VALIDATED
Non-Recyclable/diapers/100444583_8-pampers-active-baby-diapers-small-3-8-kg.png,100444583_8-pampers-active-baby-diapers-small-3-8-kg.png,.png,stage4_standardized,ImageNet,0.485,0.456,0.406,0.229,0.224,0.225,224x224,RGB,VALIDATED
Non-Recyclable/diapers/10582_1.png,10582_1.png,.png,stage4_standardized,ImageNet,0.485,0.456,0.406,0.229,0.224,0.225,224x224,RGB,VALIDATED
Non-Recyclable/diapers/10586_1-Front.png,10586_1-Front.png,.png,stage4_standardized,ImageNet,0.485,0.456,0.406,0.229,0.224,0.225,224x224,RGB,VALIDATED
Non-Recyclable/diapers/12.png,12.png,.png,stage4_standardized,ImageNet,0.485,0.456,0.406,0.229,0.224,0.225,224x224,RGB,VALIDATED
Non-Recyclable/diapers/1200px-Disposablediaper.JPG.png,1200px-Disposablediaper.JPG.png,.png,stage4_standardized,ImageNet,0.485,0.456,0.406,0.229,0.224,0.225,224x224,RGB,VALIDATED
Non-Recyclable/diapers/12B252812529.png,12B252812529.png,.png,stage4_standardized,ImageNet,0.485,0.456,0.406,0.229,0.224,0.225,224x224,RGB,VALIDATED
Non-Recyclable/diapers/13-Best-Baby-Diapers-In-India-In-2023.png,13-Best-Baby-Diapers-In-India-In-2023.png,.png,stage4_standardized,ImageNet,0.485,0.456,0.406,0.229,0.224,0.225,224x224,RGB,VALIDATED
Non-Recyclable/diapers/20003932-2_4-pampers-baby-dry-small-11-diapers.png,20003932-2_4-pampers-baby-dry-small-11-diapers.png,.png,stage4_standardized,ImageNet,0.485,0.456,0.406,0.229,0.224,0.225,224x224,RGB,VALIDATED
Non-Recyclable/diapers/3-Figure3-1.png,3-Figure3-1.png,.png,stage4_standardized,ImageNet,0.485,0.456,0.406,0.229,0.224,0.225,224x224,RGB,VALIDATED
Non-Recyclable/diapers/30487_hd.png,30487_hd.png,.png,stage4_standardized,ImageNet,0.485,0.456,0.406,0.229,0.224,0.225,224x224,RGB,VALIDATED
Non-Recyclable/diapers/37494-500x500.png,37494-500x500.png,.png,stage4_standardized,ImageNet,0.485,0.456,0.406,0.229,0.224,0.225,224x224,RGB,VALIDATED
Non-Recyclable/diapers/392089940-melons_550x550.png,392089940-melons_550x550.png,.png,stage4_standardized,ImageNet,0.485,0.456,0.406,0.229,0.224,0.225,224x224,RGB,VALIDATED
Non-Recyclable/diapers/4-Figure5-1.png,4-Figure5-1.png,.png,stage4_standardized,ImageNet,0.485,0.456,0.406,0.229,0.224,0.225,224x224,RGB,VALIDATED
Non-Recyclable/diapers/40229261_4-pampers-active-baby-diapers-new-born.png,40229261_4-pampers-active-baby-diapers-new-born.png,.png,stage4_standardized,ImageNet,0.485,0.456,0.406,0.229,0.224,0.225,224x224,RGB,VALIDATED
Non-Recyclable/diapers/405434435.png,405434435.png,.png,stage4_standardized,ImageNet,0.485,0.456,0.406,0.229,0.224,0.225,224x224,RGB,VALIDATED
Non-Recyclable/diapers/429348994-baby-crawling-away-from-camera-wearing-disposable-diaper.png,429348994-baby-crawling-away-from-camera-wearing-disposable-diaper.png,.png,stage4_standardized,ImageNet,0.485,0.456,0.406,0.229,0.224,0.225,224x224,RGB,VALIDATED
Non-Recyclable/diapers/474911884-H.png,474911884-H.png,.png,stage4_standardized,ImageNet,0.485,0.456,0.406,0.229,0.224,0.225,224x224,RGB,VALIDATED
Non-Recyclable/diapers/4e2a79e2666c--baby-bum-music-a04902.png,4e2a79e2666c--baby-bum-music-a04902.png,.png,stage4_standardized,ImageNet,0.485,0.456,0.406,0.229,0.224,0.225,224x224,RGB,VALIDATED
Non-Recyclable/diapers/51.png,51.png,.png,stage4_standardized,ImageNet,0.485,0.456,0.406,0.229,0.224,0.225,224x224,RGB,VALIDATED
Non-Recyclable/diapers/51zIAjQaiyL.png,51zIAjQaiyL.png,.png,stage4_standardized,ImageNet,0.485,0.456,0.406,0.229,0.224,0.225,224x224,RGB,VALIDATED
Non-Recyclable/diapers/530157_25636_XL.png,530157_25636_XL.png,.png,stage4_standardized,ImageNet,0.485,0.456,0.406,0.229,0.224,0.225,224x224,RGB,VALIDATED
Non-Recyclable/diapers/61VUeyU0dbL._AC_UF8941000_QL80_.png,61VUeyU0dbL._AC_UF8941000_QL80_.png,.png,stage4_standardized,ImageNet,0.485,0.456,0.406,0.229,0.224,0.225,224x224,RGB,VALIDATED
Non-Recyclable/diapers/61ZMDwA4xzL._AC_UF8941000_QL80_.png,61ZMDwA4xzL._AC_UF8941000_QL80_.png,.png,stage4_standardized,ImageNet,0.485,0.456,0.406,0.229,0.224,0.225,224x224,RGB,VALIDATED
Non-Recyclable/diapers/61dJIigpYOL.png,61dJIigpYOL.png,.png,stage4_standardized,ImageNet,0.485,0.456,0.406,0.229,0.224,0.225,224x224,RGB,VALIDATED
Non-Recyclable/diapers/61h5qokt9sL.png,61h5qokt9sL.png,.png,stage4_standardized,ImageNet,0.485,0.456,0.406,0.229,0.224,0.225,224x224,RGB,VALIDATED
Non-Recyclable/diapers/61jiC0ORycL.png,61jiC0ORycL.png,.png,stage4_standardized,ImageNet,0.485,0.456,0.406,0.229,0.224,0.225,224x224,RGB,VALIDATED
Non-Recyclable/diapers/634fc803be6fde50b04f6143-diapers-size-3-168-count-pampers.png,634fc803be6fde50b04f6143-diapers-size-3-168-count-pampers.png,.png,stage4_standardized,ImageNet,0.485,0.456,0.406,0.229,0.224,0.225,224x224,RGB,VALIDATED
Non-Recyclable/diapers/63bcf2c160a1da17ec6c2e83-ubbi-disposable-diaper-sacks-lavender.png,63bcf2c160a1da17ec6c2e83-ubbi-disposable-diaper-sacks-lavender.png,.png,stage4_standardized,ImageNet,0.485,0.456,0.406,0.229,0.224,0.225,224x224,RGB,VALIDATED
Non-Recyclable/diapers/63befce33e92406c3c1dac8a-diapers-size-4-144-count-pampers-pull.png,63befce33e92406c3c1dac8a-diapers-size-4-144-count-pampers-pull.png,.png,stage4_standardized,ImageNet,0.485,0.456,0.406,0.229,0.224,0.225,224x224,RGB,VALIDATED
Non-Recyclable/diapers/7.png,7.png,.png,stage4_standardized,ImageNet,0.485,0.456,0.406,0.229,0.224,0.225,224x224,RGB,VALIDATED
Non-Recyclable/diapers/71iSOngBHsL._AC_UF10001000_QL80_.png,71iSOngBHsL._AC_UF10001000_QL80_.png,.png,stage4_standardized,ImageNet,0.485,0.456,0.406,0.229,0.224,0.225,224x224,RGB,VALIDATED
Non-Recyclable/diapers/71rjWQFJhL._AC_UF8941000_QL80_.png,71rjWQFJhL._AC_UF8941000_QL80_.png,.png,stage4_standardized,ImageNet,0.485,0.456,0.406,0.229,0.224,0.225,224x224,RGB,VALIDATED
Non-Recyclable/diapers/71vU85MMO7L._AC_UF8941000_QL80_.png,71vU85MMO7L._AC_UF8941000_QL80_.png,.png,stage4_standardized,ImageNet,0.485,0.456,0.406,0.229,0.224,0.225,224x224,RGB,VALIDATED
Non-Recyclable/diapers/74806254.png,74806254.png,.png,stage4_standardized,ImageNet,0.485,0.456,0.406,0.229,0.224,0.225,224x224,RGB,VALIDATED
Non-Recyclable/diapers/78a62dd24472a69bddf67cc48cfdcf31.png,78a62dd24472a69bddf67cc48cfdcf31.png,.png,stage4_standardized,ImageNet,0.485,0.456,0.406,0.229,0.224,0.225,224x224,RGB,VALIDATED
Non-Recyclable/diapers/81b6OBTrb6L.png,81b6OBTrb6L.png,.png,stage4_standardized,ImageNet,0.485,0.456,0.406,0.229,0.224,0.225,224x224,RGB,VALIDATED
Non-Recyclable/diapers/8b7d1c_7de73bd317284b49b0872afa1aa3632emv2.png,8b7d1c_7de73bd317284b49b0872afa1aa3632emv2.png,.png,stage4_standardized,ImageNet,0.485,0.456,0.406,0.229,0.224,0.225,224x224,RGB,VALIDATED
Non-Recyclable/diapers/Baby2BWith2BDisposable2BDiapers.png,Baby2BWith2BDisposable2BDiapers.png,.png,stage4_standardized,ImageNet,0.485,0.456,0.406,0.229,0.224,0.225,224x224,RGB,VALIDATED
Non-Recyclable/diapers/Blog-10-internal-img-colourfull-diaper.png,Blog-10-internal-img-colourfull-diaper.png,.png,stage4_standardized,ImageNet,0.485,0.456,0.406,0.229,0.224,0.225,224x224,RGB,VALIDATED
Non-Recyclable/diapers/Coterie-diapers-group-shot.png,Coterie-diapers-group-shot.png,.png,stage4_standardized,ImageNet,0.485,0.456,0.406,0.229,0.224,0.225,224x224,RGB,VALIDATED
Non-Recyclable/diapers/D_TopBanner_Catalog_IN.png,D_TopBanner_Catalog_IN.png,.png,stage4_standardized,ImageNet,0.485,0.456,0.406,0.229,0.224,0.225,224x224,RGB,VALIDATED
Non-Recyclable/diapers/Dangers-of-Disposable-Diapers.png,Dangers-of-Disposable-Diapers.png,.png,stage4_standardized,ImageNet,0.485,0.456,0.406,0.229,0.224,0.225,224x224,RGB,VALIDATED
Non-Recyclable/diapers/Depositphotos_456124904_S.png,Depositphotos_456124904_S.png,.png,stage4_standardized,ImageNet,0.485,0.456,0.406,0.229,0.224,0.225,224x224,RGB,VALIDATED
Non-Recyclable/diapers/DiaperNCloth-scaled.png,DiaperNCloth-scaled.png,.png,stage4_standardized,ImageNet,0.485,0.456,0.406,0.229,0.224,0.225,224x224,RGB,VALIDATED
Non-Recyclable/diapers/Diapers4-01.png,Diapers4-01.png,.png,stage4_standardized,ImageNet,0.485,0.456,0.406,0.229,0.224,0.225,224x224,RGB,VALIDATED
Non-Recyclable/diapers/Disposable-Diapers-take-300-years-to-decomposeand-account-for-15-of-landfill-waste..png,Disposable-Diapers-take-300-years-to-decomposeand-account-for-15-of-landfill-waste..png,.png,stage4_standardized,ImageNet,0.485,0.456,0.406,0.229,0.224,0.225,224x224,RGB,VALIDATED
Non-Recyclable/diapers/Dyper_lifestyle_Jan_2022-128.png,Dyper_lifestyle_Jan_2022-128.png,.png,stage4_standardized,ImageNet,0.485,0.456,0.406,0.229,0.224,0.225,224x224,RGB,VALIDATED
Non-Recyclable/diapers/February-Do-Good.png,February-Do-Good.png,.png,stage4_standardized,ImageNet,0.485,0.456,0.406,0.229,0.224,0.225,224x224,RGB,VALIDATED
Non-Recyclable/diapers/HNCH4010_Disposal-Diaper-Test-Package.png,HNCH4010_Disposal-Diaper-Test-Package.png,.png,stage4_standardized,ImageNet,0.485,0.456,0.406,0.229,0.224,0.225,224x224,RGB,VALIDATED
Non-Recyclable/diapers/IMG_20180626_083543.png,IMG_20180626_083543.png,.png,stage4_standardized,ImageNet,0.485,0.456,0.406,0.229,0.224,0.225,224x224,RGB,VALIDATED
Non-Recyclable/diapers/IMG_9256.png,IMG_9256.png,.png,stage4_standardized,ImageNet,0.485,0.456,0.406,0.229,0.224,0.225,224x224,RGB,VALIDATED
Non-Recyclable/diapers/IMG_9257.png,IMG_9257.png,.png,stage4_standardized,ImageNet,0.485,0.456,0.406,0.229,0.224,0.225,224x224,RGB,VALIDATED
Non-Recyclable/diapers/Issue43.png,Issue43.png,.png,stage4_standardized,ImageNet,0.485,0.456,0.406,0.229,0.224,0.225,224x224,RGB,VALIDATED
Non-Recyclable/diapers/MHSOLIDDIPRMIXP3-2_600x.png,MHSOLIDDIPRMIXP3-2_600x.png,.png,stage4_standardized,ImageNet,0.485,0.456,0.406,0.229,0.224,0.225,224x224,RGB,VALIDATED
Non-Recyclable/diapers/Pampers-All-round-Protection-Pants-Large-Size-Baby-Diapers-42-Count.png,Pampers-All-round-Protection-Pants-Large-Size-Baby-Diapers-42-Count.png,.png,stage4_standardized,ImageNet,0.485,0.456,0.406,0.229,0.224,0.225,224x224,RGB,VALIDATED
Non-Recyclable/diapers/Pampers-All-round-Protection-Pants-Medium-Size-Baby-Diapers-76-Count.png,Pampers-All-round-Protection-Pants-Medium-Size-Baby-Diapers-76-Count.png,.png,stage4_standardized,ImageNet,0.485,0.456,0.406,0.229,0.224,0.225,224x224,RGB,VALIDATED
Non-Recyclable/diapers/Percentage-of-diapers-in-urban-solid-waste-in-some-countries-in-North-America-Europe-and.png,Percentage-of-diapers-in-urban-solid-waste-in-some-countries-in-North-America-Europe-and.png,.png,stage4_standardized,ImageNet,0.485,0.456,0.406,0.229,0.224,0.225,224x224,RGB,VALIDATED
Non-Recyclable/diapers/Post_2_large.png,Post_2_large.png,.png,stage4_standardized,ImageNet,0.485,0.456,0.406,0.229,0.224,0.225,224x224,RGB,VALIDATED
Non-Recyclable/diapers/Representational-Image-only-3.png,Representational-Image-only-3.png,.png,stage4_standardized,ImageNet,0.485,0.456,0.406,0.229,0.224,0.225,224x224,RGB,VALIDATED
Non-Recyclable/diapers/RforRabbitFeatherDiaper_3_d996cd05-0cfb-491e-8c48-d1e98b80e296.png,RforRabbitFeatherDiaper_3_d996cd05-0cfb-491e-8c48-d1e98b80e296.png,.png,stage4_standardized,ImageNet,0.485,0.456,0.406,0.229,0.224,0.225,224x224,RGB,VALIDATED
Non-Recyclable/diapers/Screen-Shot-2017-09-18-at-14.12.32.png,Screen-Shot-2017-09-18-at-14.12.32.png,.png,stage4_standardized,ImageNet,0.485,0.456,0.406,0.229,0.224,0.225,224x224,RGB,VALIDATED
Non-Recyclable/diapers/Screen_Shot_2023-01-26_at_5.07.55_PM_480x480.png,Screen_Shot_2023-01-26_at_5.07.55_PM_480x480.png,.png,stage4_standardized,ImageNet,0.485,0.456,0.406,0.229,0.224,0.225,224x224,RGB,VALIDATED
Non-Recyclable/diapers/Starlight_Untitled_1.1.1.png,Starlight_Untitled_1.1.1.png,.png,stage4_standardized,ImageNet,0.485,0.456,0.406,0.229,0.224,0.225,224x224,RGB,VALIDATED
Non-Recyclable/diapers/The-chemistry-of-disposable-nappies.png,The-chemistry-of-disposable-nappies.png,.png,stage4_standardized,ImageNet,0.485,0.456,0.406,0.229,0.224,0.225,224x224,RGB,VALIDATED
Non-Recyclable/diapers/UNDP-SZ-Disposable-Diapers-2021.png,UNDP-SZ-Disposable-Diapers-2021.png,.png,stage4_standardized,ImageNet,0.485,0.456,0.406,0.229,0.224,0.225,224x224,RGB,VALIDATED
Non-Recyclable/diapers/Unguarded-disposal-of-soiled-disposable-diapers-in-land-depressions-26_Q320.png,Unguarded-disposal-of-soiled-disposable-diapers-in-land-depressions-26_Q320.png,.png,stage4_standardized,ImageNet,0.485,0.456,0.406,0.229,0.224,0.225,224x224,RGB,VALIDATED
Non-Recyclable/diapers/Unguarded-disposal-of-soiled-disposable-diapers-in-vacant-plots-27_Q320.png,Unguarded-disposal-of-soiled-disposable-diapers-in-vacant-plots-27_Q320.png,.png,stage4_standardized,ImageNet,0.485,0.456,0.406,0.229,0.224,0.225,224x224,RGB,VALIDATED
Non-Recyclable/diapers/Untitled-5-2.png,Untitled-5-2.png,.png,stage4_standardized,ImageNet,0.485,0.456,0.406,0.229,0.224,0.225,224x224,RGB,VALIDATED
Non-Recyclable/diapers/Waste_disposal_tvm_422021_1200-compressed.png,Waste_disposal_tvm_422021_1200-compressed.png,.png,stage4_standardized,ImageNet,0.485,0.456,0.406,0.229,0.224,0.225,224x224,RGB,VALIDATED
Non-Recyclable/diapers/ZbAzUBfb1th1EGMXQqMRogPdjRRfwc8q7VCHQsjz.png,ZbAzUBfb1th1EGMXQqMRogPdjRRfwc8q7VCHQsjz.png,.png,stage4_standardized,ImageNet,0.485,0.456,0.406,0.229,0.224,0.225,224x224,RGB,VALIDATED
Non-Recyclable/diapers/ad1ec850dfe070f294e3e709582ea0f28d-26-diapers-lede.rsquare.w700.png,ad1ec850dfe070f294e3e709582ea0f28d-26-diapers-lede.rsquare.w700.png,.png,stage4_standardized,ImageNet,0.485,0.456,0.406,0.229,0.224,0.225,224x224,RGB,VALIDATED
Non-Recyclable/diapers/baby-diaper.png,baby-diaper.png,.png,stage4_standardized,ImageNet,0.485,0.456,0.406,0.229,0.224,0.225,224x224,RGB,VALIDATED
Non-Recyclable/diapers/baby-diapers2.png,baby-diapers2.png,.png,stage4_standardized,ImageNet,0.485,0.456,0.406,0.229,0.224,0.225,224x224,RGB,VALIDATED
Non-Recyclable/diapers/baby_in_diaper_crib-1296x728-header.png,baby_in_diaper_crib-1296x728-header.png,.png,stage4_standardized,ImageNet,0.485,0.456,0.406,0.229,0.224,0.225,224x224,RGB,VALIDATED
Non-Recyclable/diapers/best-diapers-1553537708.png,best-diapers-1553537708.png,.png,stage4_standardized,ImageNet,0.485,0.456,0.406,0.229,0.224,0.225,224x224,RGB,VALIDATED
Non-Recyclable/diapers/bigstock-Group-Of-Disposable-Diapers-Ar-296238739.png,bigstock-Group-Of-Disposable-Diapers-Ar-296238739.png,.png,stage4_standardized,ImageNet,0.485,0.456,0.406,0.229,0.224,0.225,224x224,RGB,VALIDATED
Non-Recyclable/diapers/c21ce9a01fc0343df63f2a52d3e8457b.png,c21ce9a01fc0343df63f2a52d3e8457b.png,.png,stage4_standardized,ImageNet,0.485,0.456,0.406,0.229,0.224,0.225,224x224,RGB,VALIDATED
Non-Recyclable/diapers/cloth-diapers-vs-disposable-2160x1200.png,cloth-diapers-vs-disposable-2160x1200.png,.png,stage4_standardized,ImageNet,0.485,0.456,0.406,0.229,0.224,0.225,224x224,RGB,VALIDATED
Non-Recyclable/diapers/cloth-diapers-vs-disposable-diapers-comparison.png,cloth-diapers-vs-disposable-diapers-comparison.png,.png,stage4_standardized,ImageNet,0.485,0.456,0.406,0.229,0.224,0.225,224x224,RGB,VALIDATED
Non-Recyclable/diapers/cloth-vs-disposable-diaper-top-2x1-lowres1024-.png,cloth-vs-disposable-diaper-top-2x1-lowres1024-.png,.png,stage4_standardized,ImageNet,0.485,0.456,0.406,0.229,0.224,0.225,224x224,RGB,VALIDATED
Non-Recyclable/diapers/cloth-vs-disposable-diapers-722x406.png,cloth-vs-disposable-diapers-722x406.png,.png,stage4_standardized,ImageNet,0.485,0.456,0.406,0.229,0.224,0.225,224x224,RGB,VALIDATED
Non-Recyclable/diapers/diaper-biodegradable-1567090472295.png,diaper-biodegradable-1567090472295.png,.png,stage4_standardized,ImageNet,0.485,0.456,0.406,0.229,0.224,0.225,224x224,RGB,VALIDATED
Non-Recyclable/diapers/diaper-composition_orig.png,diaper-composition_orig.png,.png,stage4_standardized,ImageNet,0.485,0.456,0.406,0.229,0.224,0.225,224x224,RGB,VALIDATED
Non-Recyclable/diapers/diapersshutterstockilife.png,diapersshutterstockilife.png,.png,stage4_standardized,ImageNet,0.485,0.456,0.406,0.229,0.224,0.225,224x224,RGB,VALIDATED
Non-Recyclable/diapers/dirty-and-soiled-baby-babys-disposable-nappies-discarded-thrown-away-G0KRA6.png,dirty-and-soiled-baby-babys-disposable-nappies-discarded-thrown-away-G0KRA6.png,.png,stage4_standardized,ImageNet,0.485,0.456,0.406,0.229,0.224,0.225,224x224,RGB,VALIDATED
Non-Recyclable/diapers/dirty-baby-diapers-trash-disposing-footage-180485037_prevstill.png,dirty-baby-diapers-trash-disposing-footage-180485037_prevstill.png,.png,stage4_standardized,ImageNet,0.485,0.456,0.406,0.229,0.224,0.225,224x224,RGB,VALIDATED
Non-Recyclable/diapers/disposable-baby-diaper.png,disposable-baby-diaper.png,.png,stage4_standardized,ImageNet,0.485,0.456,0.406,0.229,0.224,0.225,224x224,RGB,VALIDATED
Non-Recyclable/diapers/disposable-baby-diapers.png,disposable-baby-diapers.png,.png,stage4_standardized,ImageNet,0.485,0.456,0.406,0.229,0.224,0.225,224x224,RGB,VALIDATED
Non-Recyclable/diapers/disposable-diaper-1.png,disposable-diaper-1.png,.png,stage4_standardized,ImageNet,0.485,0.456,0.406,0.229,0.224,0.225,224x224,RGB,VALIDATED
Non-Recyclable/diapers/disposable-diapers-in-garbage.png,disposable-diapers-in-garbage.png,.png,stage4_standardized,ImageNet,0.485,0.456,0.406,0.229,0.224,0.225,224x224,RGB,VALIDATED
Non-Recyclable/diapers/disposable-diapers-to-take-care-hygiene-babies-168544880.png,disposable-diapers-to-take-care-hygiene-babies-168544880.png,.png,stage4_standardized,ImageNet,0.485,0.456,0.406,0.229,0.224,0.225,224x224,RGB,VALIDATED
Non-Recyclable/diapers/e-of-garbage-from-food-waste-cans-and-plastic-bottles-and-plastic-1201361770.png,e-of-garbage-from-food-waste-cans-and-plastic-bottles-and-plastic-1201361770.png,.png,stage4_standardized,ImageNet,0.485,0.456,0.406,0.229,0.224,0.225,224x224,RGB,VALIDATED
Non-Recyclable/diapers/elle.rue.png,elle.rue.png,.png,stage4_standardized,ImageNet,0.485,0.456,0.406,0.229,0.224,0.225,224x224,RGB,VALIDATED
Non-Recyclable/diapers/en-img-education-thumb-01-mb.png,en-img-education-thumb-01-mb.png,.png,stage4_standardized,ImageNet,0.485,0.456,0.406,0.229,0.224,0.225,224x224,RGB,VALIDATED
Non-Recyclable/diapers/ental-impact-disposable-diapers-pollution-environment-soil-water_159975-1317.png,ental-impact-disposable-diapers-pollution-environment-soil-water_159975-1317.png,.png,stage4_standardized,ImageNet,0.485,0.456,0.406,0.229,0.224,0.225,224x224,RGB,VALIDATED
Non-Recyclable/diapers/file-20190704-126340-13f38tz.png,file-20190704-126340-13f38tz.png,.png,stage4_standardized,ImageNet,0.485,0.456,0.406,0.229,0.224,0.225,224x224,RGB,VALIDATED
Non-Recyclable/diapers/file-20221019-22-gy6i0u.png,file-20221019-22-gy6i0u.png,.png,stage4_standardized,ImageNet,0.485,0.456,0.406,0.229,0.224,0.225,224x224,RGB,VALIDATED
Non-Recyclable/diapers/file721vy4ur8j6z726o29i-1539625503.png,file721vy4ur8j6z726o29i-1539625503.png,.png,stage4_standardized,ImageNet,0.485,0.456,0.406,0.229,0.224,0.225,224x224,RGB,VALIDATED
Non-Recyclable/diapers/how-to-keep-disposable-diapers-from-leaking-at-night.png,how-to-keep-disposable-diapers-from-leaking-at-night.png,.png,stage4_standardized,ImageNet,0.485,0.456,0.406,0.229,0.224,0.225,224x224,RGB,VALIDATED
Non-Recyclable/diapers/huggies-diapers.png,huggies-diapers.png,.png,stage4_standardized,ImageNet,0.485,0.456,0.406,0.229,0.224,0.225,224x224,RGB,VALIDATED
Non-Recyclable/diapers/image-asset.png,image-asset.png,.png,stage4_standardized,ImageNet,0.485,0.456,0.406,0.229,0.224,0.225,224x224,RGB,VALIDATED
Non-Recyclable/diapers/image8-1638302456823_1200x.png,image8-1638302456823_1200x.png,.png,stage4_standardized,ImageNet,0.485,0.456,0.406,0.229,0.224,0.225,224x224,RGB,VALIDATED
Non-Recyclable/diapers/img-20220517-62834aa4b613d.png,img-20220517-62834aa4b613d.png,.png,stage4_standardized,ImageNet,0.485,0.456,0.406,0.229,0.224,0.225,224x224,RGB,VALIDATED
Non-Recyclable/diapers/intresting20fact20about20baby20diapers.png,intresting20fact20about20baby20diapers.png,.png,stage4_standardized,ImageNet,0.485,0.456,0.406,0.229,0.224,0.225,224x224,RGB,VALIDATED
Non-Recyclable/diapers/jklzz5r5uwCcP-xxlarge.png,jklzz5r5uwCcP-xxlarge.png,.png,stage4_standardized,ImageNet,0.485,0.456,0.406,0.229,0.224,0.225,224x224,RGB,VALIDATED
Non-Recyclable/diapers/lain-dibuang-dipinggiran-sungai-di-Sleman-Jogja.-foto-Tommy-Apriando-768x512.png,lain-dibuang-dipinggiran-sungai-di-Sleman-Jogja.-foto-Tommy-Apriando-768x512.png,.png,stage4_standardized,ImageNet,0.485,0.456,0.406,0.229,0.224,0.225,224x224,RGB,VALIDATED
Non-Recyclable/diapers/less-plastic-nappy-sticker_diapers-v3.png,less-plastic-nappy-sticker_diapers-v3.png,.png,stage4_standardized,ImageNet,0.485,0.456,0.406,0.229,0.224,0.225,224x224,RGB,VALIDATED
Non-Recyclable/diapers/maxresdefault.png,maxresdefault.png,.png,stage4_standardized,ImageNet,0.485,0.456,0.406,0.229,0.224,0.225,224x224,RGB,VALIDATED
Non-Recyclable/diapers/medium-size-baby-diapers-md-76-count-anti-rash-diapers-lotion-original-imafx2hzdcn6zkyb.png,medium-size-baby-diapers-md-76-count-anti-rash-diapers-lotion-original-imafx2hzdcn6zkyb.png,.png,stage4_standardized,ImageNet,0.485,0.456,0.406,0.229,0.224,0.225,224x224,RGB,VALIDATED
Non-Recyclable/diapers/nappies-environmental-impact-disposable-pollution-environment-soil-230432314.png,nappies-environmental-impact-disposable-pollution-environment-soil-230432314.png,.png,stage4_standardized,ImageNet,0.485,0.456,0.406,0.229,0.224,0.225,224x224,RGB,VALIDATED
Non-Recyclable/diapers/nappies-environmental-impact-disposable-pollution-environment-soil-230573896.png,nappies-environmental-impact-disposable-pollution-environment-soil-230573896.png,.png,stage4_standardized,ImageNet,0.485,0.456,0.406,0.229,0.224,0.225,224x224,RGB,VALIDATED
Non-Recyclable/diapers/nappies-pink-background-sustainable-lifestyle-zero-waste-concept_479776-4385.png,nappies-pink-background-sustainable-lifestyle-zero-waste-concept_479776-4385.png,.png,stage4_standardized,ImageNet,0.485,0.456,0.406,0.229,0.224,0.225,224x224,RGB,VALIDATED
Non-Recyclable/diapers/nge-color-background-newborn-diapers-open-and-closed-flat-lay-top-1904719375.png,nge-color-background-newborn-diapers-open-and-closed-flat-lay-top-1904719375.png,.png,stage4_standardized,ImageNet,0.485,0.456,0.406,0.229,0.224,0.225,224x224,RGB,VALIDATED
Non-Recyclable/diapers/oversonlinewith100_disposablehealthynappypads_liners_insertsnearmeatbdiapers.png,oversonlinewith100_disposablehealthynappypads_liners_insertsnearmeatbdiapers.png,.png,stage4_standardized,ImageNet,0.485,0.456,0.406,0.229,0.224,0.225,224x224,RGB,VALIDATED
Non-Recyclable/diapers/p-view-of-used-disposable-diapers-extracted-from-the-parana-river-2306692315.png,p-view-of-used-disposable-diapers-extracted-from-the-parana-river-2306692315.png,.png,stage4_standardized,ImageNet,0.485,0.456,0.406,0.229,0.224,0.225,224x224,RGB,VALIDATED
Non-Recyclable/diapers/pampers-disposable-baby-diapers-500x500.png,pampers-disposable-baby-diapers-500x500.png,.png,stage4_standardized,ImageNet,0.485,0.456,0.406,0.229,0.224,0.225,224x224,RGB,VALIDATED
Non-Recyclable/diapers/pampers-new-baby-diaper-size-new-born-packet-of-24-6.1-1669709994.png,pampers-new-baby-diaper-size-new-born-packet-of-24-6.1-1669709994.png,.png,stage4_standardized,ImageNet,0.485,0.456,0.406,0.229,0.224,0.225,224x224,RGB,VALIDATED
Non-Recyclable/diapers/pampers-new-baby-diapers-72-2-1632780542.png,pampers-new-baby-diapers-72-2-1632780542.png,.png,stage4_standardized,ImageNet,0.485,0.456,0.406,0.229,0.224,0.225,224x224,RGB,VALIDATED
Non-Recyclable/diapers/pies-environmental-impact-disposable-diapers-pollution-environment-235596045.png,pies-environmental-impact-disposable-diapers-pollution-environment-235596045.png,.png,stage4_standardized,ImageNet,0.485,0.456,0.406,0.229,0.224,0.225,224x224,RGB,VALIDATED
Non-Recyclable/diapers/pile-discarded-used-baby-diapers-footage-170531202_prevstill.png,pile-discarded-used-baby-diapers-footage-170531202_prevstill.png,.png,stage4_standardized,ImageNet,0.485,0.456,0.406,0.229,0.224,0.225,224x224,RGB,VALIDATED
Non-Recyclable/diapers/piles-of-plastic-disposable-nappies-on-funafuti-tuvalu-A6T59N.png,piles-of-plastic-disposable-nappies-on-funafuti-tuvalu-A6T59N.png,.png,stage4_standardized,ImageNet,0.485,0.456,0.406,0.229,0.224,0.225,224x224,RGB,VALIDATED
Non-Recyclable/diapers/piles-of-plastic-disposable-nappies-on-funafuti-tuvalu-A6T59T.png,piles-of-plastic-disposable-nappies-on-funafuti-tuvalu-A6T59T.png,.png,stage4_standardized,ImageNet,0.485,0.456,0.406,0.229,0.224,0.225,224x224,RGB,VALIDATED
Non-Recyclable/diapers/piles-of-plastic-disposable-nappies-on-funafuti-tuvalu-A6T59X.png,piles-of-plastic-disposable-nappies-on-funafuti-tuvalu-A6T59X.png,.png,stage4_standardized,ImageNet,0.485,0.456,0.406,0.229,0.224,0.225,224x224,RGB,VALIDATED
Non-Recyclable/diapers/s-environmental-impact-disposable-pollution-environment-soil-water-235596044.png,s-environmental-impact-disposable-pollution-environment-soil-water-235596044.png,.png,stage4_standardized,ImageNet,0.485,0.456,0.406,0.229,0.224,0.225,224x224,RGB,VALIDATED
Non-Recyclable/diapers/s-environmental-impact-disposable-pollution-environment-soil-water-235999995.png,s-environmental-impact-disposable-pollution-environment-soil-water-235999995.png,.png,stage4_standardized,ImageNet,0.485,0.456,0.406,0.229,0.224,0.225,224x224,RGB,VALIDATED
Non-Recyclable/diapers/s_Matching_Tees_with_hybrid_cloth_diaper_covers_online_with_100_cotton_fabri.png,s_Matching_Tees_with_hybrid_cloth_diaper_covers_online_with_100_cotton_fabri.png,.png,stage4_standardized,ImageNet,0.485,0.456,0.406,0.229,0.224,0.225,224x224,RGB,VALIDATED
Non-Recyclable/diapers/sable-Diapers-for-Babies-Toddlers-and-the-Environment-1296x728-Header_ecafa7.png,sable-Diapers-for-Babies-Toddlers-and-the-Environment-1296x728-Header_ecafa7.png,.png,stage4_standardized,ImageNet,0.485,0.456,0.406,0.229,0.224,0.225,224x224,RGB,VALIDATED
Non-Recyclable/diapers/sed-baby-nappies-environmental-impact-disposable-diapers-pollution-217314562.png,sed-baby-nappies-environmental-impact-disposable-diapers-pollution-217314562.png,.png,stage4_standardized,ImageNet,0.485,0.456,0.406,0.229,0.224,0.225,224x224,RGB,VALIDATED
Non-Recyclable/diapers/sevent-generation-sensitive-protection_4x3.png,sevent-generation-sensitive-protection_4x3.png,.png,stage4_standardized,ImageNet,0.485,0.456,0.406,0.229,0.224,0.225,224x224,RGB,VALIDATED
Non-Recyclable/diapers/sustainability-10-00773-g001.png,sustainability-10-00773-g001.png,.png,stage4_standardized,ImageNet,0.485,0.456,0.406,0.229,0.224,0.225,224x224,RGB,VALIDATED
Non-Recyclable/diapers/teddyy-baby-diapers-pants-easy-large-42s-2-1671743450.png,teddyy-baby-diapers-pants-easy-large-42s-2-1671743450.png,.png,stage4_standardized,ImageNet,0.485,0.456,0.406,0.229,0.224,0.225,224x224,RGB,VALIDATED
Non-Recyclable/diapers/three-nappies-2METKC6.png,three-nappies-2METKC6.png,.png,stage4_standardized,ImageNet,0.485,0.456,0.406,0.229,0.224,0.225,224x224,RGB,VALIDATED
Non-Recyclable/diapers/thumb_counties_agonise_ove5e18d060ba572.png,thumb_counties_agonise_ove5e18d060ba572.png,.png,stage4_standardized,ImageNet,0.485,0.456,0.406,0.229,0.224,0.225,224x224,RGB,VALIDATED
Non-Recyclable/diapers/ty-diapers-disposing-of-used-baby-nappies-environmental-impact-of-disposable.png,ty-diapers-disposing-of-used-baby-nappies-environmental-impact-of-disposable.png,.png,stage4_standardized,ImageNet,0.485,0.456,0.406,0.229,0.224,0.225,224x224,RGB,VALIDATED
Non-Recyclable/diapers/used-disposable-nappies-in-plastic-sacks-fill-a-household-waste-bin-B2EA0R.png,used-disposable-nappies-in-plastic-sacks-fill-a-household-waste-bin-B2EA0R.png,.png,stage4_standardized,ImageNet,0.485,0.456,0.406,0.229,0.224,0.225,224x224,RGB,VALIDATED
Non-Recyclable/diapers/waste.png,waste.png,.png,stage4_standardized,ImageNet,0.485,0.456,0.406,0.229,0.224,0.225,224x224,RGB,VALIDATED
Non-Recyclable/plastics_bags_wrappers/-bags-vegetables-peppers-tomatoes-carrots-onions-from-the-supermarket-RXCRHT.png,-bags-vegetables-peppers-tomatoes-carrots-onions-from-the-supermarket-RXCRHT.png,.png,stage4_standardized,ImageNet,0.485,0.456,0.406,0.229,0.224,0.225,224x224,RGB,VALIDATED
Non-Recyclable/plastics_bags_wrappers/03222022_recycling01_182011.png,03222022_recycling01_182011.png,.png,stage4_standardized,ImageNet,0.485,0.456,0.406,0.229,0.224,0.225,224x224,RGB,VALIDATED
Non-Recyclable/plastics_bags_wrappers/03222022_tzr_tzr_182048.png,03222022_tzr_tzr_182048.png,.png,stage4_standardized,ImageNet,0.485,0.456,0.406,0.229,0.224,0.225,224x224,RGB,VALIDATED
Non-Recyclable/plastics_bags_wrappers/102019_Brightside_Co19_Tips_Poster-559x1024.png,102019_Brightside_Co19_Tips_Poster-559x1024.png,.png,stage4_standardized,ImageNet,0.485,0.456,0.406,0.229,0.224,0.225,224x224,RGB,VALIDATED
Non-Recyclable/plastics_bags_wrappers/1500x900_362559-plastic-waste.png,1500x900_362559-plastic-waste.png,.png,stage4_standardized,ImageNet,0.485,0.456,0.406,0.229,0.224,0.225,224x224,RGB,VALIDATED
Non-Recyclable/plastics_bags_wrappers/1587685798451.png,1587685798451.png,.png,stage4_standardized,ImageNet,0.485,0.456,0.406,0.229,0.224,0.225,224x224,RGB,VALIDATED
Non-Recyclable/plastics_bags_wrappers/1y1fa85aTElzQL94rheAIAA.png,1y1fa85aTElzQL94rheAIAA.png,.png,stage4_standardized,ImageNet,0.485,0.456,0.406,0.229,0.224,0.225,224x224,RGB,VALIDATED
Non-Recyclable/plastics_bags_wrappers/2-bags-of-morrisons-shopping-discarded-on-the-ground-BMKDN3.png,2-bags-of-morrisons-shopping-discarded-on-the-ground-BMKDN3.png,.png,stage4_standardized,ImageNet,0.485,0.456,0.406,0.229,0.224,0.225,224x224,RGB,VALIDATED
Non-Recyclable/plastics_bags_wrappers/20-Plastic-Bag-Crafts-To-Reuse-And-Recycle.png,20-Plastic-Bag-Crafts-To-Reuse-And-Recycle.png,.png,stage4_standardized,ImageNet,0.485,0.456,0.406,0.229,0.224,0.225,224x224,RGB,VALIDATED
Non-Recyclable/plastics_bags_wrappers/200723230749-02-japan-plastic-waste-restricted.png,200723230749-02-japan-plastic-waste-restricted.png,.png,stage4_standardized,ImageNet,0.485,0.456,0.406,0.229,0.224,0.225,224x224,RGB,VALIDATED
Non-Recyclable/plastics_bags_wrappers/20200914_140554.png,20200914_140554.png,.png,stage4_standardized,ImageNet,0.485,0.456,0.406,0.229,0.224,0.225,224x224,RGB,VALIDATED
Non-Recyclable/plastics_bags_wrappers/20220816130311_9_jsfv_visualimg_2094_1.png,20220816130311_9_jsfv_visualimg_2094_1.png,.png,stage4_standardized,ImageNet,0.485,0.456,0.406,0.229,0.224,0.225,224x224,RGB,VALIDATED
Non-Recyclable/plastics_bags_wrappers/21120317-d037f89a-efc0-4769-93a1-56443ed6e12f.png,21120317-d037f89a-efc0-4769-93a1-56443ed6e12f.png,.png,stage4_standardized,ImageNet,0.485,0.456,0.406,0.229,0.224,0.225,224x224,RGB,VALIDATED
Non-Recyclable/plastics_bags_wrappers/2_ad298a26-6603-4beb-a2d1-4c95cb0aabf5_480x480.png,2_ad298a26-6603-4beb-a2d1-4c95cb0aabf5_480x480.png,.png,stage4_standardized,ImageNet,0.485,0.456,0.406,0.229,0.224,0.225,224x224,RGB,VALIDATED
Non-Recyclable/plastics_bags_wrappers/2j44bec.png,2j44bec.png,.png,stage4_standardized,ImageNet,0.485,0.456,0.406,0.229,0.224,0.225,224x224,RGB,VALIDATED
Non-Recyclable/plastics_bags_wrappers/310c3010-b798-41cc-adde-005ca83df37b.png,310c3010-b798-41cc-adde-005ca83df37b.png,.png,stage4_standardized,ImageNet,0.485,0.456,0.406,0.229,0.224,0.225,224x224,RGB,VALIDATED
Non-Recyclable/plastics_bags_wrappers/3520_428fd902f4247199467725e7eccf1673.png,3520_428fd902f4247199467725e7eccf1673.png,.png,stage4_standardized,ImageNet,0.485,0.456,0.406,0.229,0.224,0.225,224x224,RGB,VALIDATED
Non-Recyclable/plastics_bags_wrappers/362561-plastic-waste.png,362561-plastic-waste.png,.png,stage4_standardized,ImageNet,0.485,0.456,0.406,0.229,0.224,0.225,224x224,RGB,VALIDATED
Non-Recyclable/plastics_bags_wrappers/3678_428fd902f4247199467725e7eccf1673.png,3678_428fd902f4247199467725e7eccf1673.png,.png,stage4_standardized,ImageNet,0.485,0.456,0.406,0.229,0.224,0.225,224x224,RGB,VALIDATED
Non-Recyclable/plastics_bags_wrappers/375141096_0-5_1628854090260_1660036502201_1660036502201.png,375141096_0-5_1628854090260_1660036502201_1660036502201.png,.png,stage4_standardized,ImageNet,0.485,0.456,0.406,0.229,0.224,0.225,224x224,RGB,VALIDATED
Non-Recyclable/plastics_bags_wrappers/37873163825_1c95fa47b7_z.png,37873163825_1c95fa47b7_z.png,.png,stage4_standardized,ImageNet,0.485,0.456,0.406,0.229,0.224,0.225,224x224,RGB,VALIDATED
Non-Recyclable/plastics_bags_wrappers/51xqA8a-wsL._AC_UF10001000_QL80_.png,51xqA8a-wsL._AC_UF10001000_QL80_.png,.png,stage4_standardized,ImageNet,0.485,0.456,0.406,0.229,0.224,0.225,224x224,RGB,VALIDATED
Non-Recyclable/plastics_bags_wrappers/58835349.png,58835349.png,.png,stage4_standardized,ImageNet,0.485,0.456,0.406,0.229,0.224,0.225,224x224,RGB,VALIDATED
Non-Recyclable/plastics_bags_wrappers/60c9935424774f7129485c01_1623823188870.png,60c9935424774f7129485c01_1623823188870.png,.png,stage4_standardized,ImageNet,0.485,0.456,0.406,0.229,0.224,0.225,224x224,RGB,VALIDATED
Non-Recyclable/plastics_bags_wrappers/60c9935424774f7129485c04_1623823188876.png,60c9935424774f7129485c04_1623823188876.png,.png,stage4_standardized,ImageNet,0.485,0.456,0.406,0.229,0.224,0.225,224x224,RGB,VALIDATED
Non-Recyclable/plastics_bags_wrappers/60c9935424774f7129485c05_1623823188877.png,60c9935424774f7129485c05_1623823188877.png,.png,stage4_standardized,ImageNet,0.485,0.456,0.406,0.229,0.224,0.225,224x224,RGB,VALIDATED
Non-Recyclable/plastics_bags_wrappers/61jBBcZxgfL._AC_UF10001000_QL80_.png,61jBBcZxgfL._AC_UF10001000_QL80_.png,.png,stage4_standardized,ImageNet,0.485,0.456,0.406,0.229,0.224,0.225,224x224,RGB,VALIDATED
Non-Recyclable/plastics_bags_wrappers/61oUvhDzMlL.png,61oUvhDzMlL.png,.png,stage4_standardized,ImageNet,0.485,0.456,0.406,0.229,0.224,0.225,224x224,RGB,VALIDATED
Non-Recyclable/plastics_bags_wrappers/62e7c92eab11b2a6d58c592e_Empty-candy-wrappers.png,62e7c92eab11b2a6d58c592e_Empty-candy-wrappers.png,.png,stage4_standardized,ImageNet,0.485,0.456,0.406,0.229,0.224,0.225,224x224,RGB,VALIDATED
Non-Recyclable/plastics_bags_wrappers/71fY4tE5kxL.png,71fY4tE5kxL.png,.png,stage4_standardized,ImageNet,0.485,0.456,0.406,0.229,0.224,0.225,224x224,RGB,VALIDATED
Non-Recyclable/plastics_bags_wrappers/85241232.png,85241232.png,.png,stage4_standardized,ImageNet,0.485,0.456,0.406,0.229,0.224,0.225,224x224,RGB,VALIDATED
Non-Recyclable/plastics_bags_wrappers/85286799.png,85286799.png,.png,stage4_standardized,ImageNet,0.485,0.456,0.406,0.229,0.224,0.225,224x224,RGB,VALIDATED
Non-Recyclable/plastics_bags_wrappers/8855e850f3011319a3a36e85d4f5829f.png,8855e850f3011319a3a36e85d4f5829f.png,.png,stage4_standardized,ImageNet,0.485,0.456,0.406,0.229,0.224,0.225,224x224,RGB,VALIDATED
Non-Recyclable/plastics_bags_wrappers/8a52d84c-90d4-11ec-b3a6-dc86e7882d0e_1645208753032.png,8a52d84c-90d4-11ec-b3a6-dc86e7882d0e_1645208753032.png,.png,stage4_standardized,ImageNet,0.485,0.456,0.406,0.229,0.224,0.225,224x224,RGB,VALIDATED
Non-Recyclable/plastics_bags_wrappers/91t-2KbjSxL._AC_UF8941000_QL80_.png,91t-2KbjSxL._AC_UF8941000_QL80_.png,.png,stage4_standardized,ImageNet,0.485,0.456,0.406,0.229,0.224,0.225,224x224,RGB,VALIDATED
Non-Recyclable/plastics_bags_wrappers/91t-2KbjSxL.png,91t-2KbjSxL.png,.png,stage4_standardized,ImageNet,0.485,0.456,0.406,0.229,0.224,0.225,224x224,RGB,VALIDATED
Non-Recyclable/plastics_bags_wrappers/Addictedtopl_ArsElectronica.png,Addictedtopl_ArsElectronica.png,.png,stage4_standardized,ImageNet,0.485,0.456,0.406,0.229,0.224,0.225,224x224,RGB,VALIDATED
Non-Recyclable/plastics_bags_wrappers/AdobeStock_79900829.png,AdobeStock_79900829.png,.png,stage4_standardized,ImageNet,0.485,0.456,0.406,0.229,0.224,0.225,224x224,RGB,VALIDATED
Non-Recyclable/plastics_bags_wrappers/Amita-Silvassa-Dec-2020_resize_87.png,Amita-Silvassa-Dec-2020_resize_87.png,.png,stage4_standardized,ImageNet,0.485,0.456,0.406,0.229,0.224,0.225,224x224,RGB,VALIDATED
Non-Recyclable/plastics_bags_wrappers/BB-Impact_9f7a5d6c-15c4-4c3a-8d10-88ec0796daaa.png,BB-Impact_9f7a5d6c-15c4-4c3a-8d10-88ec0796daaa.png,.png,stage4_standardized,ImageNet,0.485,0.456,0.406,0.229,0.224,0.225,224x224,RGB,VALIDATED
Non-Recyclable/plastics_bags_wrappers/CBS-Impact_f25a3ca6-4561-4e42-9a9a-4859b381639a.png,CBS-Impact_f25a3ca6-4561-4e42-9a9a-4859b381639a.png,.png,stage4_standardized,ImageNet,0.485,0.456,0.406,0.229,0.224,0.225,224x224,RGB,VALIDATED
Non-Recyclable/plastics_bags_wrappers/Crisp-packets-800x450.png,Crisp-packets-800x450.png,.png,stage4_standardized,ImageNet,0.485,0.456,0.406,0.229,0.224,0.225,224x224,RGB,VALIDATED
Non-Recyclable/plastics_bags_wrappers/DSC_2994.png,DSC_2994.png,.png,stage4_standardized,ImageNet,0.485,0.456,0.406,0.229,0.224,0.225,224x224,RGB,VALIDATED
Non-Recyclable/plastics_bags_wrappers/Films-home-bread-bags-etc.png,Films-home-bread-bags-etc.png,.png,stage4_standardized,ImageNet,0.485,0.456,0.406,0.229,0.224,0.225,224x224,RGB,VALIDATED
Non-Recyclable/plastics_bags_wrappers/IMG_1648.JPG.png,IMG_1648.JPG.png,.png,stage4_standardized,ImageNet,0.485,0.456,0.406,0.229,0.224,0.225,224x224,RGB,VALIDATED
Non-Recyclable/plastics_bags_wrappers/LG_2021_Page_one.png,LG_2021_Page_one.png,.png,stage4_standardized,ImageNet,0.485,0.456,0.406,0.229,0.224,0.225,224x224,RGB,VALIDATED
Non-Recyclable/plastics_bags_wrappers/Laundry_Bag_-_Impact_c7cb83ae-002a-4675-84c9-c14f4cfe1234.png,Laundry_Bag_-_Impact_c7cb83ae-002a-4675-84c9-c14f4cfe1234.png,.png,stage4_standardized,ImageNet,0.485,0.456,0.406,0.229,0.224,0.225,224x224,RGB,VALIDATED
Non-Recyclable/plastics_bags_wrappers/LillianConnors_EasyWaystoRecyclePlasticBagsToday2.png,LillianConnors_EasyWaystoRecyclePlasticBagsToday2.png,.png,stage4_standardized,ImageNet,0.485,0.456,0.406,0.229,0.224,0.225,224x224,RGB,VALIDATED
Non-Recyclable/plastics_bags_wrappers/Most-Plastic-Bags-H2R-checkerboard-SDO-4.png,Most-Plastic-Bags-H2R-checkerboard-SDO-4.png,.png,stage4_standardized,ImageNet,0.485,0.456,0.406,0.229,0.224,0.225,224x224,RGB,VALIDATED
Non-Recyclable/plastics_bags_wrappers/NOBAGS-HEADER.png,NOBAGS-HEADER.png,.png,stage4_standardized,ImageNet,0.485,0.456,0.406,0.229,0.224,0.225,224x224,RGB,VALIDATED
Non-Recyclable/plastics_bags_wrappers/Obaggo-Dave-andPucks-FTR.png,Obaggo-Dave-andPucks-FTR.png,.png,stage4_standardized,ImageNet,0.485,0.456,0.406,0.229,0.224,0.225,224x224,RGB,VALIDATED
Non-Recyclable/plastics_bags_wrappers/Pencil_Pouch_-_Impact_3a6f9193-10f0-47c6-8d24-3ae5d3ee0c2c.png,Pencil_Pouch_-_Impact_3a6f9193-10f0-47c6-8d24-3ae5d3ee0c2c.png,.png,stage4_standardized,ImageNet,0.485,0.456,0.406,0.229,0.224,0.225,224x224,RGB,VALIDATED
Non-Recyclable/plastics_bags_wrappers/Plastic-Film-Recycling-Image-from-PMIP.png,Plastic-Film-Recycling-Image-from-PMIP.png,.png,stage4_standardized,ImageNet,0.485,0.456,0.406,0.229,0.224,0.225,224x224,RGB,VALIDATED
Non-Recyclable/plastics_bags_wrappers/Plastic-Waste.png,Plastic-Waste.png,.png,stage4_standardized,ImageNet,0.485,0.456,0.406,0.229,0.224,0.225,224x224,RGB,VALIDATED
Non-Recyclable/plastics_bags_wrappers/Plastic-carrier-bags.png,Plastic-carrier-bags.png,.png,stage4_standardized,ImageNet,0.485,0.456,0.406,0.229,0.224,0.225,224x224,RGB,VALIDATED
Non-Recyclable/plastics_bags_wrappers/PlasticBags.png,PlasticBags.png,.png,stage4_standardized,ImageNet,0.485,0.456,0.406,0.229,0.224,0.225,224x224,RGB,VALIDATED
Non-Recyclable/plastics_bags_wrappers/Plastic_bags_and_wrapping_2.png,Plastic_bags_and_wrapping_2.png,.png,stage4_standardized,ImageNet,0.485,0.456,0.406,0.229,0.224,0.225,224x224,RGB,VALIDATED
Non-Recyclable/plastics_bags_wrappers/Plastic_bags_and_wrapping_22.png,Plastic_bags_and_wrapping_22.png,.png,stage4_standardized,ImageNet,0.485,0.456,0.406,0.229,0.224,0.225,224x224,RGB,VALIDATED
Non-Recyclable/plastics_bags_wrappers/Pranjali-Kumbhare-Kolkata--1230x767.png,Pranjali-Kumbhare-Kolkata--1230x767.png,.png,stage4_standardized,ImageNet,0.485,0.456,0.406,0.229,0.224,0.225,224x224,RGB,VALIDATED
Non-Recyclable/plastics_bags_wrappers/Rajiben_Colelction_1550_1080_copy_877a0b7e-5472-4ff3-a659-a60754e5abe3_1080x1080.png,Rajiben_Colelction_1550_1080_copy_877a0b7e-5472-4ff3-a659-a60754e5abe3_1080x1080.png,.png,stage4_standardized,ImageNet,0.485,0.456,0.406,0.229,0.224,0.225,224x224,RGB,VALIDATED
Non-Recyclable/plastics_bags_wrappers/Ridwell-guy_photo_800.png,Ridwell-guy_photo_800.png,.png,stage4_standardized,ImageNet,0.485,0.456,0.406,0.229,0.224,0.225,224x224,RGB,VALIDATED
Non-Recyclable/plastics_bags_wrappers/SDO.png,SDO.png,.png,stage4_standardized,ImageNet,0.485,0.456,0.406,0.229,0.224,0.225,224x224,RGB,VALIDATED
Non-Recyclable/plastics_bags_wrappers/ShopperTote-Impact_9c760538-e324-4fd4-8e04-48c35caf5152.png,ShopperTote-Impact_9c760538-e324-4fd4-8e04-48c35caf5152.png,.png,stage4_standardized,ImageNet,0.485,0.456,0.406,0.229,0.224,0.225,224x224,RGB,VALIDATED
Non-Recyclable/plastics_bags_wrappers/Somerset1.png,Somerset1.png,.png,stage4_standardized,ImageNet,0.485,0.456,0.406,0.229,0.224,0.225,224x224,RGB,VALIDATED
Non-Recyclable/plastics_bags_wrappers/Sweet-wrappers-empty-1024x576.png,Sweet-wrappers-empty-1024x576.png,.png,stage4_standardized,ImageNet,0.485,0.456,0.406,0.229,0.224,0.225,224x224,RGB,VALIDATED
Non-Recyclable/plastics_bags_wrappers/Tablet_Sleeve_-_Impact_a2c440a0-18f7-45e1-bfeb-23e7aa1b761c.png,Tablet_Sleeve_-_Impact_a2c440a0-18f7-45e1-bfeb-23e7aa1b761c.png,.png,stage4_standardized,ImageNet,0.485,0.456,0.406,0.229,0.224,0.225,224x224,RGB,VALIDATED
Non-Recyclable/plastics_bags_wrappers/Trash_bin_in_Paris.png,Trash_bin_in_Paris.png,.png,stage4_standardized,ImageNet,0.485,0.456,0.406,0.229,0.224,0.225,224x224,RGB,VALIDATED
Non-Recyclable/plastics_bags_wrappers/Various-empty-1024x576.png,Various-empty-1024x576.png,.png,stage4_standardized,ImageNet,0.485,0.456,0.406,0.229,0.224,0.225,224x224,RGB,VALIDATED
Non-Recyclable/plastics_bags_wrappers/Why-Are-Plastic-Bags-Bad-for-The-Environment.png,Why-Are-Plastic-Bags-Bad-for-The-Environment.png,.png,stage4_standardized,ImageNet,0.485,0.456,0.406,0.229,0.224,0.225,224x224,RGB,VALIDATED
Non-Recyclable/plastics_bags_wrappers/Wrist_It_-_Impact_b16a8f3d-be40-41e9-b2a4-667e1f79613c.png,Wrist_It_-_Impact_b16a8f3d-be40-41e9-b2a4-667e1f79613c.png,.png,stage4_standardized,ImageNet,0.485,0.456,0.406,0.229,0.224,0.225,224x224,RGB,VALIDATED
Non-Recyclable/plastics_bags_wrappers/_117514715_softplasticsimage-002.png,_117514715_softplasticsimage-002.png,.png,stage4_standardized,ImageNet,0.485,0.456,0.406,0.229,0.224,0.225,224x224,RGB,VALIDATED
Non-Recyclable/plastics_bags_wrappers/_117581598_gettyimages-957361834_anindianboysearchesforremainfoodinpolythenepacketsatroadside.png,_117581598_gettyimages-957361834_anindianboysearchesforremainfoodinpolythenepacketsatroadside.png,.png,stage4_standardized,ImageNet,0.485,0.456,0.406,0.229,0.224,0.225,224x224,RGB,VALIDATED
Non-Recyclable/plastics_bags_wrappers/_23I7370.png,_23I7370.png,.png,stage4_standardized,ImageNet,0.485,0.456,0.406,0.229,0.224,0.225,224x224,RGB,VALIDATED
Non-Recyclable/plastics_bags_wrappers/a-pile-of-plastic-bags-trash-and-garbage-left-by-travellers-and-holidaymakers-BNMCXE.png,a-pile-of-plastic-bags-trash-and-garbage-left-by-travellers-and-holidaymakers-BNMCXE.png,.png,stage4_standardized,ImageNet,0.485,0.456,0.406,0.229,0.224,0.225,224x224,RGB,VALIDATED
Non-Recyclable/plastics_bags_wrappers/arkets-for-kitchen-waste-household-plastic-waste-single-use-plastics-2E25P06.png,arkets-for-kitchen-waste-household-plastic-waste-single-use-plastics-2E25P06.png,.png,stage4_standardized,ImageNet,0.485,0.456,0.406,0.229,0.224,0.225,224x224,RGB,VALIDATED
Non-Recyclable/plastics_bags_wrappers/arkets-for-kitchen-waste-household-plastic-waste-single-use-plastics-2E25P1B.png,arkets-for-kitchen-waste-household-plastic-waste-single-use-plastics-2E25P1B.png,.png,stage4_standardized,ImageNet,0.485,0.456,0.406,0.229,0.224,0.225,224x224,RGB,VALIDATED
Non-Recyclable/plastics_bags_wrappers/arkets-for-kitchen-waste-household-plastic-waste-single-use-plastics-2E25P1R.png,arkets-for-kitchen-waste-household-plastic-waste-single-use-plastics-2E25P1R.png,.png,stage4_standardized,ImageNet,0.485,0.456,0.406,0.229,0.224,0.225,224x224,RGB,VALIDATED
Non-Recyclable/plastics_bags_wrappers/arkets-for-kitchen-waste-household-plastic-waste-single-use-plastics-2E25P3N.png,arkets-for-kitchen-waste-household-plastic-waste-single-use-plastics-2E25P3N.png,.png,stage4_standardized,ImageNet,0.485,0.456,0.406,0.229,0.224,0.225,224x224,RGB,VALIDATED
Non-Recyclable/plastics_bags_wrappers/bags-and-film-you-can-recycle-in-exeter.png,bags-and-film-you-can-recycle-in-exeter.png,.png,stage4_standardized,ImageNet,0.485,0.456,0.406,0.229,0.224,0.225,224x224,RGB,VALIDATED
Non-Recyclable/plastics_bags_wrappers/cd665f1197fabc2e6c6a4d42461b57d8.png,cd665f1197fabc2e6c6a4d42461b57d8.png,.png,stage4_standardized,ImageNet,0.485,0.456,0.406,0.229,0.224,0.225,224x224,RGB,VALIDATED
Non-Recyclable/plastics_bags_wrappers/cenn3ctnls1xawwoaenx.png,cenn3ctnls1xawwoaenx.png,.png,stage4_standardized,ImageNet,0.485,0.456,0.406,0.229,0.224,0.225,224x224,RGB,VALIDATED
Non-Recyclable/plastics_bags_wrappers/d5c6c4e209b7b27a34b8d6deaf125c19.png,d5c6c4e209b7b27a34b8d6deaf125c19.png,.png,stage4_standardized,ImageNet,0.485,0.456,0.406,0.229,0.224,0.225,224x224,RGB,VALIDATED
Non-Recyclable/plastics_bags_wrappers/earth-globe-plastic-bag-pollution-ecology-environment-planet-global-warming_772720-4773.png,earth-globe-plastic-bag-pollution-ecology-environment-planet-global-warming_772720-4773.png,.png,stage4_standardized,ImageNet,0.485,0.456,0.406,0.229,0.224,0.225,224x224,RGB,VALIDATED
Non-Recyclable/plastics_bags_wrappers/eco-friendly-alternatives-110.png,eco-friendly-alternatives-110.png,.png,stage4_standardized,ImageNet,0.485,0.456,0.406,0.229,0.224,0.225,224x224,RGB,VALIDATED
Non-Recyclable/plastics_bags_wrappers/facebook-gmb-posts-8.png,facebook-gmb-posts-8.png,.png,stage4_standardized,ImageNet,0.485,0.456,0.406,0.229,0.224,0.225,224x224,RGB,VALIDATED
Non-Recyclable/plastics_bags_wrappers/fe12a09c3997999f704e9f6c38890b90.png,fe12a09c3997999f704e9f6c38890b90.png,.png,stage4_standardized,ImageNet,0.485,0.456,0.406,0.229,0.224,0.225,224x224,RGB,VALIDATED
Non-Recyclable/plastics_bags_wrappers/film-group-image.png,film-group-image.png,.png,stage4_standardized,ImageNet,0.485,0.456,0.406,0.229,0.224,0.225,224x224,RGB,VALIDATED
Non-Recyclable/plastics_bags_wrappers/fruits-in-plastic-bags.png,fruits-in-plastic-bags.png,.png,stage4_standardized,ImageNet,0.485,0.456,0.406,0.229,0.224,0.225,224x224,RGB,VALIDATED
Non-Recyclable/plastics_bags_wrappers/garbage-1260833_1280.png,garbage-1260833_1280.png,.png,stage4_standardized,ImageNet,0.485,0.456,0.406,0.229,0.224,0.225,224x224,RGB,VALIDATED
Non-Recyclable/plastics_bags_wrappers/gettyimages-163310627.png,gettyimages-163310627.png,.png,stage4_standardized,ImageNet,0.485,0.456,0.406,0.229,0.224,0.225,224x224,RGB,VALIDATED
Non-Recyclable/plastics_bags_wrappers/grocery-plastics-9_slide-709f9469bb300475d6ea6c2038892268a68a2bf0.png,grocery-plastics-9_slide-709f9469bb300475d6ea6c2038892268a68a2bf0.png,.png,stage4_standardized,ImageNet,0.485,0.456,0.406,0.229,0.224,0.225,224x224,RGB,VALIDATED
Non-Recyclable/plastics_bags_wrappers/hqdefault.png,hqdefault.png,.png,stage4_standardized,ImageNet,0.485,0.456,0.406,0.229,0.224,0.225,224x224,RGB,VALIDATED
Non-Recyclable/plastics_bags_wrappers/image29.png,image29.png,.png,stage4_standardized,ImageNet,0.485,0.456,0.406,0.229,0.224,0.225,224x224,RGB,VALIDATED
Non-Recyclable/plastics_bags_wrappers/img_20190310_161026544.png,img_20190310_161026544.png,.png,stage4_standardized,ImageNet,0.485,0.456,0.406,0.229,0.224,0.225,224x224,RGB,VALIDATED
Non-Recyclable/plastics_bags_wrappers/india-plastic-23_custom-13998d9ff8fe44ed9ab4040afd7381cf716bdaab-s1100-c50.png,india-plastic-23_custom-13998d9ff8fe44ed9ab4040afd7381cf716bdaab-s1100-c50.png,.png,stage4_standardized,ImageNet,0.485,0.456,0.406,0.229,0.224,0.225,224x224,RGB,VALIDATED
Non-Recyclable/plastics_bags_wrappers/infographic-v2.png,infographic-v2.png,.png,stage4_standardized,ImageNet,0.485,0.456,0.406,0.229,0.224,0.225,224x224,RGB,VALIDATED
Non-Recyclable/plastics_bags_wrappers/lastic-bags-flat-vector-illustration-isolated-on-white-background-1817468831.png,lastic-bags-flat-vector-illustration-isolated-on-white-background-1817468831.png,.png,stage4_standardized,ImageNet,0.485,0.456,0.406,0.229,0.224,0.225,224x224,RGB,VALIDATED
Non-Recyclable/plastics_bags_wrappers/lawn-in-a-park-concept-of-cleaning-up-and-respecting-the-environment-2J44BER.png,lawn-in-a-park-concept-of-cleaning-up-and-respecting-the-environment-2J44BER.png,.png,stage4_standardized,ImageNet,0.485,0.456,0.406,0.229,0.224,0.225,224x224,RGB,VALIDATED
Non-Recyclable/plastics_bags_wrappers/lawn-in-a-park-concept-of-cleaning-up-and-respecting-the-environment-2J44BFF.png,lawn-in-a-park-concept-of-cleaning-up-and-respecting-the-environment-2J44BFF.png,.png,stage4_standardized,ImageNet,0.485,0.456,0.406,0.229,0.224,0.225,224x224,RGB,VALIDATED
Non-Recyclable/plastics_bags_wrappers/lawn-in-a-park-concept-of-cleaning-up-and-respecting-the-environment-2J44BG3.png,lawn-in-a-park-concept-of-cleaning-up-and-respecting-the-environment-2J44BG3.png,.png,stage4_standardized,ImageNet,0.485,0.456,0.406,0.229,0.224,0.225,224x224,RGB,VALIDATED
Non-Recyclable/plastics_bags_wrappers/lebanon-waste-trash-beach-1.jpg__1600x900_q85_crop_subsampling-2.png,lebanon-waste-trash-beach-1.jpg__1600x900_q85_crop_subsampling-2.png,.png,stage4_standardized,ImageNet,0.485,0.456,0.406,0.229,0.224,0.225,224x224,RGB,VALIDATED
Non-Recyclable/plastics_bags_wrappers/maxresdefault.png,maxresdefault.png,.png,stage4_standardized,ImageNet,0.485,0.456,0.406,0.229,0.224,0.225,224x224,RGB,VALIDATED
Non-Recyclable/plastics_bags_wrappers/maxresdefault2.png,maxresdefault2.png,.png,stage4_standardized,ImageNet,0.485,0.456,0.406,0.229,0.224,0.225,224x224,RGB,VALIDATED
Non-Recyclable/plastics_bags_wrappers/maxresdefault3.png,maxresdefault3.png,.png,stage4_standardized,ImageNet,0.485,0.456,0.406,0.229,0.224,0.225,224x224,RGB,VALIDATED
Non-Recyclable/plastics_bags_wrappers/ndle-disposable-plastic-bag-package-illustration-isolated-on-white-488464864.png,ndle-disposable-plastic-bag-package-illustration-isolated-on-white-488464864.png,.png,stage4_standardized,ImageNet,0.485,0.456,0.406,0.229,0.224,0.225,224x224,RGB,VALIDATED
Non-Recyclable/plastics_bags_wrappers/non-recyclable-plastic-food-bags-food-wrappers-that-cant-be-recycled-EWE9J4.png,non-recyclable-plastic-food-bags-food-wrappers-that-cant-be-recycled-EWE9J4.png,.png,stage4_standardized,ImageNet,0.485,0.456,0.406,0.229,0.224,0.225,224x224,RGB,VALIDATED
Non-Recyclable/plastics_bags_wrappers/plastic-bag-recycling.png,plastic-bag-recycling.png,.png,stage4_standardized,ImageNet,0.485,0.456,0.406,0.229,0.224,0.225,224x224,RGB,VALIDATED
Non-Recyclable/plastics_bags_wrappers/plastic-bag-seller.png,plastic-bag-seller.png,.png,stage4_standardized,ImageNet,0.485,0.456,0.406,0.229,0.224,0.225,224x224,RGB,VALIDATED
Non-Recyclable/plastics_bags_wrappers/plastic-bags-scaled.png,plastic-bags-scaled.png,.png,stage4_standardized,ImageNet,0.485,0.456,0.406,0.229,0.224,0.225,224x224,RGB,VALIDATED
Non-Recyclable/plastics_bags_wrappers/plastic-bags-wraps-different-colors-blue-background-no-concept-high-quality-photo-245039624.png,plastic-bags-wraps-different-colors-blue-background-no-concept-high-quality-photo-245039624.png,.png,stage4_standardized,ImageNet,0.485,0.456,0.406,0.229,0.224,0.225,224x224,RGB,VALIDATED
Non-Recyclable/plastics_bags_wrappers/plastic-bags.png,plastic-bags.png,.png,stage4_standardized,ImageNet,0.485,0.456,0.406,0.229,0.224,0.225,224x224,RGB,VALIDATED
Non-Recyclable/plastics_bags_wrappers/plastic-film-recycling-1200.png,plastic-film-recycling-1200.png,.png,stage4_standardized,ImageNet,0.485,0.456,0.406,0.229,0.224,0.225,224x224,RGB,VALIDATED
Non-Recyclable/plastics_bags_wrappers/plastic-pollution-crisis-environmental-damage-at-uk-nature-reserve-2HE3RHJ.png,plastic-pollution-crisis-environmental-damage-at-uk-nature-reserve-2HE3RHJ.png,.png,stage4_standardized,ImageNet,0.485,0.456,0.406,0.229,0.224,0.225,224x224,RGB,VALIDATED
Non-Recyclable/plastics_bags_wrappers/plastic-wrappers-and-other-garbage-discarded-down-bank-JXJC8A.png,plastic-wrappers-and-other-garbage-discarded-down-bank-JXJC8A.png,.png,stage4_standardized,ImageNet,0.485,0.456,0.406,0.229,0.224,0.225,224x224,RGB,VALIDATED
Non-Recyclable/plastics_bags_wrappers/plastic_bags_are_killing_us.png,plastic_bags_are_killing_us.png,.png,stage4_standardized,ImageNet,0.485,0.456,0.406,0.229,0.224,0.225,224x224,RGB,VALIDATED
Non-Recyclable/plastics_bags_wrappers/plastic_wrap_gfx_2.png,plastic_wrap_gfx_2.png,.png,stage4_standardized,ImageNet,0.485,0.456,0.406,0.229,0.224,0.225,224x224,RGB,VALIDATED
Non-Recyclable/plastics_bags_wrappers/plasticbags.png,plasticbags.png,.png,stage4_standardized,ImageNet,0.485,0.456,0.406,0.229,0.224,0.225,224x224,RGB,VALIDATED
Non-Recyclable/plastics_bags_wrappers/plasticdomestic.png,plasticdomestic.png,.png,stage4_standardized,ImageNet,0.485,0.456,0.406,0.229,0.224,0.225,224x224,RGB,VALIDATED
Non-Recyclable/plastics_bags_wrappers/plasticwrapped.png,plasticwrapped.png,.png,stage4_standardized,ImageNet,0.485,0.456,0.406,0.229,0.224,0.225,224x224,RGB,VALIDATED
Non-Recyclable/plastics_bags_wrappers/polythene-bags-1558085838-4911553.png,polythene-bags-1558085838-4911553.png,.png,stage4_standardized,ImageNet,0.485,0.456,0.406,0.229,0.224,0.225,224x224,RGB,VALIDATED
Non-Recyclable/plastics_bags_wrappers/rappers-green-lawn-park-cleaning-up-respecting-environment-concept-245258516.png,rappers-green-lawn-park-cleaning-up-respecting-environment-concept-245258516.png,.png,stage4_standardized,ImageNet,0.485,0.456,0.406,0.229,0.224,0.225,224x224,RGB,VALIDATED
Non-Recyclable/plastics_bags_wrappers/rappers-green-lawn-park-concept-cleaning-up-respecting-environment-245277060.png,rappers-green-lawn-park-concept-cleaning-up-respecting-environment-245277060.png,.png,stage4_standardized,ImageNet,0.485,0.456,0.406,0.229,0.224,0.225,224x224,RGB,VALIDATED
Non-Recyclable/plastics_bags_wrappers/rechakra-cropped-1618918786.png,rechakra-cropped-1618918786.png,.png,stage4_standardized,ImageNet,0.485,0.456,0.406,0.229,0.224,0.225,224x224,RGB,VALIDATED
Non-Recyclable/plastics_bags_wrappers/recycled-plastic-bags-1558087110-4911635.png,recycled-plastic-bags-1558087110-4911635.png,.png,stage4_standardized,ImageNet,0.485,0.456,0.406,0.229,0.224,0.225,224x224,RGB,VALIDATED
Non-Recyclable/plastics_bags_wrappers/reusablekitchen-2x1-4259.png,reusablekitchen-2x1-4259.png,.png,stage4_standardized,ImageNet,0.485,0.456,0.406,0.229,0.224,0.225,224x224,RGB,VALIDATED
Non-Recyclable/plastics_bags_wrappers/singleuseplastic_660_091519033806.png,singleuseplastic_660_091519033806.png,.png,stage4_standardized,ImageNet,0.485,0.456,0.406,0.229,0.224,0.225,224x224,RGB,VALIDATED
Non-Recyclable/plastics_bags_wrappers/sinle_use_plastic_660_100219020533.png,sinle_use_plastic_660_100219020533.png,.png,stage4_standardized,ImageNet,0.485,0.456,0.406,0.229,0.224,0.225,224x224,RGB,VALIDATED
Non-Recyclable/plastics_bags_wrappers/social.png,social.png,.png,stage4_standardized,ImageNet,0.485,0.456,0.406,0.229,0.224,0.225,224x224,RGB,VALIDATED
Non-Recyclable/plastics_bags_wrappers/stic-bags-and-wrappers-by-household-in-fresno-ca-usa-for-november-1592647813.png,stic-bags-and-wrappers-by-household-in-fresno-ca-usa-for-november-1592647813.png,.png,stage4_standardized,ImageNet,0.485,0.456,0.406,0.229,0.224,0.225,224x224,RGB,VALIDATED
Non-Recyclable/plastics_bags_wrappers/stic-garbage-bag-collection-streets-city-seasonal-cleaning-service-217606056.png,stic-garbage-bag-collection-streets-city-seasonal-cleaning-service-217606056.png,.png,stage4_standardized,ImageNet,0.485,0.456,0.406,0.229,0.224,0.225,224x224,RGB,VALIDATED
Non-Recyclable/plastics_bags_wrappers/upcycling-amita-deshpande.png,upcycling-amita-deshpande.png,.png,stage4_standardized,ImageNet,0.485,0.456,0.406,0.229,0.224,0.225,224x224,RGB,VALIDATED
Non-Recyclable/plastics_bags_wrappers/wasteplastic750px.png,wasteplastic750px.png,.png,stage4_standardized,ImageNet,0.485,0.456,0.406,0.229,0.224,0.225,224x224,RGB,VALIDATED
Non-Recyclable/plastics_bags_wrappers/wrapping-luggage-in-plastic-Cover.png,wrapping-luggage-in-plastic-Cover.png,.png,stage4_standardized,ImageNet,0.485,0.456,0.406,0.229,0.224,0.225,224x224,RGB,VALIDATED
Non-Recyclable/sanitary_napkin/-emoji-feminine-hygiene-products-including-zero-waste-wome-women-s-221421344.png,-emoji-feminine-hygiene-products-including-zero-waste-wome-women-s-221421344.png,.png,stage4_standardized,ImageNet,0.485,0.456,0.406,0.229,0.224,0.225,224x224,RGB,VALIDATED
Non-Recyclable/sanitary_napkin/-various-feminine-hygiene-products-zero-waste-objects-panties-pads_602734-60.png,-various-feminine-hygiene-products-zero-waste-objects-panties-pads_602734-60.png,.png,stage4_standardized,ImageNet,0.485,0.456,0.406,0.229,0.224,0.225,224x224,RGB,VALIDATED
Non-Recyclable/sanitary_napkin/-waste-ecological-products-menstrual-cup-pads-tampons-menstruation-224096335.png,-waste-ecological-products-menstrual-cup-pads-tampons-menstruation-224096335.png,.png,stage4_standardized,ImageNet,0.485,0.456,0.406,0.229,0.224,0.225,224x224,RGB,VALIDATED
Non-Recyclable/sanitary_napkin/0.57118300_1559106463_sanitary_waste_gettyimages-.png,0.57118300_1559106463_sanitary_waste_gettyimages-.png,.png,stage4_standardized,ImageNet,0.485,0.456,0.406,0.229,0.224,0.225,224x224,RGB,VALIDATED
Non-Recyclable/sanitary_napkin/006965731_1-a906255231db326e1934217ae548db6a.png,006965731_1-a906255231db326e1934217ae548db6a.png,.png,stage4_standardized,ImageNet,0.485,0.456,0.406,0.229,0.224,0.225,224x224,RGB,VALIDATED
Non-Recyclable/sanitary_napkin/007481869_1-f6ad30c61ad557672837a415717eec59.png,007481869_1-f6ad30c61ad557672837a415717eec59.png,.png,stage4_standardized,ImageNet,0.485,0.456,0.406,0.229,0.224,0.225,224x224,RGB,VALIDATED
Non-Recyclable/sanitary_napkin/007493272_2-ecb03bdf21bfddb1d6366f947f29352d.png,007493272_2-ecb03bdf21bfddb1d6366f947f29352d.png,.png,stage4_standardized,ImageNet,0.485,0.456,0.406,0.229,0.224,0.225,224x224,RGB,VALIDATED
Non-Recyclable/sanitary_napkin/096_main.png,096_main.png,.png,stage4_standardized,ImageNet,0.485,0.456,0.406,0.229,0.224,0.225,224x224,RGB,VALIDATED
Non-Recyclable/sanitary_napkin/1-s2.0-S0160412020303494-ga1.png,1-s2.0-S0160412020303494-ga1.png,.png,stage4_standardized,ImageNet,0.485,0.456,0.406,0.229,0.224,0.225,224x224,RGB,VALIDATED
Non-Recyclable/sanitary_napkin/1-s2.0-S2405844022011471-ga1.png,1-s2.0-S2405844022011471-ga1.png,.png,stage4_standardized,ImageNet,0.485,0.456,0.406,0.229,0.224,0.225,224x224,RGB,VALIDATED
Non-Recyclable/sanitary_napkin/1-selection-of-feminine-care-products-such-as-monthly-period-tampons-2E0RKGP.png,1-selection-of-feminine-care-products-such-as-monthly-period-tampons-2E0RKGP.png,.png,stage4_standardized,ImageNet,0.485,0.456,0.406,0.229,0.224,0.225,224x224,RGB,VALIDATED
Non-Recyclable/sanitary_napkin/1200px-Gestion_menstrual_tampon_toallitas_menstruaciC3B3n_periodicas_06.png,1200px-Gestion_menstrual_tampon_toallitas_menstruaciC3B3n_periodicas_06.png,.png,stage4_standardized,ImageNet,0.485,0.456,0.406,0.229,0.224,0.225,224x224,RGB,VALIDATED
Non-Recyclable/sanitary_napkin/1200px-Monthly_Cup_Size_1262.png,1200px-Monthly_Cup_Size_1262.png,.png,stage4_standardized,ImageNet,0.485,0.456,0.406,0.229,0.224,0.225,224x224,RGB,VALIDATED
Non-Recyclable/sanitary_napkin/1200px-thumbnail.png,1200px-thumbnail.png,.png,stage4_standardized,ImageNet,0.485,0.456,0.406,0.229,0.224,0.225,224x224,RGB,VALIDATED
Non-Recyclable/sanitary_napkin/15-Best-Feminine-Hygiene-Products.png,15-Best-Feminine-Hygiene-Products.png,.png,stage4_standardized,ImageNet,0.485,0.456,0.406,0.229,0.224,0.225,224x224,RGB,VALIDATED
Non-Recyclable/sanitary_napkin/1730964.fig.002.png,1730964.fig.002.png,.png,stage4_standardized,ImageNet,0.485,0.456,0.406,0.229,0.224,0.225,224x224,RGB,VALIDATED
Non-Recyclable/sanitary_napkin/3-Figure1-1.png,3-Figure1-1.png,.png,stage4_standardized,ImageNet,0.485,0.456,0.406,0.229,0.224,0.225,224x224,RGB,VALIDATED
Non-Recyclable/sanitary_napkin/340003-MenstrualHygieneDay_1_1080x1080.png,340003-MenstrualHygieneDay_1_1080x1080.png,.png,stage4_standardized,ImageNet,0.485,0.456,0.406,0.229,0.224,0.225,224x224,RGB,VALIDATED
Non-Recyclable/sanitary_napkin/35-Essential-Personal-Hygiene-Products-You-Need-to-Stock.png,35-Essential-Personal-Hygiene-Products-You-Need-to-Stock.png,.png,stage4_standardized,ImageNet,0.485,0.456,0.406,0.229,0.224,0.225,224x224,RGB,VALIDATED
Non-Recyclable/sanitary_napkin/357_main.png,357_main.png,.png,stage4_standardized,ImageNet,0.485,0.456,0.406,0.229,0.224,0.225,224x224,RGB,VALIDATED
Non-Recyclable/sanitary_napkin/360_F_465014210_QB7BenWr9n27w5Tm630XKGzJknSostm8.png,360_F_465014210_QB7BenWr9n27w5Tm630XKGzJknSostm8.png,.png,stage4_standardized,ImageNet,0.485,0.456,0.406,0.229,0.224,0.225,224x224,RGB,VALIDATED
Non-Recyclable/sanitary_napkin/3668-Feminine20hygiene20products.png,3668-Feminine20hygiene20products.png,.png,stage4_standardized,ImageNet,0.485,0.456,0.406,0.229,0.224,0.225,224x224,RGB,VALIDATED
Non-Recyclable/sanitary_napkin/3669-Feminine20hygiene20products2028329.png,3669-Feminine20hygiene20products2028329.png,.png,stage4_standardized,ImageNet,0.485,0.456,0.406,0.229,0.224,0.225,224x224,RGB,VALIDATED
Non-Recyclable/sanitary_napkin/5-Ways-To-Use-A-Hygiene-Kit_2.png,5-Ways-To-Use-A-Hygiene-Kit_2.png,.png,stage4_standardized,ImageNet,0.485,0.456,0.406,0.229,0.224,0.225,224x224,RGB,VALIDATED
Non-Recyclable/sanitary_napkin/61oFpMb2mJS._AC_UF8941000_QL80_.png,61oFpMb2mJS._AC_UF8941000_QL80_.png,.png,stage4_standardized,ImageNet,0.485,0.456,0.406,0.229,0.224,0.225,224x224,RGB,VALIDATED
Non-Recyclable/sanitary_napkin/6Risks_MenstrualHygiene.png,6Risks_MenstrualHygiene.png,.png,stage4_standardized,ImageNet,0.485,0.456,0.406,0.229,0.224,0.225,224x224,RGB,VALIDATED
Non-Recyclable/sanitary_napkin/71Dw-iUHm4L._AC_UF10001000_QL80_.png,71Dw-iUHm4L._AC_UF10001000_QL80_.png,.png,stage4_standardized,ImageNet,0.485,0.456,0.406,0.229,0.224,0.225,224x224,RGB,VALIDATED
Non-Recyclable/sanitary_napkin/71Mvg0Tx55L._AC_UF10001000_QL80_.png,71Mvg0Tx55L._AC_UF10001000_QL80_.png,.png,stage4_standardized,ImageNet,0.485,0.456,0.406,0.229,0.224,0.225,224x224,RGB,VALIDATED
Non-Recyclable/sanitary_napkin/800px-Feminine_Hygiene_Products_in_a_Walmart.png,800px-Feminine_Hygiene_Products_in_a_Walmart.png,.png,stage4_standardized,ImageNet,0.485,0.456,0.406,0.229,0.224,0.225,224x224,RGB,VALIDATED
Non-Recyclable/sanitary_napkin/8d032ff8-b08d-48cf-b3e2-8dc62c08c30a.png,8d032ff8-b08d-48cf-b3e2-8dc62c08c30a.png,.png,stage4_standardized,ImageNet,0.485,0.456,0.406,0.229,0.224,0.225,224x224,RGB,VALIDATED
Non-Recyclable/sanitary_napkin/9641z.png,9641z.png,.png,stage4_standardized,ImageNet,0.485,0.456,0.406,0.229,0.224,0.225,224x224,RGB,VALIDATED
Non-Recyclable/sanitary_napkin/AHB2013q072679_cropped.png,AHB2013q072679_cropped.png,.png,stage4_standardized,ImageNet,0.485,0.456,0.406,0.229,0.224,0.225,224x224,RGB,VALIDATED
Non-Recyclable/sanitary_napkin/AdobeStock_121922416-e1568427026836.png,AdobeStock_121922416-e1568427026836.png,.png,stage4_standardized,ImageNet,0.485,0.456,0.406,0.229,0.224,0.225,224x224,RGB,VALIDATED
Non-Recyclable/sanitary_napkin/BPAC-Blog-post-8-01.png,BPAC-Blog-post-8-01.png,.png,stage4_standardized,ImageNet,0.485,0.456,0.406,0.229,0.224,0.225,224x224,RGB,VALIDATED
Non-Recyclable/sanitary_napkin/Bamboo-Collection-Banner-min_2048x2048.png,Bamboo-Collection-Banner-min_2048x2048.png,.png,stage4_standardized,ImageNet,0.485,0.456,0.406,0.229,0.224,0.225,224x224,RGB,VALIDATED
Non-Recyclable/sanitary_napkin/Ban-XL-12-1-min_1200x.png,Ban-XL-12-1-min_1200x.png,.png,stage4_standardized,ImageNet,0.485,0.456,0.406,0.229,0.224,0.225,224x224,RGB,VALIDATED
Non-Recyclable/sanitary_napkin/DT_Banner.png,DT_Banner.png,.png,stage4_standardized,ImageNet,0.485,0.456,0.406,0.229,0.224,0.225,224x224,RGB,VALIDATED
Non-Recyclable/sanitary_napkin/Different-types-of-waste.png,Different-types-of-waste.png,.png,stage4_standardized,ImageNet,0.485,0.456,0.406,0.229,0.224,0.225,224x224,RGB,VALIDATED
Non-Recyclable/sanitary_napkin/Disposing-of-Your-Hygiene-Products-Safely.png,Disposing-of-Your-Hygiene-Products-Safely.png,.png,stage4_standardized,ImageNet,0.485,0.456,0.406,0.229,0.224,0.225,224x224,RGB,VALIDATED
Non-Recyclable/sanitary_napkin/EP_Mar_2023_CoverStory_Feature_750.png,EP_Mar_2023_CoverStory_Feature_750.png,.png,stage4_standardized,ImageNet,0.485,0.456,0.406,0.229,0.224,0.225,224x224,RGB,VALIDATED
Non-Recyclable/sanitary_napkin/Eco-friendly-pads.png,Eco-friendly-pads.png,.png,stage4_standardized,ImageNet,0.485,0.456,0.406,0.229,0.224,0.225,224x224,RGB,VALIDATED
Non-Recyclable/sanitary_napkin/Feminine-Hygiene-Market-Consumer-Choice.png,Feminine-Hygiene-Market-Consumer-Choice.png,.png,stage4_standardized,ImageNet,0.485,0.456,0.406,0.229,0.224,0.225,224x224,RGB,VALIDATED
Non-Recyclable/sanitary_napkin/GettyImages-1168730611_732x549-thumbnail.png,GettyImages-1168730611_732x549-thumbnail.png,.png,stage4_standardized,ImageNet,0.485,0.456,0.406,0.229,0.224,0.225,224x224,RGB,VALIDATED
Non-Recyclable/sanitary_napkin/GettyImages-menstruation-taboo_1200-1.png,GettyImages-menstruation-taboo_1200-1.png,.png,stage4_standardized,ImageNet,0.485,0.456,0.406,0.229,0.224,0.225,224x224,RGB,VALIDATED
Non-Recyclable/sanitary_napkin/Lining_of_Uterine_Wall.png,Lining_of_Uterine_Wall.png,.png,stage4_standardized,ImageNet,0.485,0.456,0.406,0.229,0.224,0.225,224x224,RGB,VALIDATED
Non-Recyclable/sanitary_napkin/List-of-bathroom-accessories-you-must-have-in-your-home-f.png,List-of-bathroom-accessories-you-must-have-in-your-home-f.png,.png,stage4_standardized,ImageNet,0.485,0.456,0.406,0.229,0.224,0.225,224x224,RGB,VALIDATED
Non-Recyclable/sanitary_napkin/Mask_Group_1295.png,Mask_Group_1295.png,.png,stage4_standardized,ImageNet,0.485,0.456,0.406,0.229,0.224,0.225,224x224,RGB,VALIDATED
Non-Recyclable/sanitary_napkin/Medical-Waste-full-width-1600x900.png,Medical-Waste-full-width-1600x900.png,.png,stage4_standardized,ImageNet,0.485,0.456,0.406,0.229,0.224,0.225,224x224,RGB,VALIDATED
Non-Recyclable/sanitary_napkin/Menstrual-irregularities-1.png,Menstrual-irregularities-1.png,.png,stage4_standardized,ImageNet,0.485,0.456,0.406,0.229,0.224,0.225,224x224,RGB,VALIDATED
Non-Recyclable/sanitary_napkin/Natural-Cleaning-Solutions-Range-2000x2000.png,Natural-Cleaning-Solutions-Range-2000x2000.png,.png,stage4_standardized,ImageNet,0.485,0.456,0.406,0.229,0.224,0.225,224x224,RGB,VALIDATED
Non-Recyclable/sanitary_napkin/Sanitary-products_cmp-scaled.png,Sanitary-products_cmp-scaled.png,.png,stage4_standardized,ImageNet,0.485,0.456,0.406,0.229,0.224,0.225,224x224,RGB,VALIDATED
Non-Recyclable/sanitary_napkin/Types-Of-Bathroom-Accessories-01-0313090001.png,Types-Of-Bathroom-Accessories-01-0313090001.png,.png,stage4_standardized,ImageNet,0.485,0.456,0.406,0.229,0.224,0.225,224x224,RGB,VALIDATED
Non-Recyclable/sanitary_napkin/Types-of-sanitary-products-used-by-women-during-menstruation-are-a-reusable-cloth-pads.png,Types-of-sanitary-products-used-by-women-during-menstruation-are-a-reusable-cloth-pads.png,.png,stage4_standardized,ImageNet,0.485,0.456,0.406,0.229,0.224,0.225,224x224,RGB,VALIDATED
Non-Recyclable/sanitary_napkin/Waste.png,Waste.png,.png,stage4_standardized,ImageNet,0.485,0.456,0.406,0.229,0.224,0.225,224x224,RGB,VALIDATED
Non-Recyclable/sanitary_napkin/always-feminine-hygiene-products-on-a-store-shelf-2AB64XC.png,always-feminine-hygiene-products-on-a-store-shelf-2AB64XC.png,.png,stage4_standardized,ImageNet,0.485,0.456,0.406,0.229,0.224,0.225,224x224,RGB,VALIDATED
Non-Recyclable/sanitary_napkin/b056a8a06dfc18447b8af6b8f5d805fb.png,b056a8a06dfc18447b8af6b8f5d805fb.png,.png,stage4_standardized,ImageNet,0.485,0.456,0.406,0.229,0.224,0.225,224x224,RGB,VALIDATED
Non-Recyclable/sanitary_napkin/blog.png,blog.png,.png,stage4_standardized,ImageNet,0.485,0.456,0.406,0.229,0.224,0.225,224x224,RGB,VALIDATED
Non-Recyclable/sanitary_napkin/c0259187-800px-wm.png,c0259187-800px-wm.png,.png,stage4_standardized,ImageNet,0.485,0.456,0.406,0.229,0.224,0.225,224x224,RGB,VALIDATED
Non-Recyclable/sanitary_napkin/different-angle-view-d-render-blank-soft-cleaner-tissue-cellulose-2250374381.png,different-angle-view-d-render-blank-soft-cleaner-tissue-cellulose-2250374381.png,.png,stage4_standardized,ImageNet,0.485,0.456,0.406,0.229,0.224,0.225,224x224,RGB,VALIDATED
Non-Recyclable/sanitary_napkin/ds-tampons-pills-on-pink-background-womens-health-concept-copy-space-2JCJ7FF.png,ds-tampons-pills-on-pink-background-womens-health-concept-copy-space-2JCJ7FF.png,.png,stage4_standardized,ImageNet,0.485,0.456,0.406,0.229,0.224,0.225,224x224,RGB,VALIDATED
Non-Recyclable/sanitary_napkin/female-hygiene-and-daily-health-care-products-vector-28402112.png,female-hygiene-and-daily-health-care-products-vector-28402112.png,.png,stage4_standardized,ImageNet,0.485,0.456,0.406,0.229,0.224,0.225,224x224,RGB,VALIDATED
Non-Recyclable/sanitary_napkin/feminine-hygiene-items-vector-32004349.png,feminine-hygiene-items-vector-32004349.png,.png,stage4_standardized,ImageNet,0.485,0.456,0.406,0.229,0.224,0.225,224x224,RGB,VALIDATED
Non-Recyclable/sanitary_napkin/feminine-hygiene-products-concept_23-2148642495.png,feminine-hygiene-products-concept_23-2148642495.png,.png,stage4_standardized,ImageNet,0.485,0.456,0.406,0.229,0.224,0.225,224x224,RGB,VALIDATED
Non-Recyclable/sanitary_napkin/feminine-hygiene-products-concept_23-2148660550.png,feminine-hygiene-products-concept_23-2148660550.png,.png,stage4_standardized,ImageNet,0.485,0.456,0.406,0.229,0.224,0.225,224x224,RGB,VALIDATED
Non-Recyclable/sanitary_napkin/feminine-hygiene-products-in-a-shop-2BJWRFF.png,feminine-hygiene-products-in-a-shop-2BJWRFF.png,.png,stage4_standardized,ImageNet,0.485,0.456,0.406,0.229,0.224,0.225,224x224,RGB,VALIDATED
Non-Recyclable/sanitary_napkin/feminine-hygiene-products.png,feminine-hygiene-products.png,.png,stage4_standardized,ImageNet,0.485,0.456,0.406,0.229,0.224,0.225,224x224,RGB,VALIDATED
Non-Recyclable/sanitary_napkin/flat-lay-spa-composition-with-personal-hygiene-items-bath-accessories-string-bag_169016-11414.png,flat-lay-spa-composition-with-personal-hygiene-items-bath-accessories-string-bag_169016-11414.png,.png,stage4_standardized,ImageNet,0.485,0.456,0.406,0.229,0.224,0.225,224x224,RGB,VALIDATED
Non-Recyclable/sanitary_napkin/frph-04-920461-t001.png,frph-04-920461-t001.png,.png,stage4_standardized,ImageNet,0.485,0.456,0.406,0.229,0.224,0.225,224x224,RGB,VALIDATED
Non-Recyclable/sanitary_napkin/gh-060520-ghi-best-feminine-wipes-1591385649.png,gh-060520-ghi-best-feminine-wipes-1591385649.png,.png,stage4_standardized,ImageNet,0.485,0.456,0.406,0.229,0.224,0.225,224x224,RGB,VALIDATED
Non-Recyclable/sanitary_napkin/girl-preparing-to-spring-clean-royalty-free-image-1643238913.png,girl-preparing-to-spring-clean-royalty-free-image-1643238913.png,.png,stage4_standardized,ImageNet,0.485,0.456,0.406,0.229,0.224,0.225,224x224,RGB,VALIDATED
Non-Recyclable/sanitary_napkin/homegrown2Fimport2Fimg2Fbook2Fqqipdhbhkz-1492594351.PNG.png,homegrown2Fimport2Fimg2Fbook2Fqqipdhbhkz-1492594351.PNG.png,.png,stage4_standardized,ImageNet,0.485,0.456,0.406,0.229,0.224,0.225,224x224,RGB,VALIDATED
Non-Recyclable/sanitary_napkin/hospitalwaste2013-151112203752-lva1-app6892-thumbnail.png,hospitalwaste2013-151112203752-lva1-app6892-thumbnail.png,.png,stage4_standardized,ImageNet,0.485,0.456,0.406,0.229,0.224,0.225,224x224,RGB,VALIDATED
Non-Recyclable/sanitary_napkin/how_is_Biomedical_Waste_Disposed_Corpseed.png,how_is_Biomedical_Waste_Disposed_Corpseed.png,.png,stage4_standardized,ImageNet,0.485,0.456,0.406,0.229,0.224,0.225,224x224,RGB,VALIDATED
Non-Recyclable/sanitary_napkin/https3A2F2Fcdn.cnn.com2Fcnnnext2Fdam2Fassets2F180914085541-01-as-equals-uk-period-poverty.png,https3A2F2Fcdn.cnn.com2Fcnnnext2Fdam2Fassets2F180914085541-01-as-equals-uk-period-poverty.png,.png,stage4_standardized,ImageNet,0.485,0.456,0.406,0.229,0.224,0.225,224x224,RGB,VALIDATED
Non-Recyclable/sanitary_napkin/hygiene-products-soft-and-fresh-sanitary-items-vector-32560436.png,hygiene-products-soft-and-fresh-sanitary-items-vector-32560436.png,.png,stage4_standardized,ImageNet,0.485,0.456,0.406,0.229,0.224,0.225,224x224,RGB,VALIDATED
Non-Recyclable/sanitary_napkin/ijerph-15-02562-g001-550.png,ijerph-15-02562-g001-550.png,.png,stage4_standardized,ImageNet,0.485,0.456,0.406,0.229,0.224,0.225,224x224,RGB,VALIDATED
Non-Recyclable/sanitary_napkin/infectious-waste-disposal.png,infectious-waste-disposal.png,.png,stage4_standardized,ImageNet,0.485,0.456,0.406,0.229,0.224,0.225,224x224,RGB,VALIDATED
Non-Recyclable/sanitary_napkin/intimate-feminine-hygiene-pads-tampons-feminine-hygiene-items-212893871.png,intimate-feminine-hygiene-pads-tampons-feminine-hygiene-items-212893871.png,.png,stage4_standardized,ImageNet,0.485,0.456,0.406,0.229,0.224,0.225,224x224,RGB,VALIDATED
Non-Recyclable/sanitary_napkin/main_initial-washroom-supplies-banner.png,main_initial-washroom-supplies-banner.png,.png,stage4_standardized,ImageNet,0.485,0.456,0.406,0.229,0.224,0.225,224x224,RGB,VALIDATED
Non-Recyclable/sanitary_napkin/menstrual-hygiene-products.png,menstrual-hygiene-products.png,.png,stage4_standardized,ImageNet,0.485,0.456,0.406,0.229,0.224,0.225,224x224,RGB,VALIDATED
Non-Recyclable/sanitary_napkin/menstrual-pad-with-pink-glitter-on-pastel-royalty-free-image-920307028-1559531564.png,menstrual-pad-with-pink-glitter-on-pastel-royalty-free-image-920307028-1559531564.png,.png,stage4_standardized,ImageNet,0.485,0.456,0.406,0.229,0.224,0.225,224x224,RGB,VALIDATED
Non-Recyclable/sanitary_napkin/metics-feminine-sanitary-supplies-soap-miscellaneous-food-cleaning-thumbnail.png,metics-feminine-sanitary-supplies-soap-miscellaneous-food-cleaning-thumbnail.png,.png,stage4_standardized,ImageNet,0.485,0.456,0.406,0.229,0.224,0.225,224x224,RGB,VALIDATED
Non-Recyclable/sanitary_napkin/nstrual-hygiene-management-at-school-can-prevent-adverse-health-consequences.png,nstrual-hygiene-management-at-school-can-prevent-adverse-health-consequences.png,.png,stage4_standardized,ImageNet,0.485,0.456,0.406,0.229,0.224,0.225,224x224,RGB,VALIDATED
Non-Recyclable/sanitary_napkin/objects-feminine-hygiene-brown-background-75317550.png,objects-feminine-hygiene-brown-background-75317550.png,.png,stage4_standardized,ImageNet,0.485,0.456,0.406,0.229,0.224,0.225,224x224,RGB,VALIDATED
Non-Recyclable/sanitary_napkin/pads-1024x573-1.png,pads-1024x573-1.png,.png,stage4_standardized,ImageNet,0.485,0.456,0.406,0.229,0.224,0.225,224x224,RGB,VALIDATED
Non-Recyclable/sanitary_napkin/personal-care.png,personal-care.png,.png,stage4_standardized,ImageNet,0.485,0.456,0.406,0.229,0.224,0.225,224x224,RGB,VALIDATED
Non-Recyclable/sanitary_napkin/pile-period-products.png,pile-period-products.png,.png,stage4_standardized,ImageNet,0.485,0.456,0.406,0.229,0.224,0.225,224x224,RGB,VALIDATED
Non-Recyclable/sanitary_napkin/pngtree-pink-cartoon-feminine-hygiene-products-elements-png-image_2362850.png,pngtree-pink-cartoon-feminine-hygiene-products-elements-png-image_2362850.png,.png,stage4_standardized,ImageNet,0.485,0.456,0.406,0.229,0.224,0.225,224x224,RGB,VALIDATED
Non-Recyclable/sanitary_napkin/polymers-14-05519-g001.png,polymers-14-05519-g001.png,.png,stage4_standardized,ImageNet,0.485,0.456,0.406,0.229,0.224,0.225,224x224,RGB,VALIDATED
Non-Recyclable/sanitary_napkin/pons-on-pink-background-feminine-hygiene-products-menstrual-cycle-2167680291.png,pons-on-pink-background-feminine-hygiene-products-menstrual-cycle-2167680291.png,.png,stage4_standardized,ImageNet,0.485,0.456,0.406,0.229,0.224,0.225,224x224,RGB,VALIDATED
Non-Recyclable/sanitary_napkin/r-illustrations-menstruation-cup-cycle-feminine-uterus-zero-waste-2292968321.png,r-illustrations-menstruation-cup-cycle-feminine-uterus-zero-waste-2292968321.png,.png,stage4_standardized,ImageNet,0.485,0.456,0.406,0.229,0.224,0.225,224x224,RGB,VALIDATED
Non-Recyclable/sanitary_napkin/riendly-feminine-hygiene-reuse-concept-reusable-sanitary-pads-and-2164651545.png,riendly-feminine-hygiene-reuse-concept-reusable-sanitary-pads-and-2164651545.png,.png,stage4_standardized,ImageNet,0.485,0.456,0.406,0.229,0.224,0.225,224x224,RGB,VALIDATED
Non-Recyclable/sanitary_napkin/safe-alternatives-to-pads-and-tampons.png,safe-alternatives-to-pads-and-tampons.png,.png,stage4_standardized,ImageNet,0.485,0.456,0.406,0.229,0.224,0.225,224x224,RGB,VALIDATED
Non-Recyclable/sanitary_napkin/sanitary-napkins.png,sanitary-napkins.png,.png,stage4_standardized,ImageNet,0.485,0.456,0.406,0.229,0.224,0.225,224x224,RGB,VALIDATED
Non-Recyclable/sanitary_napkin/sanitary_1669126812106_1669126820530_1669126820530.png,sanitary_1669126812106_1669126820530_1669126820530.png,.png,stage4_standardized,ImageNet,0.485,0.456,0.406,0.229,0.224,0.225,224x224,RGB,VALIDATED
Non-Recyclable/sanitary_napkin/sanitarywastedisposal-170109141454-thumbnail.png,sanitarywastedisposal-170109141454-thumbnail.png,.png,stage4_standardized,ImageNet,0.485,0.456,0.406,0.229,0.224,0.225,224x224,RGB,VALIDATED
Non-Recyclable/sanitary_napkin/sq_overview.png,sq_overview.png,.png,stage4_standardized,ImageNet,0.485,0.456,0.406,0.229,0.224,0.225,224x224,RGB,VALIDATED
Non-Recyclable/sanitary_napkin/stock-photo-women-s-pads-pattern-feminine-hygiene-items-2269418989.png,stock-photo-women-s-pads-pattern-feminine-hygiene-items-2269418989.png,.png,stage4_standardized,ImageNet,0.485,0.456,0.406,0.229,0.224,0.225,224x224,RGB,VALIDATED
Non-Recyclable/sanitary_napkin/sustainability-10-04146-g001-550.png,sustainability-10-04146-g001-550.png,.png,stage4_standardized,ImageNet,0.485,0.456,0.406,0.229,0.224,0.225,224x224,RGB,VALIDATED
Non-Recyclable/sanitary_napkin/t-menstruation-personal-care-woman-conception-photo-soft-ten-tender-99697853.png,t-menstruation-personal-care-woman-conception-photo-soft-ten-tender-99697853.png,.png,stage4_standardized,ImageNet,0.485,0.456,0.406,0.229,0.224,0.225,224x224,RGB,VALIDATED
Non-Recyclable/sanitary_napkin/toilet-bathroom-cleaning-productsbleach-toilet-duct-in-asda-supermarket-uk-R0GWFY.png,toilet-bathroom-cleaning-productsbleach-toilet-duct-in-asda-supermarket-uk-R0GWFY.png,.png,stage4_standardized,ImageNet,0.485,0.456,0.406,0.229,0.224,0.225,224x224,RGB,VALIDATED
Non-Recyclable/sanitary_napkin/toilet-sign-allowed-throw-napkin-paper-pads-towel-in-waste-basket-2156580309.png,toilet-sign-allowed-throw-napkin-paper-pads-towel-in-waste-basket-2156580309.png,.png,stage4_standardized,ImageNet,0.485,0.456,0.406,0.229,0.224,0.225,224x224,RGB,VALIDATED
Non-Recyclable/sanitary_napkin/tor-illustration-isolated-on-transparent-background-menstrual-cup-1546366844.png,tor-illustration-isolated-on-transparent-background-menstrual-cup-1546366844.png,.png,stage4_standardized,ImageNet,0.485,0.456,0.406,0.229,0.224,0.225,224x224,RGB,VALIDATED
Non-Recyclable/sanitary_napkin/trual-pads-on-shelving-unit-in-bathroom-feminine-hygiene-products-2063416142.png,trual-pads-on-shelving-unit-in-bathroom-feminine-hygiene-products-2063416142.png,.png,stage4_standardized,ImageNet,0.485,0.456,0.406,0.229,0.224,0.225,224x224,RGB,VALIDATED
Non-Recyclable/sanitary_napkin/und-feminine-hygiene-products-menstruation-and-womens-health-concept-2JCJ7KM.png,und-feminine-hygiene-products-menstruation-and-womens-health-concept-2JCJ7KM.png,.png,stage4_standardized,ImageNet,0.485,0.456,0.406,0.229,0.224,0.225,224x224,RGB,VALIDATED
Non-Recyclable/sanitary_napkin/vagina-vulva-1200x628-facebook-1200x628.png,vagina-vulva-1200x628-facebook-1200x628.png,.png,stage4_standardized,ImageNet,0.485,0.456,0.406,0.229,0.224,0.225,224x224,RGB,VALIDATED
Non-Recyclable/sanitary_napkin/vagina-vulva-1296x728-header.png,vagina-vulva-1296x728-header.png,.png,stage4_standardized,ImageNet,0.485,0.456,0.406,0.229,0.224,0.225,224x224,RGB,VALIDATED
Non-Recyclable/sanitary_napkin/what-methods-can-be-used-for-the-disposal-of-infectious-waste.png,what-methods-can-be-used-for-the-disposal-of-infectious-waste.png,.png,stage4_standardized,ImageNet,0.485,0.456,0.406,0.229,0.224,0.225,224x224,RGB,VALIDATED
Non-Recyclable/sanitary_napkin/wosp-overview-1920x1080.png,wosp-overview-1920x1080.png,.png,stage4_standardized,ImageNet,0.485,0.456,0.406,0.229,0.224,0.225,224x224,RGB,VALIDATED
Non-Recyclable/styrofoam_product/-out-plastic-bag-styrofoam-paper-foam-miscellaneous-rectangle-food-packaging.png,-out-plastic-bag-styrofoam-paper-foam-miscellaneous-rectangle-food-packaging.png,.png,stage4_standardized,ImageNet,0.485,0.456,0.406,0.229,0.224,0.225,224x224,RGB,VALIDATED
Non-Recyclable/styrofoam_product/006599702_1-6aa3222b5bef71610d70bc6e3bad3255-768x994.png,006599702_1-6aa3222b5bef71610d70bc6e3bad3255-768x994.png,.png,stage4_standardized,ImageNet,0.485,0.456,0.406,0.229,0.224,0.225,224x224,RGB,VALIDATED
Non-Recyclable/styrofoam_product/1-s2.0-S0959652618336230-fx1.png,1-s2.0-S0959652618336230-fx1.png,.png,stage4_standardized,ImageNet,0.485,0.456,0.406,0.229,0.224,0.225,224x224,RGB,VALIDATED
Non-Recyclable/styrofoam_product/101-recycling-different-packaging-materials-thumbnail.png,101-recycling-different-packaging-materials-thumbnail.png,.png,stage4_standardized,ImageNet,0.485,0.456,0.406,0.229,0.224,0.225,224x224,RGB,VALIDATED
Non-Recyclable/styrofoam_product/16-Companies-Rethinking-Packaging.png,16-Companies-Rethinking-Packaging.png,.png,stage4_standardized,ImageNet,0.485,0.456,0.406,0.229,0.224,0.225,224x224,RGB,VALIDATED
Non-Recyclable/styrofoam_product/1608802952plasticfoodpackaging.png,1608802952plasticfoodpackaging.png,.png,stage4_standardized,ImageNet,0.485,0.456,0.406,0.229,0.224,0.225,224x224,RGB,VALIDATED
Non-Recyclable/styrofoam_product/1919463.png,1919463.png,.png,stage4_standardized,ImageNet,0.485,0.456,0.406,0.229,0.224,0.225,224x224,RGB,VALIDATED
Non-Recyclable/styrofoam_product/1cd-600x600.png,1cd-600x600.png,.png,stage4_standardized,ImageNet,0.485,0.456,0.406,0.229,0.224,0.225,224x224,RGB,VALIDATED
Non-Recyclable/styrofoam_product/200114-compostable-packaging-cups-utensils-plates.pla-plastic-waste-pollution-3-salad.png,200114-compostable-packaging-cups-utensils-plates.pla-plastic-waste-pollution-3-salad.png,.png,stage4_standardized,ImageNet,0.485,0.456,0.406,0.229,0.224,0.225,224x224,RGB,VALIDATED
Non-Recyclable/styrofoam_product/2018-09-Chanalytics-iStock-reduce20foam20packaging20chainalytics_75ps.png,2018-09-Chanalytics-iStock-reduce20foam20packaging20chainalytics_75ps.png,.png,stage4_standardized,ImageNet,0.485,0.456,0.406,0.229,0.224,0.225,224x224,RGB,VALIDATED
Non-Recyclable/styrofoam_product/2018_blog_EcoFriendlyRestaurants_600x400.png,2018_blog_EcoFriendlyRestaurants_600x400.png,.png,stage4_standardized,ImageNet,0.485,0.456,0.406,0.229,0.224,0.225,224x224,RGB,VALIDATED
Non-Recyclable/styrofoam_product/250783690442929992.png,250783690442929992.png,.png,stage4_standardized,ImageNet,0.485,0.456,0.406,0.229,0.224,0.225,224x224,RGB,VALIDATED
Non-Recyclable/styrofoam_product/330843799_885703332699899_5678677257182402870_n.png,330843799_885703332699899_5678677257182402870_n.png,.png,stage4_standardized,ImageNet,0.485,0.456,0.406,0.229,0.224,0.225,224x224,RGB,VALIDATED
Non-Recyclable/styrofoam_product/3_5152_Original_Hot-Food-Packaging-for-Takeaway-Meals-and-Fast-Food_d07f42.png,3_5152_Original_Hot-Food-Packaging-for-Takeaway-Meals-and-Fast-Food_d07f42.png,.png,stage4_standardized,ImageNet,0.485,0.456,0.406,0.229,0.224,0.225,224x224,RGB,VALIDATED
Non-Recyclable/styrofoam_product/77279c_8d2d3bb39b7e4ee5bb26c1a83e6b5669mv2.png,77279c_8d2d3bb39b7e4ee5bb26c1a83e6b5669mv2.png,.png,stage4_standardized,ImageNet,0.485,0.456,0.406,0.229,0.224,0.225,224x224,RGB,VALIDATED
Non-Recyclable/styrofoam_product/7AOOT_12_KXFOOD_02.png,7AOOT_12_KXFOOD_02.png,.png,stage4_standardized,ImageNet,0.485,0.456,0.406,0.229,0.224,0.225,224x224,RGB,VALIDATED
Non-Recyclable/styrofoam_product/800px-Yummp_hk_lunchbox.png,800px-Yummp_hk_lunchbox.png,.png,stage4_standardized,ImageNet,0.485,0.456,0.406,0.229,0.224,0.225,224x224,RGB,VALIDATED
Non-Recyclable/styrofoam_product/819KB-FEqfL._AC_UF10001000_QL80_.png,819KB-FEqfL._AC_UF10001000_QL80_.png,.png,stage4_standardized,ImageNet,0.485,0.456,0.406,0.229,0.224,0.225,224x224,RGB,VALIDATED
Non-Recyclable/styrofoam_product/87badfbfd09864be43a29dfc7a906b9b.png,87badfbfd09864be43a29dfc7a906b9b.png,.png,stage4_standardized,ImageNet,0.485,0.456,0.406,0.229,0.224,0.225,224x224,RGB,VALIDATED
Non-Recyclable/styrofoam_product/8f4dfec62271432d866768b7f62c88b4.png,8f4dfec62271432d866768b7f62c88b4.png,.png,stage4_standardized,ImageNet,0.485,0.456,0.406,0.229,0.224,0.225,224x224,RGB,VALIDATED
Non-Recyclable/styrofoam_product/AMP-58_62348a9647c53.png,AMP-58_62348a9647c53.png,.png,stage4_standardized,ImageNet,0.485,0.456,0.406,0.229,0.224,0.225,224x224,RGB,VALIDATED
Non-Recyclable/styrofoam_product/All_About_the_Features_and_Benefits_of_Bagasse_Material.png,All_About_the_Features_and_Benefits_of_Bagasse_Material.png,.png,stage4_standardized,ImageNet,0.485,0.456,0.406,0.229,0.224,0.225,224x224,RGB,VALIDATED
Non-Recyclable/styrofoam_product/BagasseContainers-pg9c7yp7i7al8c7b1cr5t240eval1iwbtyh0yvfhxs.png,BagasseContainers-pg9c7yp7i7al8c7b1cr5t240eval1iwbtyh0yvfhxs.png,.png,stage4_standardized,ImageNet,0.485,0.456,0.406,0.229,0.224,0.225,224x224,RGB,VALIDATED
Non-Recyclable/styrofoam_product/Best-eco-friendly-paper-food-packaging-containers-brands-in-Nigeria-1-1.png,Best-eco-friendly-paper-food-packaging-containers-brands-in-Nigeria-1-1.png,.png,stage4_standardized,ImageNet,0.485,0.456,0.406,0.229,0.224,0.225,224x224,RGB,VALIDATED
Non-Recyclable/styrofoam_product/Carryout-Pkg-AdobeStock_249951953-20New-Africa-FTR.png,Carryout-Pkg-AdobeStock_249951953-20New-Africa-FTR.png,.png,stage4_standardized,ImageNet,0.485,0.456,0.406,0.229,0.224,0.225,224x224,RGB,VALIDATED
Non-Recyclable/styrofoam_product/Copy-of-Style-shot-3.png,Copy-of-Style-shot-3.png,.png,stage4_standardized,ImageNet,0.485,0.456,0.406,0.229,0.224,0.225,224x224,RGB,VALIDATED
Non-Recyclable/styrofoam_product/Custom-Clamshell-Container-3b.png,Custom-Clamshell-Container-3b.png,.png,stage4_standardized,ImageNet,0.485,0.456,0.406,0.229,0.224,0.225,224x224,RGB,VALIDATED
Non-Recyclable/styrofoam_product/Designed4Trash_2.png,Designed4Trash_2.png,.png,stage4_standardized,ImageNet,0.485,0.456,0.406,0.229,0.224,0.225,224x224,RGB,VALIDATED
Non-Recyclable/styrofoam_product/EPS-for-recycling-scaled.png,EPS-for-recycling-scaled.png,.png,stage4_standardized,ImageNet,0.485,0.456,0.406,0.229,0.224,0.225,224x224,RGB,VALIDATED
Non-Recyclable/styrofoam_product/Eco-Friendly-Packaging-Alternatives.png,Eco-Friendly-Packaging-Alternatives.png,.png,stage4_standardized,ImageNet,0.485,0.456,0.406,0.229,0.224,0.225,224x224,RGB,VALIDATED
Non-Recyclable/styrofoam_product/Eco-friendly-Packaging-scaled.png,Eco-friendly-Packaging-scaled.png,.png,stage4_standardized,ImageNet,0.485,0.456,0.406,0.229,0.224,0.225,224x224,RGB,VALIDATED
Non-Recyclable/styrofoam_product/English-quick-summary_2021-11-16-014257_agwg.png,English-quick-summary_2021-11-16-014257_agwg.png,.png,stage4_standardized,ImageNet,0.485,0.456,0.406,0.229,0.224,0.225,224x224,RGB,VALIDATED
Non-Recyclable/styrofoam_product/Foam20Clam20Shell.png,Foam20Clam20Shell.png,.png,stage4_standardized,ImageNet,0.485,0.456,0.406,0.229,0.224,0.225,224x224,RGB,VALIDATED
Non-Recyclable/styrofoam_product/FoldedTakeout_PSD_1.png,FoldedTakeout_PSD_1.png,.png,stage4_standardized,ImageNet,0.485,0.456,0.406,0.229,0.224,0.225,224x224,RGB,VALIDATED
Non-Recyclable/styrofoam_product/Food-Packaging-Waste-Statistics-Understanding-the-Rise-of-Food-Packaging-Waste-Feature-Images.png,Food-Packaging-Waste-Statistics-Understanding-the-Rise-of-Food-Packaging-Waste-Feature-Images.png,.png,stage4_standardized,ImageNet,0.485,0.456,0.406,0.229,0.224,0.225,224x224,RGB,VALIDATED
Non-Recyclable/styrofoam_product/Image-by-RODNAY-Productions-Pexels-Canva-Pro.png,Image-by-RODNAY-Productions-Pexels-Canva-Pro.png,.png,stage4_standardized,ImageNet,0.485,0.456,0.406,0.229,0.224,0.225,224x224,RGB,VALIDATED
Non-Recyclable/styrofoam_product/MaterialsBackground.png,MaterialsBackground.png,.png,stage4_standardized,ImageNet,0.485,0.456,0.406,0.229,0.224,0.225,224x224,RGB,VALIDATED
Non-Recyclable/styrofoam_product/MaterialsInset-pg995s2adcgk9w92fq5jiv2tkudmqth20lfzr6svbk.png,MaterialsInset-pg995s2adcgk9w92fq5jiv2tkudmqth20lfzr6svbk.png,.png,stage4_standardized,ImageNet,0.485,0.456,0.406,0.229,0.224,0.225,224x224,RGB,VALIDATED
Non-Recyclable/styrofoam_product/McDonalds_Molded_Pulp_Drink_Tray_Top.png,McDonalds_Molded_Pulp_Drink_Tray_Top.png,.png,stage4_standardized,ImageNet,0.485,0.456,0.406,0.229,0.224,0.225,224x224,RGB,VALIDATED
Non-Recyclable/styrofoam_product/New-Natural-Coloured-Bagasse-plates-and-burger-boxes-copy-1.png,New-Natural-Coloured-Bagasse-plates-and-burger-boxes-copy-1.png,.png,stage4_standardized,ImageNet,0.485,0.456,0.406,0.229,0.224,0.225,224x224,RGB,VALIDATED
Non-Recyclable/styrofoam_product/Packaging_waste_v4.png,Packaging_waste_v4.png,.png,stage4_standardized,ImageNet,0.485,0.456,0.406,0.229,0.224,0.225,224x224,RGB,VALIDATED
Non-Recyclable/styrofoam_product/Reusable-Containers-Arent-Always-Better-For-The-Environment-Than-Disposable-Ones-New-Research.png,Reusable-Containers-Arent-Always-Better-For-The-Environment-Than-Disposable-Ones-New-Research.png,.png,stage4_standardized,ImageNet,0.485,0.456,0.406,0.229,0.224,0.225,224x224,RGB,VALIDATED
Non-Recyclable/styrofoam_product/Reuse-Container-by-Forest-Whale-edible-packaging.png,Reuse-Container-by-Forest-Whale-edible-packaging.png,.png,stage4_standardized,ImageNet,0.485,0.456,0.406,0.229,0.224,0.225,224x224,RGB,VALIDATED
Non-Recyclable/styrofoam_product/SS-KH_ShippingGuideTypesOfProtectivePackaging_KH-HRO.png,SS-KH_ShippingGuideTypesOfProtectivePackaging_KH-HRO.png,.png,stage4_standardized,ImageNet,0.485,0.456,0.406,0.229,0.224,0.225,224x224,RGB,VALIDATED
Non-Recyclable/styrofoam_product/Styrofoam-packaging-peauts-200221.png,Styrofoam-packaging-peauts-200221.png,.png,stage4_standardized,ImageNet,0.485,0.456,0.406,0.229,0.224,0.225,224x224,RGB,VALIDATED
Non-Recyclable/styrofoam_product/StyrofoamContainers.png,StyrofoamContainers.png,.png,stage4_standardized,ImageNet,0.485,0.456,0.406,0.229,0.224,0.225,224x224,RGB,VALIDATED
Non-Recyclable/styrofoam_product/Styrolution_Polystyrene_Yogurt_Pack.5556431b08b331afb8caff3e2378a101.png,Styrolution_Polystyrene_Yogurt_Pack.5556431b08b331afb8caff3e2378a101.png,.png,stage4_standardized,ImageNet,0.485,0.456,0.406,0.229,0.224,0.225,224x224,RGB,VALIDATED
Non-Recyclable/styrofoam_product/TYPES-OF-FOOD-PACKAGING.png,TYPES-OF-FOOD-PACKAGING.png,.png,stage4_standardized,ImageNet,0.485,0.456,0.406,0.229,0.224,0.225,224x224,RGB,VALIDATED
Non-Recyclable/styrofoam_product/Thermoplastics-and-their-used-in-food-packaging.png,Thermoplastics-and-their-used-in-food-packaging.png,.png,stage4_standardized,ImageNet,0.485,0.456,0.406,0.229,0.224,0.225,224x224,RGB,VALIDATED
Non-Recyclable/styrofoam_product/Types-of-food-containers-considered-in-the-study-A-Aluminium-takeaway-container-B.png,Types-of-food-containers-considered-in-the-study-A-Aluminium-takeaway-container-B.png,.png,stage4_standardized,ImageNet,0.485,0.456,0.406,0.229,0.224,0.225,224x224,RGB,VALIDATED
Non-Recyclable/styrofoam_product/Untitled-1024-C397-768px-16-1200x900.png,Untitled-1024-C397-768px-16-1200x900.png,.png,stage4_standardized,ImageNet,0.485,0.456,0.406,0.229,0.224,0.225,224x224,RGB,VALIDATED
Non-Recyclable/styrofoam_product/____whereyouare.co--1-.png,____whereyouare.co--1-.png,.png,stage4_standardized,ImageNet,0.485,0.456,0.406,0.229,0.224,0.225,224x224,RGB,VALIDATED
Non-Recyclable/styrofoam_product/bbdcdabfab359104e5e0d6d62b2b1bb0-e1604602972745.png,bbdcdabfab359104e5e0d6d62b2b1bb0-e1604602972745.png,.png,stage4_standardized,ImageNet,0.485,0.456,0.406,0.229,0.224,0.225,224x224,RGB,VALIDATED
Non-Recyclable/styrofoam_product/blog-containers.png,blog-containers.png,.png,stage4_standardized,ImageNet,0.485,0.456,0.406,0.229,0.224,0.225,224x224,RGB,VALIDATED
Non-Recyclable/styrofoam_product/blog-takeout-header.png,blog-takeout-header.png,.png,stage4_standardized,ImageNet,0.485,0.456,0.406,0.229,0.224,0.225,224x224,RGB,VALIDATED
Non-Recyclable/styrofoam_product/box-packed-with-styrofoam.png,box-packed-with-styrofoam.png,.png,stage4_standardized,ImageNet,0.485,0.456,0.406,0.229,0.224,0.225,224x224,RGB,VALIDATED
Non-Recyclable/styrofoam_product/burgers-2.png,burgers-2.png,.png,stage4_standardized,ImageNet,0.485,0.456,0.406,0.229,0.224,0.225,224x224,RGB,VALIDATED
Non-Recyclable/styrofoam_product/containers_and_packaging_picture.png,containers_and_packaging_picture.png,.png,stage4_standardized,ImageNet,0.485,0.456,0.406,0.229,0.224,0.225,224x224,RGB,VALIDATED
Non-Recyclable/styrofoam_product/e3ea5ac8147d2274b0e1f61b09fbedc2.png,e3ea5ac8147d2274b0e1f61b09fbedc2.png,.png,stage4_standardized,ImageNet,0.485,0.456,0.406,0.229,0.224,0.225,224x224,RGB,VALIDATED
Non-Recyclable/styrofoam_product/eco-friendly-food-packaging_feature.png,eco-friendly-food-packaging_feature.png,.png,stage4_standardized,ImageNet,0.485,0.456,0.406,0.229,0.224,0.225,224x224,RGB,VALIDATED
Non-Recyclable/styrofoam_product/eco-friendly-food-packaging_header.png,eco-friendly-food-packaging_header.png,.png,stage4_standardized,ImageNet,0.485,0.456,0.406,0.229,0.224,0.225,224x224,RGB,VALIDATED
Non-Recyclable/styrofoam_product/eom212107-gra-0001-m.png,eom212107-gra-0001-m.png,.png,stage4_standardized,ImageNet,0.485,0.456,0.406,0.229,0.224,0.225,224x224,RGB,VALIDATED
Non-Recyclable/styrofoam_product/expanded-polystyrene.png,expanded-polystyrene.png,.png,stage4_standardized,ImageNet,0.485,0.456,0.406,0.229,0.224,0.225,224x224,RGB,VALIDATED
Non-Recyclable/styrofoam_product/foam-alternative-packaging.png,foam-alternative-packaging.png,.png,stage4_standardized,ImageNet,0.485,0.456,0.406,0.229,0.224,0.225,224x224,RGB,VALIDATED
Non-Recyclable/styrofoam_product/foam-packaging-waste.png,foam-packaging-waste.png,.png,stage4_standardized,ImageNet,0.485,0.456,0.406,0.229,0.224,0.225,224x224,RGB,VALIDATED
Non-Recyclable/styrofoam_product/foam-plastic-no6.png,foam-plastic-no6.png,.png,stage4_standardized,ImageNet,0.485,0.456,0.406,0.229,0.224,0.225,224x224,RGB,VALIDATED
Non-Recyclable/styrofoam_product/foam20containers.png,foam20containers.png,.png,stage4_standardized,ImageNet,0.485,0.456,0.406,0.229,0.224,0.225,224x224,RGB,VALIDATED
Non-Recyclable/styrofoam_product/food-packaging-1.png,food-packaging-1.png,.png,stage4_standardized,ImageNet,0.485,0.456,0.406,0.229,0.224,0.225,224x224,RGB,VALIDATED
Non-Recyclable/styrofoam_product/food-packaging-containers-bamboo-glass-eco-1296x728-header.png,food-packaging-containers-bamboo-glass-eco-1296x728-header.png,.png,stage4_standardized,ImageNet,0.485,0.456,0.406,0.229,0.224,0.225,224x224,RGB,VALIDATED
Non-Recyclable/styrofoam_product/food-packaging-regulations-fi-1.png,food-packaging-regulations-fi-1.png,.png,stage4_standardized,ImageNet,0.485,0.456,0.406,0.229,0.224,0.225,224x224,RGB,VALIDATED
Non-Recyclable/styrofoam_product/food-packaging-report.png,food-packaging-report.png,.png,stage4_standardized,ImageNet,0.485,0.456,0.406,0.229,0.224,0.225,224x224,RGB,VALIDATED
Non-Recyclable/styrofoam_product/food-packaging-reports-examples.png,food-packaging-reports-examples.png,.png,stage4_standardized,ImageNet,0.485,0.456,0.406,0.229,0.224,0.225,224x224,RGB,VALIDATED
Non-Recyclable/styrofoam_product/food-packaging-tip-sheet.png,food-packaging-tip-sheet.png,.png,stage4_standardized,ImageNet,0.485,0.456,0.406,0.229,0.224,0.225,224x224,RGB,VALIDATED
Non-Recyclable/styrofoam_product/food-packaging_0.png,food-packaging_0.png,.png,stage4_standardized,ImageNet,0.485,0.456,0.406,0.229,0.224,0.225,224x224,RGB,VALIDATED
Non-Recyclable/styrofoam_product/food_packaging_i8860_20180911_093_3x2.png,food_packaging_i8860_20180911_093_3x2.png,.png,stage4_standardized,ImageNet,0.485,0.456,0.406,0.229,0.224,0.225,224x224,RGB,VALIDATED
Non-Recyclable/styrofoam_product/foods-12-01057-g001.png,foods-12-01057-g001.png,.png,stage4_standardized,ImageNet,0.485,0.456,0.406,0.229,0.224,0.225,224x224,RGB,VALIDATED
Non-Recyclable/styrofoam_product/four-types-of-packaging-materials-used-in-the-food-industry.png,four-types-of-packaging-materials-used-in-the-food-industry.png,.png,stage4_standardized,ImageNet,0.485,0.456,0.406,0.229,0.224,0.225,224x224,RGB,VALIDATED
Non-Recyclable/styrofoam_product/harmful-chemicals-food-packaging.png,harmful-chemicals-food-packaging.png,.png,stage4_standardized,ImageNet,0.485,0.456,0.406,0.229,0.224,0.225,224x224,RGB,VALIDATED
Non-Recyclable/styrofoam_product/image32.png,image32.png,.png,stage4_standardized,ImageNet,0.485,0.456,0.406,0.229,0.224,0.225,224x224,RGB,VALIDATED
Non-Recyclable/styrofoam_product/ing-takeaway-foam-lunch-boxes-single-use-food-containers-close-up-1792562215.png,ing-takeaway-foam-lunch-boxes-single-use-food-containers-close-up-1792562215.png,.png,stage4_standardized,ImageNet,0.485,0.456,0.406,0.229,0.224,0.225,224x224,RGB,VALIDATED
Non-Recyclable/styrofoam_product/lam-dung-hop-xop-1.png,lam-dung-hop-xop-1.png,.png,stage4_standardized,ImageNet,0.485,0.456,0.406,0.229,0.224,0.225,224x224,RGB,VALIDATED
Non-Recyclable/styrofoam_product/open-styrofoam-boxes-stack-white-background-31184617.png,open-styrofoam-boxes-stack-white-background-31184617.png,.png,stage4_standardized,ImageNet,0.485,0.456,0.406,0.229,0.224,0.225,224x224,RGB,VALIDATED
Non-Recyclable/styrofoam_product/p06cz75l.png,p06cz75l.png,.png,stage4_standardized,ImageNet,0.485,0.456,0.406,0.229,0.224,0.225,224x224,RGB,VALIDATED
Non-Recyclable/styrofoam_product/plastic_food_containers.png,plastic_food_containers.png,.png,stage4_standardized,ImageNet,0.485,0.456,0.406,0.229,0.224,0.225,224x224,RGB,VALIDATED
Non-Recyclable/styrofoam_product/polystyrene-food-boxes-9535739.png,polystyrene-food-boxes-9535739.png,.png,stage4_standardized,ImageNet,0.485,0.456,0.406,0.229,0.224,0.225,224x224,RGB,VALIDATED
Non-Recyclable/styrofoam_product/polystyrene-or-styrofoam-protective-packaging-beads-M964HY.png,polystyrene-or-styrofoam-protective-packaging-beads-M964HY.png,.png,stage4_standardized,ImageNet,0.485,0.456,0.406,0.229,0.224,0.225,224x224,RGB,VALIDATED
Non-Recyclable/styrofoam_product/ps-foam-containers_20220124_Minh-Mi-Goi_shutterstock_1580179006-web.png,ps-foam-containers_20220124_Minh-Mi-Goi_shutterstock_1580179006-web.png,.png,stage4_standardized,ImageNet,0.485,0.456,0.406,0.229,0.224,0.225,224x224,RGB,VALIDATED
Non-Recyclable/styrofoam_product/recycling-05-00030-g001.png,recycling-05-00030-g001.png,.png,stage4_standardized,ImageNet,0.485,0.456,0.406,0.229,0.224,0.225,224x224,RGB,VALIDATED
Non-Recyclable/styrofoam_product/secondary-packaging-examples.png,secondary-packaging-examples.png,.png,stage4_standardized,ImageNet,0.485,0.456,0.406,0.229,0.224,0.225,224x224,RGB,VALIDATED
Non-Recyclable/styrofoam_product/sfe_zw_slider_styrofoam.png,sfe_zw_slider_styrofoam.png,.png,stage4_standardized,ImageNet,0.485,0.456,0.406,0.229,0.224,0.225,224x224,RGB,VALIDATED
Non-Recyclable/styrofoam_product/shutterstock_1027804891-scaled-1.png,shutterstock_1027804891-scaled-1.png,.png,stage4_standardized,ImageNet,0.485,0.456,0.406,0.229,0.224,0.225,224x224,RGB,VALIDATED
Non-Recyclable/styrofoam_product/slide_2.png,slide_2.png,.png,stage4_standardized,ImageNet,0.485,0.456,0.406,0.229,0.224,0.225,224x224,RGB,VALIDATED
Non-Recyclable/styrofoam_product/square-paper-bowl-e1641526056341.png,square-paper-bowl-e1641526056341.png,.png,stage4_standardized,ImageNet,0.485,0.456,0.406,0.229,0.224,0.225,224x224,RGB,VALIDATED
Non-Recyclable/styrofoam_product/stock-photo-different-types-of-food-box-made-of-foam-paper-plastic-564220360.png,stock-photo-different-types-of-food-box-made-of-foam-paper-plastic-564220360.png,.png,stage4_standardized,ImageNet,0.485,0.456,0.406,0.229,0.224,0.225,224x224,RGB,VALIDATED
Non-Recyclable/styrofoam_product/strawberry-packaging_.png,strawberry-packaging_.png,.png,stage4_standardized,ImageNet,0.485,0.456,0.406,0.229,0.224,0.225,224x224,RGB,VALIDATED
Non-Recyclable/styrofoam_product/styro-food-packaging-near-me_orig.png,styro-food-packaging-near-me_orig.png,.png,stage4_standardized,ImageNet,0.485,0.456,0.406,0.229,0.224,0.225,224x224,RGB,VALIDATED
Non-Recyclable/styrofoam_product/styrofoam-box-on-white-background-food-container-MXTH80.png,styrofoam-box-on-white-background-food-container-MXTH80.png,.png,stage4_standardized,ImageNet,0.485,0.456,0.406,0.229,0.224,0.225,224x224,RGB,VALIDATED
Non-Recyclable/styrofoam_product/styrofoam-facts.png,styrofoam-facts.png,.png,stage4_standardized,ImageNet,0.485,0.456,0.406,0.229,0.224,0.225,224x224,RGB,VALIDATED
Non-Recyclable/styrofoam_product/styrofoam-garbage1-1.png,styrofoam-garbage1-1.png,.png,stage4_standardized,ImageNet,0.485,0.456,0.406,0.229,0.224,0.225,224x224,RGB,VALIDATED
Non-Recyclable/styrofoam_product/styrofoam-packaging-materials-CFF552.png,styrofoam-packaging-materials-CFF552.png,.png,stage4_standardized,ImageNet,0.485,0.456,0.406,0.229,0.224,0.225,224x224,RGB,VALIDATED
Non-Recyclable/styrofoam_product/styrofoam-packaging-peanuts-DM6D71.png,styrofoam-packaging-peanuts-DM6D71.png,.png,stage4_standardized,ImageNet,0.485,0.456,0.406,0.229,0.224,0.225,224x224,RGB,VALIDATED
Non-Recyclable/styrofoam_product/styrofoam-packing-peanutes-alternative-header.png,styrofoam-packing-peanutes-alternative-header.png,.png,stage4_standardized,ImageNet,0.485,0.456,0.406,0.229,0.224,0.225,224x224,RGB,VALIDATED
Non-Recyclable/styrofoam_product/styrofoam-takeout-containers-food-1200x628-facebook.png,styrofoam-takeout-containers-food-1200x628-facebook.png,.png,stage4_standardized,ImageNet,0.485,0.456,0.406,0.229,0.224,0.225,224x224,RGB,VALIDATED
Non-Recyclable/styrofoam_product/styrofoam.png,styrofoam.png,.png,stage4_standardized,ImageNet,0.485,0.456,0.406,0.229,0.224,0.225,224x224,RGB,VALIDATED
Non-Recyclable/styrofoam_product/styrofoam2.png,styrofoam2.png,.png,stage4_standardized,ImageNet,0.485,0.456,0.406,0.229,0.224,0.225,224x224,RGB,VALIDATED
Non-Recyclable/styrofoam_product/styrofoam20container.png,styrofoam20container.png,.png,stage4_standardized,ImageNet,0.485,0.456,0.406,0.229,0.224,0.225,224x224,RGB,VALIDATED
Non-Recyclable/styrofoam_product/styrofoam_waste_1050x700.png,styrofoam_waste_1050x700.png,.png,stage4_standardized,ImageNet,0.485,0.456,0.406,0.229,0.224,0.225,224x224,RGB,VALIDATED
Non-Recyclable/styrofoam_product/tapioca20meal20box02.png,tapioca20meal20box02.png,.png,stage4_standardized,ImageNet,0.485,0.456,0.406,0.229,0.224,0.225,224x224,RGB,VALIDATED
Non-Recyclable/styrofoam_product/the-drive-toward-sustainability-5050-1536x1536.png,the-drive-toward-sustainability-5050-1536x1536.png,.png,stage4_standardized,ImageNet,0.485,0.456,0.406,0.229,0.224,0.225,224x224,RGB,VALIDATED
Non-Recyclable/styrofoam_product/types-of-sustainable-packaging-fb.png,types-of-sustainable-packaging-fb.png,.png,stage4_standardized,ImageNet,0.485,0.456,0.406,0.229,0.224,0.225,224x224,RGB,VALIDATED
Non-Recyclable/styrofoam_product/w_takeout_trash_wk1003mike_shutterstock_422191876.c86d3627.png,w_takeout_trash_wk1003mike_shutterstock_422191876.c86d3627.png,.png,stage4_standardized,ImageNet,0.485,0.456,0.406,0.229,0.224,0.225,224x224,RGB,VALIDATED
Organic/coffee_tea_bags/-to-dark-roasted-250-gm-product-images-orvj9xukmzh-p594973306-0-202211022012.png,-to-dark-roasted-250-gm-product-images-orvj9xukmzh-p594973306-0-202211022012.png,.png,stage4_standardized,ImageNet,0.485,0.456,0.406,0.229,0.224,0.225,224x224,RGB,VALIDATED
Organic/coffee_tea_bags/00-staple-free-tea-bags-product-images-orvuii2bcls-p591403149-0-202205171557.png,00-staple-free-tea-bags-product-images-orvuii2bcls-p591403149-0-202205171557.png,.png,stage4_standardized,ImageNet,0.485,0.456,0.406,0.229,0.224,0.225,224x224,RGB,VALIDATED
Organic/coffee_tea_bags/016_2a2d9b08-8e22-428e-be37-585f08a246dc_2700x.png,016_2a2d9b08-8e22-428e-be37-585f08a246dc_2700x.png,.png,stage4_standardized,ImageNet,0.485,0.456,0.406,0.229,0.224,0.225,224x224,RGB,VALIDATED
Organic/coffee_tea_bags/1-Coffee1BC-6.png,1-Coffee1BC-6.png,.png,stage4_standardized,ImageNet,0.485,0.456,0.406,0.229,0.224,0.225,224x224,RGB,VALIDATED
Organic/coffee_tea_bags/1-elaichi-tea-blended-with-100-natural-ground-1kg-1-pouch-original-imagpgyq39ssnd4s.png,1-elaichi-tea-blended-with-100-natural-ground-1kg-1-pouch-original-imagpgyq39ssnd4s.png,.png,stage4_standardized,ImageNet,0.485,0.456,0.406,0.229,0.224,0.225,224x224,RGB,VALIDATED
Organic/coffee_tea_bags/100-drip-coffee-bags-with-100-pure-arabica-coffee-powder-roast-original-imagbanvzakf9tcq.png,100-drip-coffee-bags-with-100-pure-arabica-coffee-powder-roast-original-imagbanvzakf9tcq.png,.png,stage4_standardized,ImageNet,0.485,0.456,0.406,0.229,0.224,0.225,224x224,RGB,VALIDATED
Organic/coffee_tea_bags/100-garcinia-cinnamon-arabica-green-coffee-coffee-beans-box-original-imagfyuvbhn6jghf.png,100-garcinia-cinnamon-arabica-green-coffee-coffee-beans-box-original-imagfyuvbhn6jghf.png,.png,stage4_standardized,ImageNet,0.485,0.456,0.406,0.229,0.224,0.225,224x224,RGB,VALIDATED
Organic/coffee_tea_bags/1000_F_303302310_FaotLOxeKozxXv11SZlhdiP30DhhTOIZ.png,1000_F_303302310_FaotLOxeKozxXv11SZlhdiP30DhhTOIZ.png,.png,stage4_standardized,ImageNet,0.485,0.456,0.406,0.229,0.224,0.225,224x224,RGB,VALIDATED
Organic/coffee_tea_bags/1000_F_607272060_auiUJOv4BIAP91ux7qJz74i3JAKbLegc.png,1000_F_607272060_auiUJOv4BIAP91ux7qJz74i3JAKbLegc.png,.png,stage4_standardized,ImageNet,0.485,0.456,0.406,0.229,0.224,0.225,224x224,RGB,VALIDATED
Organic/coffee_tea_bags/11856-01-Roasted-Chicory-Root-Powder-250g-1.png,11856-01-Roasted-Chicory-Root-Powder-250g-1.png,.png,stage4_standardized,ImageNet,0.485,0.456,0.406,0.229,0.224,0.225,224x224,RGB,VALIDATED
Organic/coffee_tea_bags/1200px-Latte_and_dark_coffee.png,1200px-Latte_and_dark_coffee.png,.png,stage4_standardized,ImageNet,0.485,0.456,0.406,0.229,0.224,0.225,224x224,RGB,VALIDATED
Organic/coffee_tea_bags/13-Best-Coffee-Powders-In-India-2021.png,13-Best-Coffee-Powders-In-India-2021.png,.png,stage4_standardized,ImageNet,0.485,0.456,0.406,0.229,0.224,0.225,224x224,RGB,VALIDATED
Organic/coffee_tea_bags/154947875.wildland.packaging.png,154947875.wildland.packaging.png,.png,stage4_standardized,ImageNet,0.485,0.456,0.406,0.229,0.224,0.225,224x224,RGB,VALIDATED
Organic/coffee_tea_bags/1JqctqHKmoMeugSMxsSKhpg.png,1JqctqHKmoMeugSMxsSKhpg.png,.png,stage4_standardized,ImageNet,0.485,0.456,0.406,0.229,0.224,0.225,224x224,RGB,VALIDATED
Organic/coffee_tea_bags/1_3__2.png,1_3__2.png,.png,stage4_standardized,ImageNet,0.485,0.456,0.406,0.229,0.224,0.225,224x224,RGB,VALIDATED
Organic/coffee_tea_bags/2013-03-05-08.51.26.png,2013-03-05-08.51.26.png,.png,stage4_standardized,ImageNet,0.485,0.456,0.406,0.229,0.224,0.225,224x224,RGB,VALIDATED
Organic/coffee_tea_bags/225-green-coffee-beans-powder-225-g-with-lemongrass-ginger-green-original-imafbh9ygzhgqh82.png,225-green-coffee-beans-powder-225-g-with-lemongrass-ginger-green-original-imafbh9ygzhgqh82.png,.png,stage4_standardized,ImageNet,0.485,0.456,0.406,0.229,0.224,0.225,224x224,RGB,VALIDATED
Organic/coffee_tea_bags/239869-coffee.png,239869-coffee.png,.png,stage4_standardized,ImageNet,0.485,0.456,0.406,0.229,0.224,0.225,224x224,RGB,VALIDATED
Organic/coffee_tea_bags/23_1200x1200.png,23_1200x1200.png,.png,stage4_standardized,ImageNet,0.485,0.456,0.406,0.229,0.224,0.225,224x224,RGB,VALIDATED
Organic/coffee_tea_bags/250-kerala-fresh-coffee-beans-powder-blended-with-chicory-80-20-original-imag9rfchctuww9g.png,250-kerala-fresh-coffee-beans-powder-blended-with-chicory-80-20-original-imag9rfchctuww9g.png,.png,stage4_standardized,ImageNet,0.485,0.456,0.406,0.229,0.224,0.225,224x224,RGB,VALIDATED
Organic/coffee_tea_bags/27r-used-coffee-grounds-1024x600.png,27r-used-coffee-grounds-1024x600.png,.png,stage4_standardized,ImageNet,0.485,0.456,0.406,0.229,0.224,0.225,224x224,RGB,VALIDATED
Organic/coffee_tea_bags/3_b1846eaf-f53b-47b7-aec2-e163cf50171f_480x480.png,3_b1846eaf-f53b-47b7-aec2-e163cf50171f_480x480.png,.png,stage4_standardized,ImageNet,0.485,0.456,0.406,0.229,0.224,0.225,224x224,RGB,VALIDATED
Organic/coffee_tea_bags/3_d72a8c69-d0f8-4ace-9ca1-792ed274da2e_1024x.png,3_d72a8c69-d0f8-4ace-9ca1-792ed274da2e_1024x.png,.png,stage4_standardized,ImageNet,0.485,0.456,0.406,0.229,0.224,0.225,224x224,RGB,VALIDATED
Organic/coffee_tea_bags/41F0KiwPjPL._AC_UF10001000_QL80_.png,41F0KiwPjPL._AC_UF10001000_QL80_.png,.png,stage4_standardized,ImageNet,0.485,0.456,0.406,0.229,0.224,0.225,224x224,RGB,VALIDATED
Organic/coffee_tea_bags/440-jaggery-hot-coffee-440gm-box-box-1-coffee-beans-foodia-original-imagmqtcjstu7ngm.png,440-jaggery-hot-coffee-440gm-box-box-1-coffee-beans-foodia-original-imagmqtcjstu7ngm.png,.png,stage4_standardized,ImageNet,0.485,0.456,0.406,0.229,0.224,0.225,224x224,RGB,VALIDATED
Organic/coffee_tea_bags/4x12-Coffee-Sampler-LG_1024x1024.png,4x12-Coffee-Sampler-LG_1024x1024.png,.png,stage4_standardized,ImageNet,0.485,0.456,0.406,0.229,0.224,0.225,224x224,RGB,VALIDATED
Organic/coffee_tea_bags/5_327d531b-bc9d-43a7-b3b9-2db3c568ae2a_480x480.png,5_327d531b-bc9d-43a7-b3b9-2db3c568ae2a_480x480.png,.png,stage4_standardized,ImageNet,0.485,0.456,0.406,0.229,0.224,0.225,224x224,RGB,VALIDATED
Organic/coffee_tea_bags/61N5Zw-CwkL._AC_UF10001000_QL80_.png,61N5Zw-CwkL._AC_UF10001000_QL80_.png,.png,stage4_standardized,ImageNet,0.485,0.456,0.406,0.229,0.224,0.225,224x224,RGB,VALIDATED
Organic/coffee_tea_bags/634e56bb6131e628c47a9d26-coffee-tea-bags-single-serve-premium.png,634e56bb6131e628c47a9d26-coffee-tea-bags-single-serve-premium.png,.png,stage4_standardized,ImageNet,0.485,0.456,0.406,0.229,0.224,0.225,224x224,RGB,VALIDATED
Organic/coffee_tea_bags/640px-TEDxAMS2011_044.JPG.png,640px-TEDxAMS2011_044.JPG.png,.png,stage4_standardized,ImageNet,0.485,0.456,0.406,0.229,0.224,0.225,224x224,RGB,VALIDATED
Organic/coffee_tea_bags/6431022e1d17017586242883-sumdirect-disposable-tea-filter-bags.png,6431022e1d17017586242883-sumdirect-disposable-tea-filter-bags.png,.png,stage4_standardized,ImageNet,0.485,0.456,0.406,0.229,0.224,0.225,224x224,RGB,VALIDATED
Organic/coffee_tea_bags/64401cc749bcb9512376a828-colonial-coffee-packets-pre-ground.png,64401cc749bcb9512376a828-colonial-coffee-packets-pre-ground.png,.png,stage4_standardized,ImageNet,0.485,0.456,0.406,0.229,0.224,0.225,224x224,RGB,VALIDATED
Organic/coffee_tea_bags/68345197.png,68345197.png,.png,stage4_standardized,ImageNet,0.485,0.456,0.406,0.229,0.224,0.225,224x224,RGB,VALIDATED
Organic/coffee_tea_bags/6_e1bf33f9-cb52-45ad-a2e4-8ff8b2f6dd6d_1800x.png,6_e1bf33f9-cb52-45ad-a2e4-8ff8b2f6dd6d_1800x.png,.png,stage4_standardized,ImageNet,0.485,0.456,0.406,0.229,0.224,0.225,224x224,RGB,VALIDATED
Organic/coffee_tea_bags/71KmHGsjAQL._AC_UF10001000_QL80_.png,71KmHGsjAQL._AC_UF10001000_QL80_.png,.png,stage4_standardized,ImageNet,0.485,0.456,0.406,0.229,0.224,0.225,224x224,RGB,VALIDATED
Organic/coffee_tea_bags/71KmHGsjAQL.png,71KmHGsjAQL.png,.png,stage4_standardized,ImageNet,0.485,0.456,0.406,0.229,0.224,0.225,224x224,RGB,VALIDATED
Organic/coffee_tea_bags/71RkAXGxqL._AC_UF10001000_QL80_.png,71RkAXGxqL._AC_UF10001000_QL80_.png,.png,stage4_standardized,ImageNet,0.485,0.456,0.406,0.229,0.224,0.225,224x224,RGB,VALIDATED
Organic/coffee_tea_bags/71VjiXtBQ4L._AC_UF8941000_QL80_.png,71VjiXtBQ4L._AC_UF8941000_QL80_.png,.png,stage4_standardized,ImageNet,0.485,0.456,0.406,0.229,0.224,0.225,224x224,RGB,VALIDATED
Organic/coffee_tea_bags/71zKEKtQfL.png,71zKEKtQfL.png,.png,stage4_standardized,ImageNet,0.485,0.456,0.406,0.229,0.224,0.225,224x224,RGB,VALIDATED
Organic/coffee_tea_bags/7ef3ae48cc20439dbee2d1326eb6b417.png,7ef3ae48cc20439dbee2d1326eb6b417.png,.png,stage4_standardized,ImageNet,0.485,0.456,0.406,0.229,0.224,0.225,224x224,RGB,VALIDATED
Organic/coffee_tea_bags/81T4CniZrgL._AC_UF10001000_QL80_.png,81T4CniZrgL._AC_UF10001000_QL80_.png,.png,stage4_standardized,ImageNet,0.485,0.456,0.406,0.229,0.224,0.225,224x224,RGB,VALIDATED
Organic/coffee_tea_bags/8906088701667_2_533x.png,8906088701667_2_533x.png,.png,stage4_standardized,ImageNet,0.485,0.456,0.406,0.229,0.224,0.225,224x224,RGB,VALIDATED
Organic/coffee_tea_bags/CA4A5068_1000x1000.png,CA4A5068_1000x1000.png,.png,stage4_standardized,ImageNet,0.485,0.456,0.406,0.229,0.224,0.225,224x224,RGB,VALIDATED
Organic/coffee_tea_bags/CA4A5069b_300x.png,CA4A5069b_300x.png,.png,stage4_standardized,ImageNet,0.485,0.456,0.406,0.229,0.224,0.225,224x224,RGB,VALIDATED
Organic/coffee_tea_bags/CCC-PDP-GrabBag-CoffeeAndTea--White_1400x.png,CCC-PDP-GrabBag-CoffeeAndTea--White_1400x.png,.png,stage4_standardized,ImageNet,0.485,0.456,0.406,0.229,0.224,0.225,224x224,RGB,VALIDATED
Organic/coffee_tea_bags/Cinnamon_4_1080x.png,Cinnamon_4_1080x.png,.png,stage4_standardized,ImageNet,0.485,0.456,0.406,0.229,0.224,0.225,224x224,RGB,VALIDATED
Organic/coffee_tea_bags/Coffee-and-tea-bags_Shutterstock_Jouke-van-Keulen.png,Coffee-and-tea-bags_Shutterstock_Jouke-van-Keulen.png,.png,stage4_standardized,ImageNet,0.485,0.456,0.406,0.229,0.224,0.225,224x224,RGB,VALIDATED
Organic/coffee_tea_bags/CoffeeBeans_1024x.png,CoffeeBeans_1024x.png,.png,stage4_standardized,ImageNet,0.485,0.456,0.406,0.229,0.224,0.225,224x224,RGB,VALIDATED
Organic/coffee_tea_bags/Coffee_TeaBags_RGB_2.png,Coffee_TeaBags_RGB_2.png,.png,stage4_standardized,ImageNet,0.485,0.456,0.406,0.229,0.224,0.225,224x224,RGB,VALIDATED
Organic/coffee_tea_bags/Cool20facts20about20Tea2028629.png,Cool20facts20about20Tea2028629.png,.png,stage4_standardized,ImageNet,0.485,0.456,0.406,0.229,0.224,0.225,224x224,RGB,VALIDATED
Organic/coffee_tea_bags/Dip-Bag-01-600x600.png,Dip-Bag-01-600x600.png,.png,stage4_standardized,ImageNet,0.485,0.456,0.406,0.229,0.224,0.225,224x224,RGB,VALIDATED
Organic/coffee_tea_bags/EwRibzWW8AMwyeP.png,EwRibzWW8AMwyeP.png,.png,stage4_standardized,ImageNet,0.485,0.456,0.406,0.229,0.224,0.225,224x224,RGB,VALIDATED
Organic/coffee_tea_bags/FUR.TEA.107739981_1672739541471.png,FUR.TEA.107739981_1672739541471.png,.png,stage4_standardized,ImageNet,0.485,0.456,0.406,0.229,0.224,0.225,224x224,RGB,VALIDATED
Organic/coffee_tea_bags/FUR.TEA.27739890_1672739478453.png,FUR.TEA.27739890_1672739478453.png,.png,stage4_standardized,ImageNet,0.485,0.456,0.406,0.229,0.224,0.225,224x224,RGB,VALIDATED
Organic/coffee_tea_bags/FUR.TEA.27739890_1672739479680.png,FUR.TEA.27739890_1672739479680.png,.png,stage4_standardized,ImageNet,0.485,0.456,0.406,0.229,0.224,0.225,224x224,RGB,VALIDATED
Organic/coffee_tea_bags/FUR.TEA.47739945_1672739470040.png,FUR.TEA.47739945_1672739470040.png,.png,stage4_standardized,ImageNet,0.485,0.456,0.406,0.229,0.224,0.225,224x224,RGB,VALIDATED
Organic/coffee_tea_bags/FUR.TEA.97739955_1672739528138.png,FUR.TEA.97739955_1672739528138.png,.png,stage4_standardized,ImageNet,0.485,0.456,0.406,0.229,0.224,0.225,224x224,RGB,VALIDATED
Organic/coffee_tea_bags/GlobalSeriesLiquidCoffeeBrews-ArabicCardamom-TrialImage_1200x1200.png,GlobalSeriesLiquidCoffeeBrews-ArabicCardamom-TrialImage_1200x1200.png,.png,stage4_standardized,ImageNet,0.485,0.456,0.406,0.229,0.224,0.225,224x224,RGB,VALIDATED
Organic/coffee_tea_bags/Green-Beans-Coffee-2.png,Green-Beans-Coffee-2.png,.png,stage4_standardized,ImageNet,0.485,0.456,0.406,0.229,0.224,0.225,224x224,RGB,VALIDATED
Organic/coffee_tea_bags/Green-Coffee-Bags.png,Green-Coffee-Bags.png,.png,stage4_standardized,ImageNet,0.485,0.456,0.406,0.229,0.224,0.225,224x224,RGB,VALIDATED
Organic/coffee_tea_bags/Green-Coffee-Green-Tea-Bags-SDL352859297-1-9e4d7.png,Green-Coffee-Green-Tea-Bags-SDL352859297-1-9e4d7.png,.png,stage4_standardized,ImageNet,0.485,0.456,0.406,0.229,0.224,0.225,224x224,RGB,VALIDATED
Organic/coffee_tea_bags/Green-Coffee.png,Green-Coffee.png,.png,stage4_standardized,ImageNet,0.485,0.456,0.406,0.229,0.224,0.225,224x224,RGB,VALIDATED
Organic/coffee_tea_bags/Green-Zipper-15-Tea-Bags-500x500.png,Green-Zipper-15-Tea-Bags-500x500.png,.png,stage4_standardized,ImageNet,0.485,0.456,0.406,0.229,0.224,0.225,224x224,RGB,VALIDATED
Organic/coffee_tea_bags/Hugo-Coffee-Tea-bags.png,Hugo-Coffee-Tea-bags.png,.png,stage4_standardized,ImageNet,0.485,0.456,0.406,0.229,0.224,0.225,224x224,RGB,VALIDATED
Organic/coffee_tea_bags/IMG_20210615_140202_1_99c77e7f-6033-43bd-b5d6-bac37c2cb86b_1024x.png,IMG_20210615_140202_1_99c77e7f-6033-43bd-b5d6-bac37c2cb86b_1024x.png,.png,stage4_standardized,ImageNet,0.485,0.456,0.406,0.229,0.224,0.225,224x224,RGB,VALIDATED
Organic/coffee_tea_bags/IMG_7701.JPG.png,IMG_7701.JPG.png,.png,stage4_standardized,ImageNet,0.485,0.456,0.406,0.229,0.224,0.225,224x224,RGB,VALIDATED
Organic/coffee_tea_bags/IMG_7747.JPG.png,IMG_7747.JPG.png,.png,stage4_standardized,ImageNet,0.485,0.456,0.406,0.229,0.224,0.225,224x224,RGB,VALIDATED
Organic/coffee_tea_bags/Indian_coffee_beans.png,Indian_coffee_beans.png,.png,stage4_standardized,ImageNet,0.485,0.456,0.406,0.229,0.224,0.225,224x224,RGB,VALIDATED
Organic/coffee_tea_bags/Kilimanjaro-Tanzania-Roasted-Coffee-Beans-_2_1200x.png,Kilimanjaro-Tanzania-Roasted-Coffee-Beans-_2_1200x.png,.png,stage4_standardized,ImageNet,0.485,0.456,0.406,0.229,0.224,0.225,224x224,RGB,VALIDATED
Organic/coffee_tea_bags/LaurenElliePhoto-04001_06e128bc-2494-45da-8b95-d58055a1b85d_600x.png,LaurenElliePhoto-04001_06e128bc-2494-45da-8b95-d58055a1b85d_600x.png,.png,stage4_standardized,ImageNet,0.485,0.456,0.406,0.229,0.224,0.225,224x224,RGB,VALIDATED
Organic/coffee_tea_bags/MP000000016744408_658Wx734H_202303032000391.png,MP000000016744408_658Wx734H_202303032000391.png,.png,stage4_standardized,ImageNet,0.485,0.456,0.406,0.229,0.224,0.225,224x224,RGB,VALIDATED
Organic/coffee_tea_bags/Maplenut-Large.png,Maplenut-Large.png,.png,stage4_standardized,ImageNet,0.485,0.456,0.406,0.229,0.224,0.225,224x224,RGB,VALIDATED
Organic/coffee_tea_bags/Masala-Chai-Tin-Can-_200gm.png,Masala-Chai-Tin-Can-_200gm.png,.png,stage4_standardized,ImageNet,0.485,0.456,0.406,0.229,0.224,0.225,224x224,RGB,VALIDATED
Organic/coffee_tea_bags/Naivo-Craft-Coffee-With-Coffee-Brewing-Equipment.png,Naivo-Craft-Coffee-With-Coffee-Brewing-Equipment.png,.png,stage4_standardized,ImageNet,0.485,0.456,0.406,0.229,0.224,0.225,224x224,RGB,VALIDATED
Organic/coffee_tea_bags/PS_ImmunityBoost_Pack-MockUp-with-Teabag_FRONT_600x.png,PS_ImmunityBoost_Pack-MockUp-with-Teabag_FRONT_600x.png,.png,stage4_standardized,ImageNet,0.485,0.456,0.406,0.229,0.224,0.225,224x224,RGB,VALIDATED
Organic/coffee_tea_bags/Progetto-senza-titolo.png,Progetto-senza-titolo.png,.png,stage4_standardized,ImageNet,0.485,0.456,0.406,0.229,0.224,0.225,224x224,RGB,VALIDATED
Organic/coffee_tea_bags/RealCoffeeBag-2-1024x768.png,RealCoffeeBag-2-1024x768.png,.png,stage4_standardized,ImageNet,0.485,0.456,0.406,0.229,0.224,0.225,224x224,RGB,VALIDATED
Organic/coffee_tea_bags/S7e1e604f3d034f399a52858e8be639dfQ.png,S7e1e604f3d034f399a52858e8be639dfQ.png,.png,stage4_standardized,ImageNet,0.485,0.456,0.406,0.229,0.224,0.225,224x224,RGB,VALIDATED
Organic/coffee_tea_bags/Steeped-Coffee-01-hero-sub-1170x780.png,Steeped-Coffee-01-hero-sub-1170x780.png,.png,stage4_standardized,ImageNet,0.485,0.456,0.406,0.229,0.224,0.225,224x224,RGB,VALIDATED
Organic/coffee_tea_bags/TRYOURFLAVOURSslides_0_1badd587-e728-4880-af9d-0751df69b9f4_1500x.png,TRYOURFLAVOURSslides_0_1badd587-e728-4880-af9d-0751df69b9f4_1500x.png,.png,stage4_standardized,ImageNet,0.485,0.456,0.406,0.229,0.224,0.225,224x224,RGB,VALIDATED
Organic/coffee_tea_bags/Tassyam-Ground-Coffee-150-gm-SDL893659180-1-dc5dd.png,Tassyam-Ground-Coffee-150-gm-SDL893659180-1-dc5dd.png,.png,stage4_standardized,ImageNet,0.485,0.456,0.406,0.229,0.224,0.225,224x224,RGB,VALIDATED
Organic/coffee_tea_bags/Teabags-and-coffee-grounds.png,Teabags-and-coffee-grounds.png,.png,stage4_standardized,ImageNet,0.485,0.456,0.406,0.229,0.224,0.225,224x224,RGB,VALIDATED
Organic/coffee_tea_bags/Teabags20and20coffee20filter20with20ground20coffee.png,Teabags20and20coffee20filter20with20ground20coffee.png,.png,stage4_standardized,ImageNet,0.485,0.456,0.406,0.229,0.224,0.225,224x224,RGB,VALIDATED
Organic/coffee_tea_bags/Top-5-Coffee-Producing-States-In-India.png,Top-5-Coffee-Producing-States-In-India.png,.png,stage4_standardized,ImageNet,0.485,0.456,0.406,0.229,0.224,0.225,224x224,RGB,VALIDATED
Organic/coffee_tea_bags/Tropical_1800x.png,Tropical_1800x.png,.png,stage4_standardized,ImageNet,0.485,0.456,0.406,0.229,0.224,0.225,224x224,RGB,VALIDATED
Organic/coffee_tea_bags/Types-Of-Coffee-Packaging.png,Types-Of-Coffee-Packaging.png,.png,stage4_standardized,ImageNet,0.485,0.456,0.406,0.229,0.224,0.225,224x224,RGB,VALIDATED
Organic/coffee_tea_bags/VOTHxV2Bgg.png,VOTHxV2Bgg.png,.png,stage4_standardized,ImageNet,0.485,0.456,0.406,0.229,0.224,0.225,224x224,RGB,VALIDATED
Organic/coffee_tea_bags/VksIbFlMs_orig_1080x1440_crop_center.png,VksIbFlMs_orig_1080x1440_crop_center.png,.png,stage4_standardized,ImageNet,0.485,0.456,0.406,0.229,0.224,0.225,224x224,RGB,VALIDATED
Organic/coffee_tea_bags/White-Chocolate-Covered-Cappuccino-Coffee-Beans-2.png,White-Chocolate-Covered-Cappuccino-Coffee-Beans-2.png,.png,stage4_standardized,ImageNet,0.485,0.456,0.406,0.229,0.224,0.225,224x224,RGB,VALIDATED
Organic/coffee_tea_bags/WildlandCoffee-2.png,WildlandCoffee-2.png,.png,stage4_standardized,ImageNet,0.485,0.456,0.406,0.229,0.224,0.225,224x224,RGB,VALIDATED
Organic/coffee_tea_bags/Woman-Cooking-Onions-478x308.png,Woman-Cooking-Onions-478x308.png,.png,stage4_standardized,ImageNet,0.485,0.456,0.406,0.229,0.224,0.225,224x224,RGB,VALIDATED
Organic/coffee_tea_bags/a82ae4de-f25b-45c9-a0dd-5a32a4de43af_425x425.png,a82ae4de-f25b-45c9-a0dd-5a32a4de43af_425x425.png,.png,stage4_standardized,ImageNet,0.485,0.456,0.406,0.229,0.224,0.225,224x224,RGB,VALIDATED
Organic/coffee_tea_bags/apple-tea.png,apple-tea.png,.png,stage4_standardized,ImageNet,0.485,0.456,0.406,0.229,0.224,0.225,224x224,RGB,VALIDATED
Organic/coffee_tea_bags/arabica-green-coffee-beans-500x500.png,arabica-green-coffee-beans-500x500.png,.png,stage4_standardized,ImageNet,0.485,0.456,0.406,0.229,0.224,0.225,224x224,RGB,VALIDATED
Organic/coffee_tea_bags/beans.png,beans.png,.png,stage4_standardized,ImageNet,0.485,0.456,0.406,0.229,0.224,0.225,224x224,RGB,VALIDATED
Organic/coffee_tea_bags/benefits-for-the-body.png,benefits-for-the-body.png,.png,stage4_standardized,ImageNet,0.485,0.456,0.406,0.229,0.224,0.225,224x224,RGB,VALIDATED
Organic/coffee_tea_bags/big_coffee_indian_style_instant_coffee-16457.png,big_coffee_indian_style_instant_coffee-16457.png,.png,stage4_standardized,ImageNet,0.485,0.456,0.406,0.229,0.224,0.225,224x224,RGB,VALIDATED
Organic/coffee_tea_bags/coffe-1.jpg.png,coffe-1.jpg.png,.png,stage4_standardized,ImageNet,0.485,0.456,0.406,0.229,0.224,0.225,224x224,RGB,VALIDATED
Organic/coffee_tea_bags/coffe-hyper-Are-there-Coffee-Bags-Like-Tea-Bags.png,coffe-hyper-Are-there-Coffee-Bags-Like-Tea-Bags.png,.png,stage4_standardized,ImageNet,0.485,0.456,0.406,0.229,0.224,0.225,224x224,RGB,VALIDATED
Organic/coffee_tea_bags/coffee-620_620x350_51476691798.png,coffee-620_620x350_51476691798.png,.png,stage4_standardized,ImageNet,0.485,0.456,0.406,0.229,0.224,0.225,224x224,RGB,VALIDATED
Organic/coffee_tea_bags/coffee-and-tea-picture_csp1572201.png,coffee-and-tea-picture_csp1572201.png,.png,stage4_standardized,ImageNet,0.485,0.456,0.406,0.229,0.224,0.225,224x224,RGB,VALIDATED
Organic/coffee_tea_bags/coffee-beans-leaf-tea-packed-paper-bag-storage-mockup-white-tag-logo_616001-3365.png,coffee-beans-leaf-tea-packed-paper-bag-storage-mockup-white-tag-logo_616001-3365.png,.png,stage4_standardized,ImageNet,0.485,0.456,0.406,0.229,0.224,0.225,224x224,RGB,VALIDATED
Organic/coffee_tea_bags/coffee-beans-near-sack-tea-set-box-sugar-sackcloth_23-2148180210.png,coffee-beans-near-sack-tea-set-box-sugar-sackcloth_23-2148180210.png,.png,stage4_standardized,ImageNet,0.485,0.456,0.406,0.229,0.224,0.225,224x224,RGB,VALIDATED
Organic/coffee_tea_bags/coffee-beans-tea-leaves-storage-beans.png,coffee-beans-tea-leaves-storage-beans.png,.png,stage4_standardized,ImageNet,0.485,0.456,0.406,0.229,0.224,0.225,224x224,RGB,VALIDATED
Organic/coffee_tea_bags/coffee-dip-bag.png,coffee-dip-bag.png,.png,stage4_standardized,ImageNet,0.485,0.456,0.406,0.229,0.224,0.225,224x224,RGB,VALIDATED
Organic/coffee_tea_bags/coffee-grounds-and-tea-bags.png,coffee-grounds-and-tea-bags.png,.png,stage4_standardized,ImageNet,0.485,0.456,0.406,0.229,0.224,0.225,224x224,RGB,VALIDATED
Organic/coffee_tea_bags/coffee-grounds.png,coffee-grounds.png,.png,stage4_standardized,ImageNet,0.485,0.456,0.406,0.229,0.224,0.225,224x224,RGB,VALIDATED
Organic/coffee_tea_bags/coffee-tea-bags.png,coffee-tea-bags.png,.png,stage4_standardized,ImageNet,0.485,0.456,0.406,0.229,0.224,0.225,224x224,RGB,VALIDATED
Organic/coffee_tea_bags/coffee_beans_and_tea_bag_1429728262.png,coffee_beans_and_tea_bag_1429728262.png,.png,stage4_standardized,ImageNet,0.485,0.456,0.406,0.229,0.224,0.225,224x224,RGB,VALIDATED
Organic/coffee_tea_bags/coffee_tea_bags.png,coffee_tea_bags.png,.png,stage4_standardized,ImageNet,0.485,0.456,0.406,0.229,0.224,0.225,224x224,RGB,VALIDATED
Organic/coffee_tea_bags/composting-teabag.png,composting-teabag.png,.png,stage4_standardized,ImageNet,0.485,0.456,0.406,0.229,0.224,0.225,224x224,RGB,VALIDATED
Organic/coffee_tea_bags/creme-brulee-coffee-12oz-ground_900x.png,creme-brulee-coffee-12oz-ground_900x.png,.png,stage4_standardized,ImageNet,0.485,0.456,0.406,0.229,0.224,0.225,224x224,RGB,VALIDATED
Organic/coffee_tea_bags/cup-coffee-coffee-beans_164008-356.png,cup-coffee-coffee-beans_164008-356.png,.png,stage4_standardized,ImageNet,0.485,0.456,0.406,0.229,0.224,0.225,224x224,RGB,VALIDATED
Organic/coffee_tea_bags/e-beans-freshly-roasted-product-images-orvzzb1wjpv-p596853334-0-202307051943.png,e-beans-freshly-roasted-product-images-orvzzb1wjpv-p596853334-0-202307051943.png,.png,stage4_standardized,ImageNet,0.485,0.456,0.406,0.229,0.224,0.225,224x224,RGB,VALIDATED
Organic/coffee_tea_bags/e0061fc43da23a9fd481dd16aa2bbdda.png,e0061fc43da23a9fd481dd16aa2bbdda.png,.png,stage4_standardized,ImageNet,0.485,0.456,0.406,0.229,0.224,0.225,224x224,RGB,VALIDATED
Organic/coffee_tea_bags/e775f7fd372e414b924fcad3a829dd08.png,e775f7fd372e414b924fcad3a829dd08.png,.png,stage4_standardized,ImageNet,0.485,0.456,0.406,0.229,0.224,0.225,224x224,RGB,VALIDATED
Organic/coffee_tea_bags/easy-disposable-drip-bag-coffee-tea-bags-ground-173299325.png,easy-disposable-drip-bag-coffee-tea-bags-ground-173299325.png,.png,stage4_standardized,ImageNet,0.485,0.456,0.406,0.229,0.224,0.225,224x224,RGB,VALIDATED
Organic/coffee_tea_bags/easy-disposable-drip-bag-coffee-tea-bags-ground-173299335.png,easy-disposable-drip-bag-coffee-tea-bags-ground-173299335.png,.png,stage4_standardized,ImageNet,0.485,0.456,0.406,0.229,0.224,0.225,224x224,RGB,VALIDATED
Organic/coffee_tea_bags/ee-beans-turkish-coffee-pot-cartoon-illustrations-set-for-coffee-shop-vector.png,ee-beans-turkish-coffee-pot-cartoon-illustrations-set-for-coffee-shop-vector.png,.png,stage4_standardized,ImageNet,0.485,0.456,0.406,0.229,0.224,0.225,224x224,RGB,VALIDATED
Organic/coffee_tea_bags/ee38ee68adac618a6aa7dd4be54ce525.png,ee38ee68adac618a6aa7dd4be54ce525.png,.png,stage4_standardized,ImageNet,0.485,0.456,0.406,0.229,0.224,0.225,224x224,RGB,VALIDATED
Organic/coffee_tea_bags/gardening_website_350x2x.png,gardening_website_350x2x.png,.png,stage4_standardized,ImageNet,0.485,0.456,0.406,0.229,0.224,0.225,224x224,RGB,VALIDATED
Organic/coffee_tea_bags/green-bin-coffee-tea-bags-1500x1917px.png,green-bin-coffee-tea-bags-1500x1917px.png,.png,stage4_standardized,ImageNet,0.485,0.456,0.406,0.229,0.224,0.225,224x224,RGB,VALIDATED
Organic/coffee_tea_bags/green-tea-for-weight-loss-8.png,green-tea-for-weight-loss-8.png,.png,stage4_standardized,ImageNet,0.485,0.456,0.406,0.229,0.224,0.225,224x224,RGB,VALIDATED
Organic/coffee_tea_bags/ground-coffee-tea-bag-isolated-white-background-33941609.png,ground-coffee-tea-bag-isolated-white-background-33941609.png,.png,stage4_standardized,ImageNet,0.485,0.456,0.406,0.229,0.224,0.225,224x224,RGB,VALIDATED
Organic/coffee_tea_bags/group2F7162Fmenu2F111220_1.png,group2F7162Fmenu2F111220_1.png,.png,stage4_standardized,ImageNet,0.485,0.456,0.406,0.229,0.224,0.225,224x224,RGB,VALIDATED
Organic/coffee_tea_bags/hd_panduranga_coffee_900x_afac79ed-a644-49e3-8145-f6b8f7caf3ad.png,hd_panduranga_coffee_900x_afac79ed-a644-49e3-8145-f6b8f7caf3ad.png,.png,stage4_standardized,ImageNet,0.485,0.456,0.406,0.229,0.224,0.225,224x224,RGB,VALIDATED
Organic/coffee_tea_bags/il_570xN.2192109093_s5rf.png,il_570xN.2192109093_s5rf.png,.png,stage4_standardized,ImageNet,0.485,0.456,0.406,0.229,0.224,0.225,224x224,RGB,VALIDATED
Organic/coffee_tea_bags/l-against-white-background-concept-composting-eco-friendly-recycling-2BEXG0J.png,l-against-white-background-concept-composting-eco-friendly-recycling-2BEXG0J.png,.png,stage4_standardized,ImageNet,0.485,0.456,0.406,0.229,0.224,0.225,224x224,RGB,VALIDATED
Organic/coffee_tea_bags/main-qimg-54e341d2fe11ce073c93be5f450cee44.png,main-qimg-54e341d2fe11ce073c93be5f450cee44.png,.png,stage4_standardized,ImageNet,0.485,0.456,0.406,0.229,0.224,0.225,224x224,RGB,VALIDATED
Organic/coffee_tea_bags/moringa-dip-bags-500x500.png,moringa-dip-bags-500x500.png,.png,stage4_standardized,ImageNet,0.485,0.456,0.406,0.229,0.224,0.225,224x224,RGB,VALIDATED
Organic/coffee_tea_bags/mysore-nuggets-405586_595x.png,mysore-nuggets-405586_595x.png,.png,stage4_standardized,ImageNet,0.485,0.456,0.406,0.229,0.224,0.225,224x224,RGB,VALIDATED
Organic/coffee_tea_bags/open-bags-and-collect-tea-leaves-for-composting.png,open-bags-and-collect-tea-leaves-for-composting.png,.png,stage4_standardized,ImageNet,0.485,0.456,0.406,0.229,0.224,0.225,224x224,RGB,VALIDATED
Organic/coffee_tea_bags/p-glass-jars-with-tea-bags-and-paper-bags-with-coffee-beans-on-shelves-toned.png,p-glass-jars-with-tea-bags-and-paper-bags-with-coffee-beans-on-shelves-toned.png,.png,stage4_standardized,ImageNet,0.485,0.456,0.406,0.229,0.224,0.225,224x224,RGB,VALIDATED
Organic/coffee_tea_bags/pices-in-glass-armudu-with-coffee-beans-and-sugar-on-dark-background-2EW6TH7.png,pices-in-glass-armudu-with-coffee-beans-and-sugar-on-dark-background-2EW6TH7.png,.png,stage4_standardized,ImageNet,0.485,0.456,0.406,0.229,0.224,0.225,224x224,RGB,VALIDATED
Organic/coffee_tea_bags/png-transparent-instant-coffee-espresso-coffee-bag-tea-bag-coffee-food-tea-coffee.png,png-transparent-instant-coffee-espresso-coffee-bag-tea-bag-coffee-food-tea-coffee.png,.png,stage4_standardized,ImageNet,0.485,0.456,0.406,0.229,0.224,0.225,224x224,RGB,VALIDATED
Organic/coffee_tea_bags/post-everything-bread-tea-bags-coffee-grounds-i-even-dump-out-my-old-quote-1.png,post-everything-bread-tea-bags-coffee-grounds-i-even-dump-out-my-old-quote-1.png,.png,stage4_standardized,ImageNet,0.485,0.456,0.406,0.229,0.224,0.225,224x224,RGB,VALIDATED
Organic/coffee_tea_bags/premiumcoffe.png,premiumcoffe.png,.png,stage4_standardized,ImageNet,0.485,0.456,0.406,0.229,0.224,0.225,224x224,RGB,VALIDATED
Organic/coffee_tea_bags/product-jpeg-500x500.png,product-jpeg-500x500.png,.png,stage4_standardized,ImageNet,0.485,0.456,0.406,0.229,0.224,0.225,224x224,RGB,VALIDATED
Organic/coffee_tea_bags/set-cup-of-tea-with-bag-bag-coffee-beans-coffee-vector-46052070.png,set-cup-of-tea-with-bag-bag-coffee-beans-coffee-vector-46052070.png,.png,stage4_standardized,ImageNet,0.485,0.456,0.406,0.229,0.224,0.225,224x224,RGB,VALIDATED
Organic/coffee_tea_bags/set-isometric-line-coffee-beans-cup-tea-with-bag-vector-46606594.png,set-isometric-line-coffee-beans-cup-tea-with-bag-vector-46606594.png,.png,stage4_standardized,ImageNet,0.485,0.456,0.406,0.229,0.224,0.225,224x224,RGB,VALIDATED
Organic/coffee_tea_bags/shutterstock_1976758055.png,shutterstock_1976758055.png,.png,stage4_standardized,ImageNet,0.485,0.456,0.406,0.229,0.224,0.225,224x224,RGB,VALIDATED
Organic/coffee_tea_bags/slider_25.png,slider_25.png,.png,stage4_standardized,ImageNet,0.485,0.456,0.406,0.229,0.224,0.225,224x224,RGB,VALIDATED
Organic/coffee_tea_bags/south-indian-filter-coffee-served-traditional-tumbler-cup-roasted-raw-beans_466689-88216.png,south-indian-filter-coffee-served-traditional-tumbler-cup-roasted-raw-beans_466689-88216.png,.png,stage4_standardized,ImageNet,0.485,0.456,0.406,0.229,0.224,0.225,224x224,RGB,VALIDATED
Organic/coffee_tea_bags/sted-Coffee-Bean-Tea-Bags-for-400g-500g-1kg-Stand-up-Mylar-Zip-Lock-Pouches.png,sted-Coffee-Bean-Tea-Bags-for-400g-500g-1kg-Stand-up-Mylar-Zip-Lock-Pouches.png,.png,stage4_standardized,ImageNet,0.485,0.456,0.406,0.229,0.224,0.225,224x224,RGB,VALIDATED
Organic/coffee_tea_bags/stock-photo-three-tea-bags-lie-on-a-background-of-coffee-beans-2135663021.png,stock-photo-three-tea-bags-lie-on-a-background-of-coffee-beans-2135663021.png,.png,stage4_standardized,ImageNet,0.485,0.456,0.406,0.229,0.224,0.225,224x224,RGB,VALIDATED
Organic/coffee_tea_bags/tea-5174668_1280-e1619903116935.png,tea-5174668_1280-e1619903116935.png,.png,stage4_standardized,ImageNet,0.485,0.456,0.406,0.229,0.224,0.225,224x224,RGB,VALIDATED
Organic/coffee_tea_bags/tea-bag-recycling.png,tea-bag-recycling.png,.png,stage4_standardized,ImageNet,0.485,0.456,0.406,0.229,0.224,0.225,224x224,RGB,VALIDATED
Organic/coffee_tea_bags/tea-bags-and-coffee-beans-DE0A54.png,tea-bags-and-coffee-beans-DE0A54.png,.png,stage4_standardized,ImageNet,0.485,0.456,0.406,0.229,0.224,0.225,224x224,RGB,VALIDATED
Organic/coffee_tea_bags/tea-bags-ready-for-despatch-india-AR828D.png,tea-bags-ready-for-despatch-india-AR828D.png,.png,stage4_standardized,ImageNet,0.485,0.456,0.406,0.229,0.224,0.225,224x224,RGB,VALIDATED
Organic/coffee_tea_bags/tea-morning-green-yellow.png,tea-morning-green-yellow.png,.png,stage4_standardized,ImageNet,0.485,0.456,0.406,0.229,0.224,0.225,224x224,RGB,VALIDATED
Organic/coffee_tea_bags/tea-vector-line-icons-contains-such-icons-as-cup-of-tea-teabags-coffee-beans.png,tea-vector-line-icons-contains-such-icons-as-cup-of-tea-teabags-coffee-beans.png,.png,stage4_standardized,ImageNet,0.485,0.456,0.406,0.229,0.224,0.225,224x224,RGB,VALIDATED
Organic/coffee_tea_bags/teabag.png,teabag.png,.png,stage4_standardized,ImageNet,0.485,0.456,0.406,0.229,0.224,0.225,224x224,RGB,VALIDATED
Organic/coffee_tea_bags/ted-ground-coffee-beans-product-images-orvj6ewaogu-p602294106-1-202306100653.png,ted-ground-coffee-beans-product-images-orvj6ewaogu-p602294106-1-202306100653.png,.png,stage4_standardized,ImageNet,0.485,0.456,0.406,0.229,0.224,0.225,224x224,RGB,VALIDATED
Organic/coffee_tea_bags/th-coffee-beans-top-view-with-shadow-isolated-on-white-background-1839213553.png,th-coffee-beans-top-view-with-shadow-isolated-on-white-background-1839213553.png,.png,stage4_standardized,ImageNet,0.485,0.456,0.406,0.229,0.224,0.225,224x224,RGB,VALIDATED
Organic/coffee_tea_bags/used_teabags_garden_featured.png,used_teabags_garden_featured.png,.png,stage4_standardized,ImageNet,0.485,0.456,0.406,0.229,0.224,0.225,224x224,RGB,VALIDATED
Organic/coffee_tea_bags/zindagi_green_coffee_beans_400_gm_0.png,zindagi_green_coffee_beans_400_gm_0.png,.png,stage4_standardized,ImageNet,0.485,0.456,0.406,0.229,0.224,0.225,224x224,RGB,VALIDATED
Organic/egg_shells/-as-calcium-supplement-popular-asia-india-powder-ground-egg-shells-119970282.png,-as-calcium-supplement-popular-asia-india-powder-ground-egg-shells-119970282.png,.png,stage4_standardized,ImageNet,0.485,0.456,0.406,0.229,0.224,0.225,224x224,RGB,VALIDATED
Organic/egg_shells/-of-the-indian-and-pacific-oceans-an-endangered-species-they-travel-t-M9AFPW.png,-of-the-indian-and-pacific-oceans-an-endangered-species-they-travel-t-M9AFPW.png,.png,stage4_standardized,ImageNet,0.485,0.456,0.406,0.229,0.224,0.225,224x224,RGB,VALIDATED
Organic/egg_shells/-shells-with-warm-water-used-as-a-calcium-supplement-and-popular-in-asia-and.png,-shells-with-warm-water-used-as-a-calcium-supplement-and-popular-in-asia-and.png,.png,stage4_standardized,ImageNet,0.485,0.456,0.406,0.229,0.224,0.225,224x224,RGB,VALIDATED
Organic/egg_shells/001_486_IMG_broken-brown-eggshell-marble-surface.png,001_486_IMG_broken-brown-eggshell-marble-surface.png,.png,stage4_standardized,ImageNet,0.485,0.456,0.406,0.229,0.224,0.225,224x224,RGB,VALIDATED
Organic/egg_shells/1-s2.0-S0950061822018086-ga1.png,1-s2.0-S0950061822018086-ga1.png,.png,stage4_standardized,ImageNet,0.485,0.456,0.406,0.229,0.224,0.225,224x224,RGB,VALIDATED
Organic/egg_shells/10-Cool-Things-to-Do-With-Eggshells.png,10-Cool-Things-to-Do-With-Eggshells.png,.png,stage4_standardized,ImageNet,0.485,0.456,0.406,0.229,0.224,0.225,224x224,RGB,VALIDATED
Organic/egg_shells/1000_F_211028023_4K207bEPU7N2cJyvk92D4Ik0TKD93rzy.png,1000_F_211028023_4K207bEPU7N2cJyvk92D4Ik0TKD93rzy.png,.png,stage4_standardized,ImageNet,0.485,0.456,0.406,0.229,0.224,0.225,224x224,RGB,VALIDATED
Organic/egg_shells/1000_F_523577764_HniZM09ls0H3vw7i0DXikSEzdasvzmoy.png,1000_F_523577764_HniZM09ls0H3vw7i0DXikSEzdasvzmoy.png,.png,stage4_standardized,ImageNet,0.485,0.456,0.406,0.229,0.224,0.225,224x224,RGB,VALIDATED
Organic/egg_shells/1_872_600.png,1_872_600.png,.png,stage4_standardized,ImageNet,0.485,0.456,0.406,0.229,0.224,0.225,224x224,RGB,VALIDATED
Organic/egg_shells/2020_04_lead_eggshells-on-table_shutterstock_201335783.png,2020_04_lead_eggshells-on-table_shutterstock_201335783.png,.png,stage4_standardized,ImageNet,0.485,0.456,0.406,0.229,0.224,0.225,224x224,RGB,VALIDATED
Organic/egg_shells/51kXtLk8BSL.png,51kXtLk8BSL.png,.png,stage4_standardized,ImageNet,0.485,0.456,0.406,0.229,0.224,0.225,224x224,RGB,VALIDATED
Organic/egg_shells/5908_egg_shells2.png,5908_egg_shells2.png,.png,stage4_standardized,ImageNet,0.485,0.456,0.406,0.229,0.224,0.225,224x224,RGB,VALIDATED
Organic/egg_shells/5f421e3164a4ed8a454c7b20c1e3ebe5--eggshell-mosaic-tutorial-diy - Copy.png,5f421e3164a4ed8a454c7b20c1e3ebe5--eggshell-mosaic-tutorial-diy - Copy.png,.png,stage4_standardized,ImageNet,0.485,0.456,0.406,0.229,0.224,0.225,224x224,RGB,VALIDATED
Organic/egg_shells/698107-hatched-open-poultry-chicks-egg-shells-shell-706502.png,698107-hatched-open-poultry-chicks-egg-shells-shell-706502.png,.png,stage4_standardized,ImageNet,0.485,0.456,0.406,0.229,0.224,0.225,224x224,RGB,VALIDATED
Organic/egg_shells/81E5gnm5CnL._AC_UF10001000_QL80_.png,81E5gnm5CnL._AC_UF10001000_QL80_.png,.png,stage4_standardized,ImageNet,0.485,0.456,0.406,0.229,0.224,0.225,224x224,RGB,VALIDATED
Organic/egg_shells/8d25mv_ncpmpairindiafoodeggshells_625x300_08_October_19.png,8d25mv_ncpmpairindiafoodeggshells_625x300_08_October_19.png,.png,stage4_standardized,ImageNet,0.485,0.456,0.406,0.229,0.224,0.225,224x224,RGB,VALIDATED
Organic/egg_shells/AdobeStock_479886517-scaled-e1674774370139.png,AdobeStock_479886517-scaled-e1674774370139.png,.png,stage4_standardized,ImageNet,0.485,0.456,0.406,0.229,0.224,0.225,224x224,RGB,VALIDATED
Organic/egg_shells/BeachBag_IndiaInk_Egg-DSC_1902-1200_800x.png,BeachBag_IndiaInk_Egg-DSC_1902-1200_800x.png,.png,stage4_standardized,ImageNet,0.485,0.456,0.406,0.229,0.224,0.225,224x224,RGB,VALIDATED
Organic/egg_shells/BeachBag_IndiaInk_egg-DSC_2400-1200_800x.png,BeachBag_IndiaInk_egg-DSC_2400-1200_800x.png,.png,stage4_standardized,ImageNet,0.485,0.456,0.406,0.229,0.224,0.225,224x224,RGB,VALIDATED
Organic/egg_shells/Chicken-eggshell-membrane-upcycled-for-bakery-Eggbrane-alleviates-joint-stiffness-and-pain.png,Chicken-eggshell-membrane-upcycled-for-bakery-Eggbrane-alleviates-joint-stiffness-and-pain.png,.png,stage4_standardized,ImageNet,0.485,0.456,0.406,0.229,0.224,0.225,224x224,RGB,VALIDATED
Organic/egg_shells/Egg-rmh.png,Egg-rmh.png,.png,stage4_standardized,ImageNet,0.485,0.456,0.406,0.229,0.224,0.225,224x224,RGB,VALIDATED
Organic/egg_shells/Eggshell_001.png,Eggshell_001.png,.png,stage4_standardized,ImageNet,0.485,0.456,0.406,0.229,0.224,0.225,224x224,RGB,VALIDATED
Organic/egg_shells/Eggshell_THUMBNAIL.png,Eggshell_THUMBNAIL.png,.png,stage4_standardized,ImageNet,0.485,0.456,0.406,0.229,0.224,0.225,224x224,RGB,VALIDATED
Organic/egg_shells/Eggshells-Lying-on-the-Ground.png,Eggshells-Lying-on-the-Ground.png,.png,stage4_standardized,ImageNet,0.485,0.456,0.406,0.229,0.224,0.225,224x224,RGB,VALIDATED
Organic/egg_shells/Eggshells-and-Other-Food-Waste-on-Compost-Pile.png,Eggshells-and-Other-Food-Waste-on-Compost-Pile.png,.png,stage4_standardized,ImageNet,0.485,0.456,0.406,0.229,0.224,0.225,224x224,RGB,VALIDATED
Organic/egg_shells/Eggshells-scaled.png,Eggshells-scaled.png,.png,stage4_standardized,ImageNet,0.485,0.456,0.406,0.229,0.224,0.225,224x224,RGB,VALIDATED
Organic/egg_shells/Eggshells.png,Eggshells.png,.png,stage4_standardized,ImageNet,0.485,0.456,0.406,0.229,0.224,0.225,224x224,RGB,VALIDATED
Organic/egg_shells/EggshellsGardening-3.png,EggshellsGardening-3.png,.png,stage4_standardized,ImageNet,0.485,0.456,0.406,0.229,0.224,0.225,224x224,RGB,VALIDATED
Organic/egg_shells/Emu_Egg_shell_painting_world_record-1.png,Emu_Egg_shell_painting_world_record-1.png,.png,stage4_standardized,ImageNet,0.485,0.456,0.406,0.229,0.224,0.225,224x224,RGB,VALIDATED
Organic/egg_shells/Engraved-ostrich-eggshell-fragment-Upper-Palaeolithic-Patne-India.png,Engraved-ostrich-eggshell-fragment-Upper-Palaeolithic-Patne-India.png,.png,stage4_standardized,ImageNet,0.485,0.456,0.406,0.229,0.224,0.225,224x224,RGB,VALIDATED
Organic/egg_shells/Engravings-on-ostrich-eggshell-fragment-Patne-western-India-early-Upper-Palaeolithic.png,Engravings-on-ostrich-eggshell-fragment-Patne-western-India-early-Upper-Palaeolithic.png,.png,stage4_standardized,ImageNet,0.485,0.456,0.406,0.229,0.224,0.225,224x224,RGB,VALIDATED
Organic/egg_shells/FB-eggshells-for-the-garden.png,FB-eggshells-for-the-garden.png,.png,stage4_standardized,ImageNet,0.485,0.456,0.406,0.229,0.224,0.225,224x224,RGB,VALIDATED
Organic/egg_shells/FB_IMG_1604548763726.png,FB_IMG_1604548763726.png,.png,stage4_standardized,ImageNet,0.485,0.456,0.406,0.229,0.224,0.225,224x224,RGB,VALIDATED
Organic/egg_shells/GettyImages-1136556806.png,GettyImages-1136556806.png,.png,stage4_standardized,ImageNet,0.485,0.456,0.406,0.229,0.224,0.225,224x224,RGB,VALIDATED
Organic/egg_shells/GettyImages-1288209464-e1680536099894.png,GettyImages-1288209464-e1680536099894.png,.png,stage4_standardized,ImageNet,0.485,0.456,0.406,0.229,0.224,0.225,224x224,RGB,VALIDATED
Organic/egg_shells/HowtoGrindEggshellsforPlants_f6ebf5dc8c7ff2ee2d9fb6778a9bf612_2000.png,HowtoGrindEggshellsforPlants_f6ebf5dc8c7ff2ee2d9fb6778a9bf612_2000.png,.png,stage4_standardized,ImageNet,0.485,0.456,0.406,0.229,0.224,0.225,224x224,RGB,VALIDATED
Organic/egg_shells/IMG_eggshellwaste-848x551.png,IMG_eggshellwaste-848x551.png,.png,stage4_standardized,ImageNet,0.485,0.456,0.406,0.229,0.224,0.225,224x224,RGB,VALIDATED
Organic/egg_shells/Image_eggshells.png,Image_eggshells.png,.png,stage4_standardized,ImageNet,0.485,0.456,0.406,0.229,0.224,0.225,224x224,RGB,VALIDATED
Organic/egg_shells/MG_0288-2000x1333-2.png,MG_0288-2000x1333-2.png,.png,stage4_standardized,ImageNet,0.485,0.456,0.406,0.229,0.224,0.225,224x224,RGB,VALIDATED
Organic/egg_shells/MV5BM2M1NzZjNTQtNzliYi00NTA5LWI4NDktY2Q5NDFkMTAxYzk2XkEyXkFqcGdeQXVyMjQwMjk0NjI._V1_.png,MV5BM2M1NzZjNTQtNzliYi00NTA5LWI4NDktY2Q5NDFkMTAxYzk2XkEyXkFqcGdeQXVyMjQwMjk0NjI._V1_.png,.png,stage4_standardized,ImageNet,0.485,0.456,0.406,0.229,0.224,0.225,224x224,RGB,VALIDATED
Organic/egg_shells/Ostrich-kaiH--621x414LiveMint.JPG.png,Ostrich-kaiH--621x414LiveMint.JPG.png,.png,stage4_standardized,ImageNet,0.485,0.456,0.406,0.229,0.224,0.225,224x224,RGB,VALIDATED
Organic/egg_shells/Powder-preparation-steps-of-calcined-eggshells-a-Eggshell-b-Sun-drying-c.png,Powder-preparation-steps-of-calcined-eggshells-a-Eggshell-b-Sun-drying-c.png,.png,stage4_standardized,ImageNet,0.485,0.456,0.406,0.229,0.224,0.225,224x224,RGB,VALIDATED
Organic/egg_shells/Reusing2520Eggshells25201.png,Reusing2520Eggshells25201.png,.png,stage4_standardized,ImageNet,0.485,0.456,0.406,0.229,0.224,0.225,224x224,RGB,VALIDATED
Organic/egg_shells/Singapore20Eggshell20Coaster20Making20Workshop20by20Eco20Rangers20Pte20Ltd.png,Singapore20Eggshell20Coaster20Making20Workshop20by20Eco20Rangers20Pte20Ltd.png,.png,stage4_standardized,ImageNet,0.485,0.456,0.406,0.229,0.224,0.225,224x224,RGB,VALIDATED
Organic/egg_shells/The-color-and-pigment-patterns-of-eggshells-vary-greatly-across-avian-lineages-We.png,The-color-and-pigment-patterns-of-eggshells-vary-greatly-across-avian-lineages-We.png,.png,stage4_standardized,ImageNet,0.485,0.456,0.406,0.229,0.224,0.225,224x224,RGB,VALIDATED
Organic/egg_shells/Things-to-do-with-eggshells-so-they-dont-go-to-waste-on-chemistry-cachet.png,Things-to-do-with-eggshells-so-they-dont-go-to-waste-on-chemistry-cachet.png,.png,stage4_standardized,ImageNet,0.485,0.456,0.406,0.229,0.224,0.225,224x224,RGB,VALIDATED
Organic/egg_shells/Used-coffee-grounds-and-eggshells_Juver_shutterstock.png,Used-coffee-grounds-and-eggshells_Juver_shutterstock.png,.png,stage4_standardized,ImageNet,0.485,0.456,0.406,0.229,0.224,0.225,224x224,RGB,VALIDATED
Organic/egg_shells/Uses-Eggshells-Tips-A138778491.png,Uses-Eggshells-Tips-A138778491.png,.png,stage4_standardized,ImageNet,0.485,0.456,0.406,0.229,0.224,0.225,224x224,RGB,VALIDATED
Organic/egg_shells/Walking-on-eggshells-blog-graphics_Facebook.png,Walking-on-eggshells-blog-graphics_Facebook.png,.png,stage4_standardized,ImageNet,0.485,0.456,0.406,0.229,0.224,0.225,224x224,RGB,VALIDATED
Organic/egg_shells/Waste-Management-Ambikapur-hopes-to-generate-Rs-10000-a-month-from-the-eggshell-initiative1.png,Waste-Management-Ambikapur-hopes-to-generate-Rs-10000-a-month-from-the-eggshell-initiative1.png,.png,stage4_standardized,ImageNet,0.485,0.456,0.406,0.229,0.224,0.225,224x224,RGB,VALIDATED
Organic/egg_shells/White-Eggshells-On-a-Wooden-Surface.png,White-Eggshells-On-a-Wooden-Surface.png,.png,stage4_standardized,ImageNet,0.485,0.456,0.406,0.229,0.224,0.225,224x224,RGB,VALIDATED
Organic/egg_shells/animist-donyi-polo-shrine-made-from-bamboo-feathers-and-eggshells-E4A21E.png,animist-donyi-polo-shrine-made-from-bamboo-feathers-and-eggshells-E4A21E.png,.png,stage4_standardized,ImageNet,0.485,0.456,0.406,0.229,0.224,0.225,224x224,RGB,VALIDATED
Organic/egg_shells/bowl-containing-eggshells.png,bowl-containing-eggshells.png,.png,stage4_standardized,ImageNet,0.485,0.456,0.406,0.229,0.224,0.225,224x224,RGB,VALIDATED
Organic/egg_shells/broken-egg-shells.png,broken-egg-shells.png,.png,stage4_standardized,ImageNet,0.485,0.456,0.406,0.229,0.224,0.225,224x224,RGB,VALIDATED
Organic/egg_shells/broken-eggs-1711144_1920.png,broken-eggs-1711144_1920.png,.png,stage4_standardized,ImageNet,0.485,0.456,0.406,0.229,0.224,0.225,224x224,RGB,VALIDATED
Organic/egg_shells/broken-eggs-eggshells-carton-mc-2x1-220718.png,broken-eggs-eggshells-carton-mc-2x1-220718.png,.png,stage4_standardized,ImageNet,0.485,0.456,0.406,0.229,0.224,0.225,224x224,RGB,VALIDATED
Organic/egg_shells/broken-eggshells-carolsandra-cc.png,broken-eggshells-carolsandra-cc.png,.png,stage4_standardized,ImageNet,0.485,0.456,0.406,0.229,0.224,0.225,224x224,RGB,VALIDATED
Organic/egg_shells/broken-eggshells.png,broken-eggshells.png,.png,stage4_standardized,ImageNet,0.485,0.456,0.406,0.229,0.224,0.225,224x224,RGB,VALIDATED
Organic/egg_shells/brown-crushed-egg-shell.png,brown-crushed-egg-shell.png,.png,stage4_standardized,ImageNet,0.485,0.456,0.406,0.229,0.224,0.225,224x224,RGB,VALIDATED
Organic/egg_shells/catalysts-12-00246-ag.png,catalysts-12-00246-ag.png,.png,stage4_standardized,ImageNet,0.485,0.456,0.406,0.229,0.224,0.225,224x224,RGB,VALIDATED
Organic/egg_shells/cc8b3c.png,cc8b3c.png,.png,stage4_standardized,ImageNet,0.485,0.456,0.406,0.229,0.224,0.225,224x224,RGB,VALIDATED
Organic/egg_shells/chicken-of-eggshells.png,chicken-of-eggshells.png,.png,stage4_standardized,ImageNet,0.485,0.456,0.406,0.229,0.224,0.225,224x224,RGB,VALIDATED
Organic/egg_shells/composting-eggshells.png,composting-eggshells.png,.png,stage4_standardized,ImageNet,0.485,0.456,0.406,0.229,0.224,0.225,224x224,RGB,VALIDATED
Organic/egg_shells/crushed-eggshells-for-chickens.png,crushed-eggshells-for-chickens.png,.png,stage4_standardized,ImageNet,0.485,0.456,0.406,0.229,0.224,0.225,224x224,RGB,VALIDATED
Organic/egg_shells/crushing-eggshells.jpg.png,crushing-eggshells.jpg.png,.png,stage4_standardized,ImageNet,0.485,0.456,0.406,0.229,0.224,0.225,224x224,RGB,VALIDATED
Organic/egg_shells/depositphotos_40630785-stock-photo-pile-of-broken-eggshells.png,depositphotos_40630785-stock-photo-pile-of-broken-eggshells.png,.png,stage4_standardized,ImageNet,0.485,0.456,0.406,0.229,0.224,0.225,224x224,RGB,VALIDATED
Organic/egg_shells/depositphotos_42000011-stock-photo-broken-chicken-eggshells.png,depositphotos_42000011-stock-photo-broken-chicken-eggshells.png,.png,stage4_standardized,ImageNet,0.485,0.456,0.406,0.229,0.224,0.225,224x224,RGB,VALIDATED
Organic/egg_shells/egg-shell-1.png,egg-shell-1.png,.png,stage4_standardized,ImageNet,0.485,0.456,0.406,0.229,0.224,0.225,224x224,RGB,VALIDATED
Organic/egg_shells/egg-shell-1668237416-6621619.png,egg-shell-1668237416-6621619.png,.png,stage4_standardized,ImageNet,0.485,0.456,0.406,0.229,0.224,0.225,224x224,RGB,VALIDATED
Organic/egg_shells/egg-shell-header.png,egg-shell-header.png,.png,stage4_standardized,ImageNet,0.485,0.456,0.406,0.229,0.224,0.225,224x224,RGB,VALIDATED
Organic/egg_shells/egg-shells.png,egg-shells.png,.png,stage4_standardized,ImageNet,0.485,0.456,0.406,0.229,0.224,0.225,224x224,RGB,VALIDATED
Organic/egg_shells/egg-shells2.png,egg-shells2.png,.png,stage4_standardized,ImageNet,0.485,0.456,0.406,0.229,0.224,0.225,224x224,RGB,VALIDATED
Organic/egg_shells/eggshell-fertilizer.png,eggshell-fertilizer.png,.png,stage4_standardized,ImageNet,0.485,0.456,0.406,0.229,0.224,0.225,224x224,RGB,VALIDATED
Organic/egg_shells/eggshell20powder-800x800.png,eggshell20powder-800x800.png,.png,stage4_standardized,ImageNet,0.485,0.456,0.406,0.229,0.224,0.225,224x224,RGB,VALIDATED
Organic/egg_shells/eggshell9.png,eggshell9.png,.png,stage4_standardized,ImageNet,0.485,0.456,0.406,0.229,0.224,0.225,224x224,RGB,VALIDATED
Organic/egg_shells/eggshellpinfbready.png,eggshellpinfbready.png,.png,stage4_standardized,ImageNet,0.485,0.456,0.406,0.229,0.224,0.225,224x224,RGB,VALIDATED
Organic/egg_shells/eggshells-.png,eggshells-.png,.png,stage4_standardized,ImageNet,0.485,0.456,0.406,0.229,0.224,0.225,224x224,RGB,VALIDATED
Organic/egg_shells/eggshells-bucket-cropped.png,eggshells-bucket-cropped.png,.png,stage4_standardized,ImageNet,0.485,0.456,0.406,0.229,0.224,0.225,224x224,RGB,VALIDATED
Organic/egg_shells/eggshells-in-bowl-1296x728.png,eggshells-in-bowl-1296x728.png,.png,stage4_standardized,ImageNet,0.485,0.456,0.406,0.229,0.224,0.225,224x224,RGB,VALIDATED
Organic/egg_shells/eggshells-in-garden.png,eggshells-in-garden.png,.png,stage4_standardized,ImageNet,0.485,0.456,0.406,0.229,0.224,0.225,224x224,RGB,VALIDATED
Organic/egg_shells/eggshells-in-the-garden.png,eggshells-in-the-garden.png,.png,stage4_standardized,ImageNet,0.485,0.456,0.406,0.229,0.224,0.225,224x224,RGB,VALIDATED
Organic/egg_shells/eggshells-slugs-2x.png,eggshells-slugs-2x.png,.png,stage4_standardized,ImageNet,0.485,0.456,0.406,0.229,0.224,0.225,224x224,RGB,VALIDATED
Organic/egg_shells/eggshells1.png,eggshells1.png,.png,stage4_standardized,ImageNet,0.485,0.456,0.406,0.229,0.224,0.225,224x224,RGB,VALIDATED
Organic/egg_shells/eggshells2.png,eggshells2.png,.png,stage4_standardized,ImageNet,0.485,0.456,0.406,0.229,0.224,0.225,224x224,RGB,VALIDATED
Organic/egg_shells/eggshells_759.png,eggshells_759.png,.png,stage4_standardized,ImageNet,0.485,0.456,0.406,0.229,0.224,0.225,224x224,RGB,VALIDATED
Organic/egg_shells/eggshells_uses_759.png,eggshells_uses_759.png,.png,stage4_standardized,ImageNet,0.485,0.456,0.406,0.229,0.224,0.225,224x224,RGB,VALIDATED
Organic/egg_shells/eggshells_uses_incopy.png,eggshells_uses_incopy.png,.png,stage4_standardized,ImageNet,0.485,0.456,0.406,0.229,0.224,0.225,224x224,RGB,VALIDATED
Organic/egg_shells/elisa-sheehan-kintsugi-eggshells-1.png,elisa-sheehan-kintsugi-eggshells-1.png,.png,stage4_standardized,ImageNet,0.485,0.456,0.406,0.229,0.224,0.225,224x224,RGB,VALIDATED
Organic/egg_shells/ew-group-of-broken-eggshells-stacked-on-white-background-flat-lay-2071149671.png,ew-group-of-broken-eggshells-stacked-on-white-background-flat-lay-2071149671.png,.png,stage4_standardized,ImageNet,0.485,0.456,0.406,0.229,0.224,0.225,224x224,RGB,VALIDATED
Organic/egg_shells/ew-group-of-broken-eggshells-stacked-on-white-background-flat-lay-2078296249.png,ew-group-of-broken-eggshells-stacked-on-white-background-flat-lay-2078296249.png,.png,stage4_standardized,ImageNet,0.485,0.456,0.406,0.229,0.224,0.225,224x224,RGB,VALIDATED
Organic/egg_shells/featured-eggshells-in-the-garden.png,featured-eggshells-in-the-garden.png,.png,stage4_standardized,ImageNet,0.485,0.456,0.406,0.229,0.224,0.225,224x224,RGB,VALIDATED
Organic/egg_shells/feed-chickens-eggshells-calcium-feature-2-1140x912.png,feed-chickens-eggshells-calcium-feature-2-1140x912.png,.png,stage4_standardized,ImageNet,0.485,0.456,0.406,0.229,0.224,0.225,224x224,RGB,VALIDATED
Organic/egg_shells/gettyimages-115783266.png,gettyimages-115783266.png,.png,stage4_standardized,ImageNet,0.485,0.456,0.406,0.229,0.224,0.225,224x224,RGB,VALIDATED
Organic/egg_shells/grinding-eggshells-2x.png,grinding-eggshells-2x.png,.png,stage4_standardized,ImageNet,0.485,0.456,0.406,0.229,0.224,0.225,224x224,RGB,VALIDATED
Organic/egg_shells/how-to-use-egg-shells-in-your-beauty-and-skincare-routine-500x300-piccontent.png,how-to-use-egg-shells-in-your-beauty-and-skincare-routine-500x300-piccontent.png,.png,stage4_standardized,ImageNet,0.485,0.456,0.406,0.229,0.224,0.225,224x224,RGB,VALIDATED
Organic/egg_shells/how-to-use-eggshells-in-garden.png,how-to-use-eggshells-in-garden.png,.png,stage4_standardized,ImageNet,0.485,0.456,0.406,0.229,0.224,0.225,224x224,RGB,VALIDATED
Organic/egg_shells/iStock_000003656044XSmall_egg-shells.png,iStock_000003656044XSmall_egg-shells.png,.png,stage4_standardized,ImageNet,0.485,0.456,0.406,0.229,0.224,0.225,224x224,RGB,VALIDATED
Organic/egg_shells/idiom-walk-on-eggshells.png,idiom-walk-on-eggshells.png,.png,stage4_standardized,ImageNet,0.485,0.456,0.406,0.229,0.224,0.225,224x224,RGB,VALIDATED
Organic/egg_shells/il_300x300.4958894282_bt9k.png,il_300x300.4958894282_bt9k.png,.png,stage4_standardized,ImageNet,0.485,0.456,0.406,0.229,0.224,0.225,224x224,RGB,VALIDATED
Organic/egg_shells/il_fullxfull.991265431_jqg5.png,il_fullxfull.991265431_jqg5.png,.png,stage4_standardized,ImageNet,0.485,0.456,0.406,0.229,0.224,0.225,224x224,RGB,VALIDATED
Organic/egg_shells/india-s-fssai-grants-approval-for-nem-2.png,india-s-fssai-grants-approval-for-nem-2.png,.png,stage4_standardized,ImageNet,0.485,0.456,0.406,0.229,0.224,0.225,224x224,RGB,VALIDATED
Organic/egg_shells/kvjhnutlxx2zrto2or8j.png,kvjhnutlxx2zrto2or8j.png,.png,stage4_standardized,ImageNet,0.485,0.456,0.406,0.229,0.224,0.225,224x224,RGB,VALIDATED
Organic/egg_shells/l-intro-1680523821.png,l-intro-1680523821.png,.png,stage4_standardized,ImageNet,0.485,0.456,0.406,0.229,0.224,0.225,224x224,RGB,VALIDATED
Organic/egg_shells/making-faces-on-eggshell.png,making-faces-on-eggshell.png,.png,stage4_standardized,ImageNet,0.485,0.456,0.406,0.229,0.224,0.225,224x224,RGB,VALIDATED
Organic/egg_shells/maxresdefault.png,maxresdefault.png,.png,stage4_standardized,ImageNet,0.485,0.456,0.406,0.229,0.224,0.225,224x224,RGB,VALIDATED
Organic/egg_shells/maxresdefault2.png,maxresdefault2.png,.png,stage4_standardized,ImageNet,0.485,0.456,0.406,0.229,0.224,0.225,224x224,RGB,VALIDATED
Organic/egg_shells/pexels-antony-trivet-12626269-scaled.png,pexels-antony-trivet-12626269-scaled.png,.png,stage4_standardized,ImageNet,0.485,0.456,0.406,0.229,0.224,0.225,224x224,RGB,VALIDATED
Organic/egg_shells/powder-ground-egg-shells-warm-water-used-as-calcium-supplement-popular-asia-india-119971114.png,powder-ground-egg-shells-warm-water-used-as-calcium-supplement-popular-asia-india-119971114.png,.png,stage4_standardized,ImageNet,0.485,0.456,0.406,0.229,0.224,0.225,224x224,RGB,VALIDATED
Organic/egg_shells/rbzywo5dfoy.png,rbzywo5dfoy.png,.png,stage4_standardized,ImageNet,0.485,0.456,0.406,0.229,0.224,0.225,224x224,RGB,VALIDATED
Organic/egg_shells/rinsing-eggshells-with-water-before-drying-and-crushing.png,rinsing-eggshells-with-water-before-drying-and-crushing.png,.png,stage4_standardized,ImageNet,0.485,0.456,0.406,0.229,0.224,0.225,224x224,RGB,VALIDATED
Organic/egg_shells/robin-eggshells-e1531519300984.png,robin-eggshells-e1531519300984.png,.png,stage4_standardized,ImageNet,0.485,0.456,0.406,0.229,0.224,0.225,224x224,RGB,VALIDATED
Organic/egg_shells/ruCCMI2J-eggshells.png,ruCCMI2J-eggshells.png,.png,stage4_standardized,ImageNet,0.485,0.456,0.406,0.229,0.224,0.225,224x224,RGB,VALIDATED
Organic/egg_shells/seedling-growth-in-eggshells.png,seedling-growth-in-eggshells.png,.png,stage4_standardized,ImageNet,0.485,0.456,0.406,0.229,0.224,0.225,224x224,RGB,VALIDATED
Organic/egg_shells/shutterstock_64124065.png,shutterstock_64124065.png,.png,stage4_standardized,ImageNet,0.485,0.456,0.406,0.229,0.224,0.225,224x224,RGB,VALIDATED
Organic/egg_shells/sprinkling-eggshells-in-garden.png,sprinkling-eggshells-in-garden.png,.png,stage4_standardized,ImageNet,0.485,0.456,0.406,0.229,0.224,0.225,224x224,RGB,VALIDATED
Organic/egg_shells/stock-photo-eggshell-shell-of-eggs-on-wooden-kitchen-table-1626806662.png,stock-photo-eggshell-shell-of-eggs-on-wooden-kitchen-table-1626806662.png,.png,stage4_standardized,ImageNet,0.485,0.456,0.406,0.229,0.224,0.225,224x224,RGB,VALIDATED
Organic/egg_shells/succulents1.png,succulents1.png,.png,stage4_standardized,ImageNet,0.485,0.456,0.406,0.229,0.224,0.225,224x224,RGB,VALIDATED
Organic/egg_shells/titanosaur-eggs-india-1-1024x705.png,titanosaur-eggs-india-1-1024x705.png,.png,stage4_standardized,ImageNet,0.485,0.456,0.406,0.229,0.224,0.225,224x224,RGB,VALIDATED
Organic/egg_shells/top-view-trash-cooking-concept_1_700x.png,top-view-trash-cooking-concept_1_700x.png,.png,stage4_standardized,ImageNet,0.485,0.456,0.406,0.229,0.224,0.225,224x224,RGB,VALIDATED
Organic/egg_shells/upcycled-eggshells_Personal-Creations.png,upcycled-eggshells_Personal-Creations.png,.png,stage4_standardized,ImageNet,0.485,0.456,0.406,0.229,0.224,0.225,224x224,RGB,VALIDATED
Organic/egg_shells/walking_on_egg_shells_800_wht.png,walking_on_egg_shells_800_wht.png,.png,stage4_standardized,ImageNet,0.485,0.456,0.406,0.229,0.224,0.225,224x224,RGB,VALIDATED
Organic/egg_shells/ways-to-reuse-eggshells-1614120054.png,ways-to-reuse-eggshells-1614120054.png,.png,stage4_standardized,ImageNet,0.485,0.456,0.406,0.229,0.224,0.225,224x224,RGB,VALIDATED
Organic/egg_shells/white-egg-shell-granules.png,white-egg-shell-granules.png,.png,stage4_standardized,ImageNet,0.485,0.456,0.406,0.229,0.224,0.225,224x224,RGB,VALIDATED
Organic/food_scraps/-bread-organic-waste-isolated-shite-background-flat-illustration_74855-14373.png,-bread-organic-waste-isolated-shite-background-flat-illustration_74855-14373.png,.png,stage4_standardized,ImageNet,0.485,0.456,0.406,0.229,0.224,0.225,224x224,RGB,VALIDATED
Organic/food_scraps/0.07700600_1571147766_14.png,0.07700600_1571147766_14.png,.png,stage4_standardized,ImageNet,0.485,0.456,0.406,0.229,0.224,0.225,224x224,RGB,VALIDATED
Organic/food_scraps/0.32790600_1489483849_food-loss.png,0.32790600_1489483849_food-loss.png,.png,stage4_standardized,ImageNet,0.485,0.456,0.406,0.229,0.224,0.225,224x224,RGB,VALIDATED
Organic/food_scraps/001_41_IMG_WEB_191204228_Loop-848x565.png,001_41_IMG_WEB_191204228_Loop-848x565.png,.png,stage4_standardized,ImageNet,0.485,0.456,0.406,0.229,0.224,0.225,224x224,RGB,VALIDATED
Organic/food_scraps/00vid-skorea-waste-21719-cover-superJumbo.png,00vid-skorea-waste-21719-cover-superJumbo.png,.png,stage4_standardized,ImageNet,0.485,0.456,0.406,0.229,0.224,0.225,224x224,RGB,VALIDATED
Organic/food_scraps/1024px-Household_food_trash_NY.png,1024px-Household_food_trash_NY.png,.png,stage4_standardized,ImageNet,0.485,0.456,0.406,0.229,0.224,0.225,224x224,RGB,VALIDATED
Organic/food_scraps/14220kg-foodscrapstrial-45.png,14220kg-foodscrapstrial-45.png,.png,stage4_standardized,ImageNet,0.485,0.456,0.406,0.229,0.224,0.225,224x224,RGB,VALIDATED
Organic/food_scraps/1503810939_3XUEDx_Food_Wastage.png,1503810939_3XUEDx_Food_Wastage.png,.png,stage4_standardized,ImageNet,0.485,0.456,0.406,0.229,0.224,0.225,224x224,RGB,VALIDATED
Organic/food_scraps/1600x960_804605-food-waste.png,1600x960_804605-food-waste.png,.png,stage4_standardized,ImageNet,0.485,0.456,0.406,0.229,0.224,0.225,224x224,RGB,VALIDATED
Organic/food_scraps/190726-compost-al-1416.png,190726-compost-al-1416.png,.png,stage4_standardized,ImageNet,0.485,0.456,0.406,0.229,0.224,0.225,224x224,RGB,VALIDATED
Organic/food_scraps/20120223174847-1_0.png,20120223174847-1_0.png,.png,stage4_standardized,ImageNet,0.485,0.456,0.406,0.229,0.224,0.225,224x224,RGB,VALIDATED
Organic/food_scraps/3141b180-d58c-11ed-86ff-b93329756f4a.cf.png,3141b180-d58c-11ed-86ff-b93329756f4a.cf.png,.png,stage4_standardized,ImageNet,0.485,0.456,0.406,0.229,0.224,0.225,224x224,RGB,VALIDATED
Organic/food_scraps/4-Easy-Methods-to-Repurpose-Food-Scraps-Through-Kitchen-Composting.png,4-Easy-Methods-to-Repurpose-Food-Scraps-Through-Kitchen-Composting.png,.png,stage4_standardized,ImageNet,0.485,0.456,0.406,0.229,0.224,0.225,224x224,RGB,VALIDATED
Organic/food_scraps/42f8fcd0-2ddc-4d55-bb9f-ed434d_1200x768.png,42f8fcd0-2ddc-4d55-bb9f-ed434d_1200x768.png,.png,stage4_standardized,ImageNet,0.485,0.456,0.406,0.229,0.224,0.225,224x224,RGB,VALIDATED
Organic/food_scraps/5.png,5.png,.png,stage4_standardized,ImageNet,0.485,0.456,0.406,0.229,0.224,0.225,224x224,RGB,VALIDATED
Organic/food_scraps/585639-indiafood-poverty.png,585639-indiafood-poverty.png,.png,stage4_standardized,ImageNet,0.485,0.456,0.406,0.229,0.224,0.225,224x224,RGB,VALIDATED
Organic/food_scraps/6106-05977845a_2400x1600.jpg.png,6106-05977845a_2400x1600.jpg.png,.png,stage4_standardized,ImageNet,0.485,0.456,0.406,0.229,0.224,0.225,224x224,RGB,VALIDATED
Organic/food_scraps/7056505-untitled-design-2022-09-22t165643215.png,7056505-untitled-design-2022-09-22t165643215.png,.png,stage4_standardized,ImageNet,0.485,0.456,0.406,0.229,0.224,0.225,224x224,RGB,VALIDATED
Organic/food_scraps/81333635.png,81333635.png,.png,stage4_standardized,ImageNet,0.485,0.456,0.406,0.229,0.224,0.225,224x224,RGB,VALIDATED
Organic/food_scraps/828950-52136-ryfqandgvd-1487872329.png,828950-52136-ryfqandgvd-1487872329.png,.png,stage4_standardized,ImageNet,0.485,0.456,0.406,0.229,0.224,0.225,224x224,RGB,VALIDATED
Organic/food_scraps/9122rFZCfiL._AC_UF10001000_QL80_.png,9122rFZCfiL._AC_UF10001000_QL80_.png,.png,stage4_standardized,ImageNet,0.485,0.456,0.406,0.229,0.224,0.225,224x224,RGB,VALIDATED
Organic/food_scraps/97085579.png,97085579.png,.png,stage4_standardized,ImageNet,0.485,0.456,0.406,0.229,0.224,0.225,224x224,RGB,VALIDATED
Organic/food_scraps/A1MBvKpOlxL._AC_UF10001000_QL80_.png,A1MBvKpOlxL._AC_UF10001000_QL80_.png,.png,stage4_standardized,ImageNet,0.485,0.456,0.406,0.229,0.224,0.225,224x224,RGB,VALIDATED
Organic/food_scraps/AdobeStock_539756104_e836ab76d05c8bfad90ac05325f1c4bf.png,AdobeStock_539756104_e836ab76d05c8bfad90ac05325f1c4bf.png,.png,stage4_standardized,ImageNet,0.485,0.456,0.406,0.229,0.224,0.225,224x224,RGB,VALIDATED
Organic/food_scraps/AdobeStock_550660149_428fd902f4247199467725e7eccf1673.png,AdobeStock_550660149_428fd902f4247199467725e7eccf1673.png,.png,stage4_standardized,ImageNet,0.485,0.456,0.406,0.229,0.224,0.225,224x224,RGB,VALIDATED
Organic/food_scraps/Are_landfills_in_India_overloaded_from_Food_wastes.png,Are_landfills_in_India_overloaded_from_Food_wastes.png,.png,stage4_standardized,ImageNet,0.485,0.456,0.406,0.229,0.224,0.225,224x224,RGB,VALIDATED
Organic/food_scraps/Bobby-Berk_Veggie-Scraps_Sustainable_3.png,Bobby-Berk_Veggie-Scraps_Sustainable_3.png,.png,stage4_standardized,ImageNet,0.485,0.456,0.406,0.229,0.224,0.225,224x224,RGB,VALIDATED
Organic/food_scraps/Composting-1.png,Composting-1.png,.png,stage4_standardized,ImageNet,0.485,0.456,0.406,0.229,0.224,0.225,224x224,RGB,VALIDATED
Organic/food_scraps/Composting-1024x341-1.png,Composting-1024x341-1.png,.png,stage4_standardized,ImageNet,0.485,0.456,0.406,0.229,0.224,0.225,224x224,RGB,VALIDATED
Organic/food_scraps/Composting-Food-Waste.png,Composting-Food-Waste.png,.png,stage4_standardized,ImageNet,0.485,0.456,0.406,0.229,0.224,0.225,224x224,RGB,VALIDATED
Organic/food_scraps/Composting-Matt-Vasilogambros.png,Composting-Matt-Vasilogambros.png,.png,stage4_standardized,ImageNet,0.485,0.456,0.406,0.229,0.224,0.225,224x224,RGB,VALIDATED
Organic/food_scraps/Cooking-With-Food-Scraps.png,Cooking-With-Food-Scraps.png,.png,stage4_standardized,ImageNet,0.485,0.456,0.406,0.229,0.224,0.225,224x224,RGB,VALIDATED
Organic/food_scraps/Crafts-from-Food-Scraps.png,Crafts-from-Food-Scraps.png,.png,stage4_standardized,ImageNet,0.485,0.456,0.406,0.229,0.224,0.225,224x224,RGB,VALIDATED
Organic/food_scraps/DSC_0543.png,DSC_0543.png,.png,stage4_standardized,ImageNet,0.485,0.456,0.406,0.229,0.224,0.225,224x224,RGB,VALIDATED
Organic/food_scraps/Eliminating-Food-Wastage-to-Eradicate-Hunger.png,Eliminating-Food-Wastage-to-Eradicate-Hunger.png,.png,stage4_standardized,ImageNet,0.485,0.456,0.406,0.229,0.224,0.225,224x224,RGB,VALIDATED
Organic/food_scraps/Food-Scraps-for-Your-Garden.png,Food-Scraps-for-Your-Garden.png,.png,stage4_standardized,ImageNet,0.485,0.456,0.406,0.229,0.224,0.225,224x224,RGB,VALIDATED
Organic/food_scraps/Food-Wastage.png,Food-Wastage.png,.png,stage4_standardized,ImageNet,0.485,0.456,0.406,0.229,0.224,0.225,224x224,RGB,VALIDATED
Organic/food_scraps/Food-scraps-and-waste.png,Food-scraps-and-waste.png,.png,stage4_standardized,ImageNet,0.485,0.456,0.406,0.229,0.224,0.225,224x224,RGB,VALIDATED
Organic/food_scraps/Food-waste-Indian-weddings.png,Food-waste-Indian-weddings.png,.png,stage4_standardized,ImageNet,0.485,0.456,0.406,0.229,0.224,0.225,224x224,RGB,VALIDATED
Organic/food_scraps/Food20scraps20into20green20cart.png,Food20scraps20into20green20cart.png,.png,stage4_standardized,ImageNet,0.485,0.456,0.406,0.229,0.224,0.225,224x224,RGB,VALIDATED
Organic/food_scraps/FoodScraps_667731404_Feature.png,FoodScraps_667731404_Feature.png,.png,stage4_standardized,ImageNet,0.485,0.456,0.406,0.229,0.224,0.225,224x224,RGB,VALIDATED
Organic/food_scraps/FoodWaste.png,FoodWaste.png,.png,stage4_standardized,ImageNet,0.485,0.456,0.406,0.229,0.224,0.225,224x224,RGB,VALIDATED
Organic/food_scraps/Food_Scraps_and_Yard_Debris_Collection_in_Portland_2010_by_Tim_Jewett.JPG.png,Food_Scraps_and_Yard_Debris_Collection_in_Portland_2010_by_Tim_Jewett.JPG.png,.png,stage4_standardized,ImageNet,0.485,0.456,0.406,0.229,0.224,0.225,224x224,RGB,VALIDATED
Organic/food_scraps/Food_Tank_Reduce_Food_Waste.png,Food_Tank_Reduce_Food_Waste.png,.png,stage4_standardized,ImageNet,0.485,0.456,0.406,0.229,0.224,0.225,224x224,RGB,VALIDATED
Organic/food_scraps/HOW-CAN-WE-HELP-1.png,HOW-CAN-WE-HELP-1.png,.png,stage4_standardized,ImageNet,0.485,0.456,0.406,0.229,0.224,0.225,224x224,RGB,VALIDATED
Organic/food_scraps/Hunger.png,Hunger.png,.png,stage4_standardized,ImageNet,0.485,0.456,0.406,0.229,0.224,0.225,224x224,RGB,VALIDATED
Organic/food_scraps/IMG_1992.png,IMG_1992.png,.png,stage4_standardized,ImageNet,0.485,0.456,0.406,0.229,0.224,0.225,224x224,RGB,VALIDATED
Organic/food_scraps/IMG_8177-2B-25282-2529.png,IMG_8177-2B-25282-2529.png,.png,stage4_standardized,ImageNet,0.485,0.456,0.406,0.229,0.224,0.225,224x224,RGB,VALIDATED
Organic/food_scraps/MIT-Food-Scraps.png,MIT-Food-Scraps.png,.png,stage4_standardized,ImageNet,0.485,0.456,0.406,0.229,0.224,0.225,224x224,RGB,VALIDATED
Organic/food_scraps/Organic-food-waste-scaled-1.png,Organic-food-waste-scaled-1.png,.png,stage4_standardized,ImageNet,0.485,0.456,0.406,0.229,0.224,0.225,224x224,RGB,VALIDATED
Organic/food_scraps/Organic-waste-to-wealth.png,Organic-waste-to-wealth.png,.png,stage4_standardized,ImageNet,0.485,0.456,0.406,0.229,0.224,0.225,224x224,RGB,VALIDATED
Organic/food_scraps/Samad-lede.png,Samad-lede.png,.png,stage4_standardized,ImageNet,0.485,0.456,0.406,0.229,0.224,0.225,224x224,RGB,VALIDATED
Organic/food_scraps/Sustainability-clearcuts-foodscraps-lrg.png,Sustainability-clearcuts-foodscraps-lrg.png,.png,stage4_standardized,ImageNet,0.485,0.456,0.406,0.229,0.224,0.225,224x224,RGB,VALIDATED
Organic/food_scraps/TasteofTelangana_BlogPhotos_30052021_1200.png,TasteofTelangana_BlogPhotos_30052021_1200.png,.png,stage4_standardized,ImageNet,0.485,0.456,0.406,0.229,0.224,0.225,224x224,RGB,VALIDATED
Organic/food_scraps/Trashed_vegetables_in_Luxembourg.png,Trashed_vegetables_in_Luxembourg.png,.png,stage4_standardized,ImageNet,0.485,0.456,0.406,0.229,0.224,0.225,224x224,RGB,VALIDATED
Organic/food_scraps/Typical_North_India_Food_Prepared_for_Rongmei_Naga.png,Typical_North_India_Food_Prepared_for_Rongmei_Naga.png,.png,stage4_standardized,ImageNet,0.485,0.456,0.406,0.229,0.224,0.225,224x224,RGB,VALIDATED
Organic/food_scraps/Waste-food_bg.png,Waste-food_bg.png,.png,stage4_standardized,ImageNet,0.485,0.456,0.406,0.229,0.224,0.225,224x224,RGB,VALIDATED
Organic/food_scraps/Waste-segregation-04.png,Waste-segregation-04.png,.png,stage4_standardized,ImageNet,0.485,0.456,0.406,0.229,0.224,0.225,224x224,RGB,VALIDATED
Organic/food_scraps/Website-Thumbnail-food-india-junk-food-eating.png,Website-Thumbnail-food-india-junk-food-eating.png,.png,stage4_standardized,ImageNet,0.485,0.456,0.406,0.229,0.224,0.225,224x224,RGB,VALIDATED
Organic/food_scraps/What-is-Food-Waste.png,What-is-Food-Waste.png,.png,stage4_standardized,ImageNet,0.485,0.456,0.406,0.229,0.224,0.225,224x224,RGB,VALIDATED
Organic/food_scraps/What_are_the_advantages_of_proper_food_waste_management.png,What_are_the_advantages_of_proper_food_waste_management.png,.png,stage4_standardized,ImageNet,0.485,0.456,0.406,0.229,0.224,0.225,224x224,RGB,VALIDATED
Organic/food_scraps/ZWM-compost-scaled.png,ZWM-compost-scaled.png,.png,stage4_standardized,ImageNet,0.485,0.456,0.406,0.229,0.224,0.225,224x224,RGB,VALIDATED
Organic/food_scraps/aa-Cover-74rf5oelkbaeo8j1kmiamu31v7-20171227011258.Medi.png,aa-Cover-74rf5oelkbaeo8j1kmiamu31v7-20171227011258.Medi.png,.png,stage4_standardized,ImageNet,0.485,0.456,0.406,0.229,0.224,0.225,224x224,RGB,VALIDATED
Organic/food_scraps/ac_food_scraps_fairy_shot_3_1686.png,ac_food_scraps_fairy_shot_3_1686.png,.png,stage4_standardized,ImageNet,0.485,0.456,0.406,0.229,0.224,0.225,224x224,RGB,VALIDATED
Organic/food_scraps/apples.png,apples.png,.png,stage4_standardized,ImageNet,0.485,0.456,0.406,0.229,0.224,0.225,224x224,RGB,VALIDATED
Organic/food_scraps/arina20cooking20with20scraps.png,arina20cooking20with20scraps.png,.png,stage4_standardized,ImageNet,0.485,0.456,0.406,0.229,0.224,0.225,224x224,RGB,VALIDATED
Organic/food_scraps/b24fb5ba50e1c08c306afdb2ff49b1ac8a1ecd03.png,b24fb5ba50e1c08c306afdb2ff49b1ac8a1ecd03.png,.png,stage4_standardized,ImageNet,0.485,0.456,0.406,0.229,0.224,0.225,224x224,RGB,VALIDATED
Organic/food_scraps/bc914a33536d6cc8f833b89843d63a9c.png,bc914a33536d6cc8f833b89843d63a9c.png,.png,stage4_standardized,ImageNet,0.485,0.456,0.406,0.229,0.224,0.225,224x224,RGB,VALIDATED
Organic/food_scraps/broth-from-scraps.png,broth-from-scraps.png,.png,stage4_standardized,ImageNet,0.485,0.456,0.406,0.229,0.224,0.225,224x224,RGB,VALIDATED
Organic/food_scraps/collecting-food-scraps-4-compost-640s.png,collecting-food-scraps-4-compost-640s.png,.png,stage4_standardized,ImageNet,0.485,0.456,0.406,0.229,0.224,0.225,224x224,RGB,VALIDATED
Organic/food_scraps/composition-compost-made-rotten-food_23-2149073812.png,composition-compost-made-rotten-food_23-2149073812.png,.png,stage4_standardized,ImageNet,0.485,0.456,0.406,0.229,0.224,0.225,224x224,RGB,VALIDATED
Organic/food_scraps/compost-them-1644793139.png,compost-them-1644793139.png,.png,stage4_standardized,ImageNet,0.485,0.456,0.406,0.229,0.224,0.225,224x224,RGB,VALIDATED
Organic/food_scraps/composting-methods.png,composting-methods.png,.png,stage4_standardized,ImageNet,0.485,0.456,0.406,0.229,0.224,0.225,224x224,RGB,VALIDATED
Organic/food_scraps/content13101.png,content13101.png,.png,stage4_standardized,ImageNet,0.485,0.456,0.406,0.229,0.224,0.225,224x224,RGB,VALIDATED
Organic/food_scraps/cover-1-24.png,cover-1-24.png,.png,stage4_standardized,ImageNet,0.485,0.456,0.406,0.229,0.224,0.225,224x224,RGB,VALIDATED
Organic/food_scraps/cristiano-pinto-2lWGQ02DGL8-un_1_x.png,cristiano-pinto-2lWGQ02DGL8-un_1_x.png,.png,stage4_standardized,ImageNet,0.485,0.456,0.406,0.229,0.224,0.225,224x224,RGB,VALIDATED
Organic/food_scraps/csm_Header_Food_Waste_1_7eb721ff62.png,csm_Header_Food_Waste_1_7eb721ff62.png,.png,stage4_standardized,ImageNet,0.485,0.456,0.406,0.229,0.224,0.225,224x224,RGB,VALIDATED
Organic/food_scraps/dc-Cover-cgac7t839uh8gjfhkmi1avj642-20190223024739.Medi.png,dc-Cover-cgac7t839uh8gjfhkmi1avj642-20190223024739.Medi.png,.png,stage4_standardized,ImageNet,0.485,0.456,0.406,0.229,0.224,0.225,224x224,RGB,VALIDATED
Organic/food_scraps/depositphotos_320625516-stock-photo-domestic-food-waste-compost-fruits.png,depositphotos_320625516-stock-photo-domestic-food-waste-compost-fruits.png,.png,stage4_standardized,ImageNet,0.485,0.456,0.406,0.229,0.224,0.225,224x224,RGB,VALIDATED
Organic/food_scraps/depositphotos_68423525-stock-photo-a-pile-of-food-waste.png,depositphotos_68423525-stock-photo-a-pile-of-food-waste.png,.png,stage4_standardized,ImageNet,0.485,0.456,0.406,0.229,0.224,0.225,224x224,RGB,VALIDATED
Organic/food_scraps/domestic-food-waste-compost-fruits-vegetables-white-background-compostable-scraps-164425010.png,domestic-food-waste-compost-fruits-vegetables-white-background-compostable-scraps-164425010.png,.png,stage4_standardized,ImageNet,0.485,0.456,0.406,0.229,0.224,0.225,224x224,RGB,VALIDATED
Organic/food_scraps/egetables-and-fruits-in-a-huge-container-in-a-rubbish-bin-heap-of-2203815095.png,egetables-and-fruits-in-a-huge-container-in-a-rubbish-bin-heap-of-2203815095.png,.png,stage4_standardized,ImageNet,0.485,0.456,0.406,0.229,0.224,0.225,224x224,RGB,VALIDATED
Organic/food_scraps/fight-food-waste-1533137513976-1533137515977.png,fight-food-waste-1533137513976-1533137515977.png,.png,stage4_standardized,ImageNet,0.485,0.456,0.406,0.229,0.224,0.225,224x224,RGB,VALIDATED
Organic/food_scraps/file-20230601-15-v2l0pv.png,file-20230601-15-v2l0pv.png,.png,stage4_standardized,ImageNet,0.485,0.456,0.406,0.229,0.224,0.225,224x224,RGB,VALIDATED
Organic/food_scraps/file7g1gomxjw28p61iggbn-993894-1622829644.png,file7g1gomxjw28p61iggbn-993894-1622829644.png,.png,stage4_standardized,ImageNet,0.485,0.456,0.406,0.229,0.224,0.225,224x224,RGB,VALIDATED
Organic/food_scraps/food-ngo_bbdf8874-4643-11e6-8e05-c384b245cd95.png,food-ngo_bbdf8874-4643-11e6-8e05-c384b245cd95.png,.png,stage4_standardized,ImageNet,0.485,0.456,0.406,0.229,0.224,0.225,224x224,RGB,VALIDATED
Organic/food_scraps/food-scraps-flyer-1-1.png,food-scraps-flyer-1-1.png,.png,stage4_standardized,ImageNet,0.485,0.456,0.406,0.229,0.224,0.225,224x224,RGB,VALIDATED
Organic/food_scraps/food-scraps-recipes.png,food-scraps-recipes.png,.png,stage4_standardized,ImageNet,0.485,0.456,0.406,0.229,0.224,0.225,224x224,RGB,VALIDATED
Organic/food_scraps/food-scraps-shutterstock-c.png,food-scraps-shutterstock-c.png,.png,stage4_standardized,ImageNet,0.485,0.456,0.406,0.229,0.224,0.225,224x224,RGB,VALIDATED
Organic/food_scraps/food-wastage-ap.png,food-wastage-ap.png,.png,stage4_standardized,ImageNet,0.485,0.456,0.406,0.229,0.224,0.225,224x224,RGB,VALIDATED
Organic/food_scraps/food-waste-14654962.png,food-waste-14654962.png,.png,stage4_standardized,ImageNet,0.485,0.456,0.406,0.229,0.224,0.225,224x224,RGB,VALIDATED
Organic/food_scraps/food-waste-adobe.png,food-waste-adobe.png,.png,stage4_standardized,ImageNet,0.485,0.456,0.406,0.229,0.224,0.225,224x224,RGB,VALIDATED
Organic/food_scraps/food-waste-at-home-independence-day-special.png,food-waste-at-home-independence-day-special.png,.png,stage4_standardized,ImageNet,0.485,0.456,0.406,0.229,0.224,0.225,224x224,RGB,VALIDATED
Organic/food_scraps/food-waste-in-america1.png,food-waste-in-america1.png,.png,stage4_standardized,ImageNet,0.485,0.456,0.406,0.229,0.224,0.225,224x224,RGB,VALIDATED
Organic/food_scraps/food-waste-problem.png,food-waste-problem.png,.png,stage4_standardized,ImageNet,0.485,0.456,0.406,0.229,0.224,0.225,224x224,RGB,VALIDATED
Organic/food_scraps/food-waste.png,food-waste.png,.png,stage4_standardized,ImageNet,0.485,0.456,0.406,0.229,0.224,0.225,224x224,RGB,VALIDATED
Organic/food_scraps/food-wate.png,food-wate.png,.png,stage4_standardized,ImageNet,0.485,0.456,0.406,0.229,0.224,0.225,224x224,RGB,VALIDATED
Organic/food_scraps/food.png,food.png,.png,stage4_standardized,ImageNet,0.485,0.456,0.406,0.229,0.224,0.225,224x224,RGB,VALIDATED
Organic/food_scraps/food20scraps20MR1540.png,food20scraps20MR1540.png,.png,stage4_standardized,ImageNet,0.485,0.456,0.406,0.229,0.224,0.225,224x224,RGB,VALIDATED
Organic/food_scraps/food_scraps_pile.png,food_scraps_pile.png,.png,stage4_standardized,ImageNet,0.485,0.456,0.406,0.229,0.224,0.225,224x224,RGB,VALIDATED
Organic/food_scraps/foodwaste3.png,foodwaste3.png,.png,stage4_standardized,ImageNet,0.485,0.456,0.406,0.229,0.224,0.225,224x224,RGB,VALIDATED
Organic/food_scraps/fpiikgio_food-waste-istock-650_650x400_05_March_21.png,fpiikgio_food-waste-istock-650_650x400_05_March_21.png,.png,stage4_standardized,ImageNet,0.485,0.456,0.406,0.229,0.224,0.225,224x224,RGB,VALIDATED
Organic/food_scraps/getty-inedible-food-scraps-Jenny-Dettrick.png,getty-inedible-food-scraps-Jenny-Dettrick.png,.png,stage4_standardized,ImageNet,0.485,0.456,0.406,0.229,0.224,0.225,224x224,RGB,VALIDATED
Organic/food_scraps/gfx4-x1280.png,gfx4-x1280.png,.png,stage4_standardized,ImageNet,0.485,0.456,0.406,0.229,0.224,0.225,224x224,RGB,VALIDATED
Organic/food_scraps/girl20edible20vegetables20food20DH-1562441019.png,girl20edible20vegetables20food20DH-1562441019.png,.png,stage4_standardized,ImageNet,0.485,0.456,0.406,0.229,0.224,0.225,224x224,RGB,VALIDATED
Organic/food_scraps/healthy-food-eating-groceries-1296x728-header-1.png,healthy-food-eating-groceries-1296x728-header-1.png,.png,stage4_standardized,ImageNet,0.485,0.456,0.406,0.229,0.224,0.225,224x224,RGB,VALIDATED
Organic/food_scraps/home-composter-with-food-scraps-and-vegetable-waste-BN3YRY.png,home-composter-with-food-scraps-and-vegetable-waste-BN3YRY.png,.png,stage4_standardized,ImageNet,0.485,0.456,0.406,0.229,0.224,0.225,224x224,RGB,VALIDATED
Organic/food_scraps/household-food-waste-for-compositing-BE06K7.png,household-food-waste-for-compositing-BE06K7.png,.png,stage4_standardized,ImageNet,0.485,0.456,0.406,0.229,0.224,0.225,224x224,RGB,VALIDATED
Organic/food_scraps/how-to-stop-food-waste-1620830827.png,how-to-stop-food-waste-1620830827.png,.png,stage4_standardized,ImageNet,0.485,0.456,0.406,0.229,0.224,0.225,224x224,RGB,VALIDATED
Organic/food_scraps/iStock-1216122354.png,iStock-1216122354.png,.png,stage4_standardized,ImageNet,0.485,0.456,0.406,0.229,0.224,0.225,224x224,RGB,VALIDATED
Organic/food_scraps/iStock-1225253924_resized.png,iStock-1225253924_resized.png,.png,stage4_standardized,ImageNet,0.485,0.456,0.406,0.229,0.224,0.225,224x224,RGB,VALIDATED
Organic/food_scraps/iStock-1281092545-1.png,iStock-1281092545-1.png,.png,stage4_standardized,ImageNet,0.485,0.456,0.406,0.229,0.224,0.225,224x224,RGB,VALIDATED
Organic/food_scraps/iStock-1310811753.png,iStock-1310811753.png,.png,stage4_standardized,ImageNet,0.485,0.456,0.406,0.229,0.224,0.225,224x224,RGB,VALIDATED
Organic/food_scraps/iStock-172481514.png,iStock-172481514.png,.png,stage4_standardized,ImageNet,0.485,0.456,0.406,0.229,0.224,0.225,224x224,RGB,VALIDATED
Organic/food_scraps/img_156025_foodwasteindex.png,img_156025_foodwasteindex.png,.png,stage4_standardized,ImageNet,0.485,0.456,0.406,0.229,0.224,0.225,224x224,RGB,VALIDATED
Organic/food_scraps/img_156027_foodwasteindex2.png,img_156027_foodwasteindex2.png,.png,stage4_standardized,ImageNet,0.485,0.456,0.406,0.229,0.224,0.225,224x224,RGB,VALIDATED
Organic/food_scraps/innovationsustainabilitya-home-bin-turning-food-scraps-into-farm-feed.png,innovationsustainabilitya-home-bin-turning-food-scraps-into-farm-feed.png,.png,stage4_standardized,ImageNet,0.485,0.456,0.406,0.229,0.224,0.225,224x224,RGB,VALIDATED
Organic/food_scraps/kisspng-drawing-tree-apple-clip-art-food-scraps-5b1a04b3888213.1340075715284317955592.png,kisspng-drawing-tree-apple-clip-art-food-scraps-5b1a04b3888213.1340075715284317955592.png,.png,stage4_standardized,ImageNet,0.485,0.456,0.406,0.229,0.224,0.225,224x224,RGB,VALIDATED
Organic/food_scraps/kitchen-waste.png,kitchen-waste.png,.png,stage4_standardized,ImageNet,0.485,0.456,0.406,0.229,0.224,0.225,224x224,RGB,VALIDATED
Organic/food_scraps/l-intro-1644823869.png,l-intro-1644823869.png,.png,stage4_standardized,ImageNet,0.485,0.456,0.406,0.229,0.224,0.225,224x224,RGB,VALIDATED
Organic/food_scraps/l-intro-1669916430.png,l-intro-1669916430.png,.png,stage4_standardized,ImageNet,0.485,0.456,0.406,0.229,0.224,0.225,224x224,RGB,VALIDATED
Organic/food_scraps/maxresdefault.png,maxresdefault.png,.png,stage4_standardized,ImageNet,0.485,0.456,0.406,0.229,0.224,0.225,224x224,RGB,VALIDATED
Organic/food_scraps/maxresdefault2.png,maxresdefault2.png,.png,stage4_standardized,ImageNet,0.485,0.456,0.406,0.229,0.224,0.225,224x224,RGB,VALIDATED
Organic/food_scraps/maxresdefault3.png,maxresdefault3.png,.png,stage4_standardized,ImageNet,0.485,0.456,0.406,0.229,0.224,0.225,224x224,RGB,VALIDATED
Organic/food_scraps/msYOpyieqtTMURt-800x450-noPad.png,msYOpyieqtTMURt-800x450-noPad.png,.png,stage4_standardized,ImageNet,0.485,0.456,0.406,0.229,0.224,0.225,224x224,RGB,VALIDATED
Organic/food_scraps/np_file_233459.png,np_file_233459.png,.png,stage4_standardized,ImageNet,0.485,0.456,0.406,0.229,0.224,0.225,224x224,RGB,VALIDATED
Organic/food_scraps/rbage-thrown-open-ground-food-waste-polythene-bags-dump-yard-scrap-228828546.png,rbage-thrown-open-ground-food-waste-polythene-bags-dump-yard-scrap-228828546.png,.png,stage4_standardized,ImageNet,0.485,0.456,0.406,0.229,0.224,0.225,224x224,RGB,VALIDATED
Organic/food_scraps/reusing-kitchen-scraps-FB.png,reusing-kitchen-scraps-FB.png,.png,stage4_standardized,ImageNet,0.485,0.456,0.406,0.229,0.224,0.225,224x224,RGB,VALIDATED
Organic/food_scraps/rotten-7362269_1170x658.png,rotten-7362269_1170x658.png,.png,stage4_standardized,ImageNet,0.485,0.456,0.406,0.229,0.224,0.225,224x224,RGB,VALIDATED
Organic/food_scraps/shutterstock_1194695191-scaled.png,shutterstock_1194695191-scaled.png,.png,stage4_standardized,ImageNet,0.485,0.456,0.406,0.229,0.224,0.225,224x224,RGB,VALIDATED
Organic/food_scraps/shutterstock_344303585.png,shutterstock_344303585.png,.png,stage4_standardized,ImageNet,0.485,0.456,0.406,0.229,0.224,0.225,224x224,RGB,VALIDATED
Organic/food_scraps/shutterstock_649541308-1-16410171154x3.png,shutterstock_649541308-1-16410171154x3.png,.png,stage4_standardized,ImageNet,0.485,0.456,0.406,0.229,0.224,0.225,224x224,RGB,VALIDATED
Organic/food_scraps/stock-photo-compost-pile-hill-of-kitchen-scraps-isolated-on-white-background-170960243.png,stock-photo-compost-pile-hill-of-kitchen-scraps-isolated-on-white-background-170960243.png,.png,stage4_standardized,ImageNet,0.485,0.456,0.406,0.229,0.224,0.225,224x224,RGB,VALIDATED
Organic/food_scraps/stock-photo-organic-waste-food-and-home-waste-used-to-make-compost-619780853.png,stock-photo-organic-waste-food-and-home-waste-used-to-make-compost-619780853.png,.png,stage4_standardized,ImageNet,0.485,0.456,0.406,0.229,0.224,0.225,224x224,RGB,VALIDATED
Organic/food_scraps/stock-photo-vegetable-food-scraps-1895608405.png,stock-photo-vegetable-food-scraps-1895608405.png,.png,stage4_standardized,ImageNet,0.485,0.456,0.406,0.229,0.224,0.225,224x224,RGB,VALIDATED
Organic/food_scraps/sustainability-waste-reducing-food-loss-article-header-fw.png,sustainability-waste-reducing-food-loss-article-header-fw.png,.png,stage4_standardized,ImageNet,0.485,0.456,0.406,0.229,0.224,0.225,224x224,RGB,VALIDATED
Organic/food_scraps/t-and-egg-waste-collected-in-a-bin-for-home-composting-and-gardening-2BTFMN4.png,t-and-egg-waste-collected-in-a-bin-for-home-composting-and-gardening-2BTFMN4.png,.png,stage4_standardized,ImageNet,0.485,0.456,0.406,0.229,0.224,0.225,224x224,RGB,VALIDATED
Organic/food_scraps/tamil-nadu-india-february-15-2018-food-waste-2B14J71.png,tamil-nadu-india-february-15-2018-food-waste-2B14J71.png,.png,stage4_standardized,ImageNet,0.485,0.456,0.406,0.229,0.224,0.225,224x224,RGB,VALIDATED
Organic/food_scraps/top-view-trash-cooking-concept_23-2149056484.png,top-view-trash-cooking-concept_23-2149056484.png,.png,stage4_standardized,ImageNet,0.485,0.456,0.406,0.229,0.224,0.225,224x224,RGB,VALIDATED
Organic/food_scraps/top-view-trash-cooking-concept_23-2149056487.png,top-view-trash-cooking-concept_23-2149056487.png,.png,stage4_standardized,ImageNet,0.485,0.456,0.406,0.229,0.224,0.225,224x224,RGB,VALIDATED
Organic/food_scraps/trash-talk-5-food-scraps-you-should-not-be-throwing-away.1280x600.png,trash-talk-5-food-scraps-you-should-not-be-throwing-away.1280x600.png,.png,stage4_standardized,ImageNet,0.485,0.456,0.406,0.229,0.224,0.225,224x224,RGB,VALIDATED
Organic/food_scraps/un-food-waste-2013-feature_1474021852.png,un-food-waste-2013-feature_1474021852.png,.png,stage4_standardized,ImageNet,0.485,0.456,0.406,0.229,0.224,0.225,224x224,RGB,VALIDATED
Organic/food_scraps/unavoidable-waste.png,unavoidable-waste.png,.png,stage4_standardized,ImageNet,0.485,0.456,0.406,0.229,0.224,0.225,224x224,RGB,VALIDATED
Organic/food_scraps/vegetable-scraps-1-768x587-1.png,vegetable-scraps-1-768x587-1.png,.png,stage4_standardized,ImageNet,0.485,0.456,0.406,0.229,0.224,0.225,224x224,RGB,VALIDATED
Organic/food_scraps/wasted-food2.png,wasted-food2.png,.png,stage4_standardized,ImageNet,0.485,0.456,0.406,0.229,0.224,0.225,224x224,RGB,VALIDATED
Organic/food_scraps/watermelon-rind-rinds-1296x728-header.png,watermelon-rind-rinds-1296x728-header.png,.png,stage4_standardized,ImageNet,0.485,0.456,0.406,0.229,0.224,0.225,224x224,RGB,VALIDATED
Organic/food_scraps/zero-waste-26.png,zero-waste-26.png,.png,stage4_standardized,ImageNet,0.485,0.456,0.406,0.229,0.224,0.225,224x224,RGB,VALIDATED
Organic/kitchen_waste/1-s2.0-S2666833521000526-gr1.png,1-s2.0-S2666833521000526-gr1.png,.png,stage4_standardized,ImageNet,0.485,0.456,0.406,0.229,0.224,0.225,224x224,RGB,VALIDATED
Organic/kitchen_waste/11062b_3e2f304708c04f77b4a2eb0de9a532e1mv2.png,11062b_3e2f304708c04f77b4a2eb0de9a532e1mv2.png,.png,stage4_standardized,ImageNet,0.485,0.456,0.406,0.229,0.224,0.225,224x224,RGB,VALIDATED
Organic/kitchen_waste/13399_2022_2473_Fig1_HTML.png,13399_2022_2473_Fig1_HTML.png,.png,stage4_standardized,ImageNet,0.485,0.456,0.406,0.229,0.224,0.225,224x224,RGB,VALIDATED
Organic/kitchen_waste/1595698103_herbs-in-pots-istock-456025839.png,1595698103_herbs-in-pots-istock-456025839.png,.png,stage4_standardized,ImageNet,0.485,0.456,0.406,0.229,0.224,0.225,224x224,RGB,VALIDATED
Organic/kitchen_waste/1622878634889.png,1622878634889.png,.png,stage4_standardized,ImageNet,0.485,0.456,0.406,0.229,0.224,0.225,224x224,RGB,VALIDATED
Organic/kitchen_waste/3-Figure1-1.png,3-Figure1-1.png,.png,stage4_standardized,ImageNet,0.485,0.456,0.406,0.229,0.224,0.225,224x224,RGB,VALIDATED
Organic/kitchen_waste/3-s2.0-B978012818353300016X-f16-01-9780128183533.png,3-s2.0-B978012818353300016X-f16-01-9780128183533.png,.png,stage4_standardized,ImageNet,0.485,0.456,0.406,0.229,0.224,0.225,224x224,RGB,VALIDATED
Organic/kitchen_waste/643178-1550857201.png,643178-1550857201.png,.png,stage4_standardized,ImageNet,0.485,0.456,0.406,0.229,0.224,0.225,224x224,RGB,VALIDATED
Organic/kitchen_waste/768-Glad-C2A9-Salty-Dingo-2021-2846-Frame-1.png,768-Glad-C2A9-Salty-Dingo-2021-2846-Frame-1.png,.png,stage4_standardized,ImageNet,0.485,0.456,0.406,0.229,0.224,0.225,224x224,RGB,VALIDATED
Organic/kitchen_waste/78753608.png,78753608.png,.png,stage4_standardized,ImageNet,0.485,0.456,0.406,0.229,0.224,0.225,224x224,RGB,VALIDATED
Organic/kitchen_waste/796520-The-9-Best-Plant-Based-Meal-Delivery-Services-1296x728-Header-f5d7d3.png,796520-The-9-Best-Plant-Based-Meal-Delivery-Services-1296x728-Header-f5d7d3.png,.png,stage4_standardized,ImageNet,0.485,0.456,0.406,0.229,0.224,0.225,224x224,RGB,VALIDATED
Organic/kitchen_waste/81OnCprqnuL._AC_UF10001000_QL80_.png,81OnCprqnuL._AC_UF10001000_QL80_.png,.png,stage4_standardized,ImageNet,0.485,0.456,0.406,0.229,0.224,0.225,224x224,RGB,VALIDATED
Organic/kitchen_waste/81bpgkUi5qL._AC_UF8941000_QL80_.png,81bpgkUi5qL._AC_UF8941000_QL80_.png,.png,stage4_standardized,ImageNet,0.485,0.456,0.406,0.229,0.224,0.225,224x224,RGB,VALIDATED
Organic/kitchen_waste/87076af8a4cad8874f37b27d9c86b325.png,87076af8a4cad8874f37b27d9c86b325.png,.png,stage4_standardized,ImageNet,0.485,0.456,0.406,0.229,0.224,0.225,224x224,RGB,VALIDATED
Organic/kitchen_waste/91CyPH9P6NL._AC_UF10001000_QL80_.png,91CyPH9P6NL._AC_UF10001000_QL80_.png,.png,stage4_standardized,ImageNet,0.485,0.456,0.406,0.229,0.224,0.225,224x224,RGB,VALIDATED
Organic/kitchen_waste/9f869208aab05e7a_800x800ar.png,9f869208aab05e7a_800x800ar.png,.png,stage4_standardized,ImageNet,0.485,0.456,0.406,0.229,0.224,0.225,224x224,RGB,VALIDATED
Organic/kitchen_waste/Articleheader_Dora.png,Articleheader_Dora.png,.png,stage4_standardized,ImageNet,0.485,0.456,0.406,0.229,0.224,0.225,224x224,RGB,VALIDATED
Organic/kitchen_waste/Blue-Tribe-and-Myprotein-Join-Hands-for-Plant-Based-Breakfast-Recipes.png,Blue-Tribe-and-Myprotein-Join-Hands-for-Plant-Based-Breakfast-Recipes.png,.png,stage4_standardized,ImageNet,0.485,0.456,0.406,0.229,0.224,0.225,224x224,RGB,VALIDATED
Organic/kitchen_waste/COMPOSTING-gif.png,COMPOSTING-gif.png,.png,stage4_standardized,ImageNet,0.485,0.456,0.406,0.229,0.224,0.225,224x224,RGB,VALIDATED
Organic/kitchen_waste/Comparison-of-the-food-waste-estimated-using-the-MFA-approach-for-different-food-groups.png,Comparison-of-the-food-waste-estimated-using-the-MFA-approach-for-different-food-groups.png,.png,stage4_standardized,ImageNet,0.485,0.456,0.406,0.229,0.224,0.225,224x224,RGB,VALIDATED
Organic/kitchen_waste/D9CA7F37-D4DB-4B38-B024-B08AC53C49DC_623963a3e690a.png,D9CA7F37-D4DB-4B38-B024-B08AC53C49DC_623963a3e690a.png,.png,stage4_standardized,ImageNet,0.485,0.456,0.406,0.229,0.224,0.225,224x224,RGB,VALIDATED
Organic/kitchen_waste/DemHuJ-W0AAARkM.png,DemHuJ-W0AAARkM.png,.png,stage4_standardized,ImageNet,0.485,0.456,0.406,0.229,0.224,0.225,224x224,RGB,VALIDATED
Organic/kitchen_waste/DuPont-s-clean-label-food-waste-innovation-for-plant-based-products.png,DuPont-s-clean-label-food-waste-innovation-for-plant-based-products.png,.png,stage4_standardized,ImageNet,0.485,0.456,0.406,0.229,0.224,0.225,224x224,RGB,VALIDATED
Organic/kitchen_waste/Eco_friendly_bulk_food_shopping_bags_940x.png,Eco_friendly_bulk_food_shopping_bags_940x.png,.png,stage4_standardized,ImageNet,0.485,0.456,0.406,0.229,0.224,0.225,224x224,RGB,VALIDATED
Organic/kitchen_waste/Feat_Image-Kitchen_garden_1024x1024.png,Feat_Image-Kitchen_garden_1024x1024.png,.png,stage4_standardized,ImageNet,0.485,0.456,0.406,0.229,0.224,0.225,224x224,RGB,VALIDATED
Organic/kitchen_waste/Food-Waste-Management--scaled.png,Food-Waste-Management--scaled.png,.png,stage4_standardized,ImageNet,0.485,0.456,0.406,0.229,0.224,0.225,224x224,RGB,VALIDATED
Organic/kitchen_waste/Food-Waste-based-Bio-gas-Plant-1.png,Food-Waste-based-Bio-gas-Plant-1.png,.png,stage4_standardized,ImageNet,0.485,0.456,0.406,0.229,0.224,0.225,224x224,RGB,VALIDATED
Organic/kitchen_waste/Food20Waste.png,Food20Waste.png,.png,stage4_standardized,ImageNet,0.485,0.456,0.406,0.229,0.224,0.225,224x224,RGB,VALIDATED
Organic/kitchen_waste/FoodWasteComposting_800x800_01.png,FoodWasteComposting_800x800_01.png,.png,stage4_standardized,ImageNet,0.485,0.456,0.406,0.229,0.224,0.225,224x224,RGB,VALIDATED
Organic/kitchen_waste/Health-benefits-of-plant-based-diet.png,Health-benefits-of-plant-based-diet.png,.png,stage4_standardized,ImageNet,0.485,0.456,0.406,0.229,0.224,0.225,224x224,RGB,VALIDATED
Organic/kitchen_waste/IF1902feature.png,IF1902feature.png,.png,stage4_standardized,ImageNet,0.485,0.456,0.406,0.229,0.224,0.225,224x224,RGB,VALIDATED
Organic/kitchen_waste/IMG_2699.png,IMG_2699.png,.png,stage4_standardized,ImageNet,0.485,0.456,0.406,0.229,0.224,0.225,224x224,RGB,VALIDATED
Organic/kitchen_waste/ImageForArticle_1068_15838554769721277.png,ImageForArticle_1068_15838554769721277.png,.png,stage4_standardized,ImageNet,0.485,0.456,0.406,0.229,0.224,0.225,224x224,RGB,VALIDATED
Organic/kitchen_waste/New_Food_Diagram_Image3130.png,New_Food_Diagram_Image3130.png,.png,stage4_standardized,ImageNet,0.485,0.456,0.406,0.229,0.224,0.225,224x224,RGB,VALIDATED
Organic/kitchen_waste/PepsiCo-India-pilots-plant-based-packaging-to-address-plastic-waste.png,PepsiCo-India-pilots-plant-based-packaging-to-address-plastic-waste.png,.png,stage4_standardized,ImageNet,0.485,0.456,0.406,0.229,0.224,0.225,224x224,RGB,VALIDATED
Organic/kitchen_waste/Pic2-7.png,Pic2-7.png,.png,stage4_standardized,ImageNet,0.485,0.456,0.406,0.229,0.224,0.225,224x224,RGB,VALIDATED
Organic/kitchen_waste/Plant-based-functional-food-ingredients-scrutinised-in-Pro-Enrich-project.png,Plant-based-functional-food-ingredients-scrutinised-in-Pro-Enrich-project.png,.png,stage4_standardized,ImageNet,0.485,0.456,0.406,0.229,0.224,0.225,224x224,RGB,VALIDATED
Organic/kitchen_waste/Plant-based-nuggets-1024x536.png,Plant-based-nuggets-1024x536.png,.png,stage4_standardized,ImageNet,0.485,0.456,0.406,0.229,0.224,0.225,224x224,RGB,VALIDATED
Organic/kitchen_waste/Screen_Shot_2022-11-07_at_11.19.24_PM_480x480.png,Screen_Shot_2022-11-07_at_11.19.24_PM_480x480.png,.png,stage4_standardized,ImageNet,0.485,0.456,0.406,0.229,0.224,0.225,224x224,RGB,VALIDATED
Organic/kitchen_waste/Start-up-upcycles-liquid-food-waste-into-plant-based-cheese.png,Start-up-upcycles-liquid-food-waste-into-plant-based-cheese.png,.png,stage4_standardized,ImageNet,0.485,0.456,0.406,0.229,0.224,0.225,224x224,RGB,VALIDATED
Organic/kitchen_waste/Untitled-design-5-2-770x433.png,Untitled-design-5-2-770x433.png,.png,stage4_standardized,ImageNet,0.485,0.456,0.406,0.229,0.224,0.225,224x224,RGB,VALIDATED
Organic/kitchen_waste/YMXAVDT77NLGDJWI7GD4ZTHA6E.png,YMXAVDT77NLGDJWI7GD4ZTHA6E.png,.png,stage4_standardized,ImageNet,0.485,0.456,0.406,0.229,0.224,0.225,224x224,RGB,VALIDATED
Organic/kitchen_waste/Zero-Waste-Dishes_825_432_int.png,Zero-Waste-Dishes_825_432_int.png,.png,stage4_standardized,ImageNet,0.485,0.456,0.406,0.229,0.224,0.225,224x224,RGB,VALIDATED
Organic/kitchen_waste/anina-green-queen.png,anina-green-queen.png,.png,stage4_standardized,ImageNet,0.485,0.456,0.406,0.229,0.224,0.225,224x224,RGB,VALIDATED
Organic/kitchen_waste/archives-ewaste-one_one.png,archives-ewaste-one_one.png,.png,stage4_standardized,ImageNet,0.485,0.456,0.406,0.229,0.224,0.225,224x224,RGB,VALIDATED
Organic/kitchen_waste/bddbe14e-8b47-4719-914b-e0a4a0eb3c71_22028229.png,bddbe14e-8b47-4719-914b-e0a4a0eb3c71_22028229.png,.png,stage4_standardized,ImageNet,0.485,0.456,0.406,0.229,0.224,0.225,224x224,RGB,VALIDATED
Organic/kitchen_waste/caec53fd447ffe42bd17749e343aaf51.png,caec53fd447ffe42bd17749e343aaf51.png,.png,stage4_standardized,ImageNet,0.485,0.456,0.406,0.229,0.224,0.225,224x224,RGB,VALIDATED
Organic/kitchen_waste/chennai-3bin-set-up-home-compost-PADMAJAJ-Jul-2022.png,chennai-3bin-set-up-home-compost-PADMAJAJ-Jul-2022.png,.png,stage4_standardized,ImageNet,0.485,0.456,0.406,0.229,0.224,0.225,224x224,RGB,VALIDATED
Organic/kitchen_waste/chennai-geetha-home-compost-ready-PADMAJAJ-Jul-2022.png,chennai-geetha-home-compost-ready-PADMAJAJ-Jul-2022.png,.png,stage4_standardized,ImageNet,0.485,0.456,0.406,0.229,0.224,0.225,224x224,RGB,VALIDATED
Organic/kitchen_waste/chennai-geetha-terrace-garden-PADMAJAJ-Jul-2022.png,chennai-geetha-terrace-garden-PADMAJAJ-Jul-2022.png,.png,stage4_standardized,ImageNet,0.485,0.456,0.406,0.229,0.224,0.225,224x224,RGB,VALIDATED
Organic/kitchen_waste/compost-food-waste-1200x628-facebook.png,compost-food-waste-1200x628-facebook.png,.png,stage4_standardized,ImageNet,0.485,0.456,0.406,0.229,0.224,0.225,224x224,RGB,VALIDATED
Organic/kitchen_waste/compost-food-waste-732x549-thumbnail.png,compost-food-waste-732x549-thumbnail.png,.png,stage4_standardized,ImageNet,0.485,0.456,0.406,0.229,0.224,0.225,224x224,RGB,VALIDATED
Organic/kitchen_waste/compost-food-waste.png,compost-food-waste.png,.png,stage4_standardized,ImageNet,0.485,0.456,0.406,0.229,0.224,0.225,224x224,RGB,VALIDATED
Organic/kitchen_waste/composting-kitchen-waste.png,composting-kitchen-waste.png,.png,stage4_standardized,ImageNet,0.485,0.456,0.406,0.229,0.224,0.225,224x224,RGB,VALIDATED
Organic/kitchen_waste/contaminated-plastic-food-packaging.png,contaminated-plastic-food-packaging.png,.png,stage4_standardized,ImageNet,0.485,0.456,0.406,0.229,0.224,0.225,224x224,RGB,VALIDATED
Organic/kitchen_waste/d-prepared-with-tomatoes-cucumber-paper-bowl-zero-waste-dishware_118631-3969.png,d-prepared-with-tomatoes-cucumber-paper-bowl-zero-waste-dishware_118631-3969.png,.png,stage4_standardized,ImageNet,0.485,0.456,0.406,0.229,0.224,0.225,224x224,RGB,VALIDATED
Organic/kitchen_waste/dfh17may072-2-shutterstock_277774175.png,dfh17may072-2-shutterstock_277774175.png,.png,stage4_standardized,ImageNet,0.485,0.456,0.406,0.229,0.224,0.225,224x224,RGB,VALIDATED
Organic/kitchen_waste/environmental-impacts-of-a-year-of-wasted-food_0.png,environmental-impacts-of-a-year-of-wasted-food_0.png,.png,stage4_standardized,ImageNet,0.485,0.456,0.406,0.229,0.224,0.225,224x224,RGB,VALIDATED
Organic/kitchen_waste/food-waste-shutterstock.png,food-waste-shutterstock.png,.png,stage4_standardized,ImageNet,0.485,0.456,0.406,0.229,0.224,0.225,224x224,RGB,VALIDATED
Organic/kitchen_waste/food-webinar-1-1024x558.png,food-webinar-1-1024x558.png,.png,stage4_standardized,ImageNet,0.485,0.456,0.406,0.229,0.224,0.225,224x224,RGB,VALIDATED
Organic/kitchen_waste/food_waste_750.png,food_waste_750.png,.png,stage4_standardized,ImageNet,0.485,0.456,0.406,0.229,0.224,0.225,224x224,RGB,VALIDATED
Organic/kitchen_waste/foodwaste-683x1024.png,foodwaste-683x1024.png,.png,stage4_standardized,ImageNet,0.485,0.456,0.406,0.229,0.224,0.225,224x224,RGB,VALIDATED
Organic/kitchen_waste/foodwaste_custom-419d4cfb36e0fc8ed48fe293b8c1d2bb6aba670d.png,foodwaste_custom-419d4cfb36e0fc8ed48fe293b8c1d2bb6aba670d.png,.png,stage4_standardized,ImageNet,0.485,0.456,0.406,0.229,0.224,0.225,224x224,RGB,VALIDATED
Organic/kitchen_waste/garbage-crisis-swachh-india.png,garbage-crisis-swachh-india.png,.png,stage4_standardized,ImageNet,0.485,0.456,0.406,0.229,0.224,0.225,224x224,RGB,VALIDATED
Organic/kitchen_waste/garbage-hero.png,garbage-hero.png,.png,stage4_standardized,ImageNet,0.485,0.456,0.406,0.229,0.224,0.225,224x224,RGB,VALIDATED
Organic/kitchen_waste/growing-your-own-herbs.png,growing-your-own-herbs.png,.png,stage4_standardized,ImageNet,0.485,0.456,0.406,0.229,0.224,0.225,224x224,RGB,VALIDATED
Organic/kitchen_waste/healthy-food-eating-groceries-1200x628-facebook.png,healthy-food-eating-groceries-1200x628-facebook.png,.png,stage4_standardized,ImageNet,0.485,0.456,0.406,0.229,0.224,0.225,224x224,RGB,VALIDATED
Organic/kitchen_waste/home-composting-of-kitchen-waste.png,home-composting-of-kitchen-waste.png,.png,stage4_standardized,ImageNet,0.485,0.456,0.406,0.229,0.224,0.225,224x224,RGB,VALIDATED
Organic/kitchen_waste/how-to-compost-at-home.png,how-to-compost-at-home.png,.png,stage4_standardized,ImageNet,0.485,0.456,0.406,0.229,0.224,0.225,224x224,RGB,VALIDATED
Organic/kitchen_waste/hq720.png,hq720.png,.png,stage4_standardized,ImageNet,0.485,0.456,0.406,0.229,0.224,0.225,224x224,RGB,VALIDATED
Organic/kitchen_waste/iStock-1179964582.png,iStock-1179964582.png,.png,stage4_standardized,ImageNet,0.485,0.456,0.406,0.229,0.224,0.225,224x224,RGB,VALIDATED
Organic/kitchen_waste/img_5e753bd9d6549-1.png,img_5e753bd9d6549-1.png,.png,stage4_standardized,ImageNet,0.485,0.456,0.406,0.229,0.224,0.225,224x224,RGB,VALIDATED
Organic/kitchen_waste/jf1c07104_0002.png,jf1c07104_0002.png,.png,stage4_standardized,ImageNet,0.485,0.456,0.406,0.229,0.224,0.225,224x224,RGB,VALIDATED
Organic/kitchen_waste/johnny-mcclung-702726-unsplash.png,johnny-mcclung-702726-unsplash.png,.png,stage4_standardized,ImageNet,0.485,0.456,0.406,0.229,0.224,0.225,224x224,RGB,VALIDATED
Organic/kitchen_waste/jovitaaranha_bluru_cooking_gas_from_waste.png,jovitaaranha_bluru_cooking_gas_from_waste.png,.png,stage4_standardized,ImageNet,0.485,0.456,0.406,0.229,0.224,0.225,224x224,RGB,VALIDATED
Organic/kitchen_waste/kitchen-compost.png,kitchen-compost.png,.png,stage4_standardized,ImageNet,0.485,0.456,0.406,0.229,0.224,0.225,224x224,RGB,VALIDATED
Organic/kitchen_waste/large-6wJiZ2axa3SGf0D7REkk.png,large-6wJiZ2axa3SGf0D7REkk.png,.png,stage4_standardized,ImageNet,0.485,0.456,0.406,0.229,0.224,0.225,224x224,RGB,VALIDATED
Organic/kitchen_waste/making-organic-fertilizer-from-kitchen-waste-and-vegetable-waste-2C8427C.png,making-organic-fertilizer-from-kitchen-waste-and-vegetable-waste-2C8427C.png,.png,stage4_standardized,ImageNet,0.485,0.456,0.406,0.229,0.224,0.225,224x224,RGB,VALIDATED
Organic/kitchen_waste/maxresdefault.png,maxresdefault.png,.png,stage4_standardized,ImageNet,0.485,0.456,0.406,0.229,0.224,0.225,224x224,RGB,VALIDATED
Organic/kitchen_waste/maxresdefault2.png,maxresdefault2.png,.png,stage4_standardized,ImageNet,0.485,0.456,0.406,0.229,0.224,0.225,224x224,RGB,VALIDATED
Organic/kitchen_waste/maxresdefault3.png,maxresdefault3.png,.png,stage4_standardized,ImageNet,0.485,0.456,0.406,0.229,0.224,0.225,224x224,RGB,VALIDATED
Organic/kitchen_waste/maxresdefault4.png,maxresdefault4.png,.png,stage4_standardized,ImageNet,0.485,0.456,0.406,0.229,0.224,0.225,224x224,RGB,VALIDATED
Organic/kitchen_waste/maxresdefault5.png,maxresdefault5.png,.png,stage4_standardized,ImageNet,0.485,0.456,0.406,0.229,0.224,0.225,224x224,RGB,VALIDATED
Organic/kitchen_waste/organic-garden-fertilizer-biodegradable-kitchen-waste-composting-food-leftovers-banner-2FN46K6.png,organic-garden-fertilizer-biodegradable-kitchen-waste-composting-food-leftovers-banner-2FN46K6.png,.png,stage4_standardized,ImageNet,0.485,0.456,0.406,0.229,0.224,0.225,224x224,RGB,VALIDATED
Organic/kitchen_waste/p084qtwc.png,p084qtwc.png,.png,stage4_standardized,ImageNet,0.485,0.456,0.406,0.229,0.224,0.225,224x224,RGB,VALIDATED
Organic/kitchen_waste/p0dq9blh.png,p0dq9blh.png,.png,stage4_standardized,ImageNet,0.485,0.456,0.406,0.229,0.224,0.225,224x224,RGB,VALIDATED
Organic/kitchen_waste/p0dq9c0j.png,p0dq9c0j.png,.png,stage4_standardized,ImageNet,0.485,0.456,0.406,0.229,0.224,0.225,224x224,RGB,VALIDATED
Organic/kitchen_waste/pests-to-pets-the-future-of-food-and-feed-may-depend-on-insects.png,pests-to-pets-the-future-of-food-and-feed-may-depend-on-insects.png,.png,stage4_standardized,ImageNet,0.485,0.456,0.406,0.229,0.224,0.225,224x224,RGB,VALIDATED
Organic/kitchen_waste/pit-composting-kitchen-scraps.png,pit-composting-kitchen-scraps.png,.png,stage4_standardized,ImageNet,0.485,0.456,0.406,0.229,0.224,0.225,224x224,RGB,VALIDATED
Organic/kitchen_waste/plantbased-ingredient.png,plantbased-ingredient.png,.png,stage4_standardized,ImageNet,0.485,0.456,0.406,0.229,0.224,0.225,224x224,RGB,VALIDATED
Organic/kitchen_waste/ro-waste-packaging-fresh-raw-food-seasonal-vegetables-home-kitchen-176733986.png,ro-waste-packaging-fresh-raw-food-seasonal-vegetables-home-kitchen-176733986.png,.png,stage4_standardized,ImageNet,0.485,0.456,0.406,0.229,0.224,0.225,224x224,RGB,VALIDATED
Organic/kitchen_waste/ro-waste-packaging-fresh-raw-food-seasonal-vegetables-home-kitchen-176734460.png,ro-waste-packaging-fresh-raw-food-seasonal-vegetables-home-kitchen-176734460.png,.png,stage4_standardized,ImageNet,0.485,0.456,0.406,0.229,0.224,0.225,224x224,RGB,VALIDATED
Organic/kitchen_waste/scandinavian-kitchen.png,scandinavian-kitchen.png,.png,stage4_standardized,ImageNet,0.485,0.456,0.406,0.229,0.224,0.225,224x224,RGB,VALIDATED
Organic/kitchen_waste/science-stories-27b.png,science-stories-27b.png,.png,stage4_standardized,ImageNet,0.485,0.456,0.406,0.229,0.224,0.225,224x224,RGB,VALIDATED
Organic/kitchen_waste/shutterstock_1140138707.png,shutterstock_1140138707.png,.png,stage4_standardized,ImageNet,0.485,0.456,0.406,0.229,0.224,0.225,224x224,RGB,VALIDATED
Organic/kitchen_waste/shutterstock_574145911-2.png,shutterstock_574145911-2.png,.png,stage4_standardized,ImageNet,0.485,0.456,0.406,0.229,0.224,0.225,224x224,RGB,VALIDATED
Organic/kitchen_waste/sustainability-12-01976-g001.png,sustainability-12-01976-g001.png,.png,stage4_standardized,ImageNet,0.485,0.456,0.406,0.229,0.224,0.225,224x224,RGB,VALIDATED
Organic/kitchen_waste/te-Vegan-Meal-Plan-Digital-Recipe-Book-Plant-based-recipes-zero-waste-living.png,te-Vegan-Meal-Plan-Digital-Recipe-Book-Plant-based-recipes-zero-waste-living.png,.png,stage4_standardized,ImageNet,0.485,0.456,0.406,0.229,0.224,0.225,224x224,RGB,VALIDATED
Organic/kitchen_waste/vegan-plant-based-news-food-waste-livekindly.png,vegan-plant-based-news-food-waste-livekindly.png,.png,stage4_standardized,ImageNet,0.485,0.456,0.406,0.229,0.224,0.225,224x224,RGB,VALIDATED
Organic/kitchen_waste/vegan-plant-based-protein-food-waste-solution-header.png,vegan-plant-based-protein-food-waste-solution-header.png,.png,stage4_standardized,ImageNet,0.485,0.456,0.406,0.229,0.224,0.225,224x224,RGB,VALIDATED
Organic/kitchen_waste/vegan20books20indybest20copy.png,vegan20books20indybest20copy.png,.png,stage4_standardized,ImageNet,0.485,0.456,0.406,0.229,0.224,0.225,224x224,RGB,VALIDATED
Organic/kitchen_waste/vegetable-waste-infographics.png,vegetable-waste-infographics.png,.png,stage4_standardized,ImageNet,0.485,0.456,0.406,0.229,0.224,0.225,224x224,RGB,VALIDATED
Organic/kitchen_waste/vermicomposting-1536x1028-1.png,vermicomposting-1536x1028-1.png,.png,stage4_standardized,ImageNet,0.485,0.456,0.406,0.229,0.224,0.225,224x224,RGB,VALIDATED
Organic/kitchen_waste/vg2c00050_0006.png,vg2c00050_0006.png,.png,stage4_standardized,ImageNet,0.485,0.456,0.406,0.229,0.224,0.225,224x224,RGB,VALIDATED
Organic/kitchen_waste/waste-machine-759.png,waste-machine-759.png,.png,stage4_standardized,ImageNet,0.485,0.456,0.406,0.229,0.224,0.225,224x224,RGB,VALIDATED
Organic/kitchen_waste/waste-segregation.png,waste-segregation.png,.png,stage4_standardized,ImageNet,0.485,0.456,0.406,0.229,0.224,0.225,224x224,RGB,VALIDATED
Organic/kitchen_waste/waste20ryc.png,waste20ryc.png,.png,stage4_standardized,ImageNet,0.485,0.456,0.406,0.229,0.224,0.225,224x224,RGB,VALIDATED
Organic/kitchen_waste/which-diet-least-food-waste-lead-image.png,which-diet-least-food-waste-lead-image.png,.png,stage4_standardized,ImageNet,0.485,0.456,0.406,0.229,0.224,0.225,224x224,RGB,VALIDATED
Organic/yard_trimmings/1651988918799_a-gardener-collecting-garden-waste.png,1651988918799_a-gardener-collecting-garden-waste.png,.png,stage4_standardized,ImageNet,0.485,0.456,0.406,0.229,0.224,0.225,224x224,RGB,VALIDATED
Organic/yard_trimmings/20a.png,20a.png,.png,stage4_standardized,ImageNet,0.485,0.456,0.406,0.229,0.224,0.225,224x224,RGB,VALIDATED
Organic/yard_trimmings/21234793-standard.png,21234793-standard.png,.png,stage4_standardized,ImageNet,0.485,0.456,0.406,0.229,0.224,0.225,224x224,RGB,VALIDATED
Organic/yard_trimmings/5ef29252e080f.image.png,5ef29252e080f.image.png,.png,stage4_standardized,ImageNet,0.485,0.456,0.406,0.229,0.224,0.225,224x224,RGB,VALIDATED
Organic/yard_trimmings/633feb24edb9f162ad4fae10-leaf-bag-garden-lawn-yard-waste-grass.png,633feb24edb9f162ad4fae10-leaf-bag-garden-lawn-yard-waste-grass.png,.png,stage4_standardized,ImageNet,0.485,0.456,0.406,0.229,0.224,0.225,224x224,RGB,VALIDATED
Organic/yard_trimmings/6397f71debd6337c8620d1f6-30-gallon-kraft-lawn-and-leaf-bags-10.png,6397f71debd6337c8620d1f6-30-gallon-kraft-lawn-and-leaf-bags-10.png,.png,stage4_standardized,ImageNet,0.485,0.456,0.406,0.229,0.224,0.225,224x224,RGB,VALIDATED
Organic/yard_trimmings/81N-ONuWifL._AC_UF10001000_QL80_.png,81N-ONuWifL._AC_UF10001000_QL80_.png,.png,stage4_standardized,ImageNet,0.485,0.456,0.406,0.229,0.224,0.225,224x224,RGB,VALIDATED
Organic/yard_trimmings/81Qdib204pL._AC_UF8941000_QL80_.png,81Qdib204pL._AC_UF8941000_QL80_.png,.png,stage4_standardized,ImageNet,0.485,0.456,0.406,0.229,0.224,0.225,224x224,RGB,VALIDATED
Organic/yard_trimmings/82eaad00-a41b-4dd1-b948-b5b096341d04-012489.png,82eaad00-a41b-4dd1-b948-b5b096341d04-012489.png,.png,stage4_standardized,ImageNet,0.485,0.456,0.406,0.229,0.224,0.225,224x224,RGB,VALIDATED
Organic/yard_trimmings/A1IUzTG2TJL._AC_UF8941000_QL80_.png,A1IUzTG2TJL._AC_UF8941000_QL80_.png,.png,stage4_standardized,ImageNet,0.485,0.456,0.406,0.229,0.224,0.225,224x224,RGB,VALIDATED
Organic/yard_trimmings/AdobeStock_316707406_adobespark-1024x623.png,AdobeStock_316707406_adobespark-1024x623.png,.png,stage4_standardized,ImageNet,0.485,0.456,0.406,0.229,0.224,0.225,224x224,RGB,VALIDATED
Organic/yard_trimmings/Banner_YardWaste.png,Banner_YardWaste.png,.png,stage4_standardized,ImageNet,0.485,0.456,0.406,0.229,0.224,0.225,224x224,RGB,VALIDATED
Organic/yard_trimmings/Bring-yard-waste-containr-to-curb2-scaled.png,Bring-yard-waste-containr-to-curb2-scaled.png,.png,stage4_standardized,ImageNet,0.485,0.456,0.406,0.229,0.224,0.225,224x224,RGB,VALIDATED
Organic/yard_trimmings/Can-You-Put-Yard-Waste-In-Trash.png,Can-You-Put-Yard-Waste-In-Trash.png,.png,stage4_standardized,ImageNet,0.485,0.456,0.406,0.229,0.224,0.225,224x224,RGB,VALIDATED
Organic/yard_trimmings/Carson-City-Green-Waste-Composting-Yes-and-No-Materials.png,Carson-City-Green-Waste-Composting-Yes-and-No-Materials.png,.png,stage4_standardized,ImageNet,0.485,0.456,0.406,0.229,0.224,0.225,224x224,RGB,VALIDATED
Organic/yard_trimmings/Compost-bin.shutterstock_156179246.png,Compost-bin.shutterstock_156179246.png,.png,stage4_standardized,ImageNet,0.485,0.456,0.406,0.229,0.224,0.225,224x224,RGB,VALIDATED
Organic/yard_trimmings/Composted-Mixed-Yard-Waste-Organic-Garden-Mulch.png,Composted-Mixed-Yard-Waste-Organic-Garden-Mulch.png,.png,stage4_standardized,ImageNet,0.485,0.456,0.406,0.229,0.224,0.225,224x224,RGB,VALIDATED
Organic/yard_trimmings/Dispose-of-Yard-Waste.png,Dispose-of-Yard-Waste.png,.png,stage4_standardized,ImageNet,0.485,0.456,0.406,0.229,0.224,0.225,224x224,RGB,VALIDATED
Organic/yard_trimmings/Dont-trash-natural-areas-2.png,Dont-trash-natural-areas-2.png,.png,stage4_standardized,ImageNet,0.485,0.456,0.406,0.229,0.224,0.225,224x224,RGB,VALIDATED
Organic/yard_trimmings/FI-58.jpg.png,FI-58.jpg.png,.png,stage4_standardized,ImageNet,0.485,0.456,0.406,0.229,0.224,0.225,224x224,RGB,VALIDATED
Organic/yard_trimmings/FUF5hW_XsAAriOa.png,FUF5hW_XsAAriOa.png,.png,stage4_standardized,ImageNet,0.485,0.456,0.406,0.229,0.224,0.225,224x224,RGB,VALIDATED
Organic/yard_trimmings/Grass-clippings.png,Grass-clippings.png,.png,stage4_standardized,ImageNet,0.485,0.456,0.406,0.229,0.224,0.225,224x224,RGB,VALIDATED
Organic/yard_trimmings/Grasscycling_545px5B35D.png,Grasscycling_545px5B35D.png,.png,stage4_standardized,ImageNet,0.485,0.456,0.406,0.229,0.224,0.225,224x224,RGB,VALIDATED
Organic/yard_trimmings/How-To-Dispose-of-Yard-Waste-6.png,How-To-Dispose-of-Yard-Waste-6.png,.png,stage4_standardized,ImageNet,0.485,0.456,0.406,0.229,0.224,0.225,224x224,RGB,VALIDATED
Organic/yard_trimmings/How-To-Dispose-of-Yard-Waste-9.png,How-To-Dispose-of-Yard-Waste-9.png,.png,stage4_standardized,ImageNet,0.485,0.456,0.406,0.229,0.224,0.225,224x224,RGB,VALIDATED
Organic/yard_trimmings/IMG_4398.png,IMG_4398.png,.png,stage4_standardized,ImageNet,0.485,0.456,0.406,0.229,0.224,0.225,224x224,RGB,VALIDATED
Organic/yard_trimmings/Kraft-Paper-Lawn-and-Leaf-Bag-Collect-Leaves-and-Yard-Waste.png,Kraft-Paper-Lawn-and-Leaf-Bag-Collect-Leaves-and-Yard-Waste.png,.png,stage4_standardized,ImageNet,0.485,0.456,0.406,0.229,0.224,0.225,224x224,RGB,VALIDATED
Organic/yard_trimmings/LYWSmall.png,LYWSmall.png,.png,stage4_standardized,ImageNet,0.485,0.456,0.406,0.229,0.224,0.225,224x224,RGB,VALIDATED
Organic/yard_trimmings/Lawn-Trimming-Edging-Differneces.png,Lawn-Trimming-Edging-Differneces.png,.png,stage4_standardized,ImageNet,0.485,0.456,0.406,0.229,0.224,0.225,224x224,RGB,VALIDATED
Organic/yard_trimmings/Leaf-Bags.png,Leaf-Bags.png,.png,stage4_standardized,ImageNet,0.485,0.456,0.406,0.229,0.224,0.225,224x224,RGB,VALIDATED
Organic/yard_trimmings/Leaf-pile-2-e1509567633308.png,Leaf-pile-2-e1509567633308.png,.png,stage4_standardized,ImageNet,0.485,0.456,0.406,0.229,0.224,0.225,224x224,RGB,VALIDATED
Organic/yard_trimmings/MMRecycleYardLeavesAsMulch900x450min.png,MMRecycleYardLeavesAsMulch900x450min.png,.png,stage4_standardized,ImageNet,0.485,0.456,0.406,0.229,0.224,0.225,224x224,RGB,VALIDATED
Organic/yard_trimmings/MMRecycleYardWattleFence900x450min.png,MMRecycleYardWattleFence900x450min.png,.png,stage4_standardized,ImageNet,0.485,0.456,0.406,0.229,0.224,0.225,224x224,RGB,VALIDATED
Organic/yard_trimmings/No20YW20in20Plastic20Postcard.png,No20YW20in20Plastic20Postcard.png,.png,stage4_standardized,ImageNet,0.485,0.456,0.406,0.229,0.224,0.225,224x224,RGB,VALIDATED
Organic/yard_trimmings/Ryan-and-Model-at-compost-b.png,Ryan-and-Model-at-compost-b.png,.png,stage4_standardized,ImageNet,0.485,0.456,0.406,0.229,0.224,0.225,224x224,RGB,VALIDATED
Organic/yard_trimmings/STORM-DRAIN_WOMAN-SWEEPING.png,STORM-DRAIN_WOMAN-SWEEPING.png,.png,stage4_standardized,ImageNet,0.485,0.456,0.406,0.229,0.224,0.225,224x224,RGB,VALIDATED
Organic/yard_trimmings/Trimming-hedges-AdobeStock_70569449-600x399.png,Trimming-hedges-AdobeStock_70569449-600x399.png,.png,stage4_standardized,ImageNet,0.485,0.456,0.406,0.229,0.224,0.225,224x224,RGB,VALIDATED
Organic/yard_trimmings/Urban-plants-yard-waste.png,Urban-plants-yard-waste.png,.png,stage4_standardized,ImageNet,0.485,0.456,0.406,0.229,0.224,0.225,224x224,RGB,VALIDATED
Organic/yard_trimmings/Yard-Waste-101.png,Yard-Waste-101.png,.png,stage4_standardized,ImageNet,0.485,0.456,0.406,0.229,0.224,0.225,224x224,RGB,VALIDATED
Organic/yard_trimmings/Yard-Waste-GettyImages-171242694.png,Yard-Waste-GettyImages-171242694.png,.png,stage4_standardized,ImageNet,0.485,0.456,0.406,0.229,0.224,0.225,224x224,RGB,VALIDATED
Organic/yard_trimmings/Yard-waste-1024x532.png,Yard-waste-1024x532.png,.png,stage4_standardized,ImageNet,0.485,0.456,0.406,0.229,0.224,0.225,224x224,RGB,VALIDATED
Organic/yard_trimmings/Yard20Waste202.png,Yard20Waste202.png,.png,stage4_standardized,ImageNet,0.485,0.456,0.406,0.229,0.224,0.225,224x224,RGB,VALIDATED
Organic/yard_trimmings/YardWaste.JPG.png,YardWaste.JPG.png,.png,stage4_standardized,ImageNet,0.485,0.456,0.406,0.229,0.224,0.225,224x224,RGB,VALIDATED
Organic/yard_trimmings/YardWasteHeaderImage.png,YardWasteHeaderImage.png,.png,stage4_standardized,ImageNet,0.485,0.456,0.406,0.229,0.224,0.225,224x224,RGB,VALIDATED
Organic/yard_trimmings/Yard_Waste_1.png,Yard_Waste_1.png,.png,stage4_standardized,ImageNet,0.485,0.456,0.406,0.229,0.224,0.225,224x224,RGB,VALIDATED
Organic/yard_trimmings/Yard_Waste_Collection_begins_2022_1200x1200_0.png,Yard_Waste_Collection_begins_2022_1200x1200_0.png,.png,stage4_standardized,ImageNet,0.485,0.456,0.406,0.229,0.224,0.225,224x224,RGB,VALIDATED
Organic/yard_trimmings/Yard_and_garden_waste.JPG.png,Yard_and_garden_waste.JPG.png,.png,stage4_standardized,ImageNet,0.485,0.456,0.406,0.229,0.224,0.225,224x224,RGB,VALIDATED
Organic/yard_trimmings/Yardwaste-Recycling-1024x683.png,Yardwaste-Recycling-1024x683.png,.png,stage4_standardized,ImageNet,0.485,0.456,0.406,0.229,0.224,0.225,224x224,RGB,VALIDATED
Organic/yard_trimmings/adding_leaves_to_compost_bin.png,adding_leaves_to_compost_bin.png,.png,stage4_standardized,ImageNet,0.485,0.456,0.406,0.229,0.224,0.225,224x224,RGB,VALIDATED
Organic/yard_trimmings/adult-male-hand-holding-compost-consisting-household-waste-dry-leaves-grass-clippings-224470893.png,adult-male-hand-holding-compost-consisting-household-waste-dry-leaves-grass-clippings-224470893.png,.png,stage4_standardized,ImageNet,0.485,0.456,0.406,0.229,0.224,0.225,224x224,RGB,VALIDATED
Organic/yard_trimmings/bag-of-leaves.png,bag-of-leaves.png,.png,stage4_standardized,ImageNet,0.485,0.456,0.406,0.229,0.224,0.225,224x224,RGB,VALIDATED
Organic/yard_trimmings/bmw1dcc842511.png,bmw1dcc842511.png,.png,stage4_standardized,ImageNet,0.485,0.456,0.406,0.229,0.224,0.225,224x224,RGB,VALIDATED
Organic/yard_trimmings/compost-yard-waste-featured.png,compost-yard-waste-featured.png,.png,stage4_standardized,ImageNet,0.485,0.456,0.406,0.229,0.224,0.225,224x224,RGB,VALIDATED
Organic/yard_trimmings/compostPile_lg.png,compostPile_lg.png,.png,stage4_standardized,ImageNet,0.485,0.456,0.406,0.229,0.224,0.225,224x224,RGB,VALIDATED
Organic/yard_trimmings/composting-grass-clippings.png,composting-grass-clippings.png,.png,stage4_standardized,ImageNet,0.485,0.456,0.406,0.229,0.224,0.225,224x224,RGB,VALIDATED
Organic/yard_trimmings/composting-yard-waste.png,composting-yard-waste.png,.png,stage4_standardized,ImageNet,0.485,0.456,0.406,0.229,0.224,0.225,224x224,RGB,VALIDATED
Organic/yard_trimmings/curb-it-recycling-st-johns-newfoundland-yard-waste.png,curb-it-recycling-st-johns-newfoundland-yard-waste.png,.png,stage4_standardized,ImageNet,0.485,0.456,0.406,0.229,0.224,0.225,224x224,RGB,VALIDATED
Organic/yard_trimmings/depositphotos_24939463-stock-photo-garden-waste-recycling-ii.png,depositphotos_24939463-stock-photo-garden-waste-recycling-ii.png,.png,stage4_standardized,ImageNet,0.485,0.456,0.406,0.229,0.224,0.225,224x224,RGB,VALIDATED
Organic/yard_trimmings/depositphotos_29706517-stock-photo-garden-work.png,depositphotos_29706517-stock-photo-garden-work.png,.png,stage4_standardized,ImageNet,0.485,0.456,0.406,0.229,0.224,0.225,224x224,RGB,VALIDATED
Organic/yard_trimmings/depositphotos_66088493-stock-photo-garbage-bags-on-green-yard.png,depositphotos_66088493-stock-photo-garbage-bags-on-green-yard.png,.png,stage4_standardized,ImageNet,0.485,0.456,0.406,0.229,0.224,0.225,224x224,RGB,VALIDATED
Organic/yard_trimmings/dsc_0103.png,dsc_0103.png,.png,stage4_standardized,ImageNet,0.485,0.456,0.406,0.229,0.224,0.225,224x224,RGB,VALIDATED
Organic/yard_trimmings/ed-manicured-shaped-pruning-flooring-woody-plant-landscape-architect-1135582.png,ed-manicured-shaped-pruning-flooring-woody-plant-landscape-architect-1135582.png,.png,stage4_standardized,ImageNet,0.485,0.456,0.406,0.229,0.224,0.225,224x224,RGB,VALIDATED
Organic/yard_trimmings/excessive-lawn-clippings.JPG.png,excessive-lawn-clippings.JPG.png,.png,stage4_standardized,ImageNet,0.485,0.456,0.406,0.229,0.224,0.225,224x224,RGB,VALIDATED
Organic/yard_trimmings/garden-clearance-3.png,garden-clearance-3.png,.png,stage4_standardized,ImageNet,0.485,0.456,0.406,0.229,0.224,0.225,224x224,RGB,VALIDATED
Organic/yard_trimmings/garden-waste-Biogreen-640w.png,garden-waste-Biogreen-640w.png,.png,stage4_standardized,ImageNet,0.485,0.456,0.406,0.229,0.224,0.225,224x224,RGB,VALIDATED
Organic/yard_trimmings/garden-worker-trimming-trees-with-scissors-yard_732190-2409.png,garden-worker-trimming-trees-with-scissors-yard_732190-2409.png,.png,stage4_standardized,ImageNet,0.485,0.456,0.406,0.229,0.224,0.225,224x224,RGB,VALIDATED
Organic/yard_trimmings/garden-worker-trimming-trees-with-scissors-yard_732190-2412.png,garden-worker-trimming-trees-with-scissors-yard_732190-2412.png,.png,stage4_standardized,ImageNet,0.485,0.456,0.406,0.229,0.224,0.225,224x224,RGB,VALIDATED
Organic/yard_trimmings/garden-worker-trimming-trees-with-scissors-yard_732190-2450.png,garden-worker-trimming-trees-with-scissors-yard_732190-2450.png,.png,stage4_standardized,ImageNet,0.485,0.456,0.406,0.229,0.224,0.225,224x224,RGB,VALIDATED
Organic/yard_trimmings/garden-yard-waste-garden-yard-waste-illustration-108766665.png,garden-yard-waste-garden-yard-waste-illustration-108766665.png,.png,stage4_standardized,ImageNet,0.485,0.456,0.406,0.229,0.224,0.225,224x224,RGB,VALIDATED
Organic/yard_trimmings/ghows-OH-87fd5305-18d9-4f81-8846-5a19428471c8-76bdaf05.png,ghows-OH-87fd5305-18d9-4f81-8846-5a19428471c8-76bdaf05.png,.png,stage4_standardized,ImageNet,0.485,0.456,0.406,0.229,0.224,0.225,224x224,RGB,VALIDATED
Organic/yard_trimmings/grass-clippings-as-mulch_featured.png,grass-clippings-as-mulch_featured.png,.png,stage4_standardized,ImageNet,0.485,0.456,0.406,0.229,0.224,0.225,224x224,RGB,VALIDATED
Organic/yard_trimmings/grass-clippings.jpg.png,grass-clippings.jpg.png,.png,stage4_standardized,ImageNet,0.485,0.456,0.406,0.229,0.224,0.225,224x224,RGB,VALIDATED
Organic/yard_trimmings/grass-clippings_0.png,grass-clippings_0.png,.png,stage4_standardized,ImageNet,0.485,0.456,0.406,0.229,0.224,0.225,224x224,RGB,VALIDATED
Organic/yard_trimmings/grass-mulch.png,grass-mulch.png,.png,stage4_standardized,ImageNet,0.485,0.456,0.406,0.229,0.224,0.225,224x224,RGB,VALIDATED
Organic/yard_trimmings/grass_mowing722x550-1.png,grass_mowing722x550-1.png,.png,stage4_standardized,ImageNet,0.485,0.456,0.406,0.229,0.224,0.225,224x224,RGB,VALIDATED
Organic/yard_trimmings/how-to-use-grass-clippings.png,how-to-use-grass-clippings.png,.png,stage4_standardized,ImageNet,0.485,0.456,0.406,0.229,0.224,0.225,224x224,RGB,VALIDATED
Organic/yard_trimmings/iStock-leaves-rack-fall-sized.png,iStock-leaves-rack-fall-sized.png,.png,stage4_standardized,ImageNet,0.485,0.456,0.406,0.229,0.224,0.225,224x224,RGB,VALIDATED
Organic/yard_trimmings/image-asset.png,image-asset.png,.png,stage4_standardized,ImageNet,0.485,0.456,0.406,0.229,0.224,0.225,224x224,RGB,VALIDATED
Organic/yard_trimmings/in-gardens-and-squares-full-recirculation-of-mother-natures-products-2R1E55N.png,in-gardens-and-squares-full-recirculation-of-mother-natures-products-2R1E55N.png,.png,stage4_standardized,ImageNet,0.485,0.456,0.406,0.229,0.224,0.225,224x224,RGB,VALIDATED
Organic/yard_trimmings/kid-working-hard-in-her-front-yard-spreading-grass-seed-while-her_t20_WgVx4m.png,kid-working-hard-in-her-front-yard-spreading-grass-seed-while-her_t20_WgVx4m.png,.png,stage4_standardized,ImageNet,0.485,0.456,0.406,0.229,0.224,0.225,224x224,RGB,VALIDATED
Organic/yard_trimmings/landscape1.png,landscape1.png,.png,stage4_standardized,ImageNet,0.485,0.456,0.406,0.229,0.224,0.225,224x224,RGB,VALIDATED
Organic/yard_trimmings/lawn-clippings-.png,lawn-clippings-.png,.png,stage4_standardized,ImageNet,0.485,0.456,0.406,0.229,0.224,0.225,224x224,RGB,VALIDATED
Organic/yard_trimmings/lawn-clippings-mulch.png,lawn-clippings-mulch.png,.png,stage4_standardized,ImageNet,0.485,0.456,0.406,0.229,0.224,0.225,224x224,RGB,VALIDATED
Organic/yard_trimmings/lawn-mower-grass-yard-trimmings---getty-images.png,lawn-mower-grass-yard-trimmings---getty-images.png,.png,stage4_standardized,ImageNet,0.485,0.456,0.406,0.229,0.224,0.225,224x224,RGB,VALIDATED
Organic/yard_trimmings/lawn-mower-green-grass.png,lawn-mower-green-grass.png,.png,stage4_standardized,ImageNet,0.485,0.456,0.406,0.229,0.224,0.225,224x224,RGB,VALIDATED
Organic/yard_trimmings/leaf-yard-waste.png,leaf-yard-waste.png,.png,stage4_standardized,ImageNet,0.485,0.456,0.406,0.229,0.224,0.225,224x224,RGB,VALIDATED
Organic/yard_trimmings/leaves-branches-clippings-and-yard-waste-in-clear-bags-and-blue-barrels-BAJ6R7.png,leaves-branches-clippings-and-yard-waste-in-clear-bags-and-blue-barrels-BAJ6R7.png,.png,stage4_standardized,ImageNet,0.485,0.456,0.406,0.229,0.224,0.225,224x224,RGB,VALIDATED
Organic/yard_trimmings/maxresdefault.png,maxresdefault.png,.png,stage4_standardized,ImageNet,0.485,0.456,0.406,0.229,0.224,0.225,224x224,RGB,VALIDATED
Organic/yard_trimmings/maxresdefault2.png,maxresdefault2.png,.png,stage4_standardized,ImageNet,0.485,0.456,0.406,0.229,0.224,0.225,224x224,RGB,VALIDATED
Organic/yard_trimmings/n-a-garden-piled-full-with-foliage-and-greenery-ready-to-be-moved-1710077149.png,n-a-garden-piled-full-with-foliage-and-greenery-ready-to-be-moved-1710077149.png,.png,stage4_standardized,ImageNet,0.485,0.456,0.406,0.229,0.224,0.225,224x224,RGB,VALIDATED
Organic/yard_trimmings/paper-sacks-full-or-grass-and-yard-clippings-left-at-the-curb-for-JCR0H8.png,paper-sacks-full-or-grass-and-yard-clippings-left-at-the-curb-for-JCR0H8.png,.png,stage4_standardized,ImageNet,0.485,0.456,0.406,0.229,0.224,0.225,224x224,RGB,VALIDATED
Organic/yard_trimmings/pile-pruned-debris-shrub-trimmings-piled-neighborhood-sidewalk-yard-garden-trimmings-187559803.png,pile-pruned-debris-shrub-trimmings-piled-neighborhood-sidewalk-yard-garden-trimmings-187559803.png,.png,stage4_standardized,ImageNet,0.485,0.456,0.406,0.229,0.224,0.225,224x224,RGB,VALIDATED
Organic/yard_trimmings/r0_0_5600_3733_w5600_h3733_fmax.png,r0_0_5600_3733_w5600_h3733_fmax.png,.png,stage4_standardized,ImageNet,0.485,0.456,0.406,0.229,0.224,0.225,224x224,RGB,VALIDATED
Organic/yard_trimmings/raking-feature.png,raking-feature.png,.png,stage4_standardized,ImageNet,0.485,0.456,0.406,0.229,0.224,0.225,224x224,RGB,VALIDATED
Organic/yard_trimmings/raking-up-grass-cuttings-in-spring-during-yard-maintenance-with-a-GT8C20.png,raking-up-grass-cuttings-in-spring-during-yard-maintenance-with-a-GT8C20.png,.png,stage4_standardized,ImageNet,0.485,0.456,0.406,0.229,0.224,0.225,224x224,RGB,VALIDATED
Organic/yard_trimmings/rc_yard_waste_site.png,rc_yard_waste_site.png,.png,stage4_standardized,ImageNet,0.485,0.456,0.406,0.229,0.224,0.225,224x224,RGB,VALIDATED
Organic/yard_trimmings/reusing-garden-waste.png,reusing-garden-waste.png,.png,stage4_standardized,ImageNet,0.485,0.456,0.406,0.229,0.224,0.225,224x224,RGB,VALIDATED
Organic/yard_trimmings/round-lidded-plastic-garbage-cans-awaiting-curbside-collection-on-2085653041.png,round-lidded-plastic-garbage-cans-awaiting-curbside-collection-on-2085653041.png,.png,stage4_standardized,ImageNet,0.485,0.456,0.406,0.229,0.224,0.225,224x224,RGB,VALIDATED
Organic/yard_trimmings/rsz_shutterstock_1129173176.png,rsz_shutterstock_1129173176.png,.png,stage4_standardized,ImageNet,0.485,0.456,0.406,0.229,0.224,0.225,224x224,RGB,VALIDATED
Organic/yard_trimmings/rsz_shutterstock_656785330.png,rsz_shutterstock_656785330.png,.png,stage4_standardized,ImageNet,0.485,0.456,0.406,0.229,0.224,0.225,224x224,RGB,VALIDATED
Organic/yard_trimmings/sidential-lawns-gardens-grass-clippings-leaves-branches-silhouette-210345973.png,sidential-lawns-gardens-grass-clippings-leaves-branches-silhouette-210345973.png,.png,stage4_standardized,ImageNet,0.485,0.456,0.406,0.229,0.224,0.225,224x224,RGB,VALIDATED
Organic/yard_trimmings/stock-photo-freshly-raked-backyard-with-rake-leaves-and-recycling-yard-waste-paper-bag-31652473.png,stock-photo-freshly-raked-backyard-with-rake-leaves-and-recycling-yard-waste-paper-bag-31652473.png,.png,stage4_standardized,ImageNet,0.485,0.456,0.406,0.229,0.224,0.225,224x224,RGB,VALIDATED
Organic/yard_trimmings/stock-photo-row-of-recycling-yard-waste-paper-bags-121844143.png,stock-photo-row-of-recycling-yard-waste-paper-bags-121844143.png,.png,stage4_standardized,ImageNet,0.485,0.456,0.406,0.229,0.224,0.225,224x224,RGB,VALIDATED
Organic/yard_trimmings/stock-photo-wheelbarrow-full-with-garden-weeds-and-tools-in-a-garden-399197368.png,stock-photo-wheelbarrow-full-with-garden-weeds-and-tools-in-a-garden-399197368.png,.png,stage4_standardized,ImageNet,0.485,0.456,0.406,0.229,0.224,0.225,224x224,RGB,VALIDATED
Organic/yard_trimmings/th-black-bag-of-grass-clippings-grass-cuttings-in-a-black-plastic-1558537151.png,th-black-bag-of-grass-clippings-grass-cuttings-in-a-black-plastic-1558537151.png,.png,stage4_standardized,ImageNet,0.485,0.456,0.406,0.229,0.224,0.225,224x224,RGB,VALIDATED
Organic/yard_trimmings/trim-hedges-man-front-house-trimming-electric-edger-44768144.png,trim-hedges-man-front-house-trimming-electric-edger-44768144.png,.png,stage4_standardized,ImageNet,0.485,0.456,0.406,0.229,0.224,0.225,224x224,RGB,VALIDATED
Organic/yard_trimmings/ukecwlgg6urz.png,ukecwlgg6urz.png,.png,stage4_standardized,ImageNet,0.485,0.456,0.406,0.229,0.224,0.225,224x224,RGB,VALIDATED
Organic/yard_trimmings/ut-medium-brush-and-yard-waste-660x396.jpg__660.0x396.0_q85_crop_subsampling-2_upscale.png,ut-medium-brush-and-yard-waste-660x396.jpg__660.0x396.0_q85_crop_subsampling-2_upscale.png,.png,stage4_standardized,ImageNet,0.485,0.456,0.406,0.229,0.224,0.225,224x224,RGB,VALIDATED
Organic/yard_trimmings/wheelbarrow-with-garden-waste-in-a-rural-garden-at-a-half-timbered-EBNYYX.png,wheelbarrow-with-garden-waste-in-a-rural-garden-at-a-half-timbered-EBNYYX.png,.png,stage4_standardized,ImageNet,0.485,0.456,0.406,0.229,0.224,0.225,224x224,RGB,VALIDATED
Organic/yard_trimmings/wn-and-leaf-bags-full-of-yard-waste-sit-on-street-curb-waiting-to-2214986939.png,wn-and-leaf-bags-full-of-yard-waste-sit-on-street-curb-waiting-to-2214986939.png,.png,stage4_standardized,ImageNet,0.485,0.456,0.406,0.229,0.224,0.225,224x224,RGB,VALIDATED
Organic/yard_trimmings/woman-operating-heavy-duty-leaf-blower-copy.png,woman-operating-heavy-duty-leaf-blower-copy.png,.png,stage4_standardized,ImageNet,0.485,0.456,0.406,0.229,0.224,0.225,224x224,RGB,VALIDATED
Organic/yard_trimmings/yard-clippings-heaped-in-wheelbarrow-BJCHJC.png,yard-clippings-heaped-in-wheelbarrow-BJCHJC.png,.png,stage4_standardized,ImageNet,0.485,0.456,0.406,0.229,0.224,0.225,224x224,RGB,VALIDATED
Organic/yard_trimmings/yard-trimmings.png,yard-trimmings.png,.png,stage4_standardized,ImageNet,0.485,0.456,0.406,0.229,0.224,0.225,224x224,RGB,VALIDATED
Organic/yard_trimmings/yard-waste-540x540.png,yard-waste-540x540.png,.png,stage4_standardized,ImageNet,0.485,0.456,0.406,0.229,0.224,0.225,224x224,RGB,VALIDATED
Organic/yard_trimmings/yard-waste-540x5402.png,yard-waste-540x5402.png,.png,stage4_standardized,ImageNet,0.485,0.456,0.406,0.229,0.224,0.225,224x224,RGB,VALIDATED
Organic/yard_trimmings/yard-waste-TS_1.png,yard-waste-TS_1.png,.png,stage4_standardized,ImageNet,0.485,0.456,0.406,0.229,0.224,0.225,224x224,RGB,VALIDATED
Organic/yard_trimmings/yard-waste-by-street-waiting-to-be-picked-up-FJ0XYB.png,yard-waste-by-street-waiting-to-be-picked-up-FJ0XYB.png,.png,stage4_standardized,ImageNet,0.485,0.456,0.406,0.229,0.224,0.225,224x224,RGB,VALIDATED
Organic/yard_trimmings/yard-waste-disposal-1-1-.png,yard-waste-disposal-1-1-.png,.png,stage4_standardized,ImageNet,0.485,0.456,0.406,0.229,0.224,0.225,224x224,RGB,VALIDATED
Organic/yard_trimmings/yard-waste-header.png,yard-waste-header.png,.png,stage4_standardized,ImageNet,0.485,0.456,0.406,0.229,0.224,0.225,224x224,RGB,VALIDATED
Organic/yard_trimmings/yard-waste-in-trash.png,yard-waste-in-trash.png,.png,stage4_standardized,ImageNet,0.485,0.456,0.406,0.229,0.224,0.225,224x224,RGB,VALIDATED
Organic/yard_trimmings/yard-waste-paper-bag-AdobeStock_14631106-600x400.png,yard-waste-paper-bag-AdobeStock_14631106-600x400.png,.png,stage4_standardized,ImageNet,0.485,0.456,0.406,0.229,0.224,0.225,224x224,RGB,VALIDATED
Organic/yard_trimmings/yard-waste-pick-up.png,yard-waste-pick-up.png,.png,stage4_standardized,ImageNet,0.485,0.456,0.406,0.229,0.224,0.225,224x224,RGB,VALIDATED
Organic/yard_trimmings/yard-waste-removal_1.png,yard-waste-removal_1.png,.png,stage4_standardized,ImageNet,0.485,0.456,0.406,0.229,0.224,0.225,224x224,RGB,VALIDATED
Organic/yard_trimmings/yard-waste-set-out.png,yard-waste-set-out.png,.png,stage4_standardized,ImageNet,0.485,0.456,0.406,0.229,0.224,0.225,224x224,RGB,VALIDATED
Organic/yard_trimmings/yard-waste.png,yard-waste.png,.png,stage4_standardized,ImageNet,0.485,0.456,0.406,0.229,0.224,0.225,224x224,RGB,VALIDATED
Organic/yard_trimmings/yard_waste.png,yard_waste.png,.png,stage4_standardized,ImageNet,0.485,0.456,0.406,0.229,0.224,0.225,224x224,RGB,VALIDATED
Organic/yard_trimmings/yard_waste_plants1.png,yard_waste_plants1.png,.png,stage4_standardized,ImageNet,0.485,0.456,0.406,0.229,0.224,0.225,224x224,RGB,VALIDATED
Organic/yard_trimmings/yardwaste.png,yardwaste.png,.png,stage4_standardized,ImageNet,0.485,0.456,0.406,0.229,0.224,0.225,224x224,RGB,VALIDATED
Organic/yard_trimmings/ypark_002.png,ypark_002.png,.png,stage4_standardized,ImageNet,0.485,0.456,0.406,0.229,0.224,0.225,224x224,RGB,VALIDATED
Recyclable/cans_all_type/-can-massa-italy-august-condensed-white-background-company-american-76189952.png,-can-massa-italy-august-condensed-white-background-company-american-76189952.png,.png,stage4_standardized,ImageNet,0.485,0.456,0.406,0.229,0.224,0.225,224x224,RGB,VALIDATED
Recyclable/cans_all_type/-can-mock-up-blank-template-juice-soda-beer-jar-blank-isolated-on-2163144491.png,-can-mock-up-blank-template-juice-soda-beer-jar-blank-isolated-on-2163144491.png,.png,stage4_standardized,ImageNet,0.485,0.456,0.406,0.229,0.224,0.225,224x224,RGB,VALIDATED
Recyclable/cans_all_type/-drops-mock-up-labels-marks-showing-ice-chips-show-freshness-to-eye-89023184.png,-drops-mock-up-labels-marks-showing-ice-chips-show-freshness-to-eye-89023184.png,.png,stage4_standardized,ImageNet,0.485,0.456,0.406,0.229,0.224,0.225,224x224,RGB,VALIDATED
Recyclable/cans_all_type/-metallic-can-drink-beer-soda-water-juice-packaging-empty-mock-up-1376178530.png,-metallic-can-drink-beer-soda-water-juice-packaging-empty-mock-up-1376178530.png,.png,stage4_standardized,ImageNet,0.485,0.456,0.406,0.229,0.224,0.225,224x224,RGB,VALIDATED
Recyclable/cans_all_type/-of-soda-drinks-in-aluminum-cans-isolated-on-white-with-clipping-path-brands.png,-of-soda-drinks-in-aluminum-cans-isolated-on-white-with-clipping-path-brands.png,.png,stage4_standardized,ImageNet,0.485,0.456,0.406,0.229,0.224,0.225,224x224,RGB,VALIDATED
Recyclable/cans_all_type/0-Intro-canned_foods.png,0-Intro-canned_foods.png,.png,stage4_standardized,ImageNet,0.485,0.456,0.406,0.229,0.224,0.225,224x224,RGB,VALIDATED
Recyclable/cans_all_type/012893089_1-b80c05baee89d6658162d41907fc5880-768x994.png,012893089_1-b80c05baee89d6658162d41907fc5880-768x994.png,.png,stage4_standardized,ImageNet,0.485,0.456,0.406,0.229,0.224,0.225,224x224,RGB,VALIDATED
Recyclable/cans_all_type/01_ref_aerosol_dekxr6_4x3.png,01_ref_aerosol_dekxr6_4x3.png,.png,stage4_standardized,ImageNet,0.485,0.456,0.406,0.229,0.224,0.225,224x224,RGB,VALIDATED
Recyclable/cans_all_type/02-zero-waste-plastic_3x4.png,02-zero-waste-plastic_3x4.png,.png,stage4_standardized,ImageNet,0.485,0.456,0.406,0.229,0.224,0.225,224x224,RGB,VALIDATED
Recyclable/cans_all_type/1000_F_562159019_0bLwz2fRtqYGR6QWwwnF7icyENY6lt07.png,1000_F_562159019_0bLwz2fRtqYGR6QWwwnF7icyENY6lt07.png,.png,stage4_standardized,ImageNet,0.485,0.456,0.406,0.229,0.224,0.225,224x224,RGB,VALIDATED
Recyclable/cans_all_type/12-oz-soda-can.png,12-oz-soda-can.png,.png,stage4_standardized,ImageNet,0.485,0.456,0.406,0.229,0.224,0.225,224x224,RGB,VALIDATED
Recyclable/cans_all_type/1292760.png,1292760.png,.png,stage4_standardized,ImageNet,0.485,0.456,0.406,0.229,0.224,0.225,224x224,RGB,VALIDATED
Recyclable/cans_all_type/1557087432-8976.png,1557087432-8976.png,.png,stage4_standardized,ImageNet,0.485,0.456,0.406,0.229,0.224,0.225,224x224,RGB,VALIDATED
Recyclable/cans_all_type/1665075294-can-packaging-options-white-text.png,1665075294-can-packaging-options-white-text.png,.png,stage4_standardized,ImageNet,0.485,0.456,0.406,0.229,0.224,0.225,224x224,RGB,VALIDATED
Recyclable/cans_all_type/1673984002-51RqVCsy9ML._SL500_.png,1673984002-51RqVCsy9ML._SL500_.png,.png,stage4_standardized,ImageNet,0.485,0.456,0.406,0.229,0.224,0.225,224x224,RGB,VALIDATED
Recyclable/cans_all_type/200114-compostable-packaging-cups-utensils-plates.pla-plastic-waste-pollution-3-salad.png,200114-compostable-packaging-cups-utensils-plates.pla-plastic-waste-pollution-3-salad.png,.png,stage4_standardized,ImageNet,0.485,0.456,0.406,0.229,0.224,0.225,224x224,RGB,VALIDATED
Recyclable/cans_all_type/20170221152145.png,20170221152145.png,.png,stage4_standardized,ImageNet,0.485,0.456,0.406,0.229,0.224,0.225,224x224,RGB,VALIDATED
Recyclable/cans_all_type/24957061-a-load-of-aluminum-cans-to-be-compressed-and-baled-for-recycling-in-the-us.png,24957061-a-load-of-aluminum-cans-to-be-compressed-and-baled-for-recycling-in-the-us.png,.png,stage4_standardized,ImageNet,0.485,0.456,0.406,0.229,0.224,0.225,224x224,RGB,VALIDATED
Recyclable/cans_all_type/2_piece_DI_02.png,2_piece_DI_02.png,.png,stage4_standardized,ImageNet,0.485,0.456,0.406,0.229,0.224,0.225,224x224,RGB,VALIDATED
Recyclable/cans_all_type/2ed03c267a9e46d6a00350f7d01a56f1.png,2ed03c267a9e46d6a00350f7d01a56f1.png,.png,stage4_standardized,ImageNet,0.485,0.456,0.406,0.229,0.224,0.225,224x224,RGB,VALIDATED
Recyclable/cans_all_type/360_F_141404485_na6RQwOXUQcEvWupbecza08k35l69Ben.png,360_F_141404485_na6RQwOXUQcEvWupbecza08k35l69Ben.png,.png,stage4_standardized,ImageNet,0.485,0.456,0.406,0.229,0.224,0.225,224x224,RGB,VALIDATED
Recyclable/cans_all_type/360_F_211809581_35L09wrZOS8a0ttvlCgYX6YNXE8pwM7q.png,360_F_211809581_35L09wrZOS8a0ttvlCgYX6YNXE8pwM7q.png,.png,stage4_standardized,ImageNet,0.485,0.456,0.406,0.229,0.224,0.225,224x224,RGB,VALIDATED
Recyclable/cans_all_type/360_F_525404454_VwozPoWGiIQk1eaqQVJ0ypygpe2RATMd.png,360_F_525404454_VwozPoWGiIQk1eaqQVJ0ypygpe2RATMd.png,.png,stage4_standardized,ImageNet,0.485,0.456,0.406,0.229,0.224,0.225,224x224,RGB,VALIDATED
Recyclable/cans_all_type/37-tin-can-crafts-1.jpg.png,37-tin-can-crafts-1.jpg.png,.png,stage4_standardized,ImageNet,0.485,0.456,0.406,0.229,0.224,0.225,224x224,RGB,VALIDATED
Recyclable/cans_all_type/3_piece_can_new_03.png,3_piece_can_new_03.png,.png,stage4_standardized,ImageNet,0.485,0.456,0.406,0.229,0.224,0.225,224x224,RGB,VALIDATED
Recyclable/cans_all_type/3d-illustration-of-blank-aluminum-can-png.png,3d-illustration-of-blank-aluminum-can-png.png,.png,stage4_standardized,ImageNet,0.485,0.456,0.406,0.229,0.224,0.225,224x224,RGB,VALIDATED
Recyclable/cans_all_type/4-9.png,4-9.png,.png,stage4_standardized,ImageNet,0.485,0.456,0.406,0.229,0.224,0.225,224x224,RGB,VALIDATED
Recyclable/cans_all_type/4-reasons-why-we-should-recycle-aluminium-cans.png,4-reasons-why-we-should-recycle-aluminium-cans.png,.png,stage4_standardized,ImageNet,0.485,0.456,0.406,0.229,0.224,0.225,224x224,RGB,VALIDATED
Recyclable/cans_all_type/47036.png,47036.png,.png,stage4_standardized,ImageNet,0.485,0.456,0.406,0.229,0.224,0.225,224x224,RGB,VALIDATED
Recyclable/cans_all_type/4f38n5dj.png,4f38n5dj.png,.png,stage4_standardized,ImageNet,0.485,0.456,0.406,0.229,0.224,0.225,224x224,RGB,VALIDATED
Recyclable/cans_all_type/500ml-blank-customized-drink-printed-aluminum-can-747.png,500ml-blank-customized-drink-printed-aluminum-can-747.png,.png,stage4_standardized,ImageNet,0.485,0.456,0.406,0.229,0.224,0.225,224x224,RGB,VALIDATED
Recyclable/cans_all_type/51-Awesome-DIY-Tin-Can-Ideas-for-Garden2.png,51-Awesome-DIY-Tin-Can-Ideas-for-Garden2.png,.png,stage4_standardized,ImageNet,0.485,0.456,0.406,0.229,0.224,0.225,224x224,RGB,VALIDATED
Recyclable/cans_all_type/5222093606_5eb8eb9a4b.png,5222093606_5eb8eb9a4b.png,.png,stage4_standardized,ImageNet,0.485,0.456,0.406,0.229,0.224,0.225,224x224,RGB,VALIDATED
Recyclable/cans_all_type/5330f16806681925702afcbf75ba92b172-10-soups-lede.rsquare.w1200.png,5330f16806681925702afcbf75ba92b172-10-soups-lede.rsquare.w1200.png,.png,stage4_standardized,ImageNet,0.485,0.456,0.406,0.229,0.224,0.225,224x224,RGB,VALIDATED
Recyclable/cans_all_type/596eff58-ab51-4fb7-a35b-94d5158d0ed9-cream-brocolli-soup.png,596eff58-ab51-4fb7-a35b-94d5158d0ed9-cream-brocolli-soup.png,.png,stage4_standardized,ImageNet,0.485,0.456,0.406,0.229,0.224,0.225,224x224,RGB,VALIDATED
Recyclable/cans_all_type/63782947220781457915.3.20-20Recycling20main800.png,63782947220781457915.3.20-20Recycling20main800.png,.png,stage4_standardized,ImageNet,0.485,0.456,0.406,0.229,0.224,0.225,224x224,RGB,VALIDATED
Recyclable/cans_all_type/6396f35dfc97666fdf78c2a7_NOMOQ-productfotografie-20221028-Rotterdam-063.png,6396f35dfc97666fdf78c2a7_NOMOQ-productfotografie-20221028-Rotterdam-063.png,.png,stage4_standardized,ImageNet,0.485,0.456,0.406,0.229,0.224,0.225,224x224,RGB,VALIDATED
Recyclable/cans_all_type/64667581ef9a05659f8efc9836c51e9a.png,64667581ef9a05659f8efc9836c51e9a.png,.png,stage4_standardized,ImageNet,0.485,0.456,0.406,0.229,0.224,0.225,224x224,RGB,VALIDATED
Recyclable/cans_all_type/689FD0DE-90E7-4492-BE26174EC02EF19F_source.png,689FD0DE-90E7-4492-BE26174EC02EF19F_source.png,.png,stage4_standardized,ImageNet,0.485,0.456,0.406,0.229,0.224,0.225,224x224,RGB,VALIDATED
Recyclable/cans_all_type/7.leadville-recycle-TINANDSTEEL-CANS-page-001.png,7.leadville-recycle-TINANDSTEEL-CANS-page-001.png,.png,stage4_standardized,ImageNet,0.485,0.456,0.406,0.229,0.224,0.225,224x224,RGB,VALIDATED
Recyclable/cans_all_type/711Ggg6DhAL.png,711Ggg6DhAL.png,.png,stage4_standardized,ImageNet,0.485,0.456,0.406,0.229,0.224,0.225,224x224,RGB,VALIDATED
Recyclable/cans_all_type/72645168.png,72645168.png,.png,stage4_standardized,ImageNet,0.485,0.456,0.406,0.229,0.224,0.225,224x224,RGB,VALIDATED
Recyclable/cans_all_type/77f9877872b344e2be60aee8e19b757b_0_0.png,77f9877872b344e2be60aee8e19b757b_0_0.png,.png,stage4_standardized,ImageNet,0.485,0.456,0.406,0.229,0.224,0.225,224x224,RGB,VALIDATED
Recyclable/cans_all_type/78818897.png,78818897.png,.png,stage4_standardized,ImageNet,0.485,0.456,0.406,0.229,0.224,0.225,224x224,RGB,VALIDATED
Recyclable/cans_all_type/81dt8D3rCiL._AC_UF10001000_QL80_.png,81dt8D3rCiL._AC_UF10001000_QL80_.png,.png,stage4_standardized,ImageNet,0.485,0.456,0.406,0.229,0.224,0.225,224x224,RGB,VALIDATED
Recyclable/cans_all_type/81kUqWM64rL.png,81kUqWM64rL.png,.png,stage4_standardized,ImageNet,0.485,0.456,0.406,0.229,0.224,0.225,224x224,RGB,VALIDATED
Recyclable/cans_all_type/85150095-small.png,85150095-small.png,.png,stage4_standardized,ImageNet,0.485,0.456,0.406,0.229,0.224,0.225,224x224,RGB,VALIDATED
Recyclable/cans_all_type/85674784.png,85674784.png,.png,stage4_standardized,ImageNet,0.485,0.456,0.406,0.229,0.224,0.225,224x224,RGB,VALIDATED
Recyclable/cans_all_type/88e4ee48ecbd4b52ba034205595b58f4.png,88e4ee48ecbd4b52ba034205595b58f4.png,.png,stage4_standardized,ImageNet,0.485,0.456,0.406,0.229,0.224,0.225,224x224,RGB,VALIDATED
Recyclable/cans_all_type/94163431.png,94163431.png,.png,stage4_standardized,ImageNet,0.485,0.456,0.406,0.229,0.224,0.225,224x224,RGB,VALIDATED
Recyclable/cans_all_type/AdobeStock_9525053geo-scaled.png,AdobeStock_9525053geo-scaled.png,.png,stage4_standardized,ImageNet,0.485,0.456,0.406,0.229,0.224,0.225,224x224,RGB,VALIDATED
Recyclable/cans_all_type/Al-Cans-1024x768.png,Al-Cans-1024x768.png,.png,stage4_standardized,ImageNet,0.485,0.456,0.406,0.229,0.224,0.225,224x224,RGB,VALIDATED
Recyclable/cans_all_type/Alum20Cans_JPG.png,Alum20Cans_JPG.png,.png,stage4_standardized,ImageNet,0.485,0.456,0.406,0.229,0.224,0.225,224x224,RGB,VALIDATED
Recyclable/cans_all_type/Aluminium_cans.png,Aluminium_cans.png,.png,stage4_standardized,ImageNet,0.485,0.456,0.406,0.229,0.224,0.225,224x224,RGB,VALIDATED
Recyclable/cans_all_type/Bales-of-Crushed-Aluminum-Cans-Awaiting-Recycling-E28093-Photo-West-Boylston-MA-2.png,Bales-of-Crushed-Aluminum-Cans-Awaiting-Recycling-E28093-Photo-West-Boylston-MA-2.png,.png,stage4_standardized,ImageNet,0.485,0.456,0.406,0.229,0.224,0.225,224x224,RGB,VALIDATED
Recyclable/cans_all_type/Beer-and-soda-cans-found-to-have-traces-of-bisphenol-A.png,Beer-and-soda-cans-found-to-have-traces-of-bisphenol-A.png,.png,stage4_standardized,ImageNet,0.485,0.456,0.406,0.229,0.224,0.225,224x224,RGB,VALIDATED
Recyclable/cans_all_type/Blog_02.21.2017.png,Blog_02.21.2017.png,.png,stage4_standardized,ImageNet,0.485,0.456,0.406,0.229,0.224,0.225,224x224,RGB,VALIDATED
Recyclable/cans_all_type/CAN-BODY-03-longfit.png,CAN-BODY-03-longfit.png,.png,stage4_standardized,ImageNet,0.485,0.456,0.406,0.229,0.224,0.225,224x224,RGB,VALIDATED
Recyclable/cans_all_type/Campbells-1-1-e1668679527809.png,Campbells-1-1-e1668679527809.png,.png,stage4_standardized,ImageNet,0.485,0.456,0.406,0.229,0.224,0.225,224x224,RGB,VALIDATED
Recyclable/cans_all_type/Campbells-WarholCans-scaled.png,Campbells-WarholCans-scaled.png,.png,stage4_standardized,ImageNet,0.485,0.456,0.406,0.229,0.224,0.225,224x224,RGB,VALIDATED
Recyclable/cans_all_type/Can-do-attitude-beWater-plans-ASEAN-expansion-in-bid-to-reduce-plastic-waste-problem.png,Can-do-attitude-beWater-plans-ASEAN-expansion-in-bid-to-reduce-plastic-waste-problem.png,.png,stage4_standardized,ImageNet,0.485,0.456,0.406,0.229,0.224,0.225,224x224,RGB,VALIDATED
Recyclable/cans_all_type/Can28Easy_Open_Can29.JPG.png,Can28Easy_Open_Can29.JPG.png,.png,stage4_standardized,ImageNet,0.485,0.456,0.406,0.229,0.224,0.225,224x224,RGB,VALIDATED
Recyclable/cans_all_type/Canned-Foods.png,Canned-Foods.png,.png,stage4_standardized,ImageNet,0.485,0.456,0.406,0.229,0.224,0.225,224x224,RGB,VALIDATED
Recyclable/cans_all_type/Canned20Food20Blog2028129.png,Canned20Food20Blog2028129.png,.png,stage4_standardized,ImageNet,0.485,0.456,0.406,0.229,0.224,0.225,224x224,RGB,VALIDATED
Recyclable/cans_all_type/Cans.png,Cans.png,.png,stage4_standardized,ImageNet,0.485,0.456,0.406,0.229,0.224,0.225,224x224,RGB,VALIDATED
Recyclable/cans_all_type/Drinking_can_ring-pull_tab.png,Drinking_can_ring-pull_tab.png,.png,stage4_standardized,ImageNet,0.485,0.456,0.406,0.229,0.224,0.225,224x224,RGB,VALIDATED
Recyclable/cans_all_type/EWG-report-reveals-brands-using-BPA-in-canned-food.png,EWG-report-reveals-brands-using-BPA-in-canned-food.png,.png,stage4_standardized,ImageNet,0.485,0.456,0.406,0.229,0.224,0.225,224x224,RGB,VALIDATED
Recyclable/cans_all_type/Empty_tin_can2009-01-19.png,Empty_tin_can2009-01-19.png,.png,stage4_standardized,ImageNet,0.485,0.456,0.406,0.229,0.224,0.225,224x224,RGB,VALIDATED
Recyclable/cans_all_type/Examples-of-aluminum-items-that-are-recyclable-1.png,Examples-of-aluminum-items-that-are-recyclable-1.png,.png,stage4_standardized,ImageNet,0.485,0.456,0.406,0.229,0.224,0.225,224x224,RGB,VALIDATED
Recyclable/cans_all_type/Experimental-treatments-soup-example.png,Experimental-treatments-soup-example.png,.png,stage4_standardized,ImageNet,0.485,0.456,0.406,0.229,0.224,0.225,224x224,RGB,VALIDATED
Recyclable/cans_all_type/FAY2IG7KP2MDA7F.png,FAY2IG7KP2MDA7F.png,.png,stage4_standardized,ImageNet,0.485,0.456,0.406,0.229,0.224,0.225,224x224,RGB,VALIDATED
Recyclable/cans_all_type/FBMH7EYKP2MD9M8.png,FBMH7EYKP2MD9M8.png,.png,stage4_standardized,ImageNet,0.485,0.456,0.406,0.229,0.224,0.225,224x224,RGB,VALIDATED
Recyclable/cans_all_type/Feature-Crops-2400-x-1350-58.png,Feature-Crops-2400-x-1350-58.png,.png,stage4_standardized,ImageNet,0.485,0.456,0.406,0.229,0.224,0.225,224x224,RGB,VALIDATED
Recyclable/cans_all_type/Figure-1_can-coatings-2.png,Figure-1_can-coatings-2.png,.png,stage4_standardized,ImageNet,0.485,0.456,0.406,0.229,0.224,0.225,224x224,RGB,VALIDATED
Recyclable/cans_all_type/HFB_Hunger_Blog_00230228_header_cans-scaled.png,HFB_Hunger_Blog_00230228_header_cans-scaled.png,.png,stage4_standardized,ImageNet,0.485,0.456,0.406,0.229,0.224,0.225,224x224,RGB,VALIDATED
Recyclable/cans_all_type/How-Much-Energy-Does-Recycling-One-Aluminum-Can-Save.png,How-Much-Energy-Does-Recycling-One-Aluminum-Can-Save.png,.png,stage4_standardized,ImageNet,0.485,0.456,0.406,0.229,0.224,0.225,224x224,RGB,VALIDATED
Recyclable/cans_all_type/IMG_0800.png,IMG_0800.png,.png,stage4_standardized,ImageNet,0.485,0.456,0.406,0.229,0.224,0.225,224x224,RGB,VALIDATED
Recyclable/cans_all_type/IMG_20131004_104155_216.png,IMG_20131004_104155_216.png,.png,stage4_standardized,ImageNet,0.485,0.456,0.406,0.229,0.224,0.225,224x224,RGB,VALIDATED
Recyclable/cans_all_type/LzEyLzAzL2RyZWFtc3RpbWV4eGwxNzcyNDAwOSAtIGFsdW1pbnVtIGNhbnMuanBn.1V4x5MynmFA.png,LzEyLzAzL2RyZWFtc3RpbWV4eGwxNzcyNDAwOSAtIGFsdW1pbnVtIGNhbnMuanBn.1V4x5MynmFA.png,.png,stage4_standardized,ImageNet,0.485,0.456,0.406,0.229,0.224,0.225,224x224,RGB,VALIDATED
Recyclable/cans_all_type/MPE20-20Can20Logistics20benefits.png,MPE20-20Can20Logistics20benefits.png,.png,stage4_standardized,ImageNet,0.485,0.456,0.406,0.229,0.224,0.225,224x224,RGB,VALIDATED
Recyclable/cans_all_type/Made-in-China-Low-Price-No-Impurity-Waste-Beverage-Cans-Waste-Aluminum-Cans-Ubc.png,Made-in-China-Low-Price-No-Impurity-Waste-Beverage-Cans-Waste-Aluminum-Cans-Ubc.png,.png,stage4_standardized,ImageNet,0.485,0.456,0.406,0.229,0.224,0.225,224x224,RGB,VALIDATED
Recyclable/cans_all_type/NUNVBKEABUI6VBGCA6JNQWIZCE.png,NUNVBKEABUI6VBGCA6JNQWIZCE.png,.png,stage4_standardized,ImageNet,0.485,0.456,0.406,0.229,0.224,0.225,224x224,RGB,VALIDATED
Recyclable/cans_all_type/New-RepBan_CannedFood_2007.png,New-RepBan_CannedFood_2007.png,.png,stage4_standardized,ImageNet,0.485,0.456,0.406,0.229,0.224,0.225,224x224,RGB,VALIDATED
Recyclable/cans_all_type/RauTZ.png,RauTZ.png,.png,stage4_standardized,ImageNet,0.485,0.456,0.406,0.229,0.224,0.225,224x224,RGB,VALIDATED
Recyclable/cans_all_type/Recycling-saves-money.png,Recycling-saves-money.png,.png,stage4_standardized,ImageNet,0.485,0.456,0.406,0.229,0.224,0.225,224x224,RGB,VALIDATED
Recyclable/cans_all_type/Screen-Shot-2019-06-27-at-2.59.36-PM-e1561681171942.png,Screen-Shot-2019-06-27-at-2.59.36-PM-e1561681171942.png,.png,stage4_standardized,ImageNet,0.485,0.456,0.406,0.229,0.224,0.225,224x224,RGB,VALIDATED
Recyclable/cans_all_type/Soup-Cans.png,Soup-Cans.png,.png,stage4_standardized,ImageNet,0.485,0.456,0.406,0.229,0.224,0.225,224x224,RGB,VALIDATED
Recyclable/cans_all_type/Tin-Can-Crafts_Vertical_v1.jpg.png,Tin-Can-Crafts_Vertical_v1.jpg.png,.png,stage4_standardized,ImageNet,0.485,0.456,0.406,0.229,0.224,0.225,224x224,RGB,VALIDATED
Recyclable/cans_all_type/Tin-can-crafts-3.png,Tin-can-crafts-3.png,.png,stage4_standardized,ImageNet,0.485,0.456,0.406,0.229,0.224,0.225,224x224,RGB,VALIDATED
Recyclable/cans_all_type/Tomato-Bisque-ERA-scaled.png,Tomato-Bisque-ERA-scaled.png,.png,stage4_standardized,ImageNet,0.485,0.456,0.406,0.229,0.224,0.225,224x224,RGB,VALIDATED
Recyclable/cans_all_type/Which-metals-to-recycle.png,Which-metals-to-recycle.png,.png,stage4_standardized,ImageNet,0.485,0.456,0.406,0.229,0.224,0.225,224x224,RGB,VALIDATED
Recyclable/cans_all_type/Yes-I-Can-water-cans-1.png,Yes-I-Can-water-cans-1.png,.png,stage4_standardized,ImageNet,0.485,0.456,0.406,0.229,0.224,0.225,224x224,RGB,VALIDATED
Recyclable/cans_all_type/ZWB_ANZ_BoxThumbnail_AluminiumCans_bfe1ab62-ced7-47d4-9b8f-251c863db01d_720x.png,ZWB_ANZ_BoxThumbnail_AluminiumCans_bfe1ab62-ced7-47d4-9b8f-251c863db01d_720x.png,.png,stage4_standardized,ImageNet,0.485,0.456,0.406,0.229,0.224,0.225,224x224,RGB,VALIDATED
Recyclable/cans_all_type/_66324968_heinz2_comp_624.png,_66324968_heinz2_comp_624.png,.png,stage4_standardized,ImageNet,0.485,0.456,0.406,0.229,0.224,0.225,224x224,RGB,VALIDATED
Recyclable/cans_all_type/a-silver-tin-can-isolated-on-a-white-background-clipping-path-DNC3X5.png,a-silver-tin-can-isolated-on-a-white-background-clipping-path-DNC3X5.png,.png,stage4_standardized,ImageNet,0.485,0.456,0.406,0.229,0.224,0.225,224x224,RGB,VALIDATED
Recyclable/cans_all_type/aero-landing_0005_Full-can.png,aero-landing_0005_Full-can.png,.png,stage4_standardized,ImageNet,0.485,0.456,0.406,0.229,0.224,0.225,224x224,RGB,VALIDATED
Recyclable/cans_all_type/alum-metal.png,alum-metal.png,.png,stage4_standardized,ImageNet,0.485,0.456,0.406,0.229,0.224,0.225,224x224,RGB,VALIDATED
Recyclable/cans_all_type/aluminium-cans-2-piece-for-beer-and-beverages-two-piece-beer-cans.png,aluminium-cans-2-piece-for-beer-and-beverages-two-piece-beer-cans.png,.png,stage4_standardized,ImageNet,0.485,0.456,0.406,0.229,0.224,0.225,224x224,RGB,VALIDATED
Recyclable/cans_all_type/aluminium-cans-278.png,aluminium-cans-278.png,.png,stage4_standardized,ImageNet,0.485,0.456,0.406,0.229,0.224,0.225,224x224,RGB,VALIDATED
Recyclable/cans_all_type/aluminium-cans-middle-east.png,aluminium-cans-middle-east.png,.png,stage4_standardized,ImageNet,0.485,0.456,0.406,0.229,0.224,0.225,224x224,RGB,VALIDATED
Recyclable/cans_all_type/aluminium-cans-silver-can-branding-design-vector-18026625-1.png,aluminium-cans-silver-can-branding-design-vector-18026625-1.png,.png,stage4_standardized,ImageNet,0.485,0.456,0.406,0.229,0.224,0.225,224x224,RGB,VALIDATED
Recyclable/cans_all_type/aluminium-drink-cans-waste-recycle-close-up-view-turin-italy-october-164013257.png,aluminium-drink-cans-waste-recycle-close-up-view-turin-italy-october-164013257.png,.png,stage4_standardized,ImageNet,0.485,0.456,0.406,0.229,0.224,0.225,224x224,RGB,VALIDATED
Recyclable/cans_all_type/aluminium-steel-cans.png,aluminium-steel-cans.png,.png,stage4_standardized,ImageNet,0.485,0.456,0.406,0.229,0.224,0.225,224x224,RGB,VALIDATED
Recyclable/cans_all_type/aluminium05.png,aluminium05.png,.png,stage4_standardized,ImageNet,0.485,0.456,0.406,0.229,0.224,0.225,224x224,RGB,VALIDATED
Recyclable/cans_all_type/aluminum-alloy-soft-drink-cans-tin-cans-collected-for-recycling-at-DC9YBC.png,aluminum-alloy-soft-drink-cans-tin-cans-collected-for-recycling-at-DC9YBC.png,.png,stage4_standardized,ImageNet,0.485,0.456,0.406,0.229,0.224,0.225,224x224,RGB,VALIDATED
Recyclable/cans_all_type/aluminum-beer-cans-with-keys-stock-image_csp9896786.png,aluminum-beer-cans-with-keys-stock-image_csp9896786.png,.png,stage4_standardized,ImageNet,0.485,0.456,0.406,0.229,0.224,0.225,224x224,RGB,VALIDATED
Recyclable/cans_all_type/aluminum-can-recycling.png,aluminum-can-recycling.png,.png,stage4_standardized,ImageNet,0.485,0.456,0.406,0.229,0.224,0.225,224x224,RGB,VALIDATED
Recyclable/cans_all_type/aluminum-can-sculptures-noah-deledda-thumbnail.png,aluminum-can-sculptures-noah-deledda-thumbnail.png,.png,stage4_standardized,ImageNet,0.485,0.456,0.406,0.229,0.224,0.225,224x224,RGB,VALIDATED
Recyclable/cans_all_type/aluminum-cans-at-the-bottom-of-a-recycling-bin-EKXJ4B.png,aluminum-cans-at-the-bottom-of-a-recycling-bin-EKXJ4B.png,.png,stage4_standardized,ImageNet,0.485,0.456,0.406,0.229,0.224,0.225,224x224,RGB,VALIDATED
Recyclable/cans_all_type/aluminum-cans-collected-for-recycling-center-AP5B7K.png,aluminum-cans-collected-for-recycling-center-AP5B7K.png,.png,stage4_standardized,ImageNet,0.485,0.456,0.406,0.229,0.224,0.225,224x224,RGB,VALIDATED
Recyclable/cans_all_type/aluminum-cans-e1453526631407.png,aluminum-cans-e1453526631407.png,.png,stage4_standardized,ImageNet,0.485,0.456,0.406,0.229,0.224,0.225,224x224,RGB,VALIDATED
Recyclable/cans_all_type/aluminum-cans-for-recycling.png,aluminum-cans-for-recycling.png,.png,stage4_standardized,ImageNet,0.485,0.456,0.406,0.229,0.224,0.225,224x224,RGB,VALIDATED
Recyclable/cans_all_type/aluminum-cans-iStock-1148755120.png,aluminum-cans-iStock-1148755120.png,.png,stage4_standardized,ImageNet,0.485,0.456,0.406,0.229,0.224,0.225,224x224,RGB,VALIDATED
Recyclable/cans_all_type/aluminum-cans-in-recycling-bin-C3W0CR.png,aluminum-cans-in-recycling-bin-C3W0CR.png,.png,stage4_standardized,ImageNet,0.485,0.456,0.406,0.229,0.224,0.225,224x224,RGB,VALIDATED
Recyclable/cans_all_type/aluminum-cans-in-recycling-kon-tum-vietnam-KJJ5CJ.png,aluminum-cans-in-recycling-kon-tum-vietnam-KJJ5CJ.png,.png,stage4_standardized,ImageNet,0.485,0.456,0.406,0.229,0.224,0.225,224x224,RGB,VALIDATED
Recyclable/cans_all_type/aluminum-cans-p4bj2zq8ghz8sr6olvxa68f6em8uc1rra8lni6kazw-fbe6b699.png,aluminum-cans-p4bj2zq8ghz8sr6olvxa68f6em8uc1rra8lni6kazw-fbe6b699.png,.png,stage4_standardized,ImageNet,0.485,0.456,0.406,0.229,0.224,0.225,224x224,RGB,VALIDATED
Recyclable/cans_all_type/aluminum-cans.png,aluminum-cans.png,.png,stage4_standardized,ImageNet,0.485,0.456,0.406,0.229,0.224,0.225,224x224,RGB,VALIDATED
Recyclable/cans_all_type/aluminum-recycling.png,aluminum-recycling.png,.png,stage4_standardized,ImageNet,0.485,0.456,0.406,0.229,0.224,0.225,224x224,RGB,VALIDATED
Recyclable/cans_all_type/aluminum-recycling2.png,aluminum-recycling2.png,.png,stage4_standardized,ImageNet,0.485,0.456,0.406,0.229,0.224,0.225,224x224,RGB,VALIDATED
Recyclable/cans_all_type/aluminum_materials_picture_ff_web_area.png,aluminum_materials_picture_ff_web_area.png,.png,stage4_standardized,ImageNet,0.485,0.456,0.406,0.229,0.224,0.225,224x224,RGB,VALIDATED
Recyclable/cans_all_type/andy-warhol-campbells-soup-can-p6n2ahitn7by8xzm9ejbqveo3bossv8zcpihwi57pw.png,andy-warhol-campbells-soup-can-p6n2ahitn7by8xzm9ejbqveo3bossv8zcpihwi57pw.png,.png,stage4_standardized,ImageNet,0.485,0.456,0.406,0.229,0.224,0.225,224x224,RGB,VALIDATED
Recyclable/cans_all_type/april-11-2020-halifax-canada-campbells-heinz-and-no-name-brand-canned-soups-2BK87NC.png,april-11-2020-halifax-canada-campbells-heinz-and-no-name-brand-canned-soups-2BK87NC.png,.png,stage4_standardized,ImageNet,0.485,0.456,0.406,0.229,0.224,0.225,224x224,RGB,VALIDATED
Recyclable/cans_all_type/assorted-cans-campbell-s-brand-soup-shopping-cart-assorted-cans-campbell-s-brand-soup-151033750.png,assorted-cans-campbell-s-brand-soup-shopping-cart-assorted-cans-campbell-s-brand-soup-151033750.png,.png,stage4_standardized,ImageNet,0.485,0.456,0.406,0.229,0.224,0.225,224x224,RGB,VALIDATED
Recyclable/cans_all_type/b7objects_household001.png,b7objects_household001.png,.png,stage4_standardized,ImageNet,0.485,0.456,0.406,0.229,0.224,0.225,224x224,RGB,VALIDATED
Recyclable/cans_all_type/bd81ae39b970475bae9524c6018794aa_0_0.png,bd81ae39b970475bae9524c6018794aa_0_0.png,.png,stage4_standardized,ImageNet,0.485,0.456,0.406,0.229,0.224,0.225,224x224,RGB,VALIDATED
Recyclable/cans_all_type/beer-5215845_1280.png,beer-5215845_1280.png,.png,stage4_standardized,ImageNet,0.485,0.456,0.406,0.229,0.224,0.225,224x224,RGB,VALIDATED
Recyclable/cans_all_type/beer-can-scrap.png,beer-can-scrap.png,.png,stage4_standardized,ImageNet,0.485,0.456,0.406,0.229,0.224,0.225,224x224,RGB,VALIDATED
Recyclable/cans_all_type/best-progresso-soup-flavors.png,best-progresso-soup-flavors.png,.png,stage4_standardized,ImageNet,0.485,0.456,0.406,0.229,0.224,0.225,224x224,RGB,VALIDATED
Recyclable/cans_all_type/bev-can-by-size.png,bev-can-by-size.png,.png,stage4_standardized,ImageNet,0.485,0.456,0.406,0.229,0.224,0.225,224x224,RGB,VALIDATED
Recyclable/cans_all_type/bev20can.png,bev20can.png,.png,stage4_standardized,ImageNet,0.485,0.456,0.406,0.229,0.224,0.225,224x224,RGB,VALIDATED
Recyclable/cans_all_type/beverage-can-architecture.png,beverage-can-architecture.png,.png,stage4_standardized,ImageNet,0.485,0.456,0.406,0.229,0.224,0.225,224x224,RGB,VALIDATED
Recyclable/cans_all_type/beverage20drink20cans.png,beverage20drink20cans.png,.png,stage4_standardized,ImageNet,0.485,0.456,0.406,0.229,0.224,0.225,224x224,RGB,VALIDATED
Recyclable/cans_all_type/big-tin-can-with-copy-space-isolated-on-white-background-HE441H.png,big-tin-can-with-copy-space-isolated-on-white-background-HE441H.png,.png,stage4_standardized,ImageNet,0.485,0.456,0.406,0.229,0.224,0.225,224x224,RGB,VALIDATED
Recyclable/cans_all_type/c0469750-800px-wm.png,c0469750-800px-wm.png,.png,stage4_standardized,ImageNet,0.485,0.456,0.406,0.229,0.224,0.225,224x224,RGB,VALIDATED
Recyclable/cans_all_type/can-1957735_1920.png,can-1957735_1920.png,.png,stage4_standardized,ImageNet,0.485,0.456,0.406,0.229,0.224,0.225,224x224,RGB,VALIDATED
Recyclable/cans_all_type/can-lifecycle.png,can-lifecycle.png,.png,stage4_standardized,ImageNet,0.485,0.456,0.406,0.229,0.224,0.225,224x224,RGB,VALIDATED
Recyclable/cans_all_type/can-shortages.png,can-shortages.png,.png,stage4_standardized,ImageNet,0.485,0.456,0.406,0.229,0.224,0.225,224x224,RGB,VALIDATED
Recyclable/cans_all_type/can-sizes.png,can-sizes.png,.png,stage4_standardized,ImageNet,0.485,0.456,0.406,0.229,0.224,0.225,224x224,RGB,VALIDATED
Recyclable/cans_all_type/canned-food-961779-1.png,canned-food-961779-1.png,.png,stage4_standardized,ImageNet,0.485,0.456,0.406,0.229,0.224,0.225,224x224,RGB,VALIDATED
Recyclable/cans_all_type/canned-food-fish-1200x628-facebook-1200x628.png,canned-food-fish-1200x628-facebook-1200x628.png,.png,stage4_standardized,ImageNet,0.485,0.456,0.406,0.229,0.224,0.225,224x224,RGB,VALIDATED
Recyclable/cans_all_type/canned-food_0.png,canned-food_0.png,.png,stage4_standardized,ImageNet,0.485,0.456,0.406,0.229,0.224,0.225,224x224,RGB,VALIDATED
Recyclable/cans_all_type/canned-food_wide-e18ed729392a8ac2763dff282529fe7bc0e834b9-s1400-c100.png,canned-food_wide-e18ed729392a8ac2763dff282529fe7bc0e834b9-s1400-c100.png,.png,stage4_standardized,ImageNet,0.485,0.456,0.406,0.229,0.224,0.225,224x224,RGB,VALIDATED
Recyclable/cans_all_type/canned-pumpkin-can-1296x728-body.png,canned-pumpkin-can-1296x728-body.png,.png,stage4_standardized,ImageNet,0.485,0.456,0.406,0.229,0.224,0.225,224x224,RGB,VALIDATED
Recyclable/cans_all_type/cd28515cb9fbaf5589376da505766a8f.png,cd28515cb9fbaf5589376da505766a8f.png,.png,stage4_standardized,ImageNet,0.485,0.456,0.406,0.229,0.224,0.225,224x224,RGB,VALIDATED
Recyclable/cans_all_type/coca-cola-07.png,coca-cola-07.png,.png,stage4_standardized,ImageNet,0.485,0.456,0.406,0.229,0.224,0.225,224x224,RGB,VALIDATED
Recyclable/cans_all_type/collected-tin-cans-vietnam-AF9KEP.png,collected-tin-cans-vietnam-AF9KEP.png,.png,stage4_standardized,ImageNet,0.485,0.456,0.406,0.229,0.224,0.225,224x224,RGB,VALIDATED
Recyclable/cans_all_type/crumpled-aluminum-can-2022-06-02-17-14-48-utc-scaled.png,crumpled-aluminum-can-2022-06-02-17-14-48-utc-scaled.png,.png,stage4_standardized,ImageNet,0.485,0.456,0.406,0.229,0.224,0.225,224x224,RGB,VALIDATED
Recyclable/cans_all_type/crumpled-aluminum-can-empty-can-aluminum-can-isolated-white-background_38335-161.png,crumpled-aluminum-can-empty-can-aluminum-can-isolated-white-background_38335-161.png,.png,stage4_standardized,ImageNet,0.485,0.456,0.406,0.229,0.224,0.225,224x224,RGB,VALIDATED
Recyclable/cans_all_type/crushed-aluminium-drinks-cans-in-a-recycling-basket-2A927XT.png,crushed-aluminium-drinks-cans-in-a-recycling-basket-2A927XT.png,.png,stage4_standardized,ImageNet,0.485,0.456,0.406,0.229,0.224,0.225,224x224,RGB,VALIDATED
Recyclable/cans_all_type/crushed-tin-can-isolated-2BY4XX9.png,crushed-tin-can-isolated-2BY4XX9.png,.png,stage4_standardized,ImageNet,0.485,0.456,0.406,0.229,0.224,0.225,224x224,RGB,VALIDATED
Recyclable/cans_all_type/depositphotos_151711104-stock-photo-canned-food-3d-render.png,depositphotos_151711104-stock-photo-canned-food-3d-render.png,.png,stage4_standardized,ImageNet,0.485,0.456,0.406,0.229,0.224,0.225,224x224,RGB,VALIDATED
Recyclable/cans_all_type/depositphotos_437224758-stock-photo-recycle-empty-cans-tin-food.png,depositphotos_437224758-stock-photo-recycle-empty-cans-tin-food.png,.png,stage4_standardized,ImageNet,0.485,0.456,0.406,0.229,0.224,0.225,224x224,RGB,VALIDATED
Recyclable/cans_all_type/depositphotos_524542642-stock-photo-tin-can-preserve-food-template.png,depositphotos_524542642-stock-photo-tin-can-preserve-food-template.png,.png,stage4_standardized,ImageNet,0.485,0.456,0.406,0.229,0.224,0.225,224x224,RGB,VALIDATED
Recyclable/cans_all_type/depositphotos_537407962-stock-photo-ukraine-chernivtsi-november-pile-garbage.png,depositphotos_537407962-stock-photo-ukraine-chernivtsi-november-pile-garbage.png,.png,stage4_standardized,ImageNet,0.485,0.456,0.406,0.229,0.224,0.225,224x224,RGB,VALIDATED
Recyclable/cans_all_type/depositphotos_76684561-stock-photo-ho-chi-minh-city-vietnam.png,depositphotos_76684561-stock-photo-ho-chi-minh-city-vietnam.png,.png,stage4_standardized,ImageNet,0.485,0.456,0.406,0.229,0.224,0.225,224x224,RGB,VALIDATED
Recyclable/cans_all_type/di-steel-2-new-6.png,di-steel-2-new-6.png,.png,stage4_standardized,ImageNet,0.485,0.456,0.406,0.229,0.224,0.225,224x224,RGB,VALIDATED
Recyclable/cans_all_type/eaw-thailand-may-empty-recycling-close-up-view-waste-disposal-site-151705209.png,eaw-thailand-may-empty-recycling-close-up-view-waste-disposal-site-151705209.png,.png,stage4_standardized,ImageNet,0.485,0.456,0.406,0.229,0.224,0.225,224x224,RGB,VALIDATED
Recyclable/cans_all_type/empty-aluminium-drinks-cans-recycling-rostov-don-russia-172776163.png,empty-aluminium-drinks-cans-recycling-rostov-don-russia-172776163.png,.png,stage4_standardized,ImageNet,0.485,0.456,0.406,0.229,0.224,0.225,224x224,RGB,VALIDATED
Recyclable/cans_all_type/empty-beverage-cans.png,empty-beverage-cans.png,.png,stage4_standardized,ImageNet,0.485,0.456,0.406,0.229,0.224,0.225,224x224,RGB,VALIDATED
Recyclable/cans_all_type/empty-food-cans-recycling-19652090.png,empty-food-cans-recycling-19652090.png,.png,stage4_standardized,ImageNet,0.485,0.456,0.406,0.229,0.224,0.225,224x224,RGB,VALIDATED
Recyclable/cans_all_type/empty-metal-cans-23939723.png,empty-metal-cans-23939723.png,.png,stage4_standardized,ImageNet,0.485,0.456,0.406,0.229,0.224,0.225,224x224,RGB,VALIDATED
Recyclable/cans_all_type/empty-tin-can-isolated-on-a-white-background-metallic-food-container-2BWM655.png,empty-tin-can-isolated-on-a-white-background-metallic-food-container-2BWM655.png,.png,stage4_standardized,ImageNet,0.485,0.456,0.406,0.229,0.224,0.225,224x224,RGB,VALIDATED
Recyclable/cans_all_type/empty-tin-cans-17610861.png,empty-tin-cans-17610861.png,.png,stage4_standardized,ImageNet,0.485,0.456,0.406,0.229,0.224,0.225,224x224,RGB,VALIDATED
Recyclable/cans_all_type/empty-tin-cans-8572637.png,empty-tin-cans-8572637.png,.png,stage4_standardized,ImageNet,0.485,0.456,0.406,0.229,0.224,0.225,224x224,RGB,VALIDATED
Recyclable/cans_all_type/empty-used-aluminium-cans-ready-recycling-close-up-172409365.png,empty-used-aluminium-cans-ready-recycling-close-up-172409365.png,.png,stage4_standardized,ImageNet,0.485,0.456,0.406,0.229,0.224,0.225,224x224,RGB,VALIDATED
Recyclable/cans_all_type/evgeny-karchevsky-k1tUxfs8JYY-unsplash-2.png,evgeny-karchevsky-k1tUxfs8JYY-unsplash-2.png,.png,stage4_standardized,ImageNet,0.485,0.456,0.406,0.229,0.224,0.225,224x224,RGB,VALIDATED
Recyclable/cans_all_type/f2682342b94143bdbaac90802452fa81_0_0.png,f2682342b94143bdbaac90802452fa81_0_0.png,.png,stage4_standardized,ImageNet,0.485,0.456,0.406,0.229,0.224,0.225,224x224,RGB,VALIDATED
Recyclable/cans_all_type/family-size-cans-display-supermarket-company-was-founded-now-sells-157288625.png,family-size-cans-display-supermarket-company-was-founded-now-sells-157288625.png,.png,stage4_standardized,ImageNet,0.485,0.456,0.406,0.229,0.224,0.225,224x224,RGB,VALIDATED
Recyclable/cans_all_type/food-can.png,food-can.png,.png,stage4_standardized,ImageNet,0.485,0.456,0.406,0.229,0.224,0.225,224x224,RGB,VALIDATED
Recyclable/cans_all_type/food-tin-can-on-white-CYBBCA.png,food-tin-can-on-white-CYBBCA.png,.png,stage4_standardized,ImageNet,0.485,0.456,0.406,0.229,0.224,0.225,224x224,RGB,VALIDATED
Recyclable/cans_all_type/food-tin-can_01.png,food-tin-can_01.png,.png,stage4_standardized,ImageNet,0.485,0.456,0.406,0.229,0.224,0.225,224x224,RGB,VALIDATED
Recyclable/cans_all_type/fss-empty-cans.png,fss-empty-cans.png,.png,stage4_standardized,ImageNet,0.485,0.456,0.406,0.229,0.224,0.225,224x224,RGB,VALIDATED
Recyclable/cans_all_type/g-eco-friendly-concept-recyclable-metal-waste-and-zero-waste-concept-2K0FCNX.png,g-eco-friendly-concept-recyclable-metal-waste-and-zero-waste-concept-2K0FCNX.png,.png,stage4_standardized,ImageNet,0.485,0.456,0.406,0.229,0.224,0.225,224x224,RGB,VALIDATED
Recyclable/cans_all_type/garbage-tin-can-icon-cartoon-style-vector-27372731.png,garbage-tin-can-icon-cartoon-style-vector-27372731.png,.png,stage4_standardized,ImageNet,0.485,0.456,0.406,0.229,0.224,0.225,224x224,RGB,VALIDATED
Recyclable/cans_all_type/gh-052720-best-healthy-canned-soups-1590698072.png,gh-052720-best-healthy-canned-soups-1590698072.png,.png,stage4_standardized,ImageNet,0.485,0.456,0.406,0.229,0.224,0.225,224x224,RGB,VALIDATED
Recyclable/cans_all_type/ghows-PJ-3530caa6-cb6f-4a83-e053-0100007f7d97-e82199ad.png,ghows-PJ-3530caa6-cb6f-4a83-e053-0100007f7d97-e82199ad.png,.png,stage4_standardized,ImageNet,0.485,0.456,0.406,0.229,0.224,0.225,224x224,RGB,VALIDATED
Recyclable/cans_all_type/haultail-What-is-the-effect-of-aluminum-beverage-cans-on-the-environment.png,haultail-What-is-the-effect-of-aluminum-beverage-cans-on-the-environment.png,.png,stage4_standardized,ImageNet,0.485,0.456,0.406,0.229,0.224,0.225,224x224,RGB,VALIDATED
Recyclable/cans_all_type/healthy-canned-soups-amy-s-black-bean.png,healthy-canned-soups-amy-s-black-bean.png,.png,stage4_standardized,ImageNet,0.485,0.456,0.406,0.229,0.224,0.225,224x224,RGB,VALIDATED
Recyclable/cans_all_type/healthy-canned-soups-campbell-s-chunky-heart-healthy-clam-chowder.png,healthy-canned-soups-campbell-s-chunky-heart-healthy-clam-chowder.png,.png,stage4_standardized,ImageNet,0.485,0.456,0.406,0.229,0.224,0.225,224x224,RGB,VALIDATED
Recyclable/cans_all_type/healthy-canned-soups-campbells-98-percent-fat-free-broccoli-cheese.png,healthy-canned-soups-campbells-98-percent-fat-free-broccoli-cheese.png,.png,stage4_standardized,ImageNet,0.485,0.456,0.406,0.229,0.224,0.225,224x224,RGB,VALIDATED
Recyclable/cans_all_type/hed-crushed-discarded-empty-soft-drink-or-soda-aluminum-beverage-cans-R3DYM6.png,hed-crushed-discarded-empty-soft-drink-or-soda-aluminum-beverage-cans-R3DYM6.png,.png,stage4_standardized,ImageNet,0.485,0.456,0.406,0.229,0.224,0.225,224x224,RGB,VALIDATED
Recyclable/cans_all_type/how-to-recycle-aluminum-cans.png,how-to-recycle-aluminum-cans.png,.png,stage4_standardized,ImageNet,0.485,0.456,0.406,0.229,0.224,0.225,224x224,RGB,VALIDATED
Recyclable/cans_all_type/hpm_0000_0002_0_img0010.png,hpm_0000_0002_0_img0010.png,.png,stage4_standardized,ImageNet,0.485,0.456,0.406,0.229,0.224,0.225,224x224,RGB,VALIDATED
Recyclable/cans_all_type/iStock-882176684-recycle-cans.png,iStock-882176684-recycle-cans.png,.png,stage4_standardized,ImageNet,0.485,0.456,0.406,0.229,0.224,0.225,224x224,RGB,VALIDATED
Recyclable/cans_all_type/image28.png,image28.png,.png,stage4_standardized,ImageNet,0.485,0.456,0.406,0.229,0.224,0.225,224x224,RGB,VALIDATED
Recyclable/cans_all_type/image29.png,image29.png,.png,stage4_standardized,ImageNet,0.485,0.456,0.406,0.229,0.224,0.225,224x224,RGB,VALIDATED
Recyclable/cans_all_type/imageedit_8_7934311890.png,imageedit_8_7934311890.png,.png,stage4_standardized,ImageNet,0.485,0.456,0.406,0.229,0.224,0.225,224x224,RGB,VALIDATED
Recyclable/cans_all_type/img_171534713499.png,img_171534713499.png,.png,stage4_standardized,ImageNet,0.485,0.456,0.406,0.229,0.224,0.225,224x224,RGB,VALIDATED
Recyclable/cans_all_type/img_kaitori02.png,img_kaitori02.png,.png,stage4_standardized,ImageNet,0.485,0.456,0.406,0.229,0.224,0.225,224x224,RGB,VALIDATED
Recyclable/cans_all_type/imgbin-beer-recycling-bottle-beverage-can-waste-container-n16Eb9uEgizMUQNdZ2pyKAidT.png,imgbin-beer-recycling-bottle-beverage-can-waste-container-n16Eb9uEgizMUQNdZ2pyKAidT.png,.png,stage4_standardized,ImageNet,0.485,0.456,0.406,0.229,0.224,0.225,224x224,RGB,VALIDATED
Recyclable/cans_all_type/ith-water-drops-metallic-cans-for-beer-soda-lemonade-juice-energy-1271352472.png,ith-water-drops-metallic-cans-for-beer-soda-lemonade-juice-energy-1271352472.png,.png,stage4_standardized,ImageNet,0.485,0.456,0.406,0.229,0.224,0.225,224x224,RGB,VALIDATED
Recyclable/cans_all_type/l-intro-1653069533.png,l-intro-1653069533.png,.png,stage4_standardized,ImageNet,0.485,0.456,0.406,0.229,0.224,0.225,224x224,RGB,VALIDATED
Recyclable/cans_all_type/maxres2.png,maxres2.png,.png,stage4_standardized,ImageNet,0.485,0.456,0.406,0.229,0.224,0.225,224x224,RGB,VALIDATED
Recyclable/cans_all_type/maxresdefault.png,maxresdefault.png,.png,stage4_standardized,ImageNet,0.485,0.456,0.406,0.229,0.224,0.225,224x224,RGB,VALIDATED
Recyclable/cans_all_type/maxresdefault2.png,maxresdefault2.png,.png,stage4_standardized,ImageNet,0.485,0.456,0.406,0.229,0.224,0.225,224x224,RGB,VALIDATED
Recyclable/cans_all_type/mbers_target_to_achieve_70_per_cent_aluminium_can_recycling_rate_by_2030_0_0.png,mbers_target_to_achieve_70_per_cent_aluminium_can_recycling_rate_by_2030_0_0.png,.png,stage4_standardized,ImageNet,0.485,0.456,0.406,0.229,0.224,0.225,224x224,RGB,VALIDATED
Recyclable/cans_all_type/metal-aluminum-cans-non-biodegradable-600w-2016354857.png,metal-aluminum-cans-non-biodegradable-600w-2016354857.png,.png,stage4_standardized,ImageNet,0.485,0.456,0.406,0.229,0.224,0.225,224x224,RGB,VALIDATED
Recyclable/cans_all_type/metal-aluminum-cans-non-biodegradable-600w-2016354890.png,metal-aluminum-cans-non-biodegradable-600w-2016354890.png,.png,stage4_standardized,ImageNet,0.485,0.456,0.406,0.229,0.224,0.225,224x224,RGB,VALIDATED
Recyclable/cans_all_type/metal-cans-for-recycling.png,metal-cans-for-recycling.png,.png,stage4_standardized,ImageNet,0.485,0.456,0.406,0.229,0.224,0.225,224x224,RGB,VALIDATED
Recyclable/cans_all_type/metal-tin-can-isolated-food-lying-its-side-composition-over-white-background-74439654.png,metal-tin-can-isolated-food-lying-its-side-composition-over-white-background-74439654.png,.png,stage4_standardized,ImageNet,0.485,0.456,0.406,0.229,0.224,0.225,224x224,RGB,VALIDATED
Recyclable/cans_all_type/ns-to-be-used-for-storage-of-products-are-being-displayed-in-the-expo-RXCE9N.png,ns-to-be-used-for-storage-of-products-are-being-displayed-in-the-expo-RXCE9N.png,.png,stage4_standardized,ImageNet,0.485,0.456,0.406,0.229,0.224,0.225,224x224,RGB,VALIDATED
Recyclable/cans_all_type/old-canned-soup.png,old-canned-soup.png,.png,stage4_standardized,ImageNet,0.485,0.456,0.406,0.229,0.224,0.225,224x224,RGB,VALIDATED
Recyclable/cans_all_type/p0c972tq.png,p0c972tq.png,.png,stage4_standardized,ImageNet,0.485,0.456,0.406,0.229,0.224,0.225,224x224,RGB,VALIDATED
Recyclable/cans_all_type/paint_cats.png,paint_cats.png,.png,stage4_standardized,ImageNet,0.485,0.456,0.406,0.229,0.224,0.225,224x224,RGB,VALIDATED
Recyclable/cans_all_type/pixnio-198357.png,pixnio-198357.png,.png,stage4_standardized,ImageNet,0.485,0.456,0.406,0.229,0.224,0.225,224x224,RGB,VALIDATED
Recyclable/cans_all_type/plastic-can-c.png,plastic-can-c.png,.png,stage4_standardized,ImageNet,0.485,0.456,0.406,0.229,0.224,0.225,224x224,RGB,VALIDATED
Recyclable/cans_all_type/plastic-waste-and-other-recylable-items-1080x675.png,plastic-waste-and-other-recylable-items-1080x675.png,.png,stage4_standardized,ImageNet,0.485,0.456,0.406,0.229,0.224,0.225,224x224,RGB,VALIDATED
Recyclable/cans_all_type/png-clipart-aluminum-can-recycling-bin-rubbish-bins-waste-paper-baskets-others-recycling-waste.png,png-clipart-aluminum-can-recycling-bin-rubbish-bins-waste-paper-baskets-others-recycling-waste.png,.png,stage4_standardized,ImageNet,0.485,0.456,0.406,0.229,0.224,0.225,224x224,RGB,VALIDATED
Recyclable/cans_all_type/png-transparent-fizzy-drinks-aluminum-can-sprite-coca-cola-jarritos-sprite-recycling-waste-cola.png,png-transparent-fizzy-drinks-aluminum-can-sprite-coca-cola-jarritos-sprite-recycling-waste-cola.png,.png,stage4_standardized,ImageNet,0.485,0.456,0.406,0.229,0.224,0.225,224x224,RGB,VALIDATED
Recyclable/cans_all_type/pngtree-aluminum-cans-crushed-for-recycling-waste-reuse-material-photo-image_902933.png,pngtree-aluminum-cans-crushed-for-recycling-waste-reuse-material-photo-image_902933.png,.png,stage4_standardized,ImageNet,0.485,0.456,0.406,0.229,0.224,0.225,224x224,RGB,VALIDATED
Recyclable/cans_all_type/pouqoxmmx1.png,pouqoxmmx1.png,.png,stage4_standardized,ImageNet,0.485,0.456,0.406,0.229,0.224,0.225,224x224,RGB,VALIDATED
Recyclable/cans_all_type/preston-england-close-up-on-crushed-food-cans-drinks-cans-and-sweets-EY997A.png,preston-england-close-up-on-crushed-food-cans-drinks-cans-and-sweets-EY997A.png,.png,stage4_standardized,ImageNet,0.485,0.456,0.406,0.229,0.224,0.225,224x224,RGB,VALIDATED
Recyclable/cans_all_type/product-roundup_cannedfood.png,product-roundup_cannedfood.png,.png,stage4_standardized,ImageNet,0.485,0.456,0.406,0.229,0.224,0.225,224x224,RGB,VALIDATED
Recyclable/cans_all_type/pty-aluminum-cans-the-concept-of-processed-waste-background-texture-of-piles.png,pty-aluminum-cans-the-concept-of-processed-waste-background-texture-of-piles.png,.png,stage4_standardized,ImageNet,0.485,0.456,0.406,0.229,0.224,0.225,224x224,RGB,VALIDATED
Recyclable/cans_all_type/qad-blog-aluminum-cans.png,qad-blog-aluminum-cans.png,.png,stage4_standardized,ImageNet,0.485,0.456,0.406,0.229,0.224,0.225,224x224,RGB,VALIDATED
Recyclable/cans_all_type/real.png,real.png,.png,stage4_standardized,ImageNet,0.485,0.456,0.406,0.229,0.224,0.225,224x224,RGB,VALIDATED
Recyclable/cans_all_type/realistic-cans-blue-with-water-drops-for-mock-up-soda-can-mock-up-free-png.png,realistic-cans-blue-with-water-drops-for-mock-up-soda-can-mock-up-free-png.png,.png,stage4_standardized,ImageNet,0.485,0.456,0.406,0.229,0.224,0.225,224x224,RGB,VALIDATED
Recyclable/cans_all_type/recycle-aluminum-metal-crushed-can-waste-background-photo.png,recycle-aluminum-metal-crushed-can-waste-background-photo.png,.png,stage4_standardized,ImageNet,0.485,0.456,0.406,0.229,0.224,0.225,224x224,RGB,VALIDATED
Recyclable/cans_all_type/recycle-aluminum-metal-crushed-can-waste-background-photo2.png,recycle-aluminum-metal-crushed-can-waste-background-photo2.png,.png,stage4_standardized,ImageNet,0.485,0.456,0.406,0.229,0.224,0.225,224x224,RGB,VALIDATED
Recyclable/cans_all_type/recycle-aluminum-metal-crushed-can-waste-background_293060-10750.png,recycle-aluminum-metal-crushed-can-waste-background_293060-10750.png,.png,stage4_standardized,ImageNet,0.485,0.456,0.406,0.229,0.224,0.225,224x224,RGB,VALIDATED
Recyclable/cans_all_type/recycle-aluminum-metal-crushed-can-waste-background_293060-14712.png,recycle-aluminum-metal-crushed-can-waste-background_293060-14712.png,.png,stage4_standardized,ImageNet,0.485,0.456,0.406,0.229,0.224,0.225,224x224,RGB,VALIDATED
Recyclable/cans_all_type/recycle-aluminum-metal-crushed-can-waste-background_293060-5186.png,recycle-aluminum-metal-crushed-can-waste-background_293060-5186.png,.png,stage4_standardized,ImageNet,0.485,0.456,0.406,0.229,0.224,0.225,224x224,RGB,VALIDATED
Recyclable/cans_all_type/recycle-aluminum-metal-crushed-can-waste-background_293060-6927.png,recycle-aluminum-metal-crushed-can-waste-background_293060-6927.png,.png,stage4_standardized,ImageNet,0.485,0.456,0.406,0.229,0.224,0.225,224x224,RGB,VALIDATED
Recyclable/cans_all_type/recycling-21075023.png,recycling-21075023.png,.png,stage4_standardized,ImageNet,0.485,0.456,0.406,0.229,0.224,0.225,224x224,RGB,VALIDATED
Recyclable/cans_all_type/recycling-bin-full-of-tin-cans-at-the-recycle-collection-center-in-sitka-alaska-usa-2PF5DKJ.png,recycling-bin-full-of-tin-cans-at-the-recycle-collection-center-in-sitka-alaska-usa-2PF5DKJ.png,.png,stage4_standardized,ImageNet,0.485,0.456,0.406,0.229,0.224,0.225,224x224,RGB,VALIDATED
Recyclable/cans_all_type/recycling-process-soda-cans-after-rinse.png,recycling-process-soda-cans-after-rinse.png,.png,stage4_standardized,ImageNet,0.485,0.456,0.406,0.229,0.224,0.225,224x224,RGB,VALIDATED
Recyclable/cans_all_type/recycling-symbol-waste-container-tin-can-png-favpng-ASUEjMd8dZew90LXEgfZTWLhh.png,recycling-symbol-waste-container-tin-can-png-favpng-ASUEjMd8dZew90LXEgfZTWLhh.png,.png,stage4_standardized,ImageNet,0.485,0.456,0.406,0.229,0.224,0.225,224x224,RGB,VALIDATED
Recyclable/cans_all_type/recycling-used-aluminum-cans-22651321.png,recycling-used-aluminum-cans-22651321.png,.png,stage4_standardized,ImageNet,0.485,0.456,0.406,0.229,0.224,0.225,224x224,RGB,VALIDATED
Recyclable/cans_all_type/red-aluminium-can-vector-3885470.png,red-aluminium-can-vector-3885470.png,.png,stage4_standardized,ImageNet,0.485,0.456,0.406,0.229,0.224,0.225,224x224,RGB,VALIDATED
Recyclable/cans_all_type/republic-february-26-2017-energy-drinks-cans-from-czech-supermarkets-ostrava.png,republic-february-26-2017-energy-drinks-cans-from-czech-supermarkets-ostrava.png,.png,stage4_standardized,ImageNet,0.485,0.456,0.406,0.229,0.224,0.225,224x224,RGB,VALIDATED
Recyclable/cans_all_type/rice-Easy-Operation-Pop-Top-Can-for-Electronic-Industry-Aluminum-Scrap-Metal.png,rice-Easy-Operation-Pop-Top-Can-for-Electronic-Industry-Aluminum-Scrap-Metal.png,.png,stage4_standardized,ImageNet,0.485,0.456,0.406,0.229,0.224,0.225,224x224,RGB,VALIDATED
Recyclable/cans_all_type/sheet-alu-cans-garbage.png,sheet-alu-cans-garbage.png,.png,stage4_standardized,ImageNet,0.485,0.456,0.406,0.229,0.224,0.225,224x224,RGB,VALIDATED
Recyclable/cans_all_type/shutterstock-dC3A5ser.png,shutterstock-dC3A5ser.png,.png,stage4_standardized,ImageNet,0.485,0.456,0.406,0.229,0.224,0.225,224x224,RGB,VALIDATED
Recyclable/cans_all_type/shutterstock_1059823553-scaled.png,shutterstock_1059823553-scaled.png,.png,stage4_standardized,ImageNet,0.485,0.456,0.406,0.229,0.224,0.225,224x224,RGB,VALIDATED
Recyclable/cans_all_type/sjb-4359-451.png,sjb-4359-451.png,.png,stage4_standardized,ImageNet,0.485,0.456,0.406,0.229,0.224,0.225,224x224,RGB,VALIDATED
Recyclable/cans_all_type/soda-can-mockup-realistic-transparent-free-png.png,soda-can-mockup-realistic-transparent-free-png.png,.png,stage4_standardized,ImageNet,0.485,0.456,0.406,0.229,0.224,0.225,224x224,RGB,VALIDATED
Recyclable/cans_all_type/soda-can-white-aluminum-2J8MroE-600.png,soda-can-white-aluminum-2J8MroE-600.png,.png,stage4_standardized,ImageNet,0.485,0.456,0.406,0.229,0.224,0.225,224x224,RGB,VALIDATED
Recyclable/cans_all_type/soda_can_1500394689-e1501261207105.png,soda_can_1500394689-e1501261207105.png,.png,stage4_standardized,ImageNet,0.485,0.456,0.406,0.229,0.224,0.225,224x224,RGB,VALIDATED
Recyclable/cans_all_type/soup-can-drawing-1.png,soup-can-drawing-1.png,.png,stage4_standardized,ImageNet,0.485,0.456,0.406,0.229,0.224,0.225,224x224,RGB,VALIDATED
Recyclable/cans_all_type/soup-can-generic-tin-copy-space-isolated-white-background-30738763.png,soup-can-generic-tin-copy-space-isolated-white-background-30738763.png,.png,stage4_standardized,ImageNet,0.485,0.456,0.406,0.229,0.224,0.225,224x224,RGB,VALIDATED
Recyclable/cans_all_type/soup-cans-paintings-campbell-s-andy-warhol-as-seen-museumsquartier-vienna-austria-56224494.png,soup-cans-paintings-campbell-s-andy-warhol-as-seen-museumsquartier-vienna-austria-56224494.png,.png,stage4_standardized,ImageNet,0.485,0.456,0.406,0.229,0.224,0.225,224x224,RGB,VALIDATED
Recyclable/cans_all_type/steel-can-header-inset.png,steel-can-header-inset.png,.png,stage4_standardized,ImageNet,0.485,0.456,0.406,0.229,0.224,0.225,224x224,RGB,VALIDATED
Recyclable/cans_all_type/steel-food-cans-3-piece-tinplate-cans-for-food-three-piece.png,steel-food-cans-3-piece-tinplate-cans-for-food-three-piece.png,.png,stage4_standardized,ImageNet,0.485,0.456,0.406,0.229,0.224,0.225,224x224,RGB,VALIDATED
Recyclable/cans_all_type/steel-food-tin-can-on-white-background-BEG7A4.png,steel-food-tin-can-on-white-background-BEG7A4.png,.png,stage4_standardized,ImageNet,0.485,0.456,0.406,0.229,0.224,0.225,224x224,RGB,VALIDATED
Recyclable/cans_all_type/steel-soup-can-opened-CC8AXM.png,steel-soup-can-opened-CC8AXM.png,.png,stage4_standardized,ImageNet,0.485,0.456,0.406,0.229,0.224,0.225,224x224,RGB,VALIDATED
Recyclable/cans_all_type/stock-photo-recycle-aluminum-metal-crushed-can-waste-background-2163017067.png,stock-photo-recycle-aluminum-metal-crushed-can-waste-background-2163017067.png,.png,stage4_standardized,ImageNet,0.485,0.456,0.406,0.229,0.224,0.225,224x224,RGB,VALIDATED
Recyclable/cans_all_type/stocking-up-food-covid19.png,stocking-up-food-covid19.png,.png,stage4_standardized,ImageNet,0.485,0.456,0.406,0.229,0.224,0.225,224x224,RGB,VALIDATED
Recyclable/cans_all_type/sz3rxrno.png,sz3rxrno.png,.png,stage4_standardized,ImageNet,0.485,0.456,0.406,0.229,0.224,0.225,224x224,RGB,VALIDATED
Recyclable/cans_all_type/three-aluminum-cans-without-label_1308-40588.png,three-aluminum-cans-without-label_1308-40588.png,.png,stage4_standardized,ImageNet,0.485,0.456,0.406,0.229,0.224,0.225,224x224,RGB,VALIDATED
Recyclable/cans_all_type/three-food-cans-on-white-background-DEENN6.png,three-food-cans-on-white-background-DEENN6.png,.png,stage4_standardized,ImageNet,0.485,0.456,0.406,0.229,0.224,0.225,224x224,RGB,VALIDATED
Recyclable/cans_all_type/tin-can-crafts-ft.png,tin-can-crafts-ft.png,.png,stage4_standardized,ImageNet,0.485,0.456,0.406,0.229,0.224,0.225,224x224,RGB,VALIDATED
Recyclable/cans_all_type/tin-can-isolated-on-white-background-food-supplies-2E25PN9.png,tin-can-isolated-on-white-background-food-supplies-2E25PN9.png,.png,stage4_standardized,ImageNet,0.485,0.456,0.406,0.229,0.224,0.225,224x224,RGB,VALIDATED
Recyclable/cans_all_type/tin-can-projects.png,tin-can-projects.png,.png,stage4_standardized,ImageNet,0.485,0.456,0.406,0.229,0.224,0.225,224x224,RGB,VALIDATED
Recyclable/cans_all_type/tin_can_collage.png,tin_can_collage.png,.png,stage4_standardized,ImageNet,0.485,0.456,0.406,0.229,0.224,0.225,224x224,RGB,VALIDATED
Recyclable/cans_all_type/ubcs.png,ubcs.png,.png,stage4_standardized,ImageNet,0.485,0.456,0.406,0.229,0.224,0.225,224x224,RGB,VALIDATED
Recyclable/cans_all_type/up-photo-such-as-gumbo-soup-green-olives-original-decoration-store-215048708.png,up-photo-such-as-gumbo-soup-green-olives-original-decoration-store-215048708.png,.png,stage4_standardized,ImageNet,0.485,0.456,0.406,0.229,0.224,0.225,224x224,RGB,VALIDATED
Recyclable/cans_all_type/used-aluminum-cans-1510558761-3447499.png,used-aluminum-cans-1510558761-3447499.png,.png,stage4_standardized,ImageNet,0.485,0.456,0.406,0.229,0.224,0.225,224x224,RGB,VALIDATED
Recyclable/cans_all_type/used-beverage-cans-aluminum-scrap-ubc--500x500.png,used-beverage-cans-aluminum-scrap-ubc--500x500.png,.png,stage4_standardized,ImageNet,0.485,0.456,0.406,0.229,0.224,0.225,224x224,RGB,VALIDATED
Recyclable/cans_all_type/used-can-scrap-500x500.png,used-can-scrap-500x500.png,.png,stage4_standardized,ImageNet,0.485,0.456,0.406,0.229,0.224,0.225,224x224,RGB,VALIDATED
Recyclable/cans_all_type/used-cans-recycling-klang-malaysia-may-separated-various-drinks-71794871.png,used-cans-recycling-klang-malaysia-may-separated-various-drinks-71794871.png,.png,stage4_standardized,ImageNet,0.485,0.456,0.406,0.229,0.224,0.225,224x224,RGB,VALIDATED
Recyclable/cans_all_type/used-food-cans-at-recycling-center-germany-europe-S1TE9M.png,used-food-cans-at-recycling-center-germany-europe-S1TE9M.png,.png,stage4_standardized,ImageNet,0.485,0.456,0.406,0.229,0.224,0.225,224x224,RGB,VALIDATED
Recyclable/cans_all_type/utensil.png,utensil.png,.png,stage4_standardized,ImageNet,0.485,0.456,0.406,0.229,0.224,0.225,224x224,RGB,VALIDATED
Recyclable/cans_all_type/uuk754zo.png,uuk754zo.png,.png,stage4_standardized,ImageNet,0.485,0.456,0.406,0.229,0.224,0.225,224x224,RGB,VALIDATED
Recyclable/cans_all_type/various-household-metal-waste-cans-600w-1586734066.png,various-household-metal-waste-cans-600w-1586734066.png,.png,stage4_standardized,ImageNet,0.485,0.456,0.406,0.229,0.224,0.225,224x224,RGB,VALIDATED
Recyclable/cans_all_type/warhol-campbell-cans-dec-2018-embed01.png,warhol-campbell-cans-dec-2018-embed01.png,.png,stage4_standardized,ImageNet,0.485,0.456,0.406,0.229,0.224,0.225,224x224,RGB,VALIDATED
Recyclable/cans_all_type/website2.0.png,website2.0.png,.png,stage4_standardized,ImageNet,0.485,0.456,0.406,0.229,0.224,0.225,224x224,RGB,VALIDATED
Recyclable/cans_all_type/white-background-metal-waste-recycling-empty-crumpled-aluminum-can-120063176.png,white-background-metal-waste-recycling-empty-crumpled-aluminum-can-120063176.png,.png,stage4_standardized,ImageNet,0.485,0.456,0.406,0.229,0.224,0.225,224x224,RGB,VALIDATED
Recyclable/cans_all_type/yiu1pc0sap.png,yiu1pc0sap.png,.png,stage4_standardized,ImageNet,0.485,0.456,0.406,0.229,0.224,0.225,224x224,RGB,VALIDATED
Recyclable/glass_containers/-1117Wx1400H-464161823-clear-MODEL.png,-1117Wx1400H-464161823-clear-MODEL.png,.png,stage4_standardized,ImageNet,0.485,0.456,0.406,0.229,0.224,0.225,224x224,RGB,VALIDATED
Recyclable/glass_containers/-grass-recycling-garbage-disposal-environment-ecology-concept-used-237382994.png,-grass-recycling-garbage-disposal-environment-ecology-concept-used-237382994.png,.png,stage4_standardized,ImageNet,0.485,0.456,0.406,0.229,0.224,0.225,224x224,RGB,VALIDATED
Recyclable/glass_containers/-home-decor-lights-garden-planters-edging-organizing-DIY-apieceofrainbow-320.png,-home-decor-lights-garden-planters-edging-organizing-DIY-apieceofrainbow-320.png,.png,stage4_standardized,ImageNet,0.485,0.456,0.406,0.229,0.224,0.225,224x224,RGB,VALIDATED
Recyclable/glass_containers/-jar-transparency-and-translucency-glass-jar-empty-clear-glass-jar-glass-lid.png,-jar-transparency-and-translucency-glass-jar-empty-clear-glass-jar-glass-lid.png,.png,stage4_standardized,ImageNet,0.485,0.456,0.406,0.229,0.224,0.225,224x224,RGB,VALIDATED
Recyclable/glass_containers/-recycle-storage-container-reduce-reuse-recycle-waste-sorting-bin-1549390778.png,-recycle-storage-container-reduce-reuse-recycle-waste-sorting-bin-1549390778.png,.png,stage4_standardized,ImageNet,0.485,0.456,0.406,0.229,0.224,0.225,224x224,RGB,VALIDATED
Recyclable/glass_containers/0025.807V_1.png,0025.807V_1.png,.png,stage4_standardized,ImageNet,0.485,0.456,0.406,0.229,0.224,0.225,224x224,RGB,VALIDATED
Recyclable/glass_containers/09706-cover-bottlescxd.png,09706-cover-bottlescxd.png,.png,stage4_standardized,ImageNet,0.485,0.456,0.406,0.229,0.224,0.225,224x224,RGB,VALIDATED
Recyclable/glass_containers/09928-cover-opener.png,09928-cover-opener.png,.png,stage4_standardized,ImageNet,0.485,0.456,0.406,0.229,0.224,0.225,224x224,RGB,VALIDATED
Recyclable/glass_containers/1-Glass-Jar-Dry-Goods-Food-Storage-Post-Thumbnail-Copyright-Your-Family-Ark-LLC-950x667.png,1-Glass-Jar-Dry-Goods-Food-Storage-Post-Thumbnail-Copyright-Your-Family-Ark-LLC-950x667.png,.png,stage4_standardized,ImageNet,0.485,0.456,0.406,0.229,0.224,0.225,224x224,RGB,VALIDATED
Recyclable/glass_containers/1.png,1.png,.png,stage4_standardized,ImageNet,0.485,0.456,0.406,0.229,0.224,0.225,224x224,RGB,VALIDATED
Recyclable/glass_containers/1000006360930-1000006360929_01-750-1.png,1000006360930-1000006360929_01-750-1.png,.png,stage4_standardized,ImageNet,0.485,0.456,0.406,0.229,0.224,0.225,224x224,RGB,VALIDATED
Recyclable/glass_containers/100ml-clear-acrylic-jar-cap-with-foam-liner-plastic-jars-314.png,100ml-clear-acrylic-jar-cap-with-foam-liner-plastic-jars-314.png,.png,stage4_standardized,ImageNet,0.485,0.456,0.406,0.229,0.224,0.225,224x224,RGB,VALIDATED
Recyclable/glass_containers/18-How-to-Clean-and-Sanitize-Glass-Bottles-For-Reuse-XX-steps-1024x538.png,18-How-to-Clean-and-Sanitize-Glass-Bottles-For-Reuse-XX-steps-1024x538.png,.png,stage4_standardized,ImageNet,0.485,0.456,0.406,0.229,0.224,0.225,224x224,RGB,VALIDATED
Recyclable/glass_containers/19-Innovative-Simple-and-Beautiful-DIY-Glass-Bottle-Decor-Ideas.png,19-Innovative-Simple-and-Beautiful-DIY-Glass-Bottle-Decor-Ideas.png,.png,stage4_standardized,ImageNet,0.485,0.456,0.406,0.229,0.224,0.225,224x224,RGB,VALIDATED
Recyclable/glass_containers/25-25ml-small-mini-glass-bottles-jars-with-cork-stoppers-3pcs-original-imafd49zby3yrj7u.png,25-25ml-small-mini-glass-bottles-jars-with-cork-stoppers-3pcs-original-imafd49zby3yrj7u.png,.png,stage4_standardized,ImageNet,0.485,0.456,0.406,0.229,0.224,0.225,224x224,RGB,VALIDATED
Recyclable/glass_containers/2_2c8ffcc9-71e4-485a-8a6d-413968b9a11e.png,2_2c8ffcc9-71e4-485a-8a6d-413968b9a11e.png,.png,stage4_standardized,ImageNet,0.485,0.456,0.406,0.229,0.224,0.225,224x224,RGB,VALIDATED
Recyclable/glass_containers/30-ml-Lug-Cap-Glass-Jars.png,30-ml-Lug-Cap-Glass-Jars.png,.png,stage4_standardized,ImageNet,0.485,0.456,0.406,0.229,0.224,0.225,224x224,RGB,VALIDATED
Recyclable/glass_containers/32.5_19d4770e-dc7a-4951-82bb-bf0030a411f7.png,32.5_19d4770e-dc7a-4951-82bb-bf0030a411f7.png,.png,stage4_standardized,ImageNet,0.485,0.456,0.406,0.229,0.224,0.225,224x224,RGB,VALIDATED
Recyclable/glass_containers/431275_l.png,431275_l.png,.png,stage4_standardized,ImageNet,0.485,0.456,0.406,0.229,0.224,0.225,224x224,RGB,VALIDATED
Recyclable/glass_containers/44084530822_acb18d4ea4_c-1200x900.png,44084530822_acb18d4ea4_c-1200x900.png,.png,stage4_standardized,ImageNet,0.485,0.456,0.406,0.229,0.224,0.225,224x224,RGB,VALIDATED
Recyclable/glass_containers/48252.png,48252.png,.png,stage4_standardized,ImageNet,0.485,0.456,0.406,0.229,0.224,0.225,224x224,RGB,VALIDATED
Recyclable/glass_containers/5-5-ml-small-mini-tall-clear-glass-bottles-jars-combo-of-10-pcs-original-imafd3nqa4ss5gbr.png,5-5-ml-small-mini-tall-clear-glass-bottles-jars-combo-of-10-pcs-original-imafd3nqa4ss5gbr.png,.png,stage4_standardized,ImageNet,0.485,0.456,0.406,0.229,0.224,0.225,224x224,RGB,VALIDATED
Recyclable/glass_containers/500-GM-SQ-FANCY-scaled-e1674476779127.png,500-GM-SQ-FANCY-scaled-e1674476779127.png,.png,stage4_standardized,ImageNet,0.485,0.456,0.406,0.229,0.224,0.225,224x224,RGB,VALIDATED
Recyclable/glass_containers/51Jl-pF7VZL.png,51Jl-pF7VZL.png,.png,stage4_standardized,ImageNet,0.485,0.456,0.406,0.229,0.224,0.225,224x224,RGB,VALIDATED
Recyclable/glass_containers/51KO9Np8h0L.png,51KO9Np8h0L.png,.png,stage4_standardized,ImageNet,0.485,0.456,0.406,0.229,0.224,0.225,224x224,RGB,VALIDATED
Recyclable/glass_containers/51P3TEvdWuL._AC_UF8941000_QL80_.png,51P3TEvdWuL._AC_UF8941000_QL80_.png,.png,stage4_standardized,ImageNet,0.485,0.456,0.406,0.229,0.224,0.225,224x224,RGB,VALIDATED
Recyclable/glass_containers/61APfOjOwNL.png,61APfOjOwNL.png,.png,stage4_standardized,ImageNet,0.485,0.456,0.406,0.229,0.224,0.225,224x224,RGB,VALIDATED
Recyclable/glass_containers/61UB8QC4wL.png,61UB8QC4wL.png,.png,stage4_standardized,ImageNet,0.485,0.456,0.406,0.229,0.224,0.225,224x224,RGB,VALIDATED
Recyclable/glass_containers/61ft4NGHGL.png,61ft4NGHGL.png,.png,stage4_standardized,ImageNet,0.485,0.456,0.406,0.229,0.224,0.225,224x224,RGB,VALIDATED
Recyclable/glass_containers/61yOCnlgOLL._SL1500_-1.png,61yOCnlgOLL._SL1500_-1.png,.png,stage4_standardized,ImageNet,0.485,0.456,0.406,0.229,0.224,0.225,224x224,RGB,VALIDATED
Recyclable/glass_containers/634e4f17051e7764aa233984-25ml-empty-seal-jars-glass-bottle-with.png,634e4f17051e7764aa233984-25ml-empty-seal-jars-glass-bottle-with.png,.png,stage4_standardized,ImageNet,0.485,0.456,0.406,0.229,0.224,0.225,224x224,RGB,VALIDATED
Recyclable/glass_containers/66dafa_2842aed6c4954075bf0d58dcb5ed5cecmv2.png,66dafa_2842aed6c4954075bf0d58dcb5ed5cecmv2.png,.png,stage4_standardized,ImageNet,0.485,0.456,0.406,0.229,0.224,0.225,224x224,RGB,VALIDATED
Recyclable/glass_containers/71EBQt8XvtL._AC_UF10001000_QL80_.png,71EBQt8XvtL._AC_UF10001000_QL80_.png,.png,stage4_standardized,ImageNet,0.485,0.456,0.406,0.229,0.224,0.225,224x224,RGB,VALIDATED
Recyclable/glass_containers/800px-Beer_bottles_2018_G1.png,800px-Beer_bottles_2018_G1.png,.png,stage4_standardized,ImageNet,0.485,0.456,0.406,0.229,0.224,0.225,224x224,RGB,VALIDATED
Recyclable/glass_containers/811bBLcwdXL._SL1500_-1.png,811bBLcwdXL._SL1500_-1.png,.png,stage4_standardized,ImageNet,0.485,0.456,0.406,0.229,0.224,0.225,224x224,RGB,VALIDATED
Recyclable/glass_containers/81B-xzZbOvL.png,81B-xzZbOvL.png,.png,stage4_standardized,ImageNet,0.485,0.456,0.406,0.229,0.224,0.225,224x224,RGB,VALIDATED
Recyclable/glass_containers/81KUXai6eQL._SL1500_.png,81KUXai6eQL._SL1500_.png,.png,stage4_standardized,ImageNet,0.485,0.456,0.406,0.229,0.224,0.225,224x224,RGB,VALIDATED
Recyclable/glass_containers/81ua-8FccoL._SL1500_.png,81ua-8FccoL._SL1500_.png,.png,stage4_standardized,ImageNet,0.485,0.456,0.406,0.229,0.224,0.225,224x224,RGB,VALIDATED
Recyclable/glass_containers/Best-out-of-waste-ideas-to-decorate-your-home.png,Best-out-of-waste-ideas-to-decorate-your-home.png,.png,stage4_standardized,ImageNet,0.485,0.456,0.406,0.229,0.224,0.225,224x224,RGB,VALIDATED
Recyclable/glass_containers/Bottle-9.png,Bottle-9.png,.png,stage4_standardized,ImageNet,0.485,0.456,0.406,0.229,0.224,0.225,224x224,RGB,VALIDATED
Recyclable/glass_containers/China-Kitchen-Storage-Glass-Mason-Jar-in-Bulk-Amber-Spice-Food-Glass-Jar-with-Lid.png,China-Kitchen-Storage-Glass-Mason-Jar-in-Bulk-Amber-Spice-Food-Glass-Jar-with-Lid.png,.png,stage4_standardized,ImageNet,0.485,0.456,0.406,0.229,0.224,0.225,224x224,RGB,VALIDATED
Recyclable/glass_containers/Cocacolacollection.JPG.png,Cocacolacollection.JPG.png,.png,stage4_standardized,ImageNet,0.485,0.456,0.406,0.229,0.224,0.225,224x224,RGB,VALIDATED
Recyclable/glass_containers/Containers.png,Containers.png,.png,stage4_standardized,ImageNet,0.485,0.456,0.406,0.229,0.224,0.225,224x224,RGB,VALIDATED
Recyclable/glass_containers/DIYlabeljarszerowastespicesReusableNation.png,DIYlabeljarszerowastespicesReusableNation.png,.png,stage4_standardized,ImageNet,0.485,0.456,0.406,0.229,0.224,0.225,224x224,RGB,VALIDATED
Recyclable/glass_containers/DSC0662_600x.png,DSC0662_600x.png,.png,stage4_standardized,ImageNet,0.485,0.456,0.406,0.229,0.224,0.225,224x224,RGB,VALIDATED
Recyclable/glass_containers/DSC07050.png,DSC07050.png,.png,stage4_standardized,ImageNet,0.485,0.456,0.406,0.229,0.224,0.225,224x224,RGB,VALIDATED
Recyclable/glass_containers/ESTAL-WILD-GLASS-1024x576.png,ESTAL-WILD-GLASS-1024x576.png,.png,stage4_standardized,ImageNet,0.485,0.456,0.406,0.229,0.224,0.225,224x224,RGB,VALIDATED
Recyclable/glass_containers/FMCNJR900-02-1.png,FMCNJR900-02-1.png,.png,stage4_standardized,ImageNet,0.485,0.456,0.406,0.229,0.224,0.225,224x224,RGB,VALIDATED
Recyclable/glass_containers/Fotografie-2015_10_130287_LR.png,Fotografie-2015_10_130287_LR.png,.png,stage4_standardized,ImageNet,0.485,0.456,0.406,0.229,0.224,0.225,224x224,RGB,VALIDATED
Recyclable/glass_containers/GHJ_2005_2400x.png,GHJ_2005_2400x.png,.png,stage4_standardized,ImageNet,0.485,0.456,0.406,0.229,0.224,0.225,224x224,RGB,VALIDATED
Recyclable/glass_containers/Glass-Bottle-Jars-1.png,Glass-Bottle-Jars-1.png,.png,stage4_standardized,ImageNet,0.485,0.456,0.406,0.229,0.224,0.225,224x224,RGB,VALIDATED
Recyclable/glass_containers/Glass-Jars-on-the-Counter.png,Glass-Jars-on-the-Counter.png,.png,stage4_standardized,ImageNet,0.485,0.456,0.406,0.229,0.224,0.225,224x224,RGB,VALIDATED
Recyclable/glass_containers/Glass-Seed-Jars-Zero-Waste-Chef-1024x436.png,Glass-Seed-Jars-Zero-Waste-Chef-1024x436.png,.png,stage4_standardized,ImageNet,0.485,0.456,0.406,0.229,0.224,0.225,224x224,RGB,VALIDATED
Recyclable/glass_containers/GlassBottleCandles_LuisVillalobos_BuyNothingReston-700x400.png,GlassBottleCandles_LuisVillalobos_BuyNothingReston-700x400.png,.png,stage4_standardized,ImageNet,0.485,0.456,0.406,0.229,0.224,0.225,224x224,RGB,VALIDATED
Recyclable/glass_containers/HOW-TO-RE-USE-GLASS-JARS-AND-BOTTLES.png,HOW-TO-RE-USE-GLASS-JARS-AND-BOTTLES.png,.png,stage4_standardized,ImageNet,0.485,0.456,0.406,0.229,0.224,0.225,224x224,RGB,VALIDATED
Recyclable/glass_containers/Header-Image-1-1200x838.png,Header-Image-1-1200x838.png,.png,stage4_standardized,ImageNet,0.485,0.456,0.406,0.229,0.224,0.225,224x224,RGB,VALIDATED
Recyclable/glass_containers/Industrial-glass-bottle-and-jar-scheme.png,Industrial-glass-bottle-and-jar-scheme.png,.png,stage4_standardized,ImageNet,0.485,0.456,0.406,0.229,0.224,0.225,224x224,RGB,VALIDATED
Recyclable/glass_containers/Kavi-Recycled-Vodka-Jars-Set-of-Four-4_800x.png,Kavi-Recycled-Vodka-Jars-Set-of-Four-4_800x.png,.png,stage4_standardized,ImageNet,0.485,0.456,0.406,0.229,0.224,0.225,224x224,RGB,VALIDATED
Recyclable/glass_containers/Kavi-Recycled-Vodka-Jars-Set-of-Four.png,Kavi-Recycled-Vodka-Jars-Set-of-Four.png,.png,stage4_standardized,ImageNet,0.485,0.456,0.406,0.229,0.224,0.225,224x224,RGB,VALIDATED
Recyclable/glass_containers/Kavi-Recycled-Vodka-Jars-Set-of-Two-2_800x.png,Kavi-Recycled-Vodka-Jars-Set-of-Two-2_800x.png,.png,stage4_standardized,ImageNet,0.485,0.456,0.406,0.229,0.224,0.225,224x224,RGB,VALIDATED
Recyclable/glass_containers/Kavi-Transparent-Wine-Bottle-Jar-Set-of-Two.png,Kavi-Transparent-Wine-Bottle-Jar-Set-of-Two.png,.png,stage4_standardized,ImageNet,0.485,0.456,0.406,0.229,0.224,0.225,224x224,RGB,VALIDATED
Recyclable/glass_containers/MHC-C-072-06.png,MHC-C-072-06.png,.png,stage4_standardized,ImageNet,0.485,0.456,0.406,0.229,0.224,0.225,224x224,RGB,VALIDATED
Recyclable/glass_containers/MP000000008225078_1348Wx2000H_202011202358181.png,MP000000008225078_1348Wx2000H_202011202358181.png,.png,stage4_standardized,ImageNet,0.485,0.456,0.406,0.229,0.224,0.225,224x224,RGB,VALIDATED
Recyclable/glass_containers/Real-Cycled4-1024x678.png,Real-Cycled4-1024x678.png,.png,stage4_standardized,ImageNet,0.485,0.456,0.406,0.229,0.224,0.225,224x224,RGB,VALIDATED
Recyclable/glass_containers/Screenshot2023-01-22at4.00.14PM.png,Screenshot2023-01-22at4.00.14PM.png,.png,stage4_standardized,ImageNet,0.485,0.456,0.406,0.229,0.224,0.225,224x224,RGB,VALIDATED
Recyclable/glass_containers/SiONEER_glass_recycling_blog.png,SiONEER_glass_recycling_blog.png,.png,stage4_standardized,ImageNet,0.485,0.456,0.406,0.229,0.224,0.225,224x224,RGB,VALIDATED
Recyclable/glass_containers/Types-of-Packaging-Glass-Bottles-Feature-Image.png,Types-of-Packaging-Glass-Bottles-Feature-Image.png,.png,stage4_standardized,ImageNet,0.485,0.456,0.406,0.229,0.224,0.225,224x224,RGB,VALIDATED
Recyclable/glass_containers/WG-10026_20_3_800x.png,WG-10026_20_3_800x.png,.png,stage4_standardized,ImageNet,0.485,0.456,0.406,0.229,0.224,0.225,224x224,RGB,VALIDATED
Recyclable/glass_containers/Webp.net-gifmaker.png,Webp.net-gifmaker.png,.png,stage4_standardized,ImageNet,0.485,0.456,0.406,0.229,0.224,0.225,224x224,RGB,VALIDATED
Recyclable/glass_containers/XCRn60a5zd9b8KJQ3L2dA0xFNKxXe1Etv4u4o34D.png,XCRn60a5zd9b8KJQ3L2dA0xFNKxXe1Etv4u4o34D.png,.png,stage4_standardized,ImageNet,0.485,0.456,0.406,0.229,0.224,0.225,224x224,RGB,VALIDATED
Recyclable/glass_containers/YPVkEC63mOKaXzB568IAM1F76mvlZQNocPWa9zjj.png,YPVkEC63mOKaXzB568IAM1F76mvlZQNocPWa9zjj.png,.png,stage4_standardized,ImageNet,0.485,0.456,0.406,0.229,0.224,0.225,224x224,RGB,VALIDATED
Recyclable/glass_containers/abrablast_66e1dfa948.png,abrablast_66e1dfa948.png,.png,stage4_standardized,ImageNet,0.485,0.456,0.406,0.229,0.224,0.225,224x224,RGB,VALIDATED
Recyclable/glass_containers/ae518d0b2da51b3a5332f05eb5f78517.png,ae518d0b2da51b3a5332f05eb5f78517.png,.png,stage4_standardized,ImageNet,0.485,0.456,0.406,0.229,0.224,0.225,224x224,RGB,VALIDATED
Recyclable/glass_containers/b0c06540025-494V_1.png,b0c06540025-494V_1.png,.png,stage4_standardized,ImageNet,0.485,0.456,0.406,0.229,0.224,0.225,224x224,RGB,VALIDATED
Recyclable/glass_containers/bff67913df873d7923e53a51e5139edb.png,bff67913df873d7923e53a51e5139edb.png,.png,stage4_standardized,ImageNet,0.485,0.456,0.406,0.229,0.224,0.225,224x224,RGB,VALIDATED
Recyclable/glass_containers/can-glass-be-recycled-683x1024.png,can-glass-be-recycled-683x1024.png,.png,stage4_standardized,ImageNet,0.485,0.456,0.406,0.229,0.224,0.225,224x224,RGB,VALIDATED
Recyclable/glass_containers/can-you-recycled-glass.png,can-you-recycled-glass.png,.png,stage4_standardized,ImageNet,0.485,0.456,0.406,0.229,0.224,0.225,224x224,RGB,VALIDATED
Recyclable/glass_containers/clean-glass-jars-for-reuse-or-recycling-HJBJ76.png,clean-glass-jars-for-reuse-or-recycling-HJBJ76.png,.png,stage4_standardized,ImageNet,0.485,0.456,0.406,0.229,0.224,0.225,224x224,RGB,VALIDATED
Recyclable/glass_containers/cold-end.png,cold-end.png,.png,stage4_standardized,ImageNet,0.485,0.456,0.406,0.229,0.224,0.225,224x224,RGB,VALIDATED
Recyclable/glass_containers/ecor-lights-garden-planters-edging-organizing-DIY-apieceofrainbow-1-625x1024.png,ecor-lights-garden-planters-edging-organizing-DIY-apieceofrainbow-1-625x1024.png,.png,stage4_standardized,ImageNet,0.485,0.456,0.406,0.229,0.224,0.225,224x224,RGB,VALIDATED
Recyclable/glass_containers/ecor-lights-garden-planters-edging-organizing-DIY-apieceofrainbow-2-546x1024.png,ecor-lights-garden-planters-edging-organizing-DIY-apieceofrainbow-2-546x1024.png,.png,stage4_standardized,ImageNet,0.485,0.456,0.406,0.229,0.224,0.225,224x224,RGB,VALIDATED
Recyclable/glass_containers/empty-glass-jar-vector-5062356.png,empty-glass-jar-vector-5062356.png,.png,stage4_standardized,ImageNet,0.485,0.456,0.406,0.229,0.224,0.225,224x224,RGB,VALIDATED
Recyclable/glass_containers/etics-cartoon-style-clip-art-for-mobile-app-isolated-rgb-illustration-vector.png,etics-cartoon-style-clip-art-for-mobile-app-isolated-rgb-illustration-vector.png,.png,stage4_standardized,ImageNet,0.485,0.456,0.406,0.229,0.224,0.225,224x224,RGB,VALIDATED
Recyclable/glass_containers/euro-pic.png,euro-pic.png,.png,stage4_standardized,ImageNet,0.485,0.456,0.406,0.229,0.224,0.225,224x224,RGB,VALIDATED
Recyclable/glass_containers/fdfgfgfgfg-removebg-preview_2.png,fdfgfgfgfg-removebg-preview_2.png,.png,stage4_standardized,ImageNet,0.485,0.456,0.406,0.229,0.224,0.225,224x224,RGB,VALIDATED
Recyclable/glass_containers/for-zero-waste-shopping-and-storage-on-grey-background-no-plastic-1388959436.png,for-zero-waste-shopping-and-storage-on-grey-background-no-plastic-1388959436.png,.png,stage4_standardized,ImageNet,0.485,0.456,0.406,0.229,0.224,0.225,224x224,RGB,VALIDATED
Recyclable/glass_containers/glass-bottle-or-jar.png,glass-bottle-or-jar.png,.png,stage4_standardized,ImageNet,0.485,0.456,0.406,0.229,0.224,0.225,224x224,RGB,VALIDATED
Recyclable/glass_containers/glass-bottles-and-jars-for-recycling-M3RBBE.png,glass-bottles-and-jars-for-recycling-M3RBBE.png,.png,stage4_standardized,ImageNet,0.485,0.456,0.406,0.229,0.224,0.225,224x224,RGB,VALIDATED
Recyclable/glass_containers/glass-jar-uses.png,glass-jar-uses.png,.png,stage4_standardized,ImageNet,0.485,0.456,0.406,0.229,0.224,0.225,224x224,RGB,VALIDATED
Recyclable/glass_containers/glass-recycling-header.png,glass-recycling-header.png,.png,stage4_standardized,ImageNet,0.485,0.456,0.406,0.229,0.224,0.225,224x224,RGB,VALIDATED
Recyclable/glass_containers/glass-recycling.png,glass-recycling.png,.png,stage4_standardized,ImageNet,0.485,0.456,0.406,0.229,0.224,0.225,224x224,RGB,VALIDATED
Recyclable/glass_containers/glass_bottles_materials_ff.png,glass_bottles_materials_ff.png,.png,stage4_standardized,ImageNet,0.485,0.456,0.406,0.229,0.224,0.225,224x224,RGB,VALIDATED
Recyclable/glass_containers/header-spice-jar-992x556.png,header-spice-jar-992x556.png,.png,stage4_standardized,ImageNet,0.485,0.456,0.406,0.229,0.224,0.225,224x224,RGB,VALIDATED
Recyclable/glass_containers/home-glass-packaging-food-beverages-1024x666.png,home-glass-packaging-food-beverages-1024x666.png,.png,stage4_standardized,ImageNet,0.485,0.456,0.406,0.229,0.224,0.225,224x224,RGB,VALIDATED
Recyclable/glass_containers/home-glass-packaging-material-1024x666.png,home-glass-packaging-material-1024x666.png,.png,stage4_standardized,ImageNet,0.485,0.456,0.406,0.229,0.224,0.225,224x224,RGB,VALIDATED
Recyclable/glass_containers/how-to-reuse-glass-bottles-and-jars-og.png,how-to-reuse-glass-bottles-and-jars-og.png,.png,stage4_standardized,ImageNet,0.485,0.456,0.406,0.229,0.224,0.225,224x224,RGB,VALIDATED
Recyclable/glass_containers/how-to-reuse-glass-bottles-and-jars.png,how-to-reuse-glass-bottles-and-jars.png,.png,stage4_standardized,ImageNet,0.485,0.456,0.406,0.229,0.224,0.225,224x224,RGB,VALIDATED
Recyclable/glass_containers/il_500x500.4386032401_rgev.png,il_500x500.4386032401_rgev.png,.png,stage4_standardized,ImageNet,0.485,0.456,0.406,0.229,0.224,0.225,224x224,RGB,VALIDATED
Recyclable/glass_containers/il_570xN.2449419144_cwa3.png,il_570xN.2449419144_cwa3.png,.png,stage4_standardized,ImageNet,0.485,0.456,0.406,0.229,0.224,0.225,224x224,RGB,VALIDATED
Recyclable/glass_containers/il_570xN.3673597270_eliu.png,il_570xN.3673597270_eliu.png,.png,stage4_standardized,ImageNet,0.485,0.456,0.406,0.229,0.224,0.225,224x224,RGB,VALIDATED
Recyclable/glass_containers/image-removebg-preview_9fe2e65d-5a31-414e-81c5-4401ae93aecb.png,image-removebg-preview_9fe2e65d-5a31-414e-81c5-4401ae93aecb.png,.png,stage4_standardized,ImageNet,0.485,0.456,0.406,0.229,0.224,0.225,224x224,RGB,VALIDATED
Recyclable/glass_containers/india-circus-by-krsnaa-mehta-grey-floral-galore-glass-bottle-24122002sd00156-1.png,india-circus-by-krsnaa-mehta-grey-floral-galore-glass-bottle-24122002sd00156-1.png,.png,stage4_standardized,ImageNet,0.485,0.456,0.406,0.229,0.224,0.225,224x224,RGB,VALIDATED
Recyclable/glass_containers/ing-Glass-Cans-Recycled-Clear-Glass-Jar-for-Honey-Sauce-Jam-Candy-Packaging.png,ing-Glass-Cans-Recycled-Clear-Glass-Jar-for-Honey-Sauce-Jam-Candy-Packaging.png,.png,stage4_standardized,ImageNet,0.485,0.456,0.406,0.229,0.224,0.225,224x224,RGB,VALIDATED
Recyclable/glass_containers/jam-1106592_960_720.png,jam-1106592_960_720.png,.png,stage4_standardized,ImageNet,0.485,0.456,0.406,0.229,0.224,0.225,224x224,RGB,VALIDATED
Recyclable/glass_containers/jar-825x510.png,jar-825x510.png,.png,stage4_standardized,ImageNet,0.485,0.456,0.406,0.229,0.224,0.225,224x224,RGB,VALIDATED
Recyclable/glass_containers/jar.Cosmeticpetbottle_emptycontainers_acrylicshanjar_acrylicjar_50gmjarglass.png,jar.Cosmeticpetbottle_emptycontainers_acrylicshanjar_acrylicjar_50gmjarglass.png,.png,stage4_standardized,ImageNet,0.485,0.456,0.406,0.229,0.224,0.225,224x224,RGB,VALIDATED
Recyclable/glass_containers/jar2.png,jar2.png,.png,stage4_standardized,ImageNet,0.485,0.456,0.406,0.229,0.224,0.225,224x224,RGB,VALIDATED
Recyclable/glass_containers/korken-bottle-shaped-jar-with-lid-clear-glass__1152252_pe885219_s5.png,korken-bottle-shaped-jar-with-lid-clear-glass__1152252_pe885219_s5.png,.png,stage4_standardized,ImageNet,0.485,0.456,0.406,0.229,0.224,0.225,224x224,RGB,VALIDATED
Recyclable/glass_containers/korken-bottle-shaped-jar-with-lid-clear-glass__1152258_pe885224_s5.png,korken-bottle-shaped-jar-with-lid-clear-glass__1152258_pe885224_s5.png,.png,stage4_standardized,ImageNet,0.485,0.456,0.406,0.229,0.224,0.225,224x224,RGB,VALIDATED
Recyclable/glass_containers/korken-jar-with-lid-clear-glass__0171898_pe306756_s5.png,korken-jar-with-lid-clear-glass__0171898_pe306756_s5.png,.png,stage4_standardized,ImageNet,0.485,0.456,0.406,0.229,0.224,0.225,224x224,RGB,VALIDATED
Recyclable/glass_containers/korken-jar-with-lid-clear-glass__0713739_pe729738_s5.png,korken-jar-with-lid-clear-glass__0713739_pe729738_s5.png,.png,stage4_standardized,ImageNet,0.485,0.456,0.406,0.229,0.224,0.225,224x224,RGB,VALIDATED
Recyclable/glass_containers/korken-jar-with-lid-clear-glass__1059754_pe849771_s5.png,korken-jar-with-lid-clear-glass__1059754_pe849771_s5.png,.png,stage4_standardized,ImageNet,0.485,0.456,0.406,0.229,0.224,0.225,224x224,RGB,VALIDATED
Recyclable/glass_containers/korken-jar-with-lid-clear-glass__1060982_ph168838_s5.png,korken-jar-with-lid-clear-glass__1060982_ph168838_s5.png,.png,stage4_standardized,ImageNet,0.485,0.456,0.406,0.229,0.224,0.225,224x224,RGB,VALIDATED
Recyclable/glass_containers/late-illustration-jar-glass-canning-close-container-empty-bottle_80590-11487.png,late-illustration-jar-glass-canning-close-container-empty-bottle_80590-11487.png,.png,stage4_standardized,ImageNet,0.485,0.456,0.406,0.229,0.224,0.225,224x224,RGB,VALIDATED
Recyclable/glass_containers/masonjarbackyard-1627317672.png,masonjarbackyard-1627317672.png,.png,stage4_standardized,ImageNet,0.485,0.456,0.406,0.229,0.224,0.225,224x224,RGB,VALIDATED
Recyclable/glass_containers/maxresdefault.png,maxresdefault.png,.png,stage4_standardized,ImageNet,0.485,0.456,0.406,0.229,0.224,0.225,224x224,RGB,VALIDATED
Recyclable/glass_containers/maxresdefault2.png,maxresdefault2.png,.png,stage4_standardized,ImageNet,0.485,0.456,0.406,0.229,0.224,0.225,224x224,RGB,VALIDATED
Recyclable/glass_containers/maxresdefault3.png,maxresdefault3.png,.png,stage4_standardized,ImageNet,0.485,0.456,0.406,0.229,0.224,0.225,224x224,RGB,VALIDATED
Recyclable/glass_containers/my-borosil-storage-jars-1-2l-x-2-endura-airtight-glass-jar-set-of-2-1-2-l-30021285871754.png,my-borosil-storage-jars-1-2l-x-2-endura-airtight-glass-jar-set-of-2-1-2-l-30021285871754.png,.png,stage4_standardized,ImageNet,0.485,0.456,0.406,0.229,0.224,0.225,224x224,RGB,VALIDATED
Recyclable/glass_containers/my-borosil-storage-jars-12-pc-set-endura-airtight-glass-jar-set-of-12-29569577058442.png,my-borosil-storage-jars-12-pc-set-endura-airtight-glass-jar-set-of-12-29569577058442.png,.png,stage4_standardized,ImageNet,0.485,0.456,0.406,0.229,0.224,0.225,224x224,RGB,VALIDATED
Recyclable/glass_containers/my-borosil-storage-jars-600-ml-classic-jar-with-wooden-lid-31556757061770.png,my-borosil-storage-jars-600-ml-classic-jar-with-wooden-lid-31556757061770.png,.png,stage4_standardized,ImageNet,0.485,0.456,0.406,0.229,0.224,0.225,224x224,RGB,VALIDATED
Recyclable/glass_containers/my-borosil-storage-jars-750-ml-1l-1-3l-endura-airtight-glass-jar-set-of-3-30021303861386.png,my-borosil-storage-jars-750-ml-1l-1-3l-endura-airtight-glass-jar-set-of-3-30021303861386.png,.png,stage4_standardized,ImageNet,0.485,0.456,0.406,0.229,0.224,0.225,224x224,RGB,VALIDATED
Recyclable/glass_containers/pearl_green.png,pearl_green.png,.png,stage4_standardized,ImageNet,0.485,0.456,0.406,0.229,0.224,0.225,224x224,RGB,VALIDATED
Recyclable/glass_containers/pile-of-glass-bottles-to-be-recycled-MD11M2.png,pile-of-glass-bottles-to-be-recycled-MD11M2.png,.png,stage4_standardized,ImageNet,0.485,0.456,0.406,0.229,0.224,0.225,224x224,RGB,VALIDATED
Recyclable/glass_containers/pr_473.png,pr_473.png,.png,stage4_standardized,ImageNet,0.485,0.456,0.406,0.229,0.224,0.225,224x224,RGB,VALIDATED
Recyclable/glass_containers/pros-and-cons-glass-vs-plastic.png,pros-and-cons-glass-vs-plastic.png,.png,stage4_standardized,ImageNet,0.485,0.456,0.406,0.229,0.224,0.225,224x224,RGB,VALIDATED
Recyclable/glass_containers/recycled-crafts-decorating-glass-jars.png,recycled-crafts-decorating-glass-jars.png,.png,stage4_standardized,ImageNet,0.485,0.456,0.406,0.229,0.224,0.225,224x224,RGB,VALIDATED
Recyclable/glass_containers/recycled-glass-jars-c.png,recycled-glass-jars-c.png,.png,stage4_standardized,ImageNet,0.485,0.456,0.406,0.229,0.224,0.225,224x224,RGB,VALIDATED
Recyclable/glass_containers/recycled-glass.png,recycled-glass.png,.png,stage4_standardized,ImageNet,0.485,0.456,0.406,0.229,0.224,0.225,224x224,RGB,VALIDATED
Recyclable/glass_containers/repurposed-glass-jars-on-a-counter-upcycling.png,repurposed-glass-jars-on-a-counter-upcycling.png,.png,stage4_standardized,ImageNet,0.485,0.456,0.406,0.229,0.224,0.225,224x224,RGB,VALIDATED
Recyclable/glass_containers/rsemptyemptycontainerforcosmeticsemptylipbalmcontainercreamjarsemptycosmetic.png,rsemptyemptycontainerforcosmeticsemptylipbalmcontainercreamjarsemptycosmetic.png,.png,stage4_standardized,ImageNet,0.485,0.456,0.406,0.229,0.224,0.225,224x224,RGB,VALIDATED
Recyclable/glass_containers/s-glass-jar-watercolor-vector-clipart-set-hand-drawn-illustration_530505-480.png,s-glass-jar-watercolor-vector-clipart-set-hand-drawn-illustration_530505-480.png,.png,stage4_standardized,ImageNet,0.485,0.456,0.406,0.229,0.224,0.225,224x224,RGB,VALIDATED
Recyclable/glass_containers/smetics-in-recycling-glass-bottle-jar-tube-for-skin-care-cleanser-2258699621.png,smetics-in-recycling-glass-bottle-jar-tube-for-skin-care-cleanser-2258699621.png,.png,stage4_standardized,ImageNet,0.485,0.456,0.406,0.229,0.224,0.225,224x224,RGB,VALIDATED
Recyclable/glass_containers/soogo-clear-glass-cube-jar-1-l-set-of-2-product-images-o493624711-p599004984-1-202303030341.png,soogo-clear-glass-cube-jar-1-l-set-of-2-product-images-o493624711-p599004984-1-202303030341.png,.png,stage4_standardized,ImageNet,0.485,0.456,0.406,0.229,0.224,0.225,224x224,RGB,VALIDATED
Recyclable/glass_containers/soogo-clear-glass-cube-jar-580-ml-set-of-3-product-images-o492867151-p597681808-1-202301181840.png,soogo-clear-glass-cube-jar-580-ml-set-of-3-product-images-o492867151-p597681808-1-202301181840.png,.png,stage4_standardized,ImageNet,0.485,0.456,0.406,0.229,0.224,0.225,224x224,RGB,VALIDATED
Recyclable/glass_containers/the-face-it-collection-cropped-1628584986.png,the-face-it-collection-cropped-1628584986.png,.png,stage4_standardized,ImageNet,0.485,0.456,0.406,0.229,0.224,0.225,224x224,RGB,VALIDATED
Recyclable/glass_containers/tles-wooden-grating-laid-meadow-recycled-glass-containers-close-up-158084825.png,tles-wooden-grating-laid-meadow-recycled-glass-containers-close-up-158084825.png,.png,stage4_standardized,ImageNet,0.485,0.456,0.406,0.229,0.224,0.225,224x224,RGB,VALIDATED
Recyclable/glass_containers/tles-wooden-grating-laid-meadow-recycled-glass-containers-close-up-158084979.png,tles-wooden-grating-laid-meadow-recycled-glass-containers-close-up-158084979.png,.png,stage4_standardized,ImageNet,0.485,0.456,0.406,0.229,0.224,0.225,224x224,RGB,VALIDATED
Recyclable/glass_containers/ttles-and-jars-glass-waste-empty-bottles-isolated-on-white-background-vector.png,ttles-and-jars-glass-waste-empty-bottles-isolated-on-white-background-vector.png,.png,stage4_standardized,ImageNet,0.485,0.456,0.406,0.229,0.224,0.225,224x224,RGB,VALIDATED
Recyclable/glass_containers/types-glass-you-can-recycle.png,types-glass-you-can-recycle.png,.png,stage4_standardized,ImageNet,0.485,0.456,0.406,0.229,0.224,0.225,224x224,RGB,VALIDATED
Recyclable/glass_containers/zero-waste-home.jpg.png,zero-waste-home.jpg.png,.png,stage4_standardized,ImageNet,0.485,0.456,0.406,0.229,0.224,0.225,224x224,RGB,VALIDATED
Recyclable/paper_products/-an-HSM-baling-press-expands-the-capacity-boundaries-at-Alber-GmbH.--520x293.png,-an-HSM-baling-press-expands-the-capacity-boundaries-at-Alber-GmbH.--520x293.png,.png,stage4_standardized,ImageNet,0.485,0.456,0.406,0.229,0.224,0.225,224x224,RGB,VALIDATED
Recyclable/paper_products/-garbage-and-reusable-waste-management-old-paper-products-to-be-reused-waste.png,-garbage-and-reusable-waste-management-old-paper-products-to-be-reused-waste.png,.png,stage4_standardized,ImageNet,0.485,0.456,0.406,0.229,0.224,0.225,224x224,RGB,VALIDATED
Recyclable/paper_products/-paper-garbage-stuff-for-recycle-on-white-background-eco-friendly-2094399346.png,-paper-garbage-stuff-for-recycle-on-white-background-eco-friendly-2094399346.png,.png,stage4_standardized,ImageNet,0.485,0.456,0.406,0.229,0.224,0.225,224x224,RGB,VALIDATED
Recyclable/paper_products/007490085_1-8e6d461c5712bdb1ad0c6f6948f82b11.png,007490085_1-8e6d461c5712bdb1ad0c6f6948f82b11.png,.png,stage4_standardized,ImageNet,0.485,0.456,0.406,0.229,0.224,0.225,224x224,RGB,VALIDATED
Recyclable/paper_products/04mag-cardboard-copy-videoSixteenByNine3000-v2.png,04mag-cardboard-copy-videoSixteenByNine3000-v2.png,.png,stage4_standardized,ImageNet,0.485,0.456,0.406,0.229,0.224,0.225,224x224,RGB,VALIDATED
Recyclable/paper_products/0688695001594027525-kraft-paper-scrap-o.jpeg.png,0688695001594027525-kraft-paper-scrap-o.jpeg.png,.png,stage4_standardized,ImageNet,0.485,0.456,0.406,0.229,0.224,0.225,224x224,RGB,VALIDATED
Recyclable/paper_products/1-rule.png,1-rule.png,.png,stage4_standardized,ImageNet,0.485,0.456,0.406,0.229,0.224,0.225,224x224,RGB,VALIDATED
Recyclable/paper_products/1000_F_253622625_mRkOKr6jfOmiHINdIBQHZWCBNOZhdxsG.png,1000_F_253622625_mRkOKr6jfOmiHINdIBQHZWCBNOZhdxsG.png,.png,stage4_standardized,ImageNet,0.485,0.456,0.406,0.229,0.224,0.225,224x224,RGB,VALIDATED
Recyclable/paper_products/1200px-Various_products_made_from_paper.JPG.png,1200px-Various_products_made_from_paper.JPG.png,.png,stage4_standardized,ImageNet,0.485,0.456,0.406,0.229,0.224,0.225,224x224,RGB,VALIDATED
Recyclable/paper_products/1250ml-kraft-paper-food-box-500x500.png,1250ml-kraft-paper-food-box-500x500.png,.png,stage4_standardized,ImageNet,0.485,0.456,0.406,0.229,0.224,0.225,224x224,RGB,VALIDATED
Recyclable/paper_products/13.20WEB-IMAGES-Paper-216x216.png,13.20WEB-IMAGES-Paper-216x216.png,.png,stage4_standardized,ImageNet,0.485,0.456,0.406,0.229,0.224,0.225,224x224,RGB,VALIDATED
Recyclable/paper_products/1610468941921.png,1610468941921.png,.png,stage4_standardized,ImageNet,0.485,0.456,0.406,0.229,0.224,0.225,224x224,RGB,VALIDATED
Recyclable/paper_products/17d7bd040219620f734f78e70bb24438.png,17d7bd040219620f734f78e70bb24438.png,.png,stage4_standardized,ImageNet,0.485,0.456,0.406,0.229,0.224,0.225,224x224,RGB,VALIDATED
Recyclable/paper_products/18772787060_a6b88b52cb_z.png,18772787060_a6b88b52cb_z.png,.png,stage4_standardized,ImageNet,0.485,0.456,0.406,0.229,0.224,0.225,224x224,RGB,VALIDATED
Recyclable/paper_products/20200117122035-shopping-bags-4243556.png,20200117122035-shopping-bags-4243556.png,.png,stage4_standardized,ImageNet,0.485,0.456,0.406,0.229,0.224,0.225,224x224,RGB,VALIDATED
Recyclable/paper_products/2021WhereRecycledPaperGoes_logotitle.png,2021WhereRecycledPaperGoes_logotitle.png,.png,stage4_standardized,ImageNet,0.485,0.456,0.406,0.229,0.224,0.225,224x224,RGB,VALIDATED
Recyclable/paper_products/20cardboard20boxes20on20white20background.20each20one20is20shot20separately.png,20cardboard20boxes20on20white20background.20each20one20is20shot20separately.png,.png,stage4_standardized,ImageNet,0.485,0.456,0.406,0.229,0.224,0.225,224x224,RGB,VALIDATED
Recyclable/paper_products/251911498.png,251911498.png,.png,stage4_standardized,ImageNet,0.485,0.456,0.406,0.229,0.224,0.225,224x224,RGB,VALIDATED
Recyclable/paper_products/41806500.png,41806500.png,.png,stage4_standardized,ImageNet,0.485,0.456,0.406,0.229,0.224,0.225,224x224,RGB,VALIDATED
Recyclable/paper_products/45349554-cartons-waiting-to-be-picked-up-by-the-garbage-trucks-recycling-of-waste-paper.png,45349554-cartons-waiting-to-be-picked-up-by-the-garbage-trucks-recycling-of-waste-paper.png,.png,stage4_standardized,ImageNet,0.485,0.456,0.406,0.229,0.224,0.225,224x224,RGB,VALIDATED
Recyclable/paper_products/51DLHKxostL._SR6002C315_PIWhiteStrip2CBottomLeft2C02C35_SCLZZZZZZZ_FMpng_BG2552C2552C255.png,51DLHKxostL._SR6002C315_PIWhiteStrip2CBottomLeft2C02C35_SCLZZZZZZZ_FMpng_BG2552C2552C255.png,.png,stage4_standardized,ImageNet,0.485,0.456,0.406,0.229,0.224,0.225,224x224,RGB,VALIDATED
Recyclable/paper_products/51yELALi6L._SL500_.png,51yELALi6L._SL500_.png,.png,stage4_standardized,ImageNet,0.485,0.456,0.406,0.229,0.224,0.225,224x224,RGB,VALIDATED
Recyclable/paper_products/5cc8f28751a9ad23a663a94e_paper-blog.png,5cc8f28751a9ad23a663a94e_paper-blog.png,.png,stage4_standardized,ImageNet,0.485,0.456,0.406,0.229,0.224,0.225,224x224,RGB,VALIDATED
Recyclable/paper_products/800px-Box.agr.png,800px-Box.agr.png,.png,stage4_standardized,ImageNet,0.485,0.456,0.406,0.229,0.224,0.225,224x224,RGB,VALIDATED
Recyclable/paper_products/96223146-cardboard-boxes-for-the-waste-paper-collection.png,96223146-cardboard-boxes-for-the-waste-paper-collection.png,.png,stage4_standardized,ImageNet,0.485,0.456,0.406,0.229,0.224,0.225,224x224,RGB,VALIDATED
Recyclable/paper_products/AccesstoRecyclingSnackable-Icons-60.png,AccesstoRecyclingSnackable-Icons-60.png,.png,stage4_standardized,ImageNet,0.485,0.456,0.406,0.229,0.224,0.225,224x224,RGB,VALIDATED
Recyclable/paper_products/Banner-focused-on-plus-products-eng-2-1024x506-1-1024x506.png,Banner-focused-on-plus-products-eng-2-1024x506-1-1024x506.png,.png,stage4_standardized,ImageNet,0.485,0.456,0.406,0.229,0.224,0.225,224x224,RGB,VALIDATED
Recyclable/paper_products/Blog_4_28_21.png,Blog_4_28_21.png,.png,stage4_standardized,ImageNet,0.485,0.456,0.406,0.229,0.224,0.225,224x224,RGB,VALIDATED
Recyclable/paper_products/Corrugated20Packaging20Teaser20Image20Complete.png,Corrugated20Packaging20Teaser20Image20Complete.png,.png,stage4_standardized,ImageNet,0.485,0.456,0.406,0.229,0.224,0.225,224x224,RGB,VALIDATED
Recyclable/paper_products/Is-paper-biodegradable-hero-1230x615-c-default.png,Is-paper-biodegradable-hero-1230x615-c-default.png,.png,stage4_standardized,ImageNet,0.485,0.456,0.406,0.229,0.224,0.225,224x224,RGB,VALIDATED
Recyclable/paper_products/Overiew-papermaking-process-lumber-industry.png,Overiew-papermaking-process-lumber-industry.png,.png,stage4_standardized,ImageNet,0.485,0.456,0.406,0.229,0.224,0.225,224x224,RGB,VALIDATED
Recyclable/paper_products/Paper-and-cardboard-recycling-blog-banner.png,Paper-and-cardboard-recycling-blog-banner.png,.png,stage4_standardized,ImageNet,0.485,0.456,0.406,0.229,0.224,0.225,224x224,RGB,VALIDATED
Recyclable/paper_products/Paper-scaled.png,Paper-scaled.png,.png,stage4_standardized,ImageNet,0.485,0.456,0.406,0.229,0.224,0.225,224x224,RGB,VALIDATED
Recyclable/paper_products/Paper_bowl.png,Paper_bowl.png,.png,stage4_standardized,ImageNet,0.485,0.456,0.406,0.229,0.224,0.225,224x224,RGB,VALIDATED
Recyclable/paper_products/Recycled_Paper_Towels_2_600x600.png,Recycled_Paper_Towels_2_600x600.png,.png,stage4_standardized,ImageNet,0.485,0.456,0.406,0.229,0.224,0.225,224x224,RGB,VALIDATED
Recyclable/paper_products/SHEYN-Shipping-Box-04-2.png,SHEYN-Shipping-Box-04-2.png,.png,stage4_standardized,ImageNet,0.485,0.456,0.406,0.229,0.224,0.225,224x224,RGB,VALIDATED
Recyclable/paper_products/Tech_English_LG_Grade8-term2_p123.png,Tech_English_LG_Grade8-term2_p123.png,.png,stage4_standardized,ImageNet,0.485,0.456,0.406,0.229,0.224,0.225,224x224,RGB,VALIDATED
Recyclable/paper_products/Tech_English_LG_Grade8-term2_p124.png,Tech_English_LG_Grade8-term2_p124.png,.png,stage4_standardized,ImageNet,0.485,0.456,0.406,0.229,0.224,0.225,224x224,RGB,VALIDATED
Recyclable/paper_products/Top-Cardboard-Box-Manufacturers.png,Top-Cardboard-Box-Manufacturers.png,.png,stage4_standardized,ImageNet,0.485,0.456,0.406,0.229,0.224,0.225,224x224,RGB,VALIDATED
Recyclable/paper_products/Untitled-design-28.png,Untitled-design-28.png,.png,stage4_standardized,ImageNet,0.485,0.456,0.406,0.229,0.224,0.225,224x224,RGB,VALIDATED
Recyclable/paper_products/WPC26RS_Section20Photo201_Eng.png,WPC26RS_Section20Photo201_Eng.png,.png,stage4_standardized,ImageNet,0.485,0.456,0.406,0.229,0.224,0.225,224x224,RGB,VALIDATED
Recyclable/paper_products/WhatPaperProductsRecyclable_greyoverlay.png,WhatPaperProductsRecyclable_greyoverlay.png,.png,stage4_standardized,ImageNet,0.485,0.456,0.406,0.229,0.224,0.225,224x224,RGB,VALIDATED
Recyclable/paper_products/a731cae2796caebdfadd16d9b8454e3b.png,a731cae2796caebdfadd16d9b8454e3b.png,.png,stage4_standardized,ImageNet,0.485,0.456,0.406,0.229,0.224,0.225,224x224,RGB,VALIDATED
Recyclable/paper_products/ade-from-recycled-paper-new-life-for-paper-examples-of-used-paper-1802026453.png,ade-from-recycled-paper-new-life-for-paper-examples-of-used-paper-1802026453.png,.png,stage4_standardized,ImageNet,0.485,0.456,0.406,0.229,0.224,0.225,224x224,RGB,VALIDATED
Recyclable/paper_products/art-attachment-background-boat-40906.png,art-attachment-background-boat-40906.png,.png,stage4_standardized,ImageNet,0.485,0.456,0.406,0.229,0.224,0.225,224x224,RGB,VALIDATED
Recyclable/paper_products/best-crafts-using-newspaper.png,best-crafts-using-newspaper.png,.png,stage4_standardized,ImageNet,0.485,0.456,0.406,0.229,0.224,0.225,224x224,RGB,VALIDATED
Recyclable/paper_products/bigstock-Recyclable-Materials-A-Select-364185454-1-825x510.png,bigstock-Recyclable-Materials-A-Select-364185454-1-825x510.png,.png,stage4_standardized,ImageNet,0.485,0.456,0.406,0.229,0.224,0.225,224x224,RGB,VALIDATED
Recyclable/paper_products/boxed20packed20goods-min.png,boxed20packed20goods-min.png,.png,stage4_standardized,ImageNet,0.485,0.456,0.406,0.229,0.224,0.225,224x224,RGB,VALIDATED
Recyclable/paper_products/bundles-of-cardboard-and-paper-for-recycling-ANDB1P.png,bundles-of-cardboard-and-paper-for-recycling-ANDB1P.png,.png,stage4_standardized,ImageNet,0.485,0.456,0.406,0.229,0.224,0.225,224x224,RGB,VALIDATED
Recyclable/paper_products/cardboard-box-packing-peanuts-GettyImages-177495280-MLedit.png,cardboard-box-packing-peanuts-GettyImages-177495280-MLedit.png,.png,stage4_standardized,ImageNet,0.485,0.456,0.406,0.229,0.224,0.225,224x224,RGB,VALIDATED
Recyclable/paper_products/cardboard-min.png,cardboard-min.png,.png,stage4_standardized,ImageNet,0.485,0.456,0.406,0.229,0.224,0.225,224x224,RGB,VALIDATED
Recyclable/paper_products/cardboard-recycling-1.png,cardboard-recycling-1.png,.png,stage4_standardized,ImageNet,0.485,0.456,0.406,0.229,0.224,0.225,224x224,RGB,VALIDATED
Recyclable/paper_products/cardboard-to-recycle.png,cardboard-to-recycle.png,.png,stage4_standardized,ImageNet,0.485,0.456,0.406,0.229,0.224,0.225,224x224,RGB,VALIDATED
Recyclable/paper_products/cardboard-waste-paper-500x500.png,cardboard-waste-paper-500x500.png,.png,stage4_standardized,ImageNet,0.485,0.456,0.406,0.229,0.224,0.225,224x224,RGB,VALIDATED
Recyclable/paper_products/cardboard-waste-paper-scrap-645.png,cardboard-waste-paper-scrap-645.png,.png,stage4_standardized,ImageNet,0.485,0.456,0.406,0.229,0.224,0.225,224x224,RGB,VALIDATED
Recyclable/paper_products/cardboard_bales.png,cardboard_bales.png,.png,stage4_standardized,ImageNet,0.485,0.456,0.406,0.229,0.224,0.225,224x224,RGB,VALIDATED
Recyclable/paper_products/cheap-shipping-boxes-1.png,cheap-shipping-boxes-1.png,.png,stage4_standardized,ImageNet,0.485,0.456,0.406,0.229,0.224,0.225,224x224,RGB,VALIDATED
Recyclable/paper_products/composting-paper.png,composting-paper.png,.png,stage4_standardized,ImageNet,0.485,0.456,0.406,0.229,0.224,0.225,224x224,RGB,VALIDATED
Recyclable/paper_products/corrugated-vs-cardboard.png,corrugated-vs-cardboard.png,.png,stage4_standardized,ImageNet,0.485,0.456,0.406,0.229,0.224,0.225,224x224,RGB,VALIDATED
Recyclable/paper_products/csm_Honig_Grasskarton_KarlKnauer_bd119781e6.png,csm_Honig_Grasskarton_KarlKnauer_bd119781e6.png,.png,stage4_standardized,ImageNet,0.485,0.456,0.406,0.229,0.224,0.225,224x224,RGB,VALIDATED
Recyclable/paper_products/csm_Sperli_Tuetenverpackung_KarlKnauer_5af44b4933.png,csm_Sperli_Tuetenverpackung_KarlKnauer_5af44b4933.png,.png,stage4_standardized,ImageNet,0.485,0.456,0.406,0.229,0.224,0.225,224x224,RGB,VALIDATED
Recyclable/paper_products/d820hero20newspaper20-20second20try.png,d820hero20newspaper20-20second20try.png,.png,stage4_standardized,ImageNet,0.485,0.456,0.406,0.229,0.224,0.225,224x224,RGB,VALIDATED
Recyclable/paper_products/garbage_recycle_recycling_sign-colored-background-top-view_1669975379.png,garbage_recycle_recycling_sign-colored-background-top-view_1669975379.png,.png,stage4_standardized,ImageNet,0.485,0.456,0.406,0.229,0.224,0.225,224x224,RGB,VALIDATED
Recyclable/paper_products/gift-box-rose-and-pocket-watch-on-brown-old-newspaper-KH0GXK.png,gift-box-rose-and-pocket-watch-on-brown-old-newspaper-KH0GXK.png,.png,stage4_standardized,ImageNet,0.485,0.456,0.406,0.229,0.224,0.225,224x224,RGB,VALIDATED
Recyclable/paper_products/glass-containers-recycling-bin.png,glass-containers-recycling-bin.png,.png,stage4_standardized,ImageNet,0.485,0.456,0.406,0.229,0.224,0.225,224x224,RGB,VALIDATED
Recyclable/paper_products/how-is-paper-recycled-and-reused-in-paper-products-reel-talk-193723_1024x1024.png,how-is-paper-recycled-and-reused-in-paper-products-reel-talk-193723_1024x1024.png,.png,stage4_standardized,ImageNet,0.485,0.456,0.406,0.229,0.224,0.225,224x224,RGB,VALIDATED
Recyclable/paper_products/how-to-dispose-of-used-cardboard-boxes-01.png,how-to-dispose-of-used-cardboard-boxes-01.png,.png,stage4_standardized,ImageNet,0.485,0.456,0.406,0.229,0.224,0.225,224x224,RGB,VALIDATED
Recyclable/paper_products/hq720.png,hq720.png,.png,stage4_standardized,ImageNet,0.485,0.456,0.406,0.229,0.224,0.225,224x224,RGB,VALIDATED
Recyclable/paper_products/image29.png,image29.png,.png,stage4_standardized,ImageNet,0.485,0.456,0.406,0.229,0.224,0.225,224x224,RGB,VALIDATED
Recyclable/paper_products/img_5e755845b44fd.png,img_5e755845b44fd.png,.png,stage4_standardized,ImageNet,0.485,0.456,0.406,0.229,0.224,0.225,224x224,RGB,VALIDATED
Recyclable/paper_products/maxresdefault.png,maxresdefault.png,.png,stage4_standardized,ImageNet,0.485,0.456,0.406,0.229,0.224,0.225,224x224,RGB,VALIDATED
Recyclable/paper_products/maxresdefault2.png,maxresdefault2.png,.png,stage4_standardized,ImageNet,0.485,0.456,0.406,0.229,0.224,0.225,224x224,RGB,VALIDATED
Recyclable/paper_products/maxresdefault4.png,maxresdefault4.png,.png,stage4_standardized,ImageNet,0.485,0.456,0.406,0.229,0.224,0.225,224x224,RGB,VALIDATED
Recyclable/paper_products/media2F14d2F14d799bf-bb7d-4c4f-ab41-23cb516d7c292Fimage.png,media2F14d2F14d799bf-bb7d-4c4f-ab41-23cb516d7c292Fimage.png,.png,stage4_standardized,ImageNet,0.485,0.456,0.406,0.229,0.224,0.225,224x224,RGB,VALIDATED
Recyclable/paper_products/media2F31f2F31f4b7e5-1e39-42c4-a183-9d791928ee472FphpAWnYQQ.png,media2F31f2F31f4b7e5-1e39-42c4-a183-9d791928ee472FphpAWnYQQ.png,.png,stage4_standardized,ImageNet,0.485,0.456,0.406,0.229,0.224,0.225,224x224,RGB,VALIDATED
Recyclable/paper_products/mixed-paper-waste-cardboard-confidential-documents.png,mixed-paper-waste-cardboard-confidential-documents.png,.png,stage4_standardized,ImageNet,0.485,0.456,0.406,0.229,0.224,0.225,224x224,RGB,VALIDATED
Recyclable/paper_products/mobile-artwork_1.png,mobile-artwork_1.png,.png,stage4_standardized,ImageNet,0.485,0.456,0.406,0.229,0.224,0.225,224x224,RGB,VALIDATED
Recyclable/paper_products/newspaper-bundles-for-paper-recycling.png,newspaper-bundles-for-paper-recycling.png,.png,stage4_standardized,ImageNet,0.485,0.456,0.406,0.229,0.224,0.225,224x224,RGB,VALIDATED
Recyclable/paper_products/nts-stacks-packs-pile-on-the-desk-in-the-office-waste-paper-paper-2087508244.png,nts-stacks-packs-pile-on-the-desk-in-the-office-waste-paper-paper-2087508244.png,.png,stage4_standardized,ImageNet,0.485,0.456,0.406,0.229,0.224,0.225,224x224,RGB,VALIDATED
Recyclable/paper_products/og-large-recycling-symbol.png,og-large-recycling-symbol.png,.png,stage4_standardized,ImageNet,0.485,0.456,0.406,0.229,0.224,0.225,224x224,RGB,VALIDATED
Recyclable/paper_products/old-newspapers-in-cardboard-box-BMD6CC.png,old-newspapers-in-cardboard-box-BMD6CC.png,.png,stage4_standardized,ImageNet,0.485,0.456,0.406,0.229,0.224,0.225,224x224,RGB,VALIDATED
Recyclable/paper_products/open-box-newspaper-and-cup-inside-BFGY45.png,open-box-newspaper-and-cup-inside-BFGY45.png,.png,stage4_standardized,ImageNet,0.485,0.456,0.406,0.229,0.224,0.225,224x224,RGB,VALIDATED
Recyclable/paper_products/or-recycling-urban-scene-environmental-conservation-concept-hong-kong-MPHXY8.png,or-recycling-urban-scene-environmental-conservation-concept-hong-kong-MPHXY8.png,.png,stage4_standardized,ImageNet,0.485,0.456,0.406,0.229,0.224,0.225,224x224,RGB,VALIDATED
Recyclable/paper_products/paper-mailers1.png,paper-mailers1.png,.png,stage4_standardized,ImageNet,0.485,0.456,0.406,0.229,0.224,0.225,224x224,RGB,VALIDATED
Recyclable/paper_products/paper-recycling-at-plant-600x500.png,paper-recycling-at-plant-600x500.png,.png,stage4_standardized,ImageNet,0.485,0.456,0.406,0.229,0.224,0.225,224x224,RGB,VALIDATED
Recyclable/paper_products/paper-recycling-business.png,paper-recycling-business.png,.png,stage4_standardized,ImageNet,0.485,0.456,0.406,0.229,0.224,0.225,224x224,RGB,VALIDATED
Recyclable/paper_products/paper-recycling-example-20200122.png,paper-recycling-example-20200122.png,.png,stage4_standardized,ImageNet,0.485,0.456,0.406,0.229,0.224,0.225,224x224,RGB,VALIDATED
Recyclable/paper_products/paper-recycling-paper-recycling-waste-cardboard-png-favpng-99SFN2yLMarC3zFexdVbAmz2h.png,paper-recycling-paper-recycling-waste-cardboard-png-favpng-99SFN2yLMarC3zFexdVbAmz2h.png,.png,stage4_standardized,ImageNet,0.485,0.456,0.406,0.229,0.224,0.225,224x224,RGB,VALIDATED
Recyclable/paper_products/paper_and_paperboard_ff_materials_0.png,paper_and_paperboard_ff_materials_0.png,.png,stage4_standardized,ImageNet,0.485,0.456,0.406,0.229,0.224,0.225,224x224,RGB,VALIDATED
Recyclable/paper_products/paper_handout_en_0.png,paper_handout_en_0.png,.png,stage4_standardized,ImageNet,0.485,0.456,0.406,0.229,0.224,0.225,224x224,RGB,VALIDATED
Recyclable/paper_products/personal_waste_diversion-_EXAMPLE__75883.1625001758.png,personal_waste_diversion-_EXAMPLE__75883.1625001758.png,.png,stage4_standardized,ImageNet,0.485,0.456,0.406,0.229,0.224,0.225,224x224,RGB,VALIDATED
Recyclable/paper_products/perspectives20on20paper20and20forest20products20in202022_1124440215_thumb_1536x1536.png,perspectives20on20paper20and20forest20products20in202022_1124440215_thumb_1536x1536.png,.png,stage4_standardized,ImageNet,0.485,0.456,0.406,0.229,0.224,0.225,224x224,RGB,VALIDATED
Recyclable/paper_products/pier-altpapier-recycling-kp-1200_2e246d1781_96dc71c25a342a411d0d25f0af585045.png,pier-altpapier-recycling-kp-1200_2e246d1781_96dc71c25a342a411d0d25f0af585045.png,.png,stage4_standardized,ImageNet,0.485,0.456,0.406,0.229,0.224,0.225,224x224,RGB,VALIDATED
Recyclable/paper_products/plus-envelopes-carton-kraft-material403x-1024x682.png,plus-envelopes-carton-kraft-material403x-1024x682.png,.png,stage4_standardized,ImageNet,0.485,0.456,0.406,0.229,0.224,0.225,224x224,RGB,VALIDATED
Recyclable/paper_products/recyclablesbecome.png,recyclablesbecome.png,.png,stage4_standardized,ImageNet,0.485,0.456,0.406,0.229,0.224,0.225,224x224,RGB,VALIDATED
Recyclable/paper_products/recycling-paper-card-dumpster.png,recycling-paper-card-dumpster.png,.png,stage4_standardized,ImageNet,0.485,0.456,0.406,0.229,0.224,0.225,224x224,RGB,VALIDATED
Recyclable/paper_products/segregated-paper-wastes-ready-to-recycling-DWRB4B.png,segregated-paper-wastes-ready-to-recycling-DWRB4B.png,.png,stage4_standardized,ImageNet,0.485,0.456,0.406,0.229,0.224,0.225,224x224,RGB,VALIDATED
Recyclable/paper_products/shipping-damages.png,shipping-damages.png,.png,stage4_standardized,ImageNet,0.485,0.456,0.406,0.229,0.224,0.225,224x224,RGB,VALIDATED
Recyclable/paper_products/shutterstock_1135406513_600x600.png,shutterstock_1135406513_600x600.png,.png,stage4_standardized,ImageNet,0.485,0.456,0.406,0.229,0.224,0.225,224x224,RGB,VALIDATED
Recyclable/paper_products/shutterstock_689934028-min.png,shutterstock_689934028-min.png,.png,stage4_standardized,ImageNet,0.485,0.456,0.406,0.229,0.224,0.225,224x224,RGB,VALIDATED
Recyclable/paper_products/slide_14.png,slide_14.png,.png,stage4_standardized,ImageNet,0.485,0.456,0.406,0.229,0.224,0.225,224x224,RGB,VALIDATED
Recyclable/paper_products/small-business-packaging-ideas.png,small-business-packaging-ideas.png,.png,stage4_standardized,ImageNet,0.485,0.456,0.406,0.229,0.224,0.225,224x224,RGB,VALIDATED
Recyclable/paper_products/sourcepaperfinal.png,sourcepaperfinal.png,.png,stage4_standardized,ImageNet,0.485,0.456,0.406,0.229,0.224,0.225,224x224,RGB,VALIDATED
Recyclable/paper_products/spotify402x.png,spotify402x.png,.png,stage4_standardized,ImageNet,0.485,0.456,0.406,0.229,0.224,0.225,224x224,RGB,VALIDATED
Recyclable/paper_products/stack-of-newspapers-for-recycling.png,stack-of-newspapers-for-recycling.png,.png,stage4_standardized,ImageNet,0.485,0.456,0.406,0.229,0.224,0.225,224x224,RGB,VALIDATED
Recyclable/paper_products/stack-of-newspapers-outdoors.png,stack-of-newspapers-outdoors.png,.png,stage4_standardized,ImageNet,0.485,0.456,0.406,0.229,0.224,0.225,224x224,RGB,VALIDATED
Recyclable/paper_products/stack-of-paper-and-cardboard-for-recycling-2CRNY2N.png,stack-of-paper-and-cardboard-for-recycling-2CRNY2N.png,.png,stage4_standardized,ImageNet,0.485,0.456,0.406,0.229,0.224,0.225,224x224,RGB,VALIDATED
Recyclable/paper_products/stock-vector-paper-waste-items-paper-packaging-flat-design-illustrations-2291614661.png,stock-vector-paper-waste-items-paper-packaging-flat-design-illustrations-2291614661.png,.png,stage4_standardized,ImageNet,0.485,0.456,0.406,0.229,0.224,0.225,224x224,RGB,VALIDATED
Recyclable/paper_products/ted-on-white-background-newspapers-boxes-notebooks-hand-fan-paper-2317157379.png,ted-on-white-background-newspapers-boxes-notebooks-hand-fan-paper-2317157379.png,.png,stage4_standardized,ImageNet,0.485,0.456,0.406,0.229,0.224,0.225,224x224,RGB,VALIDATED
Recyclable/paper_products/the-drive-toward-sustainability-5050-1536x1536.png,the-drive-toward-sustainability-5050-1536x1536.png,.png,stage4_standardized,ImageNet,0.485,0.456,0.406,0.229,0.224,0.225,224x224,RGB,VALIDATED
Recyclable/paper_products/vere-raw-material-shortage-user-industries-voice-concern-over-surging-prices.png,vere-raw-material-shortage-user-industries-voice-concern-over-surging-prices.png,.png,stage4_standardized,ImageNet,0.485,0.456,0.406,0.229,0.224,0.225,224x224,RGB,VALIDATED
Recyclable/paper_products/w-newspaper-box-used-for-the-distribution-of-free-circulation-papers-7744258.png,w-newspaper-box-used-for-the-distribution-of-free-circulation-papers-7744258.png,.png,stage4_standardized,ImageNet,0.485,0.456,0.406,0.229,0.224,0.225,224x224,RGB,VALIDATED
Recyclable/paper_products/waste-paper-products-carboard-box-13515875.png,waste-paper-products-carboard-box-13515875.png,.png,stage4_standardized,ImageNet,0.485,0.456,0.406,0.229,0.224,0.225,224x224,RGB,VALIDATED
Recyclable/paper_products/waste-paper-products-in-cardboard-box-BJ8JDP.png,waste-paper-products-in-cardboard-box-BJ8JDP.png,.png,stage4_standardized,ImageNet,0.485,0.456,0.406,0.229,0.224,0.225,224x224,RGB,VALIDATED
Recyclable/paper_products/waste-paper-products-in-cardboard-box-BKEM99.png,waste-paper-products-in-cardboard-box-BKEM99.png,.png,stage4_standardized,ImageNet,0.485,0.456,0.406,0.229,0.224,0.225,224x224,RGB,VALIDATED
Recyclable/paper_products/waste-paper-recycling-concept-with-cardboard-newspapers-bag-realistic_1284-33137.png,waste-paper-recycling-concept-with-cardboard-newspapers-bag-realistic_1284-33137.png,.png,stage4_standardized,ImageNet,0.485,0.456,0.406,0.229,0.224,0.225,224x224,RGB,VALIDATED
Recyclable/paper_products/waste-paper-skip-half-full-for-recycling-france-S3FCJW.png,waste-paper-skip-half-full-for-recycling-france-S3FCJW.png,.png,stage4_standardized,ImageNet,0.485,0.456,0.406,0.229,0.224,0.225,224x224,RGB,VALIDATED
Recyclable/paper_products/woman-sitting-on-the-floor-throwing-packing-material-in-the-air-ER92W8.png,woman-sitting-on-the-floor-throwing-packing-material-in-the-air-ER92W8.png,.png,stage4_standardized,ImageNet,0.485,0.456,0.406,0.229,0.224,0.225,224x224,RGB,VALIDATED
Recyclable/plastic_bottles/-1x-1.png,-1x-1.png,.png,stage4_standardized,ImageNet,0.485,0.456,0.406,0.229,0.224,0.225,224x224,RGB,VALIDATED
Recyclable/plastic_bottles/-drawing-plastic-waste-fresh-soda-drink-liquid-vector-illustration-244100830.png,-drawing-plastic-waste-fresh-soda-drink-liquid-vector-illustration-244100830.png,.png,stage4_standardized,ImageNet,0.485,0.456,0.406,0.229,0.224,0.225,224x224,RGB,VALIDATED
Recyclable/plastic_bottles/01-waterbottlesun_20190719_0023_2x3.png,01-waterbottlesun_20190719_0023_2x3.png,.png,stage4_standardized,ImageNet,0.485,0.456,0.406,0.229,0.224,0.225,224x224,RGB,VALIDATED
Recyclable/plastic_bottles/01_bottle_mm9070_190418_2400-2_16x9.png,01_bottle_mm9070_190418_2400-2_16x9.png,.png,stage4_standardized,ImageNet,0.485,0.456,0.406,0.229,0.224,0.225,224x224,RGB,VALIDATED
Recyclable/plastic_bottles/01_bottle_mm9070_190418_2400-2_2x3.png,01_bottle_mm9070_190418_2400-2_2x3.png,.png,stage4_standardized,ImageNet,0.485,0.456,0.406,0.229,0.224,0.225,224x224,RGB,VALIDATED
Recyclable/plastic_bottles/02_bottle_mm9070_190418_2431-1-gif.png,02_bottle_mm9070_190418_2431-1-gif.png,.png,stage4_standardized,ImageNet,0.485,0.456,0.406,0.229,0.224,0.225,224x224,RGB,VALIDATED
Recyclable/plastic_bottles/072822sprite.png,072822sprite.png,.png,stage4_standardized,ImageNet,0.485,0.456,0.406,0.229,0.224,0.225,224x224,RGB,VALIDATED
Recyclable/plastic_bottles/1.5.png,1.5.png,.png,stage4_standardized,ImageNet,0.485,0.456,0.406,0.229,0.224,0.225,224x224,RGB,VALIDATED
Recyclable/plastic_bottles/102178025-Premium_Platic_Bottles.png,102178025-Premium_Platic_Bottles.png,.png,stage4_standardized,ImageNet,0.485,0.456,0.406,0.229,0.224,0.225,224x224,RGB,VALIDATED
Recyclable/plastic_bottles/15537477-three-soda-water-bottles-isolated-on-white-background.png,15537477-three-soda-water-bottles-isolated-on-white-background.png,.png,stage4_standardized,ImageNet,0.485,0.456,0.406,0.229,0.224,0.225,224x224,RGB,VALIDATED
Recyclable/plastic_bottles/1574672891_p_5170256_1028237.png,1574672891_p_5170256_1028237.png,.png,stage4_standardized,ImageNet,0.485,0.456,0.406,0.229,0.224,0.225,224x224,RGB,VALIDATED
Recyclable/plastic_bottles/1600x960_205472-untitled-design-2021-10-26t214840301.png,1600x960_205472-untitled-design-2021-10-26t214840301.png,.png,stage4_standardized,ImageNet,0.485,0.456,0.406,0.229,0.224,0.225,224x224,RGB,VALIDATED
Recyclable/plastic_bottles/210205135323-20210205-coca-cola-13-2-ounce.png,210205135323-20210205-coca-cola-13-2-ounce.png,.png,stage4_standardized,ImageNet,0.485,0.456,0.406,0.229,0.224,0.225,224x224,RGB,VALIDATED
Recyclable/plastic_bottles/220728-coke-bottles-mjf-0712-f4d231.png,220728-coke-bottles-mjf-0712-f4d231.png,.png,stage4_standardized,ImageNet,0.485,0.456,0.406,0.229,0.224,0.225,224x224,RGB,VALIDATED
Recyclable/plastic_bottles/230316091950-01-plastic-water-bottle-industry-climate.png,230316091950-01-plastic-water-bottle-industry-climate.png,.png,stage4_standardized,ImageNet,0.485,0.456,0.406,0.229,0.224,0.225,224x224,RGB,VALIDATED
Recyclable/plastic_bottles/250ml-soda-pet-bottle.png,250ml-soda-pet-bottle.png,.png,stage4_standardized,ImageNet,0.485,0.456,0.406,0.229,0.224,0.225,224x224,RGB,VALIDATED
Recyclable/plastic_bottles/360_F_231374564_5AGJByMj7j82L1BBMkxtTIntwrykx7Ys.png,360_F_231374564_5AGJByMj7j82L1BBMkxtTIntwrykx7Ys.png,.png,stage4_standardized,ImageNet,0.485,0.456,0.406,0.229,0.224,0.225,224x224,RGB,VALIDATED
Recyclable/plastic_bottles/360_F_271992081_U3HO92OxojSCTyZhRnX9op5AyCCz0zYL.png,360_F_271992081_U3HO92OxojSCTyZhRnX9op5AyCCz0zYL.png,.png,stage4_standardized,ImageNet,0.485,0.456,0.406,0.229,0.224,0.225,224x224,RGB,VALIDATED
Recyclable/plastic_bottles/4212d915183728270996d833a9ec3a2d--soda-bottle-crafts-soda-bottles.png,4212d915183728270996d833a9ec3a2d--soda-bottle-crafts-soda-bottles.png,.png,stage4_standardized,ImageNet,0.485,0.456,0.406,0.229,0.224,0.225,224x224,RGB,VALIDATED
Recyclable/plastic_bottles/51BtdZcVlML._AC_UF10001000_QL80_.png,51BtdZcVlML._AC_UF10001000_QL80_.png,.png,stage4_standardized,ImageNet,0.485,0.456,0.406,0.229,0.224,0.225,224x224,RGB,VALIDATED
Recyclable/plastic_bottles/5Different-types-of-PET-Source_-Hasiru-Dala-Innovations-1024x682.png,5Different-types-of-PET-Source_-Hasiru-Dala-Innovations-1024x682.png,.png,stage4_standardized,ImageNet,0.485,0.456,0.406,0.229,0.224,0.225,224x224,RGB,VALIDATED
Recyclable/plastic_bottles/60_ways_to_reuse_plastic_bottles.png,60_ways_to_reuse_plastic_bottles.png,.png,stage4_standardized,ImageNet,0.485,0.456,0.406,0.229,0.224,0.225,224x224,RGB,VALIDATED
Recyclable/plastic_bottles/61355355.png,61355355.png,.png,stage4_standardized,ImageNet,0.485,0.456,0.406,0.229,0.224,0.225,224x224,RGB,VALIDATED
Recyclable/plastic_bottles/61vXqdLDGL.png,61vXqdLDGL.png,.png,stage4_standardized,ImageNet,0.485,0.456,0.406,0.229,0.224,0.225,224x224,RGB,VALIDATED
Recyclable/plastic_bottles/7-ways-to-upcycle-plastic-bottles-in-the-garden-pest-traps.png,7-ways-to-upcycle-plastic-bottles-in-the-garden-pest-traps.png,.png,stage4_standardized,ImageNet,0.485,0.456,0.406,0.229,0.224,0.225,224x224,RGB,VALIDATED
Recyclable/plastic_bottles/71MgpJ3gFZL.png,71MgpJ3gFZL.png,.png,stage4_standardized,ImageNet,0.485,0.456,0.406,0.229,0.224,0.225,224x224,RGB,VALIDATED
Recyclable/plastic_bottles/750-soda-extra-punch-plastic-bottle-kinley-original-imafcvvq3gqyzxrf.png,750-soda-extra-punch-plastic-bottle-kinley-original-imafcvvq3gqyzxrf.png,.png,stage4_standardized,ImageNet,0.485,0.456,0.406,0.229,0.224,0.225,224x224,RGB,VALIDATED
Recyclable/plastic_bottles/Aluminium_Plastics_Wood-Mackenzie-1200x675.png,Aluminium_Plastics_Wood-Mackenzie-1200x675.png,.png,stage4_standardized,ImageNet,0.485,0.456,0.406,0.229,0.224,0.225,224x224,RGB,VALIDATED
Recyclable/plastic_bottles/Antifreeze.png,Antifreeze.png,.png,stage4_standardized,ImageNet,0.485,0.456,0.406,0.229,0.224,0.225,224x224,RGB,VALIDATED
Recyclable/plastic_bottles/Black_and_white_Coke_Zero.png,Black_and_white_Coke_Zero.png,.png,stage4_standardized,ImageNet,0.485,0.456,0.406,0.229,0.224,0.225,224x224,RGB,VALIDATED
Recyclable/plastic_bottles/Bottled-water-packaging-uses-59-less-PET-plastic-than-other-beverages.png,Bottled-water-packaging-uses-59-less-PET-plastic-than-other-beverages.png,.png,stage4_standardized,ImageNet,0.485,0.456,0.406,0.229,0.224,0.225,224x224,RGB,VALIDATED
Recyclable/plastic_bottles/CSD_ogolnie.png,CSD_ogolnie.png,.png,stage4_standardized,ImageNet,0.485,0.456,0.406,0.229,0.224,0.225,224x224,RGB,VALIDATED
Recyclable/plastic_bottles/Dasani_web_3.6303e0c91079d.png,Dasani_web_3.6303e0c91079d.png,.png,stage4_standardized,ImageNet,0.485,0.456,0.406,0.229,0.224,0.225,224x224,RGB,VALIDATED
Recyclable/plastic_bottles/F7GECBQH3Z3V3FE.png,F7GECBQH3Z3V3FE.png,.png,stage4_standardized,ImageNet,0.485,0.456,0.406,0.229,0.224,0.225,224x224,RGB,VALIDATED
Recyclable/plastic_bottles/Featured-Image-Coca-Cola-Update-e1680790895392.png,Featured-Image-Coca-Cola-Update-e1680790895392.png,.png,stage4_standardized,ImageNet,0.485,0.456,0.406,0.229,0.224,0.225,224x224,RGB,VALIDATED
Recyclable/plastic_bottles/GettyImages-1250476314.png,GettyImages-1250476314.png,.png,stage4_standardized,ImageNet,0.485,0.456,0.406,0.229,0.224,0.225,224x224,RGB,VALIDATED
Recyclable/plastic_bottles/H9436b5a8afeb4b8685783aec367a9022q.png,H9436b5a8afeb4b8685783aec367a9022q.png,.png,stage4_standardized,ImageNet,0.485,0.456,0.406,0.229,0.224,0.225,224x224,RGB,VALIDATED
Recyclable/plastic_bottles/How-Much-Money-Is-There-In-Plastic-Bottles.png,How-Much-Money-Is-There-In-Plastic-Bottles.png,.png,stage4_standardized,ImageNet,0.485,0.456,0.406,0.229,0.224,0.225,224x224,RGB,VALIDATED
Recyclable/plastic_bottles/How-To-Make-A-Soda-Bottle-cloche-Garden-Gate-Magazine.png,How-To-Make-A-Soda-Bottle-cloche-Garden-Gate-Magazine.png,.png,stage4_standardized,ImageNet,0.485,0.456,0.406,0.229,0.224,0.225,224x224,RGB,VALIDATED
Recyclable/plastic_bottles/IMG_2192.png,IMG_2192.png,.png,stage4_standardized,ImageNet,0.485,0.456,0.406,0.229,0.224,0.225,224x224,RGB,VALIDATED
Recyclable/plastic_bottles/Numbers_Behind_Water_Bottles2_099693d4-be78-45e8-bc4c-007319ffe0ac_1024x1024.png,Numbers_Behind_Water_Bottles2_099693d4-be78-45e8-bc4c-007319ffe0ac_1024x1024.png,.png,stage4_standardized,ImageNet,0.485,0.456,0.406,0.229,0.224,0.225,224x224,RGB,VALIDATED
Recyclable/plastic_bottles/PETE-Plastic-Bottle-Food-Storage-Post-Thumbnail-Copyright-Your-Family-Ark-LLC-950x666.png,PETE-Plastic-Bottle-Food-Storage-Post-Thumbnail-Copyright-Your-Family-Ark-LLC-950x666.png,.png,stage4_standardized,ImageNet,0.485,0.456,0.406,0.229,0.224,0.225,224x224,RGB,VALIDATED
Recyclable/plastic_bottles/Pic1Waste-sorters-aggregators.png,Pic1Waste-sorters-aggregators.png,.png,stage4_standardized,ImageNet,0.485,0.456,0.406,0.229,0.224,0.225,224x224,RGB,VALIDATED
Recyclable/plastic_bottles/Polyethylene-Terephthalate-Water-Bottles.png,Polyethylene-Terephthalate-Water-Bottles.png,.png,stage4_standardized,ImageNet,0.485,0.456,0.406,0.229,0.224,0.225,224x224,RGB,VALIDATED
Recyclable/plastic_bottles/Reusable-Bottles-scaled.png,Reusable-Bottles-scaled.png,.png,stage4_standardized,ImageNet,0.485,0.456,0.406,0.229,0.224,0.225,224x224,RGB,VALIDATED
Recyclable/plastic_bottles/SKINBOTTLE_P2_570x428.png,SKINBOTTLE_P2_570x428.png,.png,stage4_standardized,ImageNet,0.485,0.456,0.406,0.229,0.224,0.225,224x224,RGB,VALIDATED
Recyclable/plastic_bottles/Screenshot-2021-11-01-at-22.49.21.png,Screenshot-2021-11-01-at-22.49.21.png,.png,stage4_standardized,ImageNet,0.485,0.456,0.406,0.229,0.224,0.225,224x224,RGB,VALIDATED
Recyclable/plastic_bottles/SodaBottle1.png,SodaBottle1.png,.png,stage4_standardized,ImageNet,0.485,0.456,0.406,0.229,0.224,0.225,224x224,RGB,VALIDATED
Recyclable/plastic_bottles/SodaBottle2.png,SodaBottle2.png,.png,stage4_standardized,ImageNet,0.485,0.456,0.406,0.229,0.224,0.225,224x224,RGB,VALIDATED
Recyclable/plastic_bottles/The-journey-to-100-recycled-plastic-bottles-rPET-in-the-UK.png,The-journey-to-100-recycled-plastic-bottles-rPET-in-the-UK.png,.png,stage4_standardized,ImageNet,0.485,0.456,0.406,0.229,0.224,0.225,224x224,RGB,VALIDATED
Recyclable/plastic_bottles/WEBDasani-Sprite-Fesca-Seagrams--Mello-Yellow.png,WEBDasani-Sprite-Fesca-Seagrams--Mello-Yellow.png,.png,stage4_standardized,ImageNet,0.485,0.456,0.406,0.229,0.224,0.225,224x224,RGB,VALIDATED
Recyclable/plastic_bottles/_106025465_gettyimages-997802542.png,_106025465_gettyimages-997802542.png,.png,stage4_standardized,ImageNet,0.485,0.456,0.406,0.229,0.224,0.225,224x224,RGB,VALIDATED
Recyclable/plastic_bottles/_116927274_adez_paper_bottle.png,_116927274_adez_paper_bottle.png,.png,stage4_standardized,ImageNet,0.485,0.456,0.406,0.229,0.224,0.225,224x224,RGB,VALIDATED
Recyclable/plastic_bottles/a-discarded-old-bottle-of-coca-cola-in-water-closeup-2F3417K.png,a-discarded-old-bottle-of-coca-cola-in-water-closeup-2F3417K.png,.png,stage4_standardized,ImageNet,0.485,0.456,0.406,0.229,0.224,0.225,224x224,RGB,VALIDATED
Recyclable/plastic_bottles/aaede33392224d85fc52e77638a88bda.png,aaede33392224d85fc52e77638a88bda.png,.png,stage4_standardized,ImageNet,0.485,0.456,0.406,0.229,0.224,0.225,224x224,RGB,VALIDATED
Recyclable/plastic_bottles/botella-plastico.png,botella-plastico.png,.png,stage4_standardized,ImageNet,0.485,0.456,0.406,0.229,0.224,0.225,224x224,RGB,VALIDATED
Recyclable/plastic_bottles/bottle-1300161_640.png,bottle-1300161_640.png,.png,stage4_standardized,ImageNet,0.485,0.456,0.406,0.229,0.224,0.225,224x224,RGB,VALIDATED
Recyclable/plastic_bottles/bottle-crafts-720x405.png,bottle-crafts-720x405.png,.png,stage4_standardized,ImageNet,0.485,0.456,0.406,0.229,0.224,0.225,224x224,RGB,VALIDATED
Recyclable/plastic_bottles/bottleHistory.png,bottleHistory.png,.png,stage4_standardized,ImageNet,0.485,0.456,0.406,0.229,0.224,0.225,224x224,RGB,VALIDATED
Recyclable/plastic_bottles/bottles-to-fabric.png,bottles-to-fabric.png,.png,stage4_standardized,ImageNet,0.485,0.456,0.406,0.229,0.224,0.225,224x224,RGB,VALIDATED
Recyclable/plastic_bottles/bottles-with-soft-drink_1339-1839.png,bottles-with-soft-drink_1339-1839.png,.png,stage4_standardized,ImageNet,0.485,0.456,0.406,0.229,0.224,0.225,224x224,RGB,VALIDATED
Recyclable/plastic_bottles/bottles3-kEpF--621x414LiveMint.JPG.png,bottles3-kEpF--621x414LiveMint.JPG.png,.png,stage4_standardized,ImageNet,0.485,0.456,0.406,0.229,0.224,0.225,224x224,RGB,VALIDATED
Recyclable/plastic_bottles/cfa2b386ae46a3e284981022398039a2--cola-packaging.png,cfa2b386ae46a3e284981022398039a2--cola-packaging.png,.png,stage4_standardized,ImageNet,0.485,0.456,0.406,0.229,0.224,0.225,224x224,RGB,VALIDATED
Recyclable/plastic_bottles/coca-cola-bottles.png,coca-cola-bottles.png,.png,stage4_standardized,ImageNet,0.485,0.456,0.406,0.229,0.224,0.225,224x224,RGB,VALIDATED
Recyclable/plastic_bottles/coca-cola-recycled-plastic-news_dezeen_2364_sq.png,coca-cola-recycled-plastic-news_dezeen_2364_sq.png,.png,stage4_standardized,ImageNet,0.485,0.456,0.406,0.229,0.224,0.225,224x224,RGB,VALIDATED
Recyclable/plastic_bottles/coke-rpet-portfolio-lineup.png,coke-rpet-portfolio-lineup.png,.png,stage4_standardized,ImageNet,0.485,0.456,0.406,0.229,0.224,0.225,224x224,RGB,VALIDATED
Recyclable/plastic_bottles/ctor-set-illustration-container-water-bottle-plastic-with-liquid_102902-4326.png,ctor-set-illustration-container-water-bottle-plastic-with-liquid_102902-4326.png,.png,stage4_standardized,ImageNet,0.485,0.456,0.406,0.229,0.224,0.225,224x224,RGB,VALIDATED
Recyclable/plastic_bottles/d-water-drinks-in-bottles-plastic-beverage-bottles-icon-set-flat-icon-vector.png,d-water-drinks-in-bottles-plastic-beverage-bottles-icon-set-flat-icon-vector.png,.png,stage4_standardized,ImageNet,0.485,0.456,0.406,0.229,0.224,0.225,224x224,RGB,VALIDATED
Recyclable/plastic_bottles/ded-sea-waste-environment-contamination-neat-vector-illustration_81894-10608.png,ded-sea-waste-environment-contamination-neat-vector-illustration_81894-10608.png,.png,stage4_standardized,ImageNet,0.485,0.456,0.406,0.229,0.224,0.225,224x224,RGB,VALIDATED
Recyclable/plastic_bottles/depositphotos_17414663-stock-photo-little-bottle-of-soda.png,depositphotos_17414663-stock-photo-little-bottle-of-soda.png,.png,stage4_standardized,ImageNet,0.485,0.456,0.406,0.229,0.224,0.225,224x224,RGB,VALIDATED
Recyclable/plastic_bottles/depositphotos_32383859-stock-photo-set-of-water-bottles.png,depositphotos_32383859-stock-photo-set-of-water-bottles.png,.png,stage4_standardized,ImageNet,0.485,0.456,0.406,0.229,0.224,0.225,224x224,RGB,VALIDATED
Recyclable/plastic_bottles/depositphotos_9379122-stock-photo-closeup-asssorted-soda-bottles.png,depositphotos_9379122-stock-photo-closeup-asssorted-soda-bottles.png,.png,stage4_standardized,ImageNet,0.485,0.456,0.406,0.229,0.224,0.225,224x224,RGB,VALIDATED
Recyclable/plastic_bottles/detail-of-empty-water-bottle-collection-R166YG.png,detail-of-empty-water-bottle-collection-R166YG.png,.png,stage4_standardized,ImageNet,0.485,0.456,0.406,0.229,0.224,0.225,224x224,RGB,VALIDATED
Recyclable/plastic_bottles/drink-6537028_640.png,drink-6537028_640.png,.png,stage4_standardized,ImageNet,0.485,0.456,0.406,0.229,0.224,0.225,224x224,RGB,VALIDATED
Recyclable/plastic_bottles/drinks-cans-plastic-bottles-illustrations-set_74855-16864.png,drinks-cans-plastic-bottles-illustrations-set_74855-16864.png,.png,stage4_standardized,ImageNet,0.485,0.456,0.406,0.229,0.224,0.225,224x224,RGB,VALIDATED
Recyclable/plastic_bottles/drip-feeder-338x600.png,drip-feeder-338x600.png,.png,stage4_standardized,ImageNet,0.485,0.456,0.406,0.229,0.224,0.225,224x224,RGB,VALIDATED
Recyclable/plastic_bottles/empty-glass-soda-water-bottles-in-crate-anand-charotar-gujarat-india-ET0G95.png,empty-glass-soda-water-bottles-in-crate-anand-charotar-gujarat-india-ET0G95.png,.png,stage4_standardized,ImageNet,0.485,0.456,0.406,0.229,0.224,0.225,224x224,RGB,VALIDATED
Recyclable/plastic_bottles/empty-plastic-soda-bottle-200ml.png,empty-plastic-soda-bottle-200ml.png,.png,stage4_standardized,ImageNet,0.485,0.456,0.406,0.229,0.224,0.225,224x224,RGB,VALIDATED
Recyclable/plastic_bottles/f4a7287c01c992ec201abd897da29b00.png,f4a7287c01c992ec201abd897da29b00.png,.png,stage4_standardized,ImageNet,0.485,0.456,0.406,0.229,0.224,0.225,224x224,RGB,VALIDATED
Recyclable/plastic_bottles/facts-about-plastic-bottles1.png,facts-about-plastic-bottles1.png,.png,stage4_standardized,ImageNet,0.485,0.456,0.406,0.229,0.224,0.225,224x224,RGB,VALIDATED
Recyclable/plastic_bottles/facts-about-plastic-bottles2.png,facts-about-plastic-bottles2.png,.png,stage4_standardized,ImageNet,0.485,0.456,0.406,0.229,0.224,0.225,224x224,RGB,VALIDATED
Recyclable/plastic_bottles/ft-grass-environmental-concept-bucharest-romania-coca-cola-plastic-185142975.png,ft-grass-environmental-concept-bucharest-romania-coca-cola-plastic-185142975.png,.png,stage4_standardized,ImageNet,0.485,0.456,0.406,0.229,0.224,0.225,224x224,RGB,VALIDATED
Recyclable/plastic_bottles/ht-p-make-a-soda-shorter.png,ht-p-make-a-soda-shorter.png,.png,stage4_standardized,ImageNet,0.485,0.456,0.406,0.229,0.224,0.225,224x224,RGB,VALIDATED
Recyclable/plastic_bottles/le-soda-lemon-orange-and-water-drinks-in-bottles-plastic-beverage-1296536842.png,le-soda-lemon-orange-and-water-drinks-in-bottles-plastic-beverage-1296536842.png,.png,stage4_standardized,ImageNet,0.485,0.456,0.406,0.229,0.224,0.225,224x224,RGB,VALIDATED
Recyclable/plastic_bottles/lemonade-plastic-bottles-citrus-orange-lemon-soda-water_101087-176.png,lemonade-plastic-bottles-citrus-orange-lemon-soda-water_101087-176.png,.png,stage4_standardized,ImageNet,0.485,0.456,0.406,0.229,0.224,0.225,224x224,RGB,VALIDATED
Recyclable/plastic_bottles/linder-with-tap-and-pump-containers-for-clean-water-and-beverages-2175350909.png,linder-with-tap-and-pump-containers-for-clean-water-and-beverages-2175350909.png,.png,stage4_standardized,ImageNet,0.485,0.456,0.406,0.229,0.224,0.225,224x224,RGB,VALIDATED
Recyclable/plastic_bottles/maxresdefault.png,maxresdefault.png,.png,stage4_standardized,ImageNet,0.485,0.456,0.406,0.229,0.224,0.225,224x224,RGB,VALIDATED
Recyclable/plastic_bottles/maxresdefault2.png,maxresdefault2.png,.png,stage4_standardized,ImageNet,0.485,0.456,0.406,0.229,0.224,0.225,224x224,RGB,VALIDATED
Recyclable/plastic_bottles/maxresdefault3.png,maxresdefault3.png,.png,stage4_standardized,ImageNet,0.485,0.456,0.406,0.229,0.224,0.225,224x224,RGB,VALIDATED
Recyclable/plastic_bottles/minium-vs-carton-carbon-footprint-p6s8ct2sc0qlo3sipt9k1m2zjocwp37mfzvcpsjmh4.png,minium-vs-carton-carbon-footprint-p6s8ct2sc0qlo3sipt9k1m2zjocwp37mfzvcpsjmh4.png,.png,stage4_standardized,ImageNet,0.485,0.456,0.406,0.229,0.224,0.225,224x224,RGB,VALIDATED
Recyclable/plastic_bottles/mysoda-bottle-0.5l-white-2pcs-crop.png,mysoda-bottle-0.5l-white-2pcs-crop.png,.png,stage4_standardized,ImageNet,0.485,0.456,0.406,0.229,0.224,0.225,224x224,RGB,VALIDATED
Recyclable/plastic_bottles/pet-bottle-recycling.png,pet-bottle-recycling.png,.png,stage4_standardized,ImageNet,0.485,0.456,0.406,0.229,0.224,0.225,224x224,RGB,VALIDATED
Recyclable/plastic_bottles/pet-plastic-soda-bottles-category.png,pet-plastic-soda-bottles-category.png,.png,stage4_standardized,ImageNet,0.485,0.456,0.406,0.229,0.224,0.225,224x224,RGB,VALIDATED
Recyclable/plastic_bottles/pexels-photo-802221.png,pexels-photo-802221.png,.png,stage4_standardized,ImageNet,0.485,0.456,0.406,0.229,0.224,0.225,224x224,RGB,VALIDATED
Recyclable/plastic_bottles/plass.png,plass.png,.png,stage4_standardized,ImageNet,0.485,0.456,0.406,0.229,0.224,0.225,224x224,RGB,VALIDATED
Recyclable/plastic_bottles/plastic-bottle-ocean-1200x600.png,plastic-bottle-ocean-1200x600.png,.png,stage4_standardized,ImageNet,0.485,0.456,0.406,0.229,0.224,0.225,224x224,RGB,VALIDATED
Recyclable/plastic_bottles/plastic-bottles-mineral-water-soda-can_101087-305.png,plastic-bottles-mineral-water-soda-can_101087-305.png,.png,stage4_standardized,ImageNet,0.485,0.456,0.406,0.229,0.224,0.225,224x224,RGB,VALIDATED
Recyclable/plastic_bottles/plastic-bottles-of-assorted-carbonated-soft-drinks-in-variety-of-colors-MG89G6.png,plastic-bottles-of-assorted-carbonated-soft-drinks-in-variety-of-colors-MG89G6.png,.png,stage4_standardized,ImageNet,0.485,0.456,0.406,0.229,0.224,0.225,224x224,RGB,VALIDATED
Recyclable/plastic_bottles/plastic-bottles-of-assorted-carbonated-soft-drinks-in-variety-of-colors-T39G53.png,plastic-bottles-of-assorted-carbonated-soft-drinks-in-variety-of-colors-T39G53.png,.png,stage4_standardized,ImageNet,0.485,0.456,0.406,0.229,0.224,0.225,224x224,RGB,VALIDATED
Recyclable/plastic_bottles/plastic-bottles.png,plastic-bottles.png,.png,stage4_standardized,ImageNet,0.485,0.456,0.406,0.229,0.224,0.225,224x224,RGB,VALIDATED
Recyclable/plastic_bottles/plastic-soda-bottle.png,plastic-soda-bottle.png,.png,stage4_standardized,ImageNet,0.485,0.456,0.406,0.229,0.224,0.225,224x224,RGB,VALIDATED
Recyclable/plastic_bottles/plastic-water-bottles-environmental-impacts.png,plastic-water-bottles-environmental-impacts.png,.png,stage4_standardized,ImageNet,0.485,0.456,0.406,0.229,0.224,0.225,224x224,RGB,VALIDATED
Recyclable/plastic_bottles/plastic-water-bottles-facts.png,plastic-water-bottles-facts.png,.png,stage4_standardized,ImageNet,0.485,0.456,0.406,0.229,0.224,0.225,224x224,RGB,VALIDATED
Recyclable/plastic_bottles/ple-soft-drink-bottles-without-and-with-drops-on-white-background-2080245079.png,ple-soft-drink-bottles-without-and-with-drops-on-white-background-2080245079.png,.png,stage4_standardized,ImageNet,0.485,0.456,0.406,0.229,0.224,0.225,224x224,RGB,VALIDATED
Recyclable/plastic_bottles/png-clipart-plastic-bag-plastic-bottle-water-bottles-water-dam-photography-recycling.png,png-clipart-plastic-bag-plastic-bottle-water-bottles-water-dam-photography-recycling.png,.png,stage4_standardized,ImageNet,0.485,0.456,0.406,0.229,0.224,0.225,224x224,RGB,VALIDATED
Recyclable/plastic_bottles/roud-empty-plastic-soda-bottle-groud-garbage-pollution-environment-177143555.png,roud-empty-plastic-soda-bottle-groud-garbage-pollution-environment-177143555.png,.png,stage4_standardized,ImageNet,0.485,0.456,0.406,0.229,0.224,0.225,224x224,RGB,VALIDATED
Recyclable/plastic_bottles/scenes-in-bottles.png,scenes-in-bottles.png,.png,stage4_standardized,ImageNet,0.485,0.456,0.406,0.229,0.224,0.225,224x224,RGB,VALIDATED
Recyclable/plastic_bottles/set-of-plastic-bottle-of-water-and-sweet-soda-cola-vector-21591062.png,set-of-plastic-bottle-of-water-and-sweet-soda-cola-vector-21591062.png,.png,stage4_standardized,ImageNet,0.485,0.456,0.406,0.229,0.224,0.225,224x224,RGB,VALIDATED
Recyclable/plastic_bottles/shutterstock-large-file.png,shutterstock-large-file.png,.png,stage4_standardized,ImageNet,0.485,0.456,0.406,0.229,0.224,0.225,224x224,RGB,VALIDATED
Recyclable/plastic_bottles/soda-bottle-2308606.png,soda-bottle-2308606.png,.png,stage4_standardized,ImageNet,0.485,0.456,0.406,0.229,0.224,0.225,224x224,RGB,VALIDATED
Recyclable/plastic_bottles/soda-bottle-watering-can.png,soda-bottle-watering-can.png,.png,stage4_standardized,ImageNet,0.485,0.456,0.406,0.229,0.224,0.225,224x224,RGB,VALIDATED
Recyclable/plastic_bottles/soda-drink-bottles-soft-drinks-in-plastic-bottle-vector-30704743.png,soda-drink-bottles-soft-drinks-in-plastic-bottle-vector-30704743.png,.png,stage4_standardized,ImageNet,0.485,0.456,0.406,0.229,0.224,0.225,224x224,RGB,VALIDATED
Recyclable/plastic_bottles/soda-plastic-bottle-21860919.png,soda-plastic-bottle-21860919.png,.png,stage4_standardized,ImageNet,0.485,0.456,0.406,0.229,0.224,0.225,224x224,RGB,VALIDATED
Recyclable/plastic_bottles/sprite_custom-69f1695b46d4430dda05de4503fc55028693fe4c.png,sprite_custom-69f1695b46d4430dda05de4503fc55028693fe4c.png,.png,stage4_standardized,ImageNet,0.485,0.456,0.406,0.229,0.224,0.225,224x224,RGB,VALIDATED
Recyclable/plastic_bottles/stock-photo-bottle-empty-isolated-on-white-background-2132182071.png,stock-photo-bottle-empty-isolated-on-white-background-2132182071.png,.png,stage4_standardized,ImageNet,0.485,0.456,0.406,0.229,0.224,0.225,224x224,RGB,VALIDATED
Recyclable/plastic_bottles/t-water-fizzy-beverage-illustration-vinnitsa-ukraine-may-17-2022-free-vector.png,t-water-fizzy-beverage-illustration-vinnitsa-ukraine-may-17-2022-free-vector.png,.png,stage4_standardized,ImageNet,0.485,0.456,0.406,0.229,0.224,0.225,224x224,RGB,VALIDATED
Recyclable/plastic_bottles/tanvi-sharma--4bD2p5.png,tanvi-sharma--4bD2p5.png,.png,stage4_standardized,ImageNet,0.485,0.456,0.406,0.229,0.224,0.225,224x224,RGB,VALIDATED
Recyclable/plastic_bottles/terrarium-cut-bottle.png,terrarium-cut-bottle.png,.png,stage4_standardized,ImageNet,0.485,0.456,0.406,0.229,0.224,0.225,224x224,RGB,VALIDATED
Recyclable/plastic_bottles/upcycle-plastic-bottles-in-the-garden-pv2.png,upcycle-plastic-bottles-in-the-garden-pv2.png,.png,stage4_standardized,ImageNet,0.485,0.456,0.406,0.229,0.224,0.225,224x224,RGB,VALIDATED
Recyclable/plastic_bottles/veragepepsiplastic-bottlelogopromotion-throwbackmade-with-real-sugar-2J30PJ3.png,veragepepsiplastic-bottlelogopromotion-throwbackmade-with-real-sugar-2J30PJ3.png,.png,stage4_standardized,ImageNet,0.485,0.456,0.406,0.229,0.224,0.225,224x224,RGB,VALIDATED
Recyclable/plastic_bottles/water-bottle-reuse-feat.png,water-bottle-reuse-feat.png,.png,stage4_standardized,ImageNet,0.485,0.456,0.406,0.229,0.224,0.225,224x224,RGB,VALIDATED
Recyclable/plastic_bottles/water-bottles-plastic-bottle-collection-260nw-1953297745.png,water-bottles-plastic-bottle-collection-260nw-1953297745.png,.png,stage4_standardized,ImageNet,0.485,0.456,0.406,0.229,0.224,0.225,224x224,RGB,VALIDATED
Recyclable/plastic_bottles/zk2uCsZ0-plastic-bottles.png,zk2uCsZ0-plastic-bottles.png,.png,stage4_standardized,ImageNet,0.485,0.456,0.406,0.229,0.224,0.225,224x224,RGB,VALIDATED
