relative_path,raw_relative_path,absolute_path,class,subcategory,raw_subcategory,label,status,review_reason
Non-Recyclable/plastics_bags_wrappers/-bags-vegetables-peppers-tomatoes-carrots-onions-from-the-supermarket-RXCRHT.jpg,Non-Recyclable/Non-Recyclable/platics_bags_wrappers/-bags-vegetables-peppers-tomatoes-carrots-onions-from-the-supermarket-RXCRHT.jpg,/content/drive/.shortcut-targets-by-id/1PoprMbg0JKQ7cGC9VyKmeTI1VK1Va65k/Waste_Classification/data/processed/stage2_visual_deduplicated/Non-Recyclable/Non-Recyclable/platics_bags_wrappers/-bags-vegetables-peppers-tomatoes-carrots-onions-from-the-supermarket-RXCRHT.jpg,Non-Recyclable,plastics_bags_wrappers,platics_bags_wrappers,1,AUTO_CORRECTED,Upstream directory typo 'platics_bags_wrappers' normalized to 'plastics_bags_wrappers'
Non-Recyclable/plastics_bags_wrappers/03222022_recycling01_182011.jpg,Non-Recyclable/Non-Recyclable/platics_bags_wrappers/03222022_recycling01_182011.jpg,/content/drive/.shortcut-targets-by-id/1PoprMbg0JKQ7cGC9VyKmeTI1VK1Va65k/Waste_Classification/data/processed/stage2_visual_deduplicated/Non-Recyclable/Non-Recyclable/platics_bags_wrappers/03222022_recycling01_182011.jpg,Non-Recyclable,plastics_bags_wrappers,platics_bags_wrappers,1,AUTO_CORRECTED,Upstream directory typo 'platics_bags_wrappers' normalized to 'plastics_bags_wrappers'
Non-Recyclable/plastics_bags_wrappers/03222022_tzr_tzr_182048.jpg,Non-Recyclable/Non-Recyclable/platics_bags_wrappers/03222022_tzr_tzr_182048.jpg,/content/drive/.shortcut-targets-by-id/1PoprMbg0JKQ7cGC9VyKmeTI1VK1Va65k/Waste_Classification/data/processed/stage2_visual_deduplicated/Non-Recyclable/Non-Recyclable/platics_bags_wrappers/03222022_tzr_tzr_182048.jpg,Non-Recyclable,plastics_bags_wrappers,platics_bags_wrappers,1,AUTO_CORRECTED,Upstream directory typo 'platics_bags_wrappers' normalized to 'plastics_bags_wrappers'
Non-Recyclable/plastics_bags_wrappers/102019_Brightside_Co19_Tips_Poster-559x1024.jpg,Non-Recyclable/Non-Recyclable/platics_bags_wrappers/102019_Brightside_Co19_Tips_Poster-559x1024.jpg,/content/drive/.shortcut-targets-by-id/1PoprMbg0JKQ7cGC9VyKmeTI1VK1Va65k/Waste_Classification/data/processed/stage2_visual_deduplicated/Non-Recyclable/Non-Recyclable/platics_bags_wrappers/102019_Brightside_Co19_Tips_Poster-559x1024.jpg,Non-Recyclable,plastics_bags_wrappers,platics_bags_wrappers,1,AUTO_CORRECTED,Upstream directory typo 'platics_bags_wrappers' normalized to 'plastics_bags_wrappers'
Non-Recyclable/plastics_bags_wrappers/1500x900_362559-plastic-waste.jpg,Non-Recyclable/Non-Recyclable/platics_bags_wrappers/1500x900_362559-plastic-waste.jpg,/content/drive/.shortcut-targets-by-id/1PoprMbg0JKQ7cGC9VyKmeTI1VK1Va65k/Waste_Classification/data/processed/stage2_visual_deduplicated/Non-Recyclable/Non-Recyclable/platics_bags_wrappers/1500x900_362559-plastic-waste.jpg,Non-Recyclable,plastics_bags_wrappers,platics_bags_wrappers,1,AUTO_CORRECTED,Upstream directory typo 'platics_bags_wrappers' normalized to 'plastics_bags_wrappers'
Non-Recyclable/plastics_bags_wrappers/1587685798451.jpg,Non-Recyclable/Non-Recyclable/platics_bags_wrappers/1587685798451.jpg,/content/drive/.shortcut-targets-by-id/1PoprMbg0JKQ7cGC9VyKmeTI1VK1Va65k/Waste_Classification/data/processed/stage2_visual_deduplicated/Non-Recyclable/Non-Recyclable/platics_bags_wrappers/1587685798451.jpg,Non-Recyclable,plastics_bags_wrappers,platics_bags_wrappers,1,AUTO_CORRECTED,Upstream directory typo 'platics_bags_wrappers' normalized to 'plastics_bags_wrappers'
Non-Recyclable/plastics_bags_wrappers/1y1fa85aTElzQL94rheAIAA.png,Non-Recyclable/Non-Recyclable/platics_bags_wrappers/1y1fa85aTElzQL94rheAIAA.png,/content/drive/.shortcut-targets-by-id/1PoprMbg0JKQ7cGC9VyKmeTI1VK1Va65k/Waste_Classification/data/processed/stage2_visual_deduplicated/Non-Recyclable/Non-Recyclable/platics_bags_wrappers/1y1fa85aTElzQL94rheAIAA.png,Non-Recyclable,plastics_bags_wrappers,platics_bags_wrappers,1,AUTO_CORRECTED,Upstream directory typo 'platics_bags_wrappers' normalized to 'plastics_bags_wrappers'
Non-Recyclable/plastics_bags_wrappers/2-bags-of-morrisons-shopping-discarded-on-the-ground-BMKDN3.jpg,Non-Recyclable/Non-Recyclable/platics_bags_wrappers/2-bags-of-morrisons-shopping-discarded-on-the-ground-BMKDN3.jpg,/content/drive/.shortcut-targets-by-id/1PoprMbg0JKQ7cGC9VyKmeTI1VK1Va65k/Waste_Classification/data/processed/stage2_visual_deduplicated/Non-Recyclable/Non-Recyclable/platics_bags_wrappers/2-bags-of-morrisons-shopping-discarded-on-the-ground-BMKDN3.jpg,Non-Recyclable,plastics_bags_wrappers,platics_bags_wrappers,1,AUTO_CORRECTED,Upstream directory typo 'platics_bags_wrappers' normalized to 'plastics_bags_wrappers'
Non-Recyclable/plastics_bags_wrappers/20-Plastic-Bag-Crafts-To-Reuse-And-Recycle.jpg,Non-Recyclable/Non-Recyclable/platics_bags_wrappers/20-Plastic-Bag-Crafts-To-Reuse-And-Recycle.jpg,/content/drive/.shortcut-targets-by-id/1PoprMbg0JKQ7cGC9VyKmeTI1VK1Va65k/Waste_Classification/data/processed/stage2_visual_deduplicated/Non-Recyclable/Non-Recyclable/platics_bags_wrappers/20-Plastic-Bag-Crafts-To-Reuse-And-Recycle.jpg,Non-Recyclable,plastics_bags_wrappers,platics_bags_wrappers,1,AUTO_CORRECTED,Upstream directory typo 'platics_bags_wrappers' normalized to 'plastics_bags_wrappers'
Non-Recyclable/plastics_bags_wrappers/200723230749-02-japan-plastic-waste-restricted.jpg,Non-Recyclable/Non-Recyclable/platics_bags_wrappers/200723230749-02-japan-plastic-waste-restricted.jpg,/content/drive/.shortcut-targets-by-id/1PoprMbg0JKQ7cGC9VyKmeTI1VK1Va65k/Waste_Classification/data/processed/stage2_visual_deduplicated/Non-Recyclable/Non-Recyclable/platics_bags_wrappers/200723230749-02-japan-plastic-waste-restricted.jpg,Non-Recyclable,plastics_bags_wrappers,platics_bags_wrappers,1,AUTO_CORRECTED,Upstream directory typo 'platics_bags_wrappers' normalized to 'plastics_bags_wrappers'
Non-Recyclable/plastics_bags_wrappers/20200914_140554.jpg,Non-Recyclable/Non-Recyclable/platics_bags_wrappers/20200914_140554.jpg,/content/drive/.shortcut-targets-by-id/1PoprMbg0JKQ7cGC9VyKmeTI1VK1Va65k/Waste_Classification/data/processed/stage2_visual_deduplicated/Non-Recyclable/Non-Recyclable/platics_bags_wrappers/20200914_140554.jpg,Non-Recyclable,plastics_bags_wrappers,platics_bags_wrappers,1,AUTO_CORRECTED,Upstream directory typo 'platics_bags_wrappers' normalized to 'plastics_bags_wrappers'
Non-Recyclable/plastics_bags_wrappers/20220816130311_9_jsfv_visualimg_2094_1.jpg,Non-Recyclable/Non-Recyclable/platics_bags_wrappers/20220816130311_9_jsfv_visualimg_2094_1.jpg,/content/drive/.shortcut-targets-by-id/1PoprMbg0JKQ7cGC9VyKmeTI1VK1Va65k/Waste_Classification/data/processed/stage2_visual_deduplicated/Non-Recyclable/Non-Recyclable/platics_bags_wrappers/20220816130311_9_jsfv_visualimg_2094_1.jpg,Non-Recyclable,plastics_bags_wrappers,platics_bags_wrappers,1,AUTO_CORRECTED,Upstream directory typo 'platics_bags_wrappers' normalized to 'plastics_bags_wrappers'
Non-Recyclable/plastics_bags_wrappers/21120317-d037f89a-efc0-4769-93a1-56443ed6e12f.jpg,Non-Recyclable/Non-Recyclable/platics_bags_wrappers/21120317-d037f89a-efc0-4769-93a1-56443ed6e12f.jpg,/content/drive/.shortcut-targets-by-id/1PoprMbg0JKQ7cGC9VyKmeTI1VK1Va65k/Waste_Classification/data/processed/stage2_visual_deduplicated/Non-Recyclable/Non-Recyclable/platics_bags_wrappers/21120317-d037f89a-efc0-4769-93a1-56443ed6e12f.jpg,Non-Recyclable,plastics_bags_wrappers,platics_bags_wrappers,1,AUTO_CORRECTED,Upstream directory typo 'platics_bags_wrappers' normalized to 'plastics_bags_wrappers'
Non-Recyclable/plastics_bags_wrappers/2_ad298a26-6603-4beb-a2d1-4c95cb0aabf5_480x480.png,Non-Recyclable/Non-Recyclable/platics_bags_wrappers/2_ad298a26-6603-4beb-a2d1-4c95cb0aabf5_480x480.png,/content/drive/.shortcut-targets-by-id/1PoprMbg0JKQ7cGC9VyKmeTI1VK1Va65k/Waste_Classification/data/processed/stage2_visual_deduplicated/Non-Recyclable/Non-Recyclable/platics_bags_wrappers/2_ad298a26-6603-4beb-a2d1-4c95cb0aabf5_480x480.png,Non-Recyclable,plastics_bags_wrappers,platics_bags_wrappers,1,AUTO_CORRECTED,Upstream directory typo 'platics_bags_wrappers' normalized to 'plastics_bags_wrappers'
Non-Recyclable/plastics_bags_wrappers/2j44bec.jpg,Non-Recyclable/Non-Recyclable/platics_bags_wrappers/2j44bec.jpg,/content/drive/.shortcut-targets-by-id/1PoprMbg0JKQ7cGC9VyKmeTI1VK1Va65k/Waste_Classification/data/processed/stage2_visual_deduplicated/Non-Recyclable/Non-Recyclable/platics_bags_wrappers/2j44bec.jpg,Non-Recyclable,plastics_bags_wrappers,platics_bags_wrappers,1,AUTO_CORRECTED,Upstream directory typo 'platics_bags_wrappers' normalized to 'plastics_bags_wrappers'
Non-Recyclable/plastics_bags_wrappers/310c3010-b798-41cc-adde-005ca83df37b.png,Non-Recyclable/Non-Recyclable/platics_bags_wrappers/310c3010-b798-41cc-adde-005ca83df37b.png,/content/drive/.shortcut-targets-by-id/1PoprMbg0JKQ7cGC9VyKmeTI1VK1Va65k/Waste_Classification/data/processed/stage2_visual_deduplicated/Non-Recyclable/Non-Recyclable/platics_bags_wrappers/310c3010-b798-41cc-adde-005ca83df37b.png,Non-Recyclable,plastics_bags_wrappers,platics_bags_wrappers,1,AUTO_CORRECTED,Upstream directory typo 'platics_bags_wrappers' normalized to 'plastics_bags_wrappers'
Non-Recyclable/plastics_bags_wrappers/3520_428fd902f4247199467725e7eccf1673.jpg,Non-Recyclable/Non-Recyclable/platics_bags_wrappers/3520_428fd902f4247199467725e7eccf1673.jpg,/content/drive/.shortcut-targets-by-id/1PoprMbg0JKQ7cGC9VyKmeTI1VK1Va65k/Waste_Classification/data/processed/stage2_visual_deduplicated/Non-Recyclable/Non-Recyclable/platics_bags_wrappers/3520_428fd902f4247199467725e7eccf1673.jpg,Non-Recyclable,plastics_bags_wrappers,platics_bags_wrappers,1,AUTO_CORRECTED,Upstream directory typo 'platics_bags_wrappers' normalized to 'plastics_bags_wrappers'
Non-Recyclable/plastics_bags_wrappers/362561-plastic-waste.jpg,Non-Recyclable/Non-Recyclable/platics_bags_wrappers/362561-plastic-waste.jpg,/content/drive/.shortcut-targets-by-id/1PoprMbg0JKQ7cGC9VyKmeTI1VK1Va65k/Waste_Classification/data/processed/stage2_visual_deduplicated/Non-Recyclable/Non-Recyclable/platics_bags_wrappers/362561-plastic-waste.jpg,Non-Recyclable,plastics_bags_wrappers,platics_bags_wrappers,1,AUTO_CORRECTED,Upstream directory typo 'platics_bags_wrappers' normalized to 'plastics_bags_wrappers'
Non-Recyclable/plastics_bags_wrappers/3678_428fd902f4247199467725e7eccf1673.jpg,Non-Recyclable/Non-Recyclable/platics_bags_wrappers/3678_428fd902f4247199467725e7eccf1673.jpg,/content/drive/.shortcut-targets-by-id/1PoprMbg0JKQ7cGC9VyKmeTI1VK1Va65k/Waste_Classification/data/processed/stage2_visual_deduplicated/Non-Recyclable/Non-Recyclable/platics_bags_wrappers/3678_428fd902f4247199467725e7eccf1673.jpg,Non-Recyclable,plastics_bags_wrappers,platics_bags_wrappers,1,AUTO_CORRECTED,Upstream directory typo 'platics_bags_wrappers' normalized to 'plastics_bags_wrappers'
Non-Recyclable/plastics_bags_wrappers/375141096_0-5_1628854090260_1660036502201_1660036502201.jpg,Non-Recyclable/Non-Recyclable/platics_bags_wrappers/375141096_0-5_1628854090260_1660036502201_1660036502201.jpg,/content/drive/.shortcut-targets-by-id/1PoprMbg0JKQ7cGC9VyKmeTI1VK1Va65k/Waste_Classification/data/processed/stage2_visual_deduplicated/Non-Recyclable/Non-Recyclable/platics_bags_wrappers/375141096_0-5_1628854090260_1660036502201_1660036502201.jpg,Non-Recyclable,plastics_bags_wrappers,platics_bags_wrappers,1,AUTO_CORRECTED,Upstream directory typo 'platics_bags_wrappers' normalized to 'plastics_bags_wrappers'
Non-Recyclable/plastics_bags_wrappers/37873163825_1c95fa47b7_z.jpg,Non-Recyclable/Non-Recyclable/platics_bags_wrappers/37873163825_1c95fa47b7_z.jpg,/content/drive/.shortcut-targets-by-id/1PoprMbg0JKQ7cGC9VyKmeTI1VK1Va65k/Waste_Classification/data/processed/stage2_visual_deduplicated/Non-Recyclable/Non-Recyclable/platics_bags_wrappers/37873163825_1c95fa47b7_z.jpg,Non-Recyclable,plastics_bags_wrappers,platics_bags_wrappers,1,AUTO_CORRECTED,Upstream directory typo 'platics_bags_wrappers' normalized to 'plastics_bags_wrappers'
Non-Recyclable/plastics_bags_wrappers/51xqA8a-wsL._AC_UF10001000_QL80_.jpg,Non-Recyclable/Non-Recyclable/platics_bags_wrappers/51xqA8a-wsL._AC_UF10001000_QL80_.jpg,/content/drive/.shortcut-targets-by-id/1PoprMbg0JKQ7cGC9VyKmeTI1VK1Va65k/Waste_Classification/data/processed/stage2_visual_deduplicated/Non-Recyclable/Non-Recyclable/platics_bags_wrappers/51xqA8a-wsL._AC_UF10001000_QL80_.jpg,Non-Recyclable,plastics_bags_wrappers,platics_bags_wrappers,1,AUTO_CORRECTED,Upstream directory typo 'platics_bags_wrappers' normalized to 'plastics_bags_wrappers'
Non-Recyclable/plastics_bags_wrappers/58835349.jpg,Non-Recyclable/Non-Recyclable/platics_bags_wrappers/58835349.jpg,/content/drive/.shortcut-targets-by-id/1PoprMbg0JKQ7cGC9VyKmeTI1VK1Va65k/Waste_Classification/data/processed/stage2_visual_deduplicated/Non-Recyclable/Non-Recyclable/platics_bags_wrappers/58835349.jpg,Non-Recyclable,plastics_bags_wrappers,platics_bags_wrappers,1,AUTO_CORRECTED,Upstream directory typo 'platics_bags_wrappers' normalized to 'plastics_bags_wrappers'
Non-Recyclable/plastics_bags_wrappers/60c9935424774f7129485c01_1623823188870.jpg,Non-Recyclable/Non-Recyclable/platics_bags_wrappers/60c9935424774f7129485c01_1623823188870.jpg,/content/drive/.shortcut-targets-by-id/1PoprMbg0JKQ7cGC9VyKmeTI1VK1Va65k/Waste_Classification/data/processed/stage2_visual_deduplicated/Non-Recyclable/Non-Recyclable/platics_bags_wrappers/60c9935424774f7129485c01_1623823188870.jpg,Non-Recyclable,plastics_bags_wrappers,platics_bags_wrappers,1,AUTO_CORRECTED,Upstream directory typo 'platics_bags_wrappers' normalized to 'plastics_bags_wrappers'
Non-Recyclable/plastics_bags_wrappers/60c9935424774f7129485c04_1623823188876.jpg,Non-Recyclable/Non-Recyclable/platics_bags_wrappers/60c9935424774f7129485c04_1623823188876.jpg,/content/drive/.shortcut-targets-by-id/1PoprMbg0JKQ7cGC9VyKmeTI1VK1Va65k/Waste_Classification/data/processed/stage2_visual_deduplicated/Non-Recyclable/Non-Recyclable/platics_bags_wrappers/60c9935424774f7129485c04_1623823188876.jpg,Non-Recyclable,plastics_bags_wrappers,platics_bags_wrappers,1,AUTO_CORRECTED,Upstream directory typo 'platics_bags_wrappers' normalized to 'plastics_bags_wrappers'
Non-Recyclable/plastics_bags_wrappers/60c9935424774f7129485c05_1623823188877.jpg,Non-Recyclable/Non-Recyclable/platics_bags_wrappers/60c9935424774f7129485c05_1623823188877.jpg,/content/drive/.shortcut-targets-by-id/1PoprMbg0JKQ7cGC9VyKmeTI1VK1Va65k/Waste_Classification/data/processed/stage2_visual_deduplicated/Non-Recyclable/Non-Recyclable/platics_bags_wrappers/60c9935424774f7129485c05_1623823188877.jpg,Non-Recyclable,plastics_bags_wrappers,platics_bags_wrappers,1,AUTO_CORRECTED,Upstream directory typo 'platics_bags_wrappers' normalized to 'plastics_bags_wrappers'
Non-Recyclable/plastics_bags_wrappers/61jBBcZxgfL._AC_UF10001000_QL80_.jpg,Non-Recyclable/Non-Recyclable/platics_bags_wrappers/61jBBcZxgfL._AC_UF10001000_QL80_.jpg,/content/drive/.shortcut-targets-by-id/1PoprMbg0JKQ7cGC9VyKmeTI1VK1Va65k/Waste_Classification/data/processed/stage2_visual_deduplicated/Non-Recyclable/Non-Recyclable/platics_bags_wrappers/61jBBcZxgfL._AC_UF10001000_QL80_.jpg,Non-Recyclable,plastics_bags_wrappers,platics_bags_wrappers,1,AUTO_CORRECTED,Upstream directory typo 'platics_bags_wrappers' normalized to 'plastics_bags_wrappers'
Non-Recyclable/plastics_bags_wrappers/61oUvhDzMlL.jpg,Non-Recyclable/Non-Recyclable/platics_bags_wrappers/61oUvhDzMlL.jpg,/content/drive/.shortcut-targets-by-id/1PoprMbg0JKQ7cGC9VyKmeTI1VK1Va65k/Waste_Classification/data/processed/stage2_visual_deduplicated/Non-Recyclable/Non-Recyclable/platics_bags_wrappers/61oUvhDzMlL.jpg,Non-Recyclable,plastics_bags_wrappers,platics_bags_wrappers,1,AUTO_CORRECTED,Upstream directory typo 'platics_bags_wrappers' normalized to 'plastics_bags_wrappers'
Non-Recyclable/plastics_bags_wrappers/62e7c92eab11b2a6d58c592e_Empty-candy-wrappers.png,Non-Recyclable/Non-Recyclable/platics_bags_wrappers/62e7c92eab11b2a6d58c592e_Empty-candy-wrappers.png,/content/drive/.shortcut-targets-by-id/1PoprMbg0JKQ7cGC9VyKmeTI1VK1Va65k/Waste_Classification/data/processed/stage2_visual_deduplicated/Non-Recyclable/Non-Recyclable/platics_bags_wrappers/62e7c92eab11b2a6d58c592e_Empty-candy-wrappers.png,Non-Recyclable,plastics_bags_wrappers,platics_bags_wrappers,1,AUTO_CORRECTED,Upstream directory typo 'platics_bags_wrappers' normalized to 'plastics_bags_wrappers'
Non-Recyclable/plastics_bags_wrappers/71fY4tE5kxL.jpg,Non-Recyclable/Non-Recyclable/platics_bags_wrappers/71fY4tE5kxL.jpg,/content/drive/.shortcut-targets-by-id/1PoprMbg0JKQ7cGC9VyKmeTI1VK1Va65k/Waste_Classification/data/processed/stage2_visual_deduplicated/Non-Recyclable/Non-Recyclable/platics_bags_wrappers/71fY4tE5kxL.jpg,Non-Recyclable,plastics_bags_wrappers,platics_bags_wrappers,1,AUTO_CORRECTED,Upstream directory typo 'platics_bags_wrappers' normalized to 'plastics_bags_wrappers'
Non-Recyclable/plastics_bags_wrappers/85241232.jpg,Non-Recyclable/Non-Recyclable/platics_bags_wrappers/85241232.jpg,/content/drive/.shortcut-targets-by-id/1PoprMbg0JKQ7cGC9VyKmeTI1VK1Va65k/Waste_Classification/data/processed/stage2_visual_deduplicated/Non-Recyclable/Non-Recyclable/platics_bags_wrappers/85241232.jpg,Non-Recyclable,plastics_bags_wrappers,platics_bags_wrappers,1,AUTO_CORRECTED,Upstream directory typo 'platics_bags_wrappers' normalized to 'plastics_bags_wrappers'
Non-Recyclable/plastics_bags_wrappers/85286799.jpg,Non-Recyclable/Non-Recyclable/platics_bags_wrappers/85286799.jpg,/content/drive/.shortcut-targets-by-id/1PoprMbg0JKQ7cGC9VyKmeTI1VK1Va65k/Waste_Classification/data/processed/stage2_visual_deduplicated/Non-Recyclable/Non-Recyclable/platics_bags_wrappers/85286799.jpg,Non-Recyclable,plastics_bags_wrappers,platics_bags_wrappers,1,AUTO_CORRECTED,Upstream directory typo 'platics_bags_wrappers' normalized to 'plastics_bags_wrappers'
Non-Recyclable/plastics_bags_wrappers/8855e850f3011319a3a36e85d4f5829f.jpg,Non-Recyclable/Non-Recyclable/platics_bags_wrappers/8855e850f3011319a3a36e85d4f5829f.jpg,/content/drive/.shortcut-targets-by-id/1PoprMbg0JKQ7cGC9VyKmeTI1VK1Va65k/Waste_Classification/data/processed/stage2_visual_deduplicated/Non-Recyclable/Non-Recyclable/platics_bags_wrappers/8855e850f3011319a3a36e85d4f5829f.jpg,Non-Recyclable,plastics_bags_wrappers,platics_bags_wrappers,1,AUTO_CORRECTED,Upstream directory typo 'platics_bags_wrappers' normalized to 'plastics_bags_wrappers'
Non-Recyclable/plastics_bags_wrappers/8a52d84c-90d4-11ec-b3a6-dc86e7882d0e_1645208753032.jpg,Non-Recyclable/Non-Recyclable/platics_bags_wrappers/8a52d84c-90d4-11ec-b3a6-dc86e7882d0e_1645208753032.jpg,/content/drive/.shortcut-targets-by-id/1PoprMbg0JKQ7cGC9VyKmeTI1VK1Va65k/Waste_Classification/data/processed/stage2_visual_deduplicated/Non-Recyclable/Non-Recyclable/platics_bags_wrappers/8a52d84c-90d4-11ec-b3a6-dc86e7882d0e_1645208753032.jpg,Non-Recyclable,plastics_bags_wrappers,platics_bags_wrappers,1,AUTO_CORRECTED,Upstream directory typo 'platics_bags_wrappers' normalized to 'plastics_bags_wrappers'
Non-Recyclable/plastics_bags_wrappers/91t-2KbjSxL._AC_UF8941000_QL80_.jpg,Non-Recyclable/Non-Recyclable/platics_bags_wrappers/91t-2KbjSxL._AC_UF8941000_QL80_.jpg,/content/drive/.shortcut-targets-by-id/1PoprMbg0JKQ7cGC9VyKmeTI1VK1Va65k/Waste_Classification/data/processed/stage2_visual_deduplicated/Non-Recyclable/Non-Recyclable/platics_bags_wrappers/91t-2KbjSxL._AC_UF8941000_QL80_.jpg,Non-Recyclable,plastics_bags_wrappers,platics_bags_wrappers,1,AUTO_CORRECTED,Upstream directory typo 'platics_bags_wrappers' normalized to 'plastics_bags_wrappers'
Non-Recyclable/plastics_bags_wrappers/91t-2KbjSxL.jpg,Non-Recyclable/Non-Recyclable/platics_bags_wrappers/91t-2KbjSxL.jpg,/content/drive/.shortcut-targets-by-id/1PoprMbg0JKQ7cGC9VyKmeTI1VK1Va65k/Waste_Classification/data/processed/stage2_visual_deduplicated/Non-Recyclable/Non-Recyclable/platics_bags_wrappers/91t-2KbjSxL.jpg,Non-Recyclable,plastics_bags_wrappers,platics_bags_wrappers,1,AUTO_CORRECTED,Upstream directory typo 'platics_bags_wrappers' normalized to 'plastics_bags_wrappers'
Non-Recyclable/plastics_bags_wrappers/Addictedtopl_ArsElectronica.jpg,Non-Recyclable/Non-Recyclable/platics_bags_wrappers/Addictedtopl_ArsElectronica.jpg,/content/drive/.shortcut-targets-by-id/1PoprMbg0JKQ7cGC9VyKmeTI1VK1Va65k/Waste_Classification/data/processed/stage2_visual_deduplicated/Non-Recyclable/Non-Recyclable/platics_bags_wrappers/Addictedtopl_ArsElectronica.jpg,Non-Recyclable,plastics_bags_wrappers,platics_bags_wrappers,1,AUTO_CORRECTED,Upstream directory typo 'platics_bags_wrappers' normalized to 'plastics_bags_wrappers'
Non-Recyclable/plastics_bags_wrappers/AdobeStock_79900829.jpeg,Non-Recyclable/Non-Recyclable/platics_bags_wrappers/AdobeStock_79900829.jpeg,/content/drive/.shortcut-targets-by-id/1PoprMbg0JKQ7cGC9VyKmeTI1VK1Va65k/Waste_Classification/data/processed/stage2_visual_deduplicated/Non-Recyclable/Non-Recyclable/platics_bags_wrappers/AdobeStock_79900829.jpeg,Non-Recyclable,plastics_bags_wrappers,platics_bags_wrappers,1,AUTO_CORRECTED,Upstream directory typo 'platics_bags_wrappers' normalized to 'plastics_bags_wrappers'
Non-Recyclable/plastics_bags_wrappers/Amita-Silvassa-Dec-2020_resize_87.jpg,Non-Recyclable/Non-Recyclable/platics_bags_wrappers/Amita-Silvassa-Dec-2020_resize_87.jpg,/content/drive/.shortcut-targets-by-id/1PoprMbg0JKQ7cGC9VyKmeTI1VK1Va65k/Waste_Classification/data/processed/stage2_visual_deduplicated/Non-Recyclable/Non-Recyclable/platics_bags_wrappers/Amita-Silvassa-Dec-2020_resize_87.jpg,Non-Recyclable,plastics_bags_wrappers,platics_bags_wrappers,1,AUTO_CORRECTED,Upstream directory typo 'platics_bags_wrappers' normalized to 'plastics_bags_wrappers'
Non-Recyclable/plastics_bags_wrappers/BB-Impact_9f7a5d6c-15c4-4c3a-8d10-88ec0796daaa.jpg,Non-Recyclable/Non-Recyclable/platics_bags_wrappers/BB-Impact_9f7a5d6c-15c4-4c3a-8d10-88ec0796daaa.jpg,/content/drive/.shortcut-targets-by-id/1PoprMbg0JKQ7cGC9VyKmeTI1VK1Va65k/Waste_Classification/data/processed/stage2_visual_deduplicated/Non-Recyclable/Non-Recyclable/platics_bags_wrappers/BB-Impact_9f7a5d6c-15c4-4c3a-8d10-88ec0796daaa.jpg,Non-Recyclable,plastics_bags_wrappers,platics_bags_wrappers,1,AUTO_CORRECTED,Upstream directory typo 'platics_bags_wrappers' normalized to 'plastics_bags_wrappers'
Non-Recyclable/plastics_bags_wrappers/CBS-Impact_f25a3ca6-4561-4e42-9a9a-4859b381639a.jpg,Non-Recyclable/Non-Recyclable/platics_bags_wrappers/CBS-Impact_f25a3ca6-4561-4e42-9a9a-4859b381639a.jpg,/content/drive/.shortcut-targets-by-id/1PoprMbg0JKQ7cGC9VyKmeTI1VK1Va65k/Waste_Classification/data/processed/stage2_visual_deduplicated/Non-Recyclable/Non-Recyclable/platics_bags_wrappers/CBS-Impact_f25a3ca6-4561-4e42-9a9a-4859b381639a.jpg,Non-Recyclable,plastics_bags_wrappers,platics_bags_wrappers,1,AUTO_CORRECTED,Upstream directory typo 'platics_bags_wrappers' normalized to 'plastics_bags_wrappers'
Non-Recyclable/plastics_bags_wrappers/Crisp-packets-800x450.jpg,Non-Recyclable/Non-Recyclable/platics_bags_wrappers/Crisp-packets-800x450.jpg,/content/drive/.shortcut-targets-by-id/1PoprMbg0JKQ7cGC9VyKmeTI1VK1Va65k/Waste_Classification/data/processed/stage2_visual_deduplicated/Non-Recyclable/Non-Recyclable/platics_bags_wrappers/Crisp-packets-800x450.jpg,Non-Recyclable,plastics_bags_wrappers,platics_bags_wrappers,1,AUTO_CORRECTED,Upstream directory typo 'platics_bags_wrappers' normalized to 'plastics_bags_wrappers'
Non-Recyclable/plastics_bags_wrappers/DSC_2994.jpg,Non-Recyclable/Non-Recyclable/platics_bags_wrappers/DSC_2994.jpg,/content/drive/.shortcut-targets-by-id/1PoprMbg0JKQ7cGC9VyKmeTI1VK1Va65k/Waste_Classification/data/processed/stage2_visual_deduplicated/Non-Recyclable/Non-Recyclable/platics_bags_wrappers/DSC_2994.jpg,Non-Recyclable,plastics_bags_wrappers,platics_bags_wrappers,1,AUTO_CORRECTED,Upstream directory typo 'platics_bags_wrappers' normalized to 'plastics_bags_wrappers'
Non-Recyclable/plastics_bags_wrappers/Films-home-bread-bags-etc.jpg,Non-Recyclable/Non-Recyclable/platics_bags_wrappers/Films-home-bread-bags-etc.jpg,/content/drive/.shortcut-targets-by-id/1PoprMbg0JKQ7cGC9VyKmeTI1VK1Va65k/Waste_Classification/data/processed/stage2_visual_deduplicated/Non-Recyclable/Non-Recyclable/platics_bags_wrappers/Films-home-bread-bags-etc.jpg,Non-Recyclable,plastics_bags_wrappers,platics_bags_wrappers,1,AUTO_CORRECTED,Upstream directory typo 'platics_bags_wrappers' normalized to 'plastics_bags_wrappers'
Non-Recyclable/plastics_bags_wrappers/IMG_1648.JPG.jpg,Non-Recyclable/Non-Recyclable/platics_bags_wrappers/IMG_1648.JPG.jpg,/content/drive/.shortcut-targets-by-id/1PoprMbg0JKQ7cGC9VyKmeTI1VK1Va65k/Waste_Classification/data/processed/stage2_visual_deduplicated/Non-Recyclable/Non-Recyclable/platics_bags_wrappers/IMG_1648.JPG.jpg,Non-Recyclable,plastics_bags_wrappers,platics_bags_wrappers,1,AUTO_CORRECTED,Upstream directory typo 'platics_bags_wrappers' normalized to 'plastics_bags_wrappers'
Non-Recyclable/plastics_bags_wrappers/LG_2021_Page_one.jpg,Non-Recyclable/Non-Recyclable/platics_bags_wrappers/LG_2021_Page_one.jpg,/content/drive/.shortcut-targets-by-id/1PoprMbg0JKQ7cGC9VyKmeTI1VK1Va65k/Waste_Classification/data/processed/stage2_visual_deduplicated/Non-Recyclable/Non-Recyclable/platics_bags_wrappers/LG_2021_Page_one.jpg,Non-Recyclable,plastics_bags_wrappers,platics_bags_wrappers,1,AUTO_CORRECTED,Upstream directory typo 'platics_bags_wrappers' normalized to 'plastics_bags_wrappers'
Non-Recyclable/plastics_bags_wrappers/Laundry_Bag_-_Impact_c7cb83ae-002a-4675-84c9-c14f4cfe1234.jpg,Non-Recyclable/Non-Recyclable/platics_bags_wrappers/Laundry_Bag_-_Impact_c7cb83ae-002a-4675-84c9-c14f4cfe1234.jpg,/content/drive/.shortcut-targets-by-id/1PoprMbg0JKQ7cGC9VyKmeTI1VK1Va65k/Waste_Classification/data/processed/stage2_visual_deduplicated/Non-Recyclable/Non-Recyclable/platics_bags_wrappers/Laundry_Bag_-_Impact_c7cb83ae-002a-4675-84c9-c14f4cfe1234.jpg,Non-Recyclable,plastics_bags_wrappers,platics_bags_wrappers,1,AUTO_CORRECTED,Upstream directory typo 'platics_bags_wrappers' normalized to 'plastics_bags_wrappers'
Non-Recyclable/plastics_bags_wrappers/LillianConnors_EasyWaystoRecyclePlasticBagsToday2.jpg,Non-Recyclable/Non-Recyclable/platics_bags_wrappers/LillianConnors_EasyWaystoRecyclePlasticBagsToday2.jpg,/content/drive/.shortcut-targets-by-id/1PoprMbg0JKQ7cGC9VyKmeTI1VK1Va65k/Waste_Classification/data/processed/stage2_visual_deduplicated/Non-Recyclable/Non-Recyclable/platics_bags_wrappers/LillianConnors_EasyWaystoRecyclePlasticBagsToday2.jpg,Non-Recyclable,plastics_bags_wrappers,platics_bags_wrappers,1,AUTO_CORRECTED,Upstream directory typo 'platics_bags_wrappers' normalized to 'plastics_bags_wrappers'
Non-Recyclable/plastics_bags_wrappers/Most-Plastic-Bags-H2R-checkerboard-SDO-4.png,Non-Recyclable/Non-Recyclable/platics_bags_wrappers/Most-Plastic-Bags-H2R-checkerboard-SDO-4.png,/content/drive/.shortcut-targets-by-id/1PoprMbg0JKQ7cGC9VyKmeTI1VK1Va65k/Waste_Classification/data/processed/stage2_visual_deduplicated/Non-Recyclable/Non-Recyclable/platics_bags_wrappers/Most-Plastic-Bags-H2R-checkerboard-SDO-4.png,Non-Recyclable,plastics_bags_wrappers,platics_bags_wrappers,1,AUTO_CORRECTED,Upstream directory typo 'platics_bags_wrappers' normalized to 'plastics_bags_wrappers'
Non-Recyclable/plastics_bags_wrappers/NOBAGS-HEADER.png,Non-Recyclable/Non-Recyclable/platics_bags_wrappers/NOBAGS-HEADER.png,/content/drive/.shortcut-targets-by-id/1PoprMbg0JKQ7cGC9VyKmeTI1VK1Va65k/Waste_Classification/data/processed/stage2_visual_deduplicated/Non-Recyclable/Non-Recyclable/platics_bags_wrappers/NOBAGS-HEADER.png,Non-Recyclable,plastics_bags_wrappers,platics_bags_wrappers,1,AUTO_CORRECTED,Upstream directory typo 'platics_bags_wrappers' normalized to 'plastics_bags_wrappers'
Non-Recyclable/plastics_bags_wrappers/Obaggo-Dave-andPucks-FTR.jpg,Non-Recyclable/Non-Recyclable/platics_bags_wrappers/Obaggo-Dave-andPucks-FTR.jpg,/content/drive/.shortcut-targets-by-id/1PoprMbg0JKQ7cGC9VyKmeTI1VK1Va65k/Waste_Classification/data/processed/stage2_visual_deduplicated/Non-Recyclable/Non-Recyclable/platics_bags_wrappers/Obaggo-Dave-andPucks-FTR.jpg,Non-Recyclable,plastics_bags_wrappers,platics_bags_wrappers,1,AUTO_CORRECTED,Upstream directory typo 'platics_bags_wrappers' normalized to 'plastics_bags_wrappers'
Non-Recyclable/plastics_bags_wrappers/Pencil_Pouch_-_Impact_3a6f9193-10f0-47c6-8d24-3ae5d3ee0c2c.jpg,Non-Recyclable/Non-Recyclable/platics_bags_wrappers/Pencil_Pouch_-_Impact_3a6f9193-10f0-47c6-8d24-3ae5d3ee0c2c.jpg,/content/drive/.shortcut-targets-by-id/1PoprMbg0JKQ7cGC9VyKmeTI1VK1Va65k/Waste_Classification/data/processed/stage2_visual_deduplicated/Non-Recyclable/Non-Recyclable/platics_bags_wrappers/Pencil_Pouch_-_Impact_3a6f9193-10f0-47c6-8d24-3ae5d3ee0c2c.jpg,Non-Recyclable,plastics_bags_wrappers,platics_bags_wrappers,1,AUTO_CORRECTED,Upstream directory typo 'platics_bags_wrappers' normalized to 'plastics_bags_wrappers'
Non-Recyclable/plastics_bags_wrappers/Plastic-Film-Recycling-Image-from-PMIP.jpg,Non-Recyclable/Non-Recyclable/platics_bags_wrappers/Plastic-Film-Recycling-Image-from-PMIP.jpg,/content/drive/.shortcut-targets-by-id/1PoprMbg0JKQ7cGC9VyKmeTI1VK1Va65k/Waste_Classification/data/processed/stage2_visual_deduplicated/Non-Recyclable/Non-Recyclable/platics_bags_wrappers/Plastic-Film-Recycling-Image-from-PMIP.jpg,Non-Recyclable,plastics_bags_wrappers,platics_bags_wrappers,1,AUTO_CORRECTED,Upstream directory typo 'platics_bags_wrappers' normalized to 'plastics_bags_wrappers'
Non-Recyclable/plastics_bags_wrappers/Plastic-Waste.jpg,Non-Recyclable/Non-Recyclable/platics_bags_wrappers/Plastic-Waste.jpg,/content/drive/.shortcut-targets-by-id/1PoprMbg0JKQ7cGC9VyKmeTI1VK1Va65k/Waste_Classification/data/processed/stage2_visual_deduplicated/Non-Recyclable/Non-Recyclable/platics_bags_wrappers/Plastic-Waste.jpg,Non-Recyclable,plastics_bags_wrappers,platics_bags_wrappers,1,AUTO_CORRECTED,Upstream directory typo 'platics_bags_wrappers' normalized to 'plastics_bags_wrappers'
Non-Recyclable/plastics_bags_wrappers/Plastic-carrier-bags.jpg,Non-Recyclable/Non-Recyclable/platics_bags_wrappers/Plastic-carrier-bags.jpg,/content/drive/.shortcut-targets-by-id/1PoprMbg0JKQ7cGC9VyKmeTI1VK1Va65k/Waste_Classification/data/processed/stage2_visual_deduplicated/Non-Recyclable/Non-Recyclable/platics_bags_wrappers/Plastic-carrier-bags.jpg,Non-Recyclable,plastics_bags_wrappers,platics_bags_wrappers,1,AUTO_CORRECTED,Upstream directory typo 'platics_bags_wrappers' normalized to 'plastics_bags_wrappers'
Non-Recyclable/plastics_bags_wrappers/PlasticBags.png,Non-Recyclable/Non-Recyclable/platics_bags_wrappers/PlasticBags.png,/content/drive/.shortcut-targets-by-id/1PoprMbg0JKQ7cGC9VyKmeTI1VK1Va65k/Waste_Classification/data/processed/stage2_visual_deduplicated/Non-Recyclable/Non-Recyclable/platics_bags_wrappers/PlasticBags.png,Non-Recyclable,plastics_bags_wrappers,platics_bags_wrappers,1,AUTO_CORRECTED,Upstream directory typo 'platics_bags_wrappers' normalized to 'plastics_bags_wrappers'
Non-Recyclable/plastics_bags_wrappers/Plastic_bags_and_wrapping_2.png,Non-Recyclable/Non-Recyclable/platics_bags_wrappers/Plastic_bags_and_wrapping_2.png,/content/drive/.shortcut-targets-by-id/1PoprMbg0JKQ7cGC9VyKmeTI1VK1Va65k/Waste_Classification/data/processed/stage2_visual_deduplicated/Non-Recyclable/Non-Recyclable/platics_bags_wrappers/Plastic_bags_and_wrapping_2.png,Non-Recyclable,plastics_bags_wrappers,platics_bags_wrappers,1,AUTO_CORRECTED,Upstream directory typo 'platics_bags_wrappers' normalized to 'plastics_bags_wrappers'
Non-Recyclable/plastics_bags_wrappers/Plastic_bags_and_wrapping_22.png,Non-Recyclable/Non-Recyclable/platics_bags_wrappers/Plastic_bags_and_wrapping_22.png,/content/drive/.shortcut-targets-by-id/1PoprMbg0JKQ7cGC9VyKmeTI1VK1Va65k/Waste_Classification/data/processed/stage2_visual_deduplicated/Non-Recyclable/Non-Recyclable/platics_bags_wrappers/Plastic_bags_and_wrapping_22.png,Non-Recyclable,plastics_bags_wrappers,platics_bags_wrappers,1,AUTO_CORRECTED,Upstream directory typo 'platics_bags_wrappers' normalized to 'plastics_bags_wrappers'
Non-Recyclable/plastics_bags_wrappers/Pranjali-Kumbhare-Kolkata--1230x767.jpg,Non-Recyclable/Non-Recyclable/platics_bags_wrappers/Pranjali-Kumbhare-Kolkata--1230x767.jpg,/content/drive/.shortcut-targets-by-id/1PoprMbg0JKQ7cGC9VyKmeTI1VK1Va65k/Waste_Classification/data/processed/stage2_visual_deduplicated/Non-Recyclable/Non-Recyclable/platics_bags_wrappers/Pranjali-Kumbhare-Kolkata--1230x767.jpg,Non-Recyclable,plastics_bags_wrappers,platics_bags_wrappers,1,AUTO_CORRECTED,Upstream directory typo 'platics_bags_wrappers' normalized to 'plastics_bags_wrappers'
Non-Recyclable/plastics_bags_wrappers/Rajiben_Colelction_1550_1080_copy_877a0b7e-5472-4ff3-a659-a60754e5abe3_1080x1080.jpg,Non-Recyclable/Non-Recyclable/platics_bags_wrappers/Rajiben_Colelction_1550_1080_copy_877a0b7e-5472-4ff3-a659-a60754e5abe3_1080x1080.jpg,/content/drive/.shortcut-targets-by-id/1PoprMbg0JKQ7cGC9VyKmeTI1VK1Va65k/Waste_Classification/data/processed/stage2_visual_deduplicated/Non-Recyclable/Non-Recyclable/platics_bags_wrappers/Rajiben_Colelction_1550_1080_copy_877a0b7e-5472-4ff3-a659-a60754e5abe3_1080x1080.jpg,Non-Recyclable,plastics_bags_wrappers,platics_bags_wrappers,1,AUTO_CORRECTED,Upstream directory typo 'platics_bags_wrappers' normalized to 'plastics_bags_wrappers'
Non-Recyclable/plastics_bags_wrappers/Ridwell-guy_photo_800.jpg,Non-Recyclable/Non-Recyclable/platics_bags_wrappers/Ridwell-guy_photo_800.jpg,/content/drive/.shortcut-targets-by-id/1PoprMbg0JKQ7cGC9VyKmeTI1VK1Va65k/Waste_Classification/data/processed/stage2_visual_deduplicated/Non-Recyclable/Non-Recyclable/platics_bags_wrappers/Ridwell-guy_photo_800.jpg,Non-Recyclable,plastics_bags_wrappers,platics_bags_wrappers,1,AUTO_CORRECTED,Upstream directory typo 'platics_bags_wrappers' normalized to 'plastics_bags_wrappers'
Non-Recyclable/plastics_bags_wrappers/SDO.png,Non-Recyclable/Non-Recyclable/platics_bags_wrappers/SDO.png,/content/drive/.shortcut-targets-by-id/1PoprMbg0JKQ7cGC9VyKmeTI1VK1Va65k/Waste_Classification/data/processed/stage2_visual_deduplicated/Non-Recyclable/Non-Recyclable/platics_bags_wrappers/SDO.png,Non-Recyclable,plastics_bags_wrappers,platics_bags_wrappers,1,AUTO_CORRECTED,Upstream directory typo 'platics_bags_wrappers' normalized to 'plastics_bags_wrappers'
Non-Recyclable/plastics_bags_wrappers/ShopperTote-Impact_9c760538-e324-4fd4-8e04-48c35caf5152.jpg,Non-Recyclable/Non-Recyclable/platics_bags_wrappers/ShopperTote-Impact_9c760538-e324-4fd4-8e04-48c35caf5152.jpg,/content/drive/.shortcut-targets-by-id/1PoprMbg0JKQ7cGC9VyKmeTI1VK1Va65k/Waste_Classification/data/processed/stage2_visual_deduplicated/Non-Recyclable/Non-Recyclable/platics_bags_wrappers/ShopperTote-Impact_9c760538-e324-4fd4-8e04-48c35caf5152.jpg,Non-Recyclable,plastics_bags_wrappers,platics_bags_wrappers,1,AUTO_CORRECTED,Upstream directory typo 'platics_bags_wrappers' normalized to 'plastics_bags_wrappers'
Non-Recyclable/plastics_bags_wrappers/Somerset1.jpg,Non-Recyclable/Non-Recyclable/platics_bags_wrappers/Somerset1.jpg,/content/drive/.shortcut-targets-by-id/1PoprMbg0JKQ7cGC9VyKmeTI1VK1Va65k/Waste_Classification/data/processed/stage2_visual_deduplicated/Non-Recyclable/Non-Recyclable/platics_bags_wrappers/Somerset1.jpg,Non-Recyclable,plastics_bags_wrappers,platics_bags_wrappers,1,AUTO_CORRECTED,Upstream directory typo 'platics_bags_wrappers' normalized to 'plastics_bags_wrappers'
Non-Recyclable/plastics_bags_wrappers/Sweet-wrappers-empty-1024x576.jpg,Non-Recyclable/Non-Recyclable/platics_bags_wrappers/Sweet-wrappers-empty-1024x576.jpg,/content/drive/.shortcut-targets-by-id/1PoprMbg0JKQ7cGC9VyKmeTI1VK1Va65k/Waste_Classification/data/processed/stage2_visual_deduplicated/Non-Recyclable/Non-Recyclable/platics_bags_wrappers/Sweet-wrappers-empty-1024x576.jpg,Non-Recyclable,plastics_bags_wrappers,platics_bags_wrappers,1,AUTO_CORRECTED,Upstream directory typo 'platics_bags_wrappers' normalized to 'plastics_bags_wrappers'
Non-Recyclable/plastics_bags_wrappers/Tablet_Sleeve_-_Impact_a2c440a0-18f7-45e1-bfeb-23e7aa1b761c.jpg,Non-Recyclable/Non-Recyclable/platics_bags_wrappers/Tablet_Sleeve_-_Impact_a2c440a0-18f7-45e1-bfeb-23e7aa1b761c.jpg,/content/drive/.shortcut-targets-by-id/1PoprMbg0JKQ7cGC9VyKmeTI1VK1Va65k/Waste_Classification/data/processed/stage2_visual_deduplicated/Non-Recyclable/Non-Recyclable/platics_bags_wrappers/Tablet_Sleeve_-_Impact_a2c440a0-18f7-45e1-bfeb-23e7aa1b761c.jpg,Non-Recyclable,plastics_bags_wrappers,platics_bags_wrappers,1,AUTO_CORRECTED,Upstream directory typo 'platics_bags_wrappers' normalized to 'plastics_bags_wrappers'
Non-Recyclable/plastics_bags_wrappers/Trash_bin_in_Paris.jpg,Non-Recyclable/Non-Recyclable/platics_bags_wrappers/Trash_bin_in_Paris.jpg,/content/drive/.shortcut-targets-by-id/1PoprMbg0JKQ7cGC9VyKmeTI1VK1Va65k/Waste_Classification/data/processed/stage2_visual_deduplicated/Non-Recyclable/Non-Recyclable/platics_bags_wrappers/Trash_bin_in_Paris.jpg,Non-Recyclable,plastics_bags_wrappers,platics_bags_wrappers,1,AUTO_CORRECTED,Upstream directory typo 'platics_bags_wrappers' normalized to 'plastics_bags_wrappers'
Non-Recyclable/plastics_bags_wrappers/Various-empty-1024x576.jpg,Non-Recyclable/Non-Recyclable/platics_bags_wrappers/Various-empty-1024x576.jpg,/content/drive/.shortcut-targets-by-id/1PoprMbg0JKQ7cGC9VyKmeTI1VK1Va65k/Waste_Classification/data/processed/stage2_visual_deduplicated/Non-Recyclable/Non-Recyclable/platics_bags_wrappers/Various-empty-1024x576.jpg,Non-Recyclable,plastics_bags_wrappers,platics_bags_wrappers,1,AUTO_CORRECTED,Upstream directory typo 'platics_bags_wrappers' normalized to 'plastics_bags_wrappers'
Non-Recyclable/plastics_bags_wrappers/Why-Are-Plastic-Bags-Bad-for-The-Environment.jpg,Non-Recyclable/Non-Recyclable/platics_bags_wrappers/Why-Are-Plastic-Bags-Bad-for-The-Environment.jpg,/content/drive/.shortcut-targets-by-id/1PoprMbg0JKQ7cGC9VyKmeTI1VK1Va65k/Waste_Classification/data/processed/stage2_visual_deduplicated/Non-Recyclable/Non-Recyclable/platics_bags_wrappers/Why-Are-Plastic-Bags-Bad-for-The-Environment.jpg,Non-Recyclable,plastics_bags_wrappers,platics_bags_wrappers,1,AUTO_CORRECTED,Upstream directory typo 'platics_bags_wrappers' normalized to 'plastics_bags_wrappers'
Non-Recyclable/plastics_bags_wrappers/Wrist_It_-_Impact_b16a8f3d-be40-41e9-b2a4-667e1f79613c.jpg,Non-Recyclable/Non-Recyclable/platics_bags_wrappers/Wrist_It_-_Impact_b16a8f3d-be40-41e9-b2a4-667e1f79613c.jpg,/content/drive/.shortcut-targets-by-id/1PoprMbg0JKQ7cGC9VyKmeTI1VK1Va65k/Waste_Classification/data/processed/stage2_visual_deduplicated/Non-Recyclable/Non-Recyclable/platics_bags_wrappers/Wrist_It_-_Impact_b16a8f3d-be40-41e9-b2a4-667e1f79613c.jpg,Non-Recyclable,plastics_bags_wrappers,platics_bags_wrappers,1,AUTO_CORRECTED,Upstream directory typo 'platics_bags_wrappers' normalized to 'plastics_bags_wrappers'
Non-Recyclable/plastics_bags_wrappers/_117514715_softplasticsimage-002.jpg,Non-Recyclable/Non-Recyclable/platics_bags_wrappers/_117514715_softplasticsimage-002.jpg,/content/drive/.shortcut-targets-by-id/1PoprMbg0JKQ7cGC9VyKmeTI1VK1Va65k/Waste_Classification/data/processed/stage2_visual_deduplicated/Non-Recyclable/Non-Recyclable/platics_bags_wrappers/_117514715_softplasticsimage-002.jpg,Non-Recyclable,plastics_bags_wrappers,platics_bags_wrappers,1,AUTO_CORRECTED,Upstream directory typo 'platics_bags_wrappers' normalized to 'plastics_bags_wrappers'
Non-Recyclable/plastics_bags_wrappers/_117581598_gettyimages-957361834_anindianboysearchesforremainfoodinpolythenepacketsatroadside.jpg,Non-Recyclable/Non-Recyclable/platics_bags_wrappers/_117581598_gettyimages-957361834_anindianboysearchesforremainfoodinpolythenepacketsatroadside.jpg,/content/drive/.shortcut-targets-by-id/1PoprMbg0JKQ7cGC9VyKmeTI1VK1Va65k/Waste_Classification/data/processed/stage2_visual_deduplicated/Non-Recyclable/Non-Recyclable/platics_bags_wrappers/_117581598_gettyimages-957361834_anindianboysearchesforremainfoodinpolythenepacketsatroadside.jpg,Non-Recyclable,plastics_bags_wrappers,platics_bags_wrappers,1,AUTO_CORRECTED,Upstream directory typo 'platics_bags_wrappers' normalized to 'plastics_bags_wrappers'
Non-Recyclable/plastics_bags_wrappers/_23I7370.png,Non-Recyclable/Non-Recyclable/platics_bags_wrappers/_23I7370.png,/content/drive/.shortcut-targets-by-id/1PoprMbg0JKQ7cGC9VyKmeTI1VK1Va65k/Waste_Classification/data/processed/stage2_visual_deduplicated/Non-Recyclable/Non-Recyclable/platics_bags_wrappers/_23I7370.png,Non-Recyclable,plastics_bags_wrappers,platics_bags_wrappers,1,AUTO_CORRECTED,Upstream directory typo 'platics_bags_wrappers' normalized to 'plastics_bags_wrappers'
Non-Recyclable/plastics_bags_wrappers/a-pile-of-plastic-bags-trash-and-garbage-left-by-travellers-and-holidaymakers-BNMCXE.jpg,Non-Recyclable/Non-Recyclable/platics_bags_wrappers/a-pile-of-plastic-bags-trash-and-garbage-left-by-travellers-and-holidaymakers-BNMCXE.jpg,/content/drive/.shortcut-targets-by-id/1PoprMbg0JKQ7cGC9VyKmeTI1VK1Va65k/Waste_Classification/data/processed/stage2_visual_deduplicated/Non-Recyclable/Non-Recyclable/platics_bags_wrappers/a-pile-of-plastic-bags-trash-and-garbage-left-by-travellers-and-holidaymakers-BNMCXE.jpg,Non-Recyclable,plastics_bags_wrappers,platics_bags_wrappers,1,AUTO_CORRECTED,Upstream directory typo 'platics_bags_wrappers' normalized to 'plastics_bags_wrappers'
Non-Recyclable/plastics_bags_wrappers/arkets-for-kitchen-waste-household-plastic-waste-single-use-plastics-2E25P06.jpg,Non-Recyclable/Non-Recyclable/platics_bags_wrappers/arkets-for-kitchen-waste-household-plastic-waste-single-use-plastics-2E25P06.jpg,/content/drive/.shortcut-targets-by-id/1PoprMbg0JKQ7cGC9VyKmeTI1VK1Va65k/Waste_Classification/data/processed/stage2_visual_deduplicated/Non-Recyclable/Non-Recyclable/platics_bags_wrappers/arkets-for-kitchen-waste-household-plastic-waste-single-use-plastics-2E25P06.jpg,Non-Recyclable,plastics_bags_wrappers,platics_bags_wrappers,1,AUTO_CORRECTED,Upstream directory typo 'platics_bags_wrappers' normalized to 'plastics_bags_wrappers'
Non-Recyclable/plastics_bags_wrappers/arkets-for-kitchen-waste-household-plastic-waste-single-use-plastics-2E25P1B.jpg,Non-Recyclable/Non-Recyclable/platics_bags_wrappers/arkets-for-kitchen-waste-household-plastic-waste-single-use-plastics-2E25P1B.jpg,/content/drive/.shortcut-targets-by-id/1PoprMbg0JKQ7cGC9VyKmeTI1VK1Va65k/Waste_Classification/data/processed/stage2_visual_deduplicated/Non-Recyclable/Non-Recyclable/platics_bags_wrappers/arkets-for-kitchen-waste-household-plastic-waste-single-use-plastics-2E25P1B.jpg,Non-Recyclable,plastics_bags_wrappers,platics_bags_wrappers,1,AUTO_CORRECTED,Upstream directory typo 'platics_bags_wrappers' normalized to 'plastics_bags_wrappers'
Non-Recyclable/plastics_bags_wrappers/arkets-for-kitchen-waste-household-plastic-waste-single-use-plastics-2E25P1R.jpg,Non-Recyclable/Non-Recyclable/platics_bags_wrappers/arkets-for-kitchen-waste-household-plastic-waste-single-use-plastics-2E25P1R.jpg,/content/drive/.shortcut-targets-by-id/1PoprMbg0JKQ7cGC9VyKmeTI1VK1Va65k/Waste_Classification/data/processed/stage2_visual_deduplicated/Non-Recyclable/Non-Recyclable/platics_bags_wrappers/arkets-for-kitchen-waste-household-plastic-waste-single-use-plastics-2E25P1R.jpg,Non-Recyclable,plastics_bags_wrappers,platics_bags_wrappers,1,AUTO_CORRECTED,Upstream directory typo 'platics_bags_wrappers' normalized to 'plastics_bags_wrappers'
Non-Recyclable/plastics_bags_wrappers/arkets-for-kitchen-waste-household-plastic-waste-single-use-plastics-2E25P3N.jpg,Non-Recyclable/Non-Recyclable/platics_bags_wrappers/arkets-for-kitchen-waste-household-plastic-waste-single-use-plastics-2E25P3N.jpg,/content/drive/.shortcut-targets-by-id/1PoprMbg0JKQ7cGC9VyKmeTI1VK1Va65k/Waste_Classification/data/processed/stage2_visual_deduplicated/Non-Recyclable/Non-Recyclable/platics_bags_wrappers/arkets-for-kitchen-waste-household-plastic-waste-single-use-plastics-2E25P3N.jpg,Non-Recyclable,plastics_bags_wrappers,platics_bags_wrappers,1,AUTO_CORRECTED,Upstream directory typo 'platics_bags_wrappers' normalized to 'plastics_bags_wrappers'
Non-Recyclable/plastics_bags_wrappers/bags-and-film-you-can-recycle-in-exeter.jpg,Non-Recyclable/Non-Recyclable/platics_bags_wrappers/bags-and-film-you-can-recycle-in-exeter.jpg,/content/drive/.shortcut-targets-by-id/1PoprMbg0JKQ7cGC9VyKmeTI1VK1Va65k/Waste_Classification/data/processed/stage2_visual_deduplicated/Non-Recyclable/Non-Recyclable/platics_bags_wrappers/bags-and-film-you-can-recycle-in-exeter.jpg,Non-Recyclable,plastics_bags_wrappers,platics_bags_wrappers,1,AUTO_CORRECTED,Upstream directory typo 'platics_bags_wrappers' normalized to 'plastics_bags_wrappers'
Non-Recyclable/plastics_bags_wrappers/cd665f1197fabc2e6c6a4d42461b57d8.jpg,Non-Recyclable/Non-Recyclable/platics_bags_wrappers/cd665f1197fabc2e6c6a4d42461b57d8.jpg,/content/drive/.shortcut-targets-by-id/1PoprMbg0JKQ7cGC9VyKmeTI1VK1Va65k/Waste_Classification/data/processed/stage2_visual_deduplicated/Non-Recyclable/Non-Recyclable/platics_bags_wrappers/cd665f1197fabc2e6c6a4d42461b57d8.jpg,Non-Recyclable,plastics_bags_wrappers,platics_bags_wrappers,1,AUTO_CORRECTED,Upstream directory typo 'platics_bags_wrappers' normalized to 'plastics_bags_wrappers'
Non-Recyclable/plastics_bags_wrappers/cenn3ctnls1xawwoaenx.png,Non-Recyclable/Non-Recyclable/platics_bags_wrappers/cenn3ctnls1xawwoaenx.png,/content/drive/.shortcut-targets-by-id/1PoprMbg0JKQ7cGC9VyKmeTI1VK1Va65k/Waste_Classification/data/processed/stage2_visual_deduplicated/Non-Recyclable/Non-Recyclable/platics_bags_wrappers/cenn3ctnls1xawwoaenx.png,Non-Recyclable,plastics_bags_wrappers,platics_bags_wrappers,1,AUTO_CORRECTED,Upstream directory typo 'platics_bags_wrappers' normalized to 'plastics_bags_wrappers'
Non-Recyclable/plastics_bags_wrappers/d5c6c4e209b7b27a34b8d6deaf125c19.jpg,Non-Recyclable/Non-Recyclable/platics_bags_wrappers/d5c6c4e209b7b27a34b8d6deaf125c19.jpg,/content/drive/.shortcut-targets-by-id/1PoprMbg0JKQ7cGC9VyKmeTI1VK1Va65k/Waste_Classification/data/processed/stage2_visual_deduplicated/Non-Recyclable/Non-Recyclable/platics_bags_wrappers/d5c6c4e209b7b27a34b8d6deaf125c19.jpg,Non-Recyclable,plastics_bags_wrappers,platics_bags_wrappers,1,AUTO_CORRECTED,Upstream directory typo 'platics_bags_wrappers' normalized to 'plastics_bags_wrappers'
Non-Recyclable/plastics_bags_wrappers/earth-globe-plastic-bag-pollution-ecology-environment-planet-global-warming_772720-4773.jpg,Non-Recyclable/Non-Recyclable/platics_bags_wrappers/earth-globe-plastic-bag-pollution-ecology-environment-planet-global-warming_772720-4773.jpg,/content/drive/.shortcut-targets-by-id/1PoprMbg0JKQ7cGC9VyKmeTI1VK1Va65k/Waste_Classification/data/processed/stage2_visual_deduplicated/Non-Recyclable/Non-Recyclable/platics_bags_wrappers/earth-globe-plastic-bag-pollution-ecology-environment-planet-global-warming_772720-4773.jpg,Non-Recyclable,plastics_bags_wrappers,platics_bags_wrappers,1,AUTO_CORRECTED,Upstream directory typo 'platics_bags_wrappers' normalized to 'plastics_bags_wrappers'
Non-Recyclable/plastics_bags_wrappers/eco-friendly-alternatives-110.jpg,Non-Recyclable/Non-Recyclable/platics_bags_wrappers/eco-friendly-alternatives-110.jpg,/content/drive/.shortcut-targets-by-id/1PoprMbg0JKQ7cGC9VyKmeTI1VK1Va65k/Waste_Classification/data/processed/stage2_visual_deduplicated/Non-Recyclable/Non-Recyclable/platics_bags_wrappers/eco-friendly-alternatives-110.jpg,Non-Recyclable,plastics_bags_wrappers,platics_bags_wrappers,1,AUTO_CORRECTED,Upstream directory typo 'platics_bags_wrappers' normalized to 'plastics_bags_wrappers'
Non-Recyclable/plastics_bags_wrappers/facebook-gmb-posts-8.png,Non-Recyclable/Non-Recyclable/platics_bags_wrappers/facebook-gmb-posts-8.png,/content/drive/.shortcut-targets-by-id/1PoprMbg0JKQ7cGC9VyKmeTI1VK1Va65k/Waste_Classification/data/processed/stage2_visual_deduplicated/Non-Recyclable/Non-Recyclable/platics_bags_wrappers/facebook-gmb-posts-8.png,Non-Recyclable,plastics_bags_wrappers,platics_bags_wrappers,1,AUTO_CORRECTED,Upstream directory typo 'platics_bags_wrappers' normalized to 'plastics_bags_wrappers'
Non-Recyclable/plastics_bags_wrappers/fe12a09c3997999f704e9f6c38890b90.jpg,Non-Recyclable/Non-Recyclable/platics_bags_wrappers/fe12a09c3997999f704e9f6c38890b90.jpg,/content/drive/.shortcut-targets-by-id/1PoprMbg0JKQ7cGC9VyKmeTI1VK1Va65k/Waste_Classification/data/processed/stage2_visual_deduplicated/Non-Recyclable/Non-Recyclable/platics_bags_wrappers/fe12a09c3997999f704e9f6c38890b90.jpg,Non-Recyclable,plastics_bags_wrappers,platics_bags_wrappers,1,AUTO_CORRECTED,Upstream directory typo 'platics_bags_wrappers' normalized to 'plastics_bags_wrappers'
Non-Recyclable/plastics_bags_wrappers/film-group-image.jpg,Non-Recyclable/Non-Recyclable/platics_bags_wrappers/film-group-image.jpg,/content/drive/.shortcut-targets-by-id/1PoprMbg0JKQ7cGC9VyKmeTI1VK1Va65k/Waste_Classification/data/processed/stage2_visual_deduplicated/Non-Recyclable/Non-Recyclable/platics_bags_wrappers/film-group-image.jpg,Non-Recyclable,plastics_bags_wrappers,platics_bags_wrappers,1,AUTO_CORRECTED,Upstream directory typo 'platics_bags_wrappers' normalized to 'plastics_bags_wrappers'
Non-Recyclable/plastics_bags_wrappers/fruits-in-plastic-bags.jpg,Non-Recyclable/Non-Recyclable/platics_bags_wrappers/fruits-in-plastic-bags.jpg,/content/drive/.shortcut-targets-by-id/1PoprMbg0JKQ7cGC9VyKmeTI1VK1Va65k/Waste_Classification/data/processed/stage2_visual_deduplicated/Non-Recyclable/Non-Recyclable/platics_bags_wrappers/fruits-in-plastic-bags.jpg,Non-Recyclable,plastics_bags_wrappers,platics_bags_wrappers,1,AUTO_CORRECTED,Upstream directory typo 'platics_bags_wrappers' normalized to 'plastics_bags_wrappers'
Non-Recyclable/plastics_bags_wrappers/garbage-1260833_1280.jpg,Non-Recyclable/Non-Recyclable/platics_bags_wrappers/garbage-1260833_1280.jpg,/content/drive/.shortcut-targets-by-id/1PoprMbg0JKQ7cGC9VyKmeTI1VK1Va65k/Waste_Classification/data/processed/stage2_visual_deduplicated/Non-Recyclable/Non-Recyclable/platics_bags_wrappers/garbage-1260833_1280.jpg,Non-Recyclable,plastics_bags_wrappers,platics_bags_wrappers,1,AUTO_CORRECTED,Upstream directory typo 'platics_bags_wrappers' normalized to 'plastics_bags_wrappers'
Non-Recyclable/plastics_bags_wrappers/gettyimages-163310627.jpg,Non-Recyclable/Non-Recyclable/platics_bags_wrappers/gettyimages-163310627.jpg,/content/drive/.shortcut-targets-by-id/1PoprMbg0JKQ7cGC9VyKmeTI1VK1Va65k/Waste_Classification/data/processed/stage2_visual_deduplicated/Non-Recyclable/Non-Recyclable/platics_bags_wrappers/gettyimages-163310627.jpg,Non-Recyclable,plastics_bags_wrappers,platics_bags_wrappers,1,AUTO_CORRECTED,Upstream directory typo 'platics_bags_wrappers' normalized to 'plastics_bags_wrappers'
Non-Recyclable/plastics_bags_wrappers/grocery-plastics-9_slide-709f9469bb300475d6ea6c2038892268a68a2bf0.jpg,Non-Recyclable/Non-Recyclable/platics_bags_wrappers/grocery-plastics-9_slide-709f9469bb300475d6ea6c2038892268a68a2bf0.jpg,/content/drive/.shortcut-targets-by-id/1PoprMbg0JKQ7cGC9VyKmeTI1VK1Va65k/Waste_Classification/data/processed/stage2_visual_deduplicated/Non-Recyclable/Non-Recyclable/platics_bags_wrappers/grocery-plastics-9_slide-709f9469bb300475d6ea6c2038892268a68a2bf0.jpg,Non-Recyclable,plastics_bags_wrappers,platics_bags_wrappers,1,AUTO_CORRECTED,Upstream directory typo 'platics_bags_wrappers' normalized to 'plastics_bags_wrappers'
Non-Recyclable/plastics_bags_wrappers/hqdefault.jpg,Non-Recyclable/Non-Recyclable/platics_bags_wrappers/hqdefault.jpg,/content/drive/.shortcut-targets-by-id/1PoprMbg0JKQ7cGC9VyKmeTI1VK1Va65k/Waste_Classification/data/processed/stage2_visual_deduplicated/Non-Recyclable/Non-Recyclable/platics_bags_wrappers/hqdefault.jpg,Non-Recyclable,plastics_bags_wrappers,platics_bags_wrappers,1,AUTO_CORRECTED,Upstream directory typo 'platics_bags_wrappers' normalized to 'plastics_bags_wrappers'
Non-Recyclable/plastics_bags_wrappers/image29.jpg,Non-Recyclable/Non-Recyclable/platics_bags_wrappers/image29.jpg,/content/drive/.shortcut-targets-by-id/1PoprMbg0JKQ7cGC9VyKmeTI1VK1Va65k/Waste_Classification/data/processed/stage2_visual_deduplicated/Non-Recyclable/Non-Recyclable/platics_bags_wrappers/image29.jpg,Non-Recyclable,plastics_bags_wrappers,platics_bags_wrappers,1,AUTO_CORRECTED,Upstream directory typo 'platics_bags_wrappers' normalized to 'plastics_bags_wrappers'
Non-Recyclable/plastics_bags_wrappers/img_20190310_161026544.jpg,Non-Recyclable/Non-Recyclable/platics_bags_wrappers/img_20190310_161026544.jpg,/content/drive/.shortcut-targets-by-id/1PoprMbg0JKQ7cGC9VyKmeTI1VK1Va65k/Waste_Classification/data/processed/stage2_visual_deduplicated/Non-Recyclable/Non-Recyclable/platics_bags_wrappers/img_20190310_161026544.jpg,Non-Recyclable,plastics_bags_wrappers,platics_bags_wrappers,1,AUTO_CORRECTED,Upstream directory typo 'platics_bags_wrappers' normalized to 'plastics_bags_wrappers'
Non-Recyclable/plastics_bags_wrappers/india-plastic-23_custom-13998d9ff8fe44ed9ab4040afd7381cf716bdaab-s1100-c50.jpg,Non-Recyclable/Non-Recyclable/platics_bags_wrappers/india-plastic-23_custom-13998d9ff8fe44ed9ab4040afd7381cf716bdaab-s1100-c50.jpg,/content/drive/.shortcut-targets-by-id/1PoprMbg0JKQ7cGC9VyKmeTI1VK1Va65k/Waste_Classification/data/processed/stage2_visual_deduplicated/Non-Recyclable/Non-Recyclable/platics_bags_wrappers/india-plastic-23_custom-13998d9ff8fe44ed9ab4040afd7381cf716bdaab-s1100-c50.jpg,Non-Recyclable,plastics_bags_wrappers,platics_bags_wrappers,1,AUTO_CORRECTED,Upstream directory typo 'platics_bags_wrappers' normalized to 'plastics_bags_wrappers'
Non-Recyclable/plastics_bags_wrappers/infographic-v2.png,Non-Recyclable/Non-Recyclable/platics_bags_wrappers/infographic-v2.png,/content/drive/.shortcut-targets-by-id/1PoprMbg0JKQ7cGC9VyKmeTI1VK1Va65k/Waste_Classification/data/processed/stage2_visual_deduplicated/Non-Recyclable/Non-Recyclable/platics_bags_wrappers/infographic-v2.png,Non-Recyclable,plastics_bags_wrappers,platics_bags_wrappers,1,AUTO_CORRECTED,Upstream directory typo 'platics_bags_wrappers' normalized to 'plastics_bags_wrappers'
Non-Recyclable/plastics_bags_wrappers/lastic-bags-flat-vector-illustration-isolated-on-white-background-1817468831.jpg,Non-Recyclable/Non-Recyclable/platics_bags_wrappers/lastic-bags-flat-vector-illustration-isolated-on-white-background-1817468831.jpg,/content/drive/.shortcut-targets-by-id/1PoprMbg0JKQ7cGC9VyKmeTI1VK1Va65k/Waste_Classification/data/processed/stage2_visual_deduplicated/Non-Recyclable/Non-Recyclable/platics_bags_wrappers/lastic-bags-flat-vector-illustration-isolated-on-white-background-1817468831.jpg,Non-Recyclable,plastics_bags_wrappers,platics_bags_wrappers,1,AUTO_CORRECTED,Upstream directory typo 'platics_bags_wrappers' normalized to 'plastics_bags_wrappers'
Non-Recyclable/plastics_bags_wrappers/lawn-in-a-park-concept-of-cleaning-up-and-respecting-the-environment-2J44BER.jpg,Non-Recyclable/Non-Recyclable/platics_bags_wrappers/lawn-in-a-park-concept-of-cleaning-up-and-respecting-the-environment-2J44BER.jpg,/content/drive/.shortcut-targets-by-id/1PoprMbg0JKQ7cGC9VyKmeTI1VK1Va65k/Waste_Classification/data/processed/stage2_visual_deduplicated/Non-Recyclable/Non-Recyclable/platics_bags_wrappers/lawn-in-a-park-concept-of-cleaning-up-and-respecting-the-environment-2J44BER.jpg,Non-Recyclable,plastics_bags_wrappers,platics_bags_wrappers,1,AUTO_CORRECTED,Upstream directory typo 'platics_bags_wrappers' normalized to 'plastics_bags_wrappers'
Non-Recyclable/plastics_bags_wrappers/lawn-in-a-park-concept-of-cleaning-up-and-respecting-the-environment-2J44BFF.jpg,Non-Recyclable/Non-Recyclable/platics_bags_wrappers/lawn-in-a-park-concept-of-cleaning-up-and-respecting-the-environment-2J44BFF.jpg,/content/drive/.shortcut-targets-by-id/1PoprMbg0JKQ7cGC9VyKmeTI1VK1Va65k/Waste_Classification/data/processed/stage2_visual_deduplicated/Non-Recyclable/Non-Recyclable/platics_bags_wrappers/lawn-in-a-park-concept-of-cleaning-up-and-respecting-the-environment-2J44BFF.jpg,Non-Recyclable,plastics_bags_wrappers,platics_bags_wrappers,1,AUTO_CORRECTED,Upstream directory typo 'platics_bags_wrappers' normalized to 'plastics_bags_wrappers'
Non-Recyclable/plastics_bags_wrappers/lawn-in-a-park-concept-of-cleaning-up-and-respecting-the-environment-2J44BG3.jpg,Non-Recyclable/Non-Recyclable/platics_bags_wrappers/lawn-in-a-park-concept-of-cleaning-up-and-respecting-the-environment-2J44BG3.jpg,/content/drive/.shortcut-targets-by-id/1PoprMbg0JKQ7cGC9VyKmeTI1VK1Va65k/Waste_Classification/data/processed/stage2_visual_deduplicated/Non-Recyclable/Non-Recyclable/platics_bags_wrappers/lawn-in-a-park-concept-of-cleaning-up-and-respecting-the-environment-2J44BG3.jpg,Non-Recyclable,plastics_bags_wrappers,platics_bags_wrappers,1,AUTO_CORRECTED,Upstream directory typo 'platics_bags_wrappers' normalized to 'plastics_bags_wrappers'
Non-Recyclable/plastics_bags_wrappers/lebanon-waste-trash-beach-1.jpg__1600x900_q85_crop_subsampling-2.jpg,Non-Recyclable/Non-Recyclable/platics_bags_wrappers/lebanon-waste-trash-beach-1.jpg__1600x900_q85_crop_subsampling-2.jpg,/content/drive/.shortcut-targets-by-id/1PoprMbg0JKQ7cGC9VyKmeTI1VK1Va65k/Waste_Classification/data/processed/stage2_visual_deduplicated/Non-Recyclable/Non-Recyclable/platics_bags_wrappers/lebanon-waste-trash-beach-1.jpg__1600x900_q85_crop_subsampling-2.jpg,Non-Recyclable,plastics_bags_wrappers,platics_bags_wrappers,1,AUTO_CORRECTED,Upstream directory typo 'platics_bags_wrappers' normalized to 'plastics_bags_wrappers'
Non-Recyclable/plastics_bags_wrappers/maxresdefault.jpg,Non-Recyclable/Non-Recyclable/platics_bags_wrappers/maxresdefault.jpg,/content/drive/.shortcut-targets-by-id/1PoprMbg0JKQ7cGC9VyKmeTI1VK1Va65k/Waste_Classification/data/processed/stage2_visual_deduplicated/Non-Recyclable/Non-Recyclable/platics_bags_wrappers/maxresdefault.jpg,Non-Recyclable,plastics_bags_wrappers,platics_bags_wrappers,1,AUTO_CORRECTED,Upstream directory typo 'platics_bags_wrappers' normalized to 'plastics_bags_wrappers'
Non-Recyclable/plastics_bags_wrappers/maxresdefault2.jpg,Non-Recyclable/Non-Recyclable/platics_bags_wrappers/maxresdefault2.jpg,/content/drive/.shortcut-targets-by-id/1PoprMbg0JKQ7cGC9VyKmeTI1VK1Va65k/Waste_Classification/data/processed/stage2_visual_deduplicated/Non-Recyclable/Non-Recyclable/platics_bags_wrappers/maxresdefault2.jpg,Non-Recyclable,plastics_bags_wrappers,platics_bags_wrappers,1,AUTO_CORRECTED,Upstream directory typo 'platics_bags_wrappers' normalized to 'plastics_bags_wrappers'
Non-Recyclable/plastics_bags_wrappers/maxresdefault3.jpg,Non-Recyclable/Non-Recyclable/platics_bags_wrappers/maxresdefault3.jpg,/content/drive/.shortcut-targets-by-id/1PoprMbg0JKQ7cGC9VyKmeTI1VK1Va65k/Waste_Classification/data/processed/stage2_visual_deduplicated/Non-Recyclable/Non-Recyclable/platics_bags_wrappers/maxresdefault3.jpg,Non-Recyclable,plastics_bags_wrappers,platics_bags_wrappers,1,AUTO_CORRECTED,Upstream directory typo 'platics_bags_wrappers' normalized to 'plastics_bags_wrappers'
Non-Recyclable/plastics_bags_wrappers/ndle-disposable-plastic-bag-package-illustration-isolated-on-white-488464864.jpg,Non-Recyclable/Non-Recyclable/platics_bags_wrappers/ndle-disposable-plastic-bag-package-illustration-isolated-on-white-488464864.jpg,/content/drive/.shortcut-targets-by-id/1PoprMbg0JKQ7cGC9VyKmeTI1VK1Va65k/Waste_Classification/data/processed/stage2_visual_deduplicated/Non-Recyclable/Non-Recyclable/platics_bags_wrappers/ndle-disposable-plastic-bag-package-illustration-isolated-on-white-488464864.jpg,Non-Recyclable,plastics_bags_wrappers,platics_bags_wrappers,1,AUTO_CORRECTED,Upstream directory typo 'platics_bags_wrappers' normalized to 'plastics_bags_wrappers'
Non-Recyclable/plastics_bags_wrappers/non-recyclable-plastic-food-bags-food-wrappers-that-cant-be-recycled-EWE9J4.jpg,Non-Recyclable/Non-Recyclable/platics_bags_wrappers/non-recyclable-plastic-food-bags-food-wrappers-that-cant-be-recycled-EWE9J4.jpg,/content/drive/.shortcut-targets-by-id/1PoprMbg0JKQ7cGC9VyKmeTI1VK1Va65k/Waste_Classification/data/processed/stage2_visual_deduplicated/Non-Recyclable/Non-Recyclable/platics_bags_wrappers/non-recyclable-plastic-food-bags-food-wrappers-that-cant-be-recycled-EWE9J4.jpg,Non-Recyclable,plastics_bags_wrappers,platics_bags_wrappers,1,AUTO_CORRECTED,Upstream directory typo 'platics_bags_wrappers' normalized to 'plastics_bags_wrappers'
Non-Recyclable/plastics_bags_wrappers/plastic-bag-recycling.jpg,Non-Recyclable/Non-Recyclable/platics_bags_wrappers/plastic-bag-recycling.jpg,/content/drive/.shortcut-targets-by-id/1PoprMbg0JKQ7cGC9VyKmeTI1VK1Va65k/Waste_Classification/data/processed/stage2_visual_deduplicated/Non-Recyclable/Non-Recyclable/platics_bags_wrappers/plastic-bag-recycling.jpg,Non-Recyclable,plastics_bags_wrappers,platics_bags_wrappers,1,AUTO_CORRECTED,Upstream directory typo 'platics_bags_wrappers' normalized to 'plastics_bags_wrappers'
Non-Recyclable/plastics_bags_wrappers/plastic-bag-seller.jpg,Non-Recyclable/Non-Recyclable/platics_bags_wrappers/plastic-bag-seller.jpg,/content/drive/.shortcut-targets-by-id/1PoprMbg0JKQ7cGC9VyKmeTI1VK1Va65k/Waste_Classification/data/processed/stage2_visual_deduplicated/Non-Recyclable/Non-Recyclable/platics_bags_wrappers/plastic-bag-seller.jpg,Non-Recyclable,plastics_bags_wrappers,platics_bags_wrappers,1,AUTO_CORRECTED,Upstream directory typo 'platics_bags_wrappers' normalized to 'plastics_bags_wrappers'
Non-Recyclable/plastics_bags_wrappers/plastic-bags-scaled.jpg,Non-Recyclable/Non-Recyclable/platics_bags_wrappers/plastic-bags-scaled.jpg,/content/drive/.shortcut-targets-by-id/1PoprMbg0JKQ7cGC9VyKmeTI1VK1Va65k/Waste_Classification/data/processed/stage2_visual_deduplicated/Non-Recyclable/Non-Recyclable/platics_bags_wrappers/plastic-bags-scaled.jpg,Non-Recyclable,plastics_bags_wrappers,platics_bags_wrappers,1,AUTO_CORRECTED,Upstream directory typo 'platics_bags_wrappers' normalized to 'plastics_bags_wrappers'
Non-Recyclable/plastics_bags_wrappers/plastic-bags-wraps-different-colors-blue-background-no-concept-high-quality-photo-245039624.jpg,Non-Recyclable/Non-Recyclable/platics_bags_wrappers/plastic-bags-wraps-different-colors-blue-background-no-concept-high-quality-photo-245039624.jpg,/content/drive/.shortcut-targets-by-id/1PoprMbg0JKQ7cGC9VyKmeTI1VK1Va65k/Waste_Classification/data/processed/stage2_visual_deduplicated/Non-Recyclable/Non-Recyclable/platics_bags_wrappers/plastic-bags-wraps-different-colors-blue-background-no-concept-high-quality-photo-245039624.jpg,Non-Recyclable,plastics_bags_wrappers,platics_bags_wrappers,1,AUTO_CORRECTED,Upstream directory typo 'platics_bags_wrappers' normalized to 'plastics_bags_wrappers'
Non-Recyclable/plastics_bags_wrappers/plastic-bags.jpg,Non-Recyclable/Non-Recyclable/platics_bags_wrappers/plastic-bags.jpg,/content/drive/.shortcut-targets-by-id/1PoprMbg0JKQ7cGC9VyKmeTI1VK1Va65k/Waste_Classification/data/processed/stage2_visual_deduplicated/Non-Recyclable/Non-Recyclable/platics_bags_wrappers/plastic-bags.jpg,Non-Recyclable,plastics_bags_wrappers,platics_bags_wrappers,1,AUTO_CORRECTED,Upstream directory typo 'platics_bags_wrappers' normalized to 'plastics_bags_wrappers'
Non-Recyclable/plastics_bags_wrappers/plastic-film-recycling-1200.png,Non-Recyclable/Non-Recyclable/platics_bags_wrappers/plastic-film-recycling-1200.png,/content/drive/.shortcut-targets-by-id/1PoprMbg0JKQ7cGC9VyKmeTI1VK1Va65k/Waste_Classification/data/processed/stage2_visual_deduplicated/Non-Recyclable/Non-Recyclable/platics_bags_wrappers/plastic-film-recycling-1200.png,Non-Recyclable,plastics_bags_wrappers,platics_bags_wrappers,1,AUTO_CORRECTED,Upstream directory typo 'platics_bags_wrappers' normalized to 'plastics_bags_wrappers'
Non-Recyclable/plastics_bags_wrappers/plastic-pollution-crisis-environmental-damage-at-uk-nature-reserve-2HE3RHJ.jpg,Non-Recyclable/Non-Recyclable/platics_bags_wrappers/plastic-pollution-crisis-environmental-damage-at-uk-nature-reserve-2HE3RHJ.jpg,/content/drive/.shortcut-targets-by-id/1PoprMbg0JKQ7cGC9VyKmeTI1VK1Va65k/Waste_Classification/data/processed/stage2_visual_deduplicated/Non-Recyclable/Non-Recyclable/platics_bags_wrappers/plastic-pollution-crisis-environmental-damage-at-uk-nature-reserve-2HE3RHJ.jpg,Non-Recyclable,plastics_bags_wrappers,platics_bags_wrappers,1,AUTO_CORRECTED,Upstream directory typo 'platics_bags_wrappers' normalized to 'plastics_bags_wrappers'
Non-Recyclable/plastics_bags_wrappers/plastic-wrappers-and-other-garbage-discarded-down-bank-JXJC8A.jpg,Non-Recyclable/Non-Recyclable/platics_bags_wrappers/plastic-wrappers-and-other-garbage-discarded-down-bank-JXJC8A.jpg,/content/drive/.shortcut-targets-by-id/1PoprMbg0JKQ7cGC9VyKmeTI1VK1Va65k/Waste_Classification/data/processed/stage2_visual_deduplicated/Non-Recyclable/Non-Recyclable/platics_bags_wrappers/plastic-wrappers-and-other-garbage-discarded-down-bank-JXJC8A.jpg,Non-Recyclable,plastics_bags_wrappers,platics_bags_wrappers,1,AUTO_CORRECTED,Upstream directory typo 'platics_bags_wrappers' normalized to 'plastics_bags_wrappers'
Non-Recyclable/plastics_bags_wrappers/plastic_bags_are_killing_us.jpg,Non-Recyclable/Non-Recyclable/platics_bags_wrappers/plastic_bags_are_killing_us.jpg,/content/drive/.shortcut-targets-by-id/1PoprMbg0JKQ7cGC9VyKmeTI1VK1Va65k/Waste_Classification/data/processed/stage2_visual_deduplicated/Non-Recyclable/Non-Recyclable/platics_bags_wrappers/plastic_bags_are_killing_us.jpg,Non-Recyclable,plastics_bags_wrappers,platics_bags_wrappers,1,AUTO_CORRECTED,Upstream directory typo 'platics_bags_wrappers' normalized to 'plastics_bags_wrappers'
Non-Recyclable/plastics_bags_wrappers/plastic_wrap_gfx_2.png,Non-Recyclable/Non-Recyclable/platics_bags_wrappers/plastic_wrap_gfx_2.png,/content/drive/.shortcut-targets-by-id/1PoprMbg0JKQ7cGC9VyKmeTI1VK1Va65k/Waste_Classification/data/processed/stage2_visual_deduplicated/Non-Recyclable/Non-Recyclable/platics_bags_wrappers/plastic_wrap_gfx_2.png,Non-Recyclable,plastics_bags_wrappers,platics_bags_wrappers,1,AUTO_CORRECTED,Upstream directory typo 'platics_bags_wrappers' normalized to 'plastics_bags_wrappers'
Non-Recyclable/plastics_bags_wrappers/plasticbags.jpg,Non-Recyclable/Non-Recyclable/platics_bags_wrappers/plasticbags.jpg,/content/drive/.shortcut-targets-by-id/1PoprMbg0JKQ7cGC9VyKmeTI1VK1Va65k/Waste_Classification/data/processed/stage2_visual_deduplicated/Non-Recyclable/Non-Recyclable/platics_bags_wrappers/plasticbags.jpg,Non-Recyclable,plastics_bags_wrappers,platics_bags_wrappers,1,AUTO_CORRECTED,Upstream directory typo 'platics_bags_wrappers' normalized to 'plastics_bags_wrappers'
Non-Recyclable/plastics_bags_wrappers/plasticdomestic.png,Non-Recyclable/Non-Recyclable/platics_bags_wrappers/plasticdomestic.png,/content/drive/.shortcut-targets-by-id/1PoprMbg0JKQ7cGC9VyKmeTI1VK1Va65k/Waste_Classification/data/processed/stage2_visual_deduplicated/Non-Recyclable/Non-Recyclable/platics_bags_wrappers/plasticdomestic.png,Non-Recyclable,plastics_bags_wrappers,platics_bags_wrappers,1,AUTO_CORRECTED,Upstream directory typo 'platics_bags_wrappers' normalized to 'plastics_bags_wrappers'
Non-Recyclable/plastics_bags_wrappers/plasticwrapped.jpg,Non-Recyclable/Non-Recyclable/platics_bags_wrappers/plasticwrapped.jpg,/content/drive/.shortcut-targets-by-id/1PoprMbg0JKQ7cGC9VyKmeTI1VK1Va65k/Waste_Classification/data/processed/stage2_visual_deduplicated/Non-Recyclable/Non-Recyclable/platics_bags_wrappers/plasticwrapped.jpg,Non-Recyclable,plastics_bags_wrappers,platics_bags_wrappers,1,AUTO_CORRECTED,Upstream directory typo 'platics_bags_wrappers' normalized to 'plastics_bags_wrappers'
Non-Recyclable/plastics_bags_wrappers/polythene-bags-1558085838-4911553.jpeg,Non-Recyclable/Non-Recyclable/platics_bags_wrappers/polythene-bags-1558085838-4911553.jpeg,/content/drive/.shortcut-targets-by-id/1PoprMbg0JKQ7cGC9VyKmeTI1VK1Va65k/Waste_Classification/data/processed/stage2_visual_deduplicated/Non-Recyclable/Non-Recyclable/platics_bags_wrappers/polythene-bags-1558085838-4911553.jpeg,Non-Recyclable,plastics_bags_wrappers,platics_bags_wrappers,1,AUTO_CORRECTED,Upstream directory typo 'platics_bags_wrappers' normalized to 'plastics_bags_wrappers'
Non-Recyclable/plastics_bags_wrappers/rappers-green-lawn-park-cleaning-up-respecting-environment-concept-245258516.jpg,Non-Recyclable/Non-Recyclable/platics_bags_wrappers/rappers-green-lawn-park-cleaning-up-respecting-environment-concept-245258516.jpg,/content/drive/.shortcut-targets-by-id/1PoprMbg0JKQ7cGC9VyKmeTI1VK1Va65k/Waste_Classification/data/processed/stage2_visual_deduplicated/Non-Recyclable/Non-Recyclable/platics_bags_wrappers/rappers-green-lawn-park-cleaning-up-respecting-environment-concept-245258516.jpg,Non-Recyclable,plastics_bags_wrappers,platics_bags_wrappers,1,AUTO_CORRECTED,Upstream directory typo 'platics_bags_wrappers' normalized to 'plastics_bags_wrappers'
Non-Recyclable/plastics_bags_wrappers/rappers-green-lawn-park-concept-cleaning-up-respecting-environment-245277060.jpg,Non-Recyclable/Non-Recyclable/platics_bags_wrappers/rappers-green-lawn-park-concept-cleaning-up-respecting-environment-245277060.jpg,/content/drive/.shortcut-targets-by-id/1PoprMbg0JKQ7cGC9VyKmeTI1VK1Va65k/Waste_Classification/data/processed/stage2_visual_deduplicated/Non-Recyclable/Non-Recyclable/platics_bags_wrappers/rappers-green-lawn-park-concept-cleaning-up-respecting-environment-245277060.jpg,Non-Recyclable,plastics_bags_wrappers,platics_bags_wrappers,1,AUTO_CORRECTED,Upstream directory typo 'platics_bags_wrappers' normalized to 'plastics_bags_wrappers'
Non-Recyclable/plastics_bags_wrappers/rechakra-cropped-1618918786.jpg,Non-Recyclable/Non-Recyclable/platics_bags_wrappers/rechakra-cropped-1618918786.jpg,/content/drive/.shortcut-targets-by-id/1PoprMbg0JKQ7cGC9VyKmeTI1VK1Va65k/Waste_Classification/data/processed/stage2_visual_deduplicated/Non-Recyclable/Non-Recyclable/platics_bags_wrappers/rechakra-cropped-1618918786.jpg,Non-Recyclable,plastics_bags_wrappers,platics_bags_wrappers,1,AUTO_CORRECTED,Upstream directory typo 'platics_bags_wrappers' normalized to 'plastics_bags_wrappers'
Non-Recyclable/plastics_bags_wrappers/recycled-plastic-bags-1558087110-4911635.jpeg,Non-Recyclable/Non-Recyclable/platics_bags_wrappers/recycled-plastic-bags-1558087110-4911635.jpeg,/content/drive/.shortcut-targets-by-id/1PoprMbg0JKQ7cGC9VyKmeTI1VK1Va65k/Waste_Classification/data/processed/stage2_visual_deduplicated/Non-Recyclable/Non-Recyclable/platics_bags_wrappers/recycled-plastic-bags-1558087110-4911635.jpeg,Non-Recyclable,plastics_bags_wrappers,platics_bags_wrappers,1,AUTO_CORRECTED,Upstream directory typo 'platics_bags_wrappers' normalized to 'plastics_bags_wrappers'
Non-Recyclable/plastics_bags_wrappers/reusablekitchen-2x1-4259.jpg,Non-Recyclable/Non-Recyclable/platics_bags_wrappers/reusablekitchen-2x1-4259.jpg,/content/drive/.shortcut-targets-by-id/1PoprMbg0JKQ7cGC9VyKmeTI1VK1Va65k/Waste_Classification/data/processed/stage2_visual_deduplicated/Non-Recyclable/Non-Recyclable/platics_bags_wrappers/reusablekitchen-2x1-4259.jpg,Non-Recyclable,plastics_bags_wrappers,platics_bags_wrappers,1,AUTO_CORRECTED,Upstream directory typo 'platics_bags_wrappers' normalized to 'plastics_bags_wrappers'
Non-Recyclable/plastics_bags_wrappers/singleuseplastic_660_091519033806.jpg,Non-Recyclable/Non-Recyclable/platics_bags_wrappers/singleuseplastic_660_091519033806.jpg,/content/drive/.shortcut-targets-by-id/1PoprMbg0JKQ7cGC9VyKmeTI1VK1Va65k/Waste_Classification/data/processed/stage2_visual_deduplicated/Non-Recyclable/Non-Recyclable/platics_bags_wrappers/singleuseplastic_660_091519033806.jpg,Non-Recyclable,plastics_bags_wrappers,platics_bags_wrappers,1,AUTO_CORRECTED,Upstream directory typo 'platics_bags_wrappers' normalized to 'plastics_bags_wrappers'
Non-Recyclable/plastics_bags_wrappers/sinle_use_plastic_660_100219020533.jpg,Non-Recyclable/Non-Recyclable/platics_bags_wrappers/sinle_use_plastic_660_100219020533.jpg,/content/drive/.shortcut-targets-by-id/1PoprMbg0JKQ7cGC9VyKmeTI1VK1Va65k/Waste_Classification/data/processed/stage2_visual_deduplicated/Non-Recyclable/Non-Recyclable/platics_bags_wrappers/sinle_use_plastic_660_100219020533.jpg,Non-Recyclable,plastics_bags_wrappers,platics_bags_wrappers,1,AUTO_CORRECTED,Upstream directory typo 'platics_bags_wrappers' normalized to 'plastics_bags_wrappers'
Non-Recyclable/plastics_bags_wrappers/social.jpg,Non-Recyclable/Non-Recyclable/platics_bags_wrappers/social.jpg,/content/drive/.shortcut-targets-by-id/1PoprMbg0JKQ7cGC9VyKmeTI1VK1Va65k/Waste_Classification/data/processed/stage2_visual_deduplicated/Non-Recyclable/Non-Recyclable/platics_bags_wrappers/social.jpg,Non-Recyclable,plastics_bags_wrappers,platics_bags_wrappers,1,AUTO_CORRECTED,Upstream directory typo 'platics_bags_wrappers' normalized to 'plastics_bags_wrappers'
Non-Recyclable/plastics_bags_wrappers/stic-bags-and-wrappers-by-household-in-fresno-ca-usa-for-november-1592647813.jpg,Non-Recyclable/Non-Recyclable/platics_bags_wrappers/stic-bags-and-wrappers-by-household-in-fresno-ca-usa-for-november-1592647813.jpg,/content/drive/.shortcut-targets-by-id/1PoprMbg0JKQ7cGC9VyKmeTI1VK1Va65k/Waste_Classification/data/processed/stage2_visual_deduplicated/Non-Recyclable/Non-Recyclable/platics_bags_wrappers/stic-bags-and-wrappers-by-household-in-fresno-ca-usa-for-november-1592647813.jpg,Non-Recyclable,plastics_bags_wrappers,platics_bags_wrappers,1,AUTO_CORRECTED,Upstream directory typo 'platics_bags_wrappers' normalized to 'plastics_bags_wrappers'
Non-Recyclable/plastics_bags_wrappers/stic-garbage-bag-collection-streets-city-seasonal-cleaning-service-217606056.jpg,Non-Recyclable/Non-Recyclable/platics_bags_wrappers/stic-garbage-bag-collection-streets-city-seasonal-cleaning-service-217606056.jpg,/content/drive/.shortcut-targets-by-id/1PoprMbg0JKQ7cGC9VyKmeTI1VK1Va65k/Waste_Classification/data/processed/stage2_visual_deduplicated/Non-Recyclable/Non-Recyclable/platics_bags_wrappers/stic-garbage-bag-collection-streets-city-seasonal-cleaning-service-217606056.jpg,Non-Recyclable,plastics_bags_wrappers,platics_bags_wrappers,1,AUTO_CORRECTED,Upstream directory typo 'platics_bags_wrappers' normalized to 'plastics_bags_wrappers'
Non-Recyclable/plastics_bags_wrappers/upcycling-amita-deshpande.jpg,Non-Recyclable/Non-Recyclable/platics_bags_wrappers/upcycling-amita-deshpande.jpg,/content/drive/.shortcut-targets-by-id/1PoprMbg0JKQ7cGC9VyKmeTI1VK1Va65k/Waste_Classification/data/processed/stage2_visual_deduplicated/Non-Recyclable/Non-Recyclable/platics_bags_wrappers/upcycling-amita-deshpande.jpg,Non-Recyclable,plastics_bags_wrappers,platics_bags_wrappers,1,AUTO_CORRECTED,Upstream directory typo 'platics_bags_wrappers' normalized to 'plastics_bags_wrappers'
Non-Recyclable/plastics_bags_wrappers/wasteplastic750px.jpg,Non-Recyclable/Non-Recyclable/platics_bags_wrappers/wasteplastic750px.jpg,/content/drive/.shortcut-targets-by-id/1PoprMbg0JKQ7cGC9VyKmeTI1VK1Va65k/Waste_Classification/data/processed/stage2_visual_deduplicated/Non-Recyclable/Non-Recyclable/platics_bags_wrappers/wasteplastic750px.jpg,Non-Recyclable,plastics_bags_wrappers,platics_bags_wrappers,1,AUTO_CORRECTED,Upstream directory typo 'platics_bags_wrappers' normalized to 'plastics_bags_wrappers'
Non-Recyclable/plastics_bags_wrappers/wrapping-luggage-in-plastic-Cover.jpeg,Non-Recyclable/Non-Recyclable/platics_bags_wrappers/wrapping-luggage-in-plastic-Cover.jpeg,/content/drive/.shortcut-targets-by-id/1PoprMbg0JKQ7cGC9VyKmeTI1VK1Va65k/Waste_Classification/data/processed/stage2_visual_deduplicated/Non-Recyclable/Non-Recyclable/platics_bags_wrappers/wrapping-luggage-in-plastic-Cover.jpeg,Non-Recyclable,plastics_bags_wrappers,platics_bags_wrappers,1,AUTO_CORRECTED,Upstream directory typo 'platics_bags_wrappers' normalized to 'plastics_bags_wrappers'
Non-Recyclable/styrofoam_product/-out-plastic-bag-styrofoam-paper-foam-miscellaneous-rectangle-food-packaging.png,Non-Recyclable/Non-Recyclable/stroform_product/-out-plastic-bag-styrofoam-paper-foam-miscellaneous-rectangle-food-packaging.png,/content/drive/.shortcut-targets-by-id/1PoprMbg0JKQ7cGC9VyKmeTI1VK1Va65k/Waste_Classification/data/processed/stage2_visual_deduplicated/Non-Recyclable/Non-Recyclable/stroform_product/-out-plastic-bag-styrofoam-paper-foam-miscellaneous-rectangle-food-packaging.png,Non-Recyclable,styrofoam_product,stroform_product,1,AUTO_CORRECTED,Upstream directory typo 'stroform_product' normalized to 'styrofoam_product'
Non-Recyclable/styrofoam_product/006599702_1-6aa3222b5bef71610d70bc6e3bad3255-768x994.png,Non-Recyclable/Non-Recyclable/stroform_product/006599702_1-6aa3222b5bef71610d70bc6e3bad3255-768x994.png,/content/drive/.shortcut-targets-by-id/1PoprMbg0JKQ7cGC9VyKmeTI1VK1Va65k/Waste_Classification/data/processed/stage2_visual_deduplicated/Non-Recyclable/Non-Recyclable/stroform_product/006599702_1-6aa3222b5bef71610d70bc6e3bad3255-768x994.png,Non-Recyclable,styrofoam_product,stroform_product,1,AUTO_CORRECTED,Upstream directory typo 'stroform_product' normalized to 'styrofoam_product'
Non-Recyclable/styrofoam_product/1-s2.0-S0959652618336230-fx1.jpg,Non-Recyclable/Non-Recyclable/stroform_product/1-s2.0-S0959652618336230-fx1.jpg,/content/drive/.shortcut-targets-by-id/1PoprMbg0JKQ7cGC9VyKmeTI1VK1Va65k/Waste_Classification/data/processed/stage2_visual_deduplicated/Non-Recyclable/Non-Recyclable/stroform_product/1-s2.0-S0959652618336230-fx1.jpg,Non-Recyclable,styrofoam_product,stroform_product,1,AUTO_CORRECTED,Upstream directory typo 'stroform_product' normalized to 'styrofoam_product'
Non-Recyclable/styrofoam_product/101-recycling-different-packaging-materials-thumbnail.jpg,Non-Recyclable/Non-Recyclable/stroform_product/101-recycling-different-packaging-materials-thumbnail.jpg,/content/drive/.shortcut-targets-by-id/1PoprMbg0JKQ7cGC9VyKmeTI1VK1Va65k/Waste_Classification/data/processed/stage2_visual_deduplicated/Non-Recyclable/Non-Recyclable/stroform_product/101-recycling-different-packaging-materials-thumbnail.jpg,Non-Recyclable,styrofoam_product,stroform_product,1,AUTO_CORRECTED,Upstream directory typo 'stroform_product' normalized to 'styrofoam_product'
Non-Recyclable/styrofoam_product/16-Companies-Rethinking-Packaging.jpg,Non-Recyclable/Non-Recyclable/stroform_product/16-Companies-Rethinking-Packaging.jpg,/content/drive/.shortcut-targets-by-id/1PoprMbg0JKQ7cGC9VyKmeTI1VK1Va65k/Waste_Classification/data/processed/stage2_visual_deduplicated/Non-Recyclable/Non-Recyclable/stroform_product/16-Companies-Rethinking-Packaging.jpg,Non-Recyclable,styrofoam_product,stroform_product,1,AUTO_CORRECTED,Upstream directory typo 'stroform_product' normalized to 'styrofoam_product'
Non-Recyclable/styrofoam_product/1608802952plasticfoodpackaging.jpg,Non-Recyclable/Non-Recyclable/stroform_product/1608802952plasticfoodpackaging.jpg,/content/drive/.shortcut-targets-by-id/1PoprMbg0JKQ7cGC9VyKmeTI1VK1Va65k/Waste_Classification/data/processed/stage2_visual_deduplicated/Non-Recyclable/Non-Recyclable/stroform_product/1608802952plasticfoodpackaging.jpg,Non-Recyclable,styrofoam_product,stroform_product,1,AUTO_CORRECTED,Upstream directory typo 'stroform_product' normalized to 'styrofoam_product'
Non-Recyclable/styrofoam_product/1919463.jpg,Non-Recyclable/Non-Recyclable/stroform_product/1919463.jpg,/content/drive/.shortcut-targets-by-id/1PoprMbg0JKQ7cGC9VyKmeTI1VK1Va65k/Waste_Classification/data/processed/stage2_visual_deduplicated/Non-Recyclable/Non-Recyclable/stroform_product/1919463.jpg,Non-Recyclable,styrofoam_product,stroform_product,1,AUTO_CORRECTED,Upstream directory typo 'stroform_product' normalized to 'styrofoam_product'
Non-Recyclable/styrofoam_product/1cd-600x600.png,Non-Recyclable/Non-Recyclable/stroform_product/1cd-600x600.png,/content/drive/.shortcut-targets-by-id/1PoprMbg0JKQ7cGC9VyKmeTI1VK1Va65k/Waste_Classification/data/processed/stage2_visual_deduplicated/Non-Recyclable/Non-Recyclable/stroform_product/1cd-600x600.png,Non-Recyclable,styrofoam_product,stroform_product,1,AUTO_CORRECTED,Upstream directory typo 'stroform_product' normalized to 'styrofoam_product'
Non-Recyclable/styrofoam_product/200114-compostable-packaging-cups-utensils-plates.pla-plastic-waste-pollution-3-salad.jpg,Non-Recyclable/Non-Recyclable/stroform_product/200114-compostable-packaging-cups-utensils-plates.pla-plastic-waste-pollution-3-salad.jpg,/content/drive/.shortcut-targets-by-id/1PoprMbg0JKQ7cGC9VyKmeTI1VK1Va65k/Waste_Classification/data/processed/stage2_visual_deduplicated/Non-Recyclable/Non-Recyclable/stroform_product/200114-compostable-packaging-cups-utensils-plates.pla-plastic-waste-pollution-3-salad.jpg,Non-Recyclable,styrofoam_product,stroform_product,1,AUTO_CORRECTED,Upstream directory typo 'stroform_product' normalized to 'styrofoam_product'
Non-Recyclable/styrofoam_product/2018-09-Chanalytics-iStock-reduce20foam20packaging20chainalytics_75ps.jpg,Non-Recyclable/Non-Recyclable/stroform_product/2018-09-Chanalytics-iStock-reduce20foam20packaging20chainalytics_75ps.jpg,/content/drive/.shortcut-targets-by-id/1PoprMbg0JKQ7cGC9VyKmeTI1VK1Va65k/Waste_Classification/data/processed/stage2_visual_deduplicated/Non-Recyclable/Non-Recyclable/stroform_product/2018-09-Chanalytics-iStock-reduce20foam20packaging20chainalytics_75ps.jpg,Non-Recyclable,styrofoam_product,stroform_product,1,AUTO_CORRECTED,Upstream directory typo 'stroform_product' normalized to 'styrofoam_product'
Non-Recyclable/styrofoam_product/2018_blog_EcoFriendlyRestaurants_600x400.jpg,Non-Recyclable/Non-Recyclable/stroform_product/2018_blog_EcoFriendlyRestaurants_600x400.jpg,/content/drive/.shortcut-targets-by-id/1PoprMbg0JKQ7cGC9VyKmeTI1VK1Va65k/Waste_Classification/data/processed/stage2_visual_deduplicated/Non-Recyclable/Non-Recyclable/stroform_product/2018_blog_EcoFriendlyRestaurants_600x400.jpg,Non-Recyclable,styrofoam_product,stroform_product,1,AUTO_CORRECTED,Upstream directory typo 'stroform_product' normalized to 'styrofoam_product'
Non-Recyclable/styrofoam_product/250783690442929992.jpg,Non-Recyclable/Non-Recyclable/stroform_product/250783690442929992.jpg,/content/drive/.shortcut-targets-by-id/1PoprMbg0JKQ7cGC9VyKmeTI1VK1Va65k/Waste_Classification/data/processed/stage2_visual_deduplicated/Non-Recyclable/Non-Recyclable/stroform_product/250783690442929992.jpg,Non-Recyclable,styrofoam_product,stroform_product,1,AUTO_CORRECTED,Upstream directory typo 'stroform_product' normalized to 'styrofoam_product'
Non-Recyclable/styrofoam_product/330843799_885703332699899_5678677257182402870_n.jpg,Non-Recyclable/Non-Recyclable/stroform_product/330843799_885703332699899_5678677257182402870_n.jpg,/content/drive/.shortcut-targets-by-id/1PoprMbg0JKQ7cGC9VyKmeTI1VK1Va65k/Waste_Classification/data/processed/stage2_visual_deduplicated/Non-Recyclable/Non-Recyclable/stroform_product/330843799_885703332699899_5678677257182402870_n.jpg,Non-Recyclable,styrofoam_product,stroform_product,1,AUTO_CORRECTED,Upstream directory typo 'stroform_product' normalized to 'styrofoam_product'
Non-Recyclable/styrofoam_product/3_5152_Original_Hot-Food-Packaging-for-Takeaway-Meals-and-Fast-Food_d07f42.jpg,Non-Recyclable/Non-Recyclable/stroform_product/3_5152_Original_Hot-Food-Packaging-for-Takeaway-Meals-and-Fast-Food_d07f42.jpg,/content/drive/.shortcut-targets-by-id/1PoprMbg0JKQ7cGC9VyKmeTI1VK1Va65k/Waste_Classification/data/processed/stage2_visual_deduplicated/Non-Recyclable/Non-Recyclable/stroform_product/3_5152_Original_Hot-Food-Packaging-for-Takeaway-Meals-and-Fast-Food_d07f42.jpg,Non-Recyclable,styrofoam_product,stroform_product,1,AUTO_CORRECTED,Upstream directory typo 'stroform_product' normalized to 'styrofoam_product'
Non-Recyclable/styrofoam_product/77279c_8d2d3bb39b7e4ee5bb26c1a83e6b5669mv2.png,Non-Recyclable/Non-Recyclable/stroform_product/77279c_8d2d3bb39b7e4ee5bb26c1a83e6b5669mv2.png,/content/drive/.shortcut-targets-by-id/1PoprMbg0JKQ7cGC9VyKmeTI1VK1Va65k/Waste_Classification/data/processed/stage2_visual_deduplicated/Non-Recyclable/Non-Recyclable/stroform_product/77279c_8d2d3bb39b7e4ee5bb26c1a83e6b5669mv2.png,Non-Recyclable,styrofoam_product,stroform_product,1,AUTO_CORRECTED,Upstream directory typo 'stroform_product' normalized to 'styrofoam_product'
Non-Recyclable/styrofoam_product/7AOOT_12_KXFOOD_02.jpg,Non-Recyclable/Non-Recyclable/stroform_product/7AOOT_12_KXFOOD_02.jpg,/content/drive/.shortcut-targets-by-id/1PoprMbg0JKQ7cGC9VyKmeTI1VK1Va65k/Waste_Classification/data/processed/stage2_visual_deduplicated/Non-Recyclable/Non-Recyclable/stroform_product/7AOOT_12_KXFOOD_02.jpg,Non-Recyclable,styrofoam_product,stroform_product,1,AUTO_CORRECTED,Upstream directory typo 'stroform_product' normalized to 'styrofoam_product'
Non-Recyclable/styrofoam_product/800px-Yummp_hk_lunchbox.jpg,Non-Recyclable/Non-Recyclable/stroform_product/800px-Yummp_hk_lunchbox.jpg,/content/drive/.shortcut-targets-by-id/1PoprMbg0JKQ7cGC9VyKmeTI1VK1Va65k/Waste_Classification/data/processed/stage2_visual_deduplicated/Non-Recyclable/Non-Recyclable/stroform_product/800px-Yummp_hk_lunchbox.jpg,Non-Recyclable,styrofoam_product,stroform_product,1,AUTO_CORRECTED,Upstream directory typo 'stroform_product' normalized to 'styrofoam_product'
Non-Recyclable/styrofoam_product/819KB-FEqfL._AC_UF10001000_QL80_.jpg,Non-Recyclable/Non-Recyclable/stroform_product/819KB-FEqfL._AC_UF10001000_QL80_.jpg,/content/drive/.shortcut-targets-by-id/1PoprMbg0JKQ7cGC9VyKmeTI1VK1Va65k/Waste_Classification/data/processed/stage2_visual_deduplicated/Non-Recyclable/Non-Recyclable/stroform_product/819KB-FEqfL._AC_UF10001000_QL80_.jpg,Non-Recyclable,styrofoam_product,stroform_product,1,AUTO_CORRECTED,Upstream directory typo 'stroform_product' normalized to 'styrofoam_product'
Non-Recyclable/styrofoam_product/87badfbfd09864be43a29dfc7a906b9b.jpg,Non-Recyclable/Non-Recyclable/stroform_product/87badfbfd09864be43a29dfc7a906b9b.jpg,/content/drive/.shortcut-targets-by-id/1PoprMbg0JKQ7cGC9VyKmeTI1VK1Va65k/Waste_Classification/data/processed/stage2_visual_deduplicated/Non-Recyclable/Non-Recyclable/stroform_product/87badfbfd09864be43a29dfc7a906b9b.jpg,Non-Recyclable,styrofoam_product,stroform_product,1,AUTO_CORRECTED,Upstream directory typo 'stroform_product' normalized to 'styrofoam_product'
Non-Recyclable/styrofoam_product/8f4dfec62271432d866768b7f62c88b4.jpg,Non-Recyclable/Non-Recyclable/stroform_product/8f4dfec62271432d866768b7f62c88b4.jpg,/content/drive/.shortcut-targets-by-id/1PoprMbg0JKQ7cGC9VyKmeTI1VK1Va65k/Waste_Classification/data/processed/stage2_visual_deduplicated/Non-Recyclable/Non-Recyclable/stroform_product/8f4dfec62271432d866768b7f62c88b4.jpg,Non-Recyclable,styrofoam_product,stroform_product,1,AUTO_CORRECTED,Upstream directory typo 'stroform_product' normalized to 'styrofoam_product'
Non-Recyclable/styrofoam_product/AMP-58_62348a9647c53.jpg,Non-Recyclable/Non-Recyclable/stroform_product/AMP-58_62348a9647c53.jpg,/content/drive/.shortcut-targets-by-id/1PoprMbg0JKQ7cGC9VyKmeTI1VK1Va65k/Waste_Classification/data/processed/stage2_visual_deduplicated/Non-Recyclable/Non-Recyclable/stroform_product/AMP-58_62348a9647c53.jpg,Non-Recyclable,styrofoam_product,stroform_product,1,AUTO_CORRECTED,Upstream directory typo 'stroform_product' normalized to 'styrofoam_product'
Non-Recyclable/styrofoam_product/All_About_the_Features_and_Benefits_of_Bagasse_Material.jpg,Non-Recyclable/Non-Recyclable/stroform_product/All_About_the_Features_and_Benefits_of_Bagasse_Material.jpg,/content/drive/.shortcut-targets-by-id/1PoprMbg0JKQ7cGC9VyKmeTI1VK1Va65k/Waste_Classification/data/processed/stage2_visual_deduplicated/Non-Recyclable/Non-Recyclable/stroform_product/All_About_the_Features_and_Benefits_of_Bagasse_Material.jpg,Non-Recyclable,styrofoam_product,stroform_product,1,AUTO_CORRECTED,Upstream directory typo 'stroform_product' normalized to 'styrofoam_product'
Non-Recyclable/styrofoam_product/BagasseContainers-pg9c7yp7i7al8c7b1cr5t240eval1iwbtyh0yvfhxs.png,Non-Recyclable/Non-Recyclable/stroform_product/BagasseContainers-pg9c7yp7i7al8c7b1cr5t240eval1iwbtyh0yvfhxs.png,/content/drive/.shortcut-targets-by-id/1PoprMbg0JKQ7cGC9VyKmeTI1VK1Va65k/Waste_Classification/data/processed/stage2_visual_deduplicated/Non-Recyclable/Non-Recyclable/stroform_product/BagasseContainers-pg9c7yp7i7al8c7b1cr5t240eval1iwbtyh0yvfhxs.png,Non-Recyclable,styrofoam_product,stroform_product,1,AUTO_CORRECTED,Upstream directory typo 'stroform_product' normalized to 'styrofoam_product'
Non-Recyclable/styrofoam_product/Best-eco-friendly-paper-food-packaging-containers-brands-in-Nigeria-1-1.jpeg,Non-Recyclable/Non-Recyclable/stroform_product/Best-eco-friendly-paper-food-packaging-containers-brands-in-Nigeria-1-1.jpeg,/content/drive/.shortcut-targets-by-id/1PoprMbg0JKQ7cGC9VyKmeTI1VK1Va65k/Waste_Classification/data/processed/stage2_visual_deduplicated/Non-Recyclable/Non-Recyclable/stroform_product/Best-eco-friendly-paper-food-packaging-containers-brands-in-Nigeria-1-1.jpeg,Non-Recyclable,styrofoam_product,stroform_product,1,AUTO_CORRECTED,Upstream directory typo 'stroform_product' normalized to 'styrofoam_product'
Non-Recyclable/styrofoam_product/Carryout-Pkg-AdobeStock_249951953-20New-Africa-FTR.jpg,Non-Recyclable/Non-Recyclable/stroform_product/Carryout-Pkg-AdobeStock_249951953-20New-Africa-FTR.jpg,/content/drive/.shortcut-targets-by-id/1PoprMbg0JKQ7cGC9VyKmeTI1VK1Va65k/Waste_Classification/data/processed/stage2_visual_deduplicated/Non-Recyclable/Non-Recyclable/stroform_product/Carryout-Pkg-AdobeStock_249951953-20New-Africa-FTR.jpg,Non-Recyclable,styrofoam_product,stroform_product,1,AUTO_CORRECTED,Upstream directory typo 'stroform_product' normalized to 'styrofoam_product'
Non-Recyclable/styrofoam_product/Copy-of-Style-shot-3.jpg,Non-Recyclable/Non-Recyclable/stroform_product/Copy-of-Style-shot-3.jpg,/content/drive/.shortcut-targets-by-id/1PoprMbg0JKQ7cGC9VyKmeTI1VK1Va65k/Waste_Classification/data/processed/stage2_visual_deduplicated/Non-Recyclable/Non-Recyclable/stroform_product/Copy-of-Style-shot-3.jpg,Non-Recyclable,styrofoam_product,stroform_product,1,AUTO_CORRECTED,Upstream directory typo 'stroform_product' normalized to 'styrofoam_product'
Non-Recyclable/styrofoam_product/Custom-Clamshell-Container-3b.png,Non-Recyclable/Non-Recyclable/stroform_product/Custom-Clamshell-Container-3b.png,/content/drive/.shortcut-targets-by-id/1PoprMbg0JKQ7cGC9VyKmeTI1VK1Va65k/Waste_Classification/data/processed/stage2_visual_deduplicated/Non-Recyclable/Non-Recyclable/stroform_product/Custom-Clamshell-Container-3b.png,Non-Recyclable,styrofoam_product,stroform_product,1,AUTO_CORRECTED,Upstream directory typo 'stroform_product' normalized to 'styrofoam_product'
Non-Recyclable/styrofoam_product/Designed4Trash_2.png,Non-Recyclable/Non-Recyclable/stroform_product/Designed4Trash_2.png,/content/drive/.shortcut-targets-by-id/1PoprMbg0JKQ7cGC9VyKmeTI1VK1Va65k/Waste_Classification/data/processed/stage2_visual_deduplicated/Non-Recyclable/Non-Recyclable/stroform_product/Designed4Trash_2.png,Non-Recyclable,styrofoam_product,stroform_product,1,AUTO_CORRECTED,Upstream directory typo 'stroform_product' normalized to 'styrofoam_product'
Non-Recyclable/styrofoam_product/EPS-for-recycling-scaled.jpg,Non-Recyclable/Non-Recyclable/stroform_product/EPS-for-recycling-scaled.jpg,/content/drive/.shortcut-targets-by-id/1PoprMbg0JKQ7cGC9VyKmeTI1VK1Va65k/Waste_Classification/data/processed/stage2_visual_deduplicated/Non-Recyclable/Non-Recyclable/stroform_product/EPS-for-recycling-scaled.jpg,Non-Recyclable,styrofoam_product,stroform_product,1,AUTO_CORRECTED,Upstream directory typo 'stroform_product' normalized to 'styrofoam_product'
Non-Recyclable/styrofoam_product/Eco-Friendly-Packaging-Alternatives.jpg,Non-Recyclable/Non-Recyclable/stroform_product/Eco-Friendly-Packaging-Alternatives.jpg,/content/drive/.shortcut-targets-by-id/1PoprMbg0JKQ7cGC9VyKmeTI1VK1Va65k/Waste_Classification/data/processed/stage2_visual_deduplicated/Non-Recyclable/Non-Recyclable/stroform_product/Eco-Friendly-Packaging-Alternatives.jpg,Non-Recyclable,styrofoam_product,stroform_product,1,AUTO_CORRECTED,Upstream directory typo 'stroform_product' normalized to 'styrofoam_product'
Non-Recyclable/styrofoam_product/Eco-friendly-Packaging-scaled.jpg,Non-Recyclable/Non-Recyclable/stroform_product/Eco-friendly-Packaging-scaled.jpg,/content/drive/.shortcut-targets-by-id/1PoprMbg0JKQ7cGC9VyKmeTI1VK1Va65k/Waste_Classification/data/processed/stage2_visual_deduplicated/Non-Recyclable/Non-Recyclable/stroform_product/Eco-friendly-Packaging-scaled.jpg,Non-Recyclable,styrofoam_product,stroform_product,1,AUTO_CORRECTED,Upstream directory typo 'stroform_product' normalized to 'styrofoam_product'
Non-Recyclable/styrofoam_product/English-quick-summary_2021-11-16-014257_agwg.jpg,Non-Recyclable/Non-Recyclable/stroform_product/English-quick-summary_2021-11-16-014257_agwg.jpg,/content/drive/.shortcut-targets-by-id/1PoprMbg0JKQ7cGC9VyKmeTI1VK1Va65k/Waste_Classification/data/processed/stage2_visual_deduplicated/Non-Recyclable/Non-Recyclable/stroform_product/English-quick-summary_2021-11-16-014257_agwg.jpg,Non-Recyclable,styrofoam_product,stroform_product,1,AUTO_CORRECTED,Upstream directory typo 'stroform_product' normalized to 'styrofoam_product'
Non-Recyclable/styrofoam_product/Foam20Clam20Shell.jpg,Non-Recyclable/Non-Recyclable/stroform_product/Foam20Clam20Shell.jpg,/content/drive/.shortcut-targets-by-id/1PoprMbg0JKQ7cGC9VyKmeTI1VK1Va65k/Waste_Classification/data/processed/stage2_visual_deduplicated/Non-Recyclable/Non-Recyclable/stroform_product/Foam20Clam20Shell.jpg,Non-Recyclable,styrofoam_product,stroform_product,1,AUTO_CORRECTED,Upstream directory typo 'stroform_product' normalized to 'styrofoam_product'
Non-Recyclable/styrofoam_product/FoldedTakeout_PSD_1.jpg,Non-Recyclable/Non-Recyclable/stroform_product/FoldedTakeout_PSD_1.jpg,/content/drive/.shortcut-targets-by-id/1PoprMbg0JKQ7cGC9VyKmeTI1VK1Va65k/Waste_Classification/data/processed/stage2_visual_deduplicated/Non-Recyclable/Non-Recyclable/stroform_product/FoldedTakeout_PSD_1.jpg,Non-Recyclable,styrofoam_product,stroform_product,1,AUTO_CORRECTED,Upstream directory typo 'stroform_product' normalized to 'styrofoam_product'
Non-Recyclable/styrofoam_product/Food-Packaging-Waste-Statistics-Understanding-the-Rise-of-Food-Packaging-Waste-Feature-Images.jpg,Non-Recyclable/Non-Recyclable/stroform_product/Food-Packaging-Waste-Statistics-Understanding-the-Rise-of-Food-Packaging-Waste-Feature-Images.jpg,/content/drive/.shortcut-targets-by-id/1PoprMbg0JKQ7cGC9VyKmeTI1VK1Va65k/Waste_Classification/data/processed/stage2_visual_deduplicated/Non-Recyclable/Non-Recyclable/stroform_product/Food-Packaging-Waste-Statistics-Understanding-the-Rise-of-Food-Packaging-Waste-Feature-Images.jpg,Non-Recyclable,styrofoam_product,stroform_product,1,AUTO_CORRECTED,Upstream directory typo 'stroform_product' normalized to 'styrofoam_product'
Non-Recyclable/styrofoam_product/Image-by-RODNAY-Productions-Pexels-Canva-Pro.jpg,Non-Recyclable/Non-Recyclable/stroform_product/Image-by-RODNAY-Productions-Pexels-Canva-Pro.jpg,/content/drive/.shortcut-targets-by-id/1PoprMbg0JKQ7cGC9VyKmeTI1VK1Va65k/Waste_Classification/data/processed/stage2_visual_deduplicated/Non-Recyclable/Non-Recyclable/stroform_product/Image-by-RODNAY-Productions-Pexels-Canva-Pro.jpg,Non-Recyclable,styrofoam_product,stroform_product,1,AUTO_CORRECTED,Upstream directory typo 'stroform_product' normalized to 'styrofoam_product'
Non-Recyclable/styrofoam_product/MaterialsBackground.jpg,Non-Recyclable/Non-Recyclable/stroform_product/MaterialsBackground.jpg,/content/drive/.shortcut-targets-by-id/1PoprMbg0JKQ7cGC9VyKmeTI1VK1Va65k/Waste_Classification/data/processed/stage2_visual_deduplicated/Non-Recyclable/Non-Recyclable/stroform_product/MaterialsBackground.jpg,Non-Recyclable,styrofoam_product,stroform_product,1,AUTO_CORRECTED,Upstream directory typo 'stroform_product' normalized to 'styrofoam_product'
Non-Recyclable/styrofoam_product/MaterialsInset-pg995s2adcgk9w92fq5jiv2tkudmqth20lfzr6svbk.png,Non-Recyclable/Non-Recyclable/stroform_product/MaterialsInset-pg995s2adcgk9w92fq5jiv2tkudmqth20lfzr6svbk.png,/content/drive/.shortcut-targets-by-id/1PoprMbg0JKQ7cGC9VyKmeTI1VK1Va65k/Waste_Classification/data/processed/stage2_visual_deduplicated/Non-Recyclable/Non-Recyclable/stroform_product/MaterialsInset-pg995s2adcgk9w92fq5jiv2tkudmqth20lfzr6svbk.png,Non-Recyclable,styrofoam_product,stroform_product,1,AUTO_CORRECTED,Upstream directory typo 'stroform_product' normalized to 'styrofoam_product'
Non-Recyclable/styrofoam_product/McDonalds_Molded_Pulp_Drink_Tray_Top.jpg,Non-Recyclable/Non-Recyclable/stroform_product/McDonalds_Molded_Pulp_Drink_Tray_Top.jpg,/content/drive/.shortcut-targets-by-id/1PoprMbg0JKQ7cGC9VyKmeTI1VK1Va65k/Waste_Classification/data/processed/stage2_visual_deduplicated/Non-Recyclable/Non-Recyclable/stroform_product/McDonalds_Molded_Pulp_Drink_Tray_Top.jpg,Non-Recyclable,styrofoam_product,stroform_product,1,AUTO_CORRECTED,Upstream directory typo 'stroform_product' normalized to 'styrofoam_product'
Non-Recyclable/styrofoam_product/New-Natural-Coloured-Bagasse-plates-and-burger-boxes-copy-1.png,Non-Recyclable/Non-Recyclable/stroform_product/New-Natural-Coloured-Bagasse-plates-and-burger-boxes-copy-1.png,/content/drive/.shortcut-targets-by-id/1PoprMbg0JKQ7cGC9VyKmeTI1VK1Va65k/Waste_Classification/data/processed/stage2_visual_deduplicated/Non-Recyclable/Non-Recyclable/stroform_product/New-Natural-Coloured-Bagasse-plates-and-burger-boxes-copy-1.png,Non-Recyclable,styrofoam_product,stroform_product,1,AUTO_CORRECTED,Upstream directory typo 'stroform_product' normalized to 'styrofoam_product'
Non-Recyclable/styrofoam_product/Packaging_waste_v4.png,Non-Recyclable/Non-Recyclable/stroform_product/Packaging_waste_v4.png,/content/drive/.shortcut-targets-by-id/1PoprMbg0JKQ7cGC9VyKmeTI1VK1Va65k/Waste_Classification/data/processed/stage2_visual_deduplicated/Non-Recyclable/Non-Recyclable/stroform_product/Packaging_waste_v4.png,Non-Recyclable,styrofoam_product,stroform_product,1,AUTO_CORRECTED,Upstream directory typo 'stroform_product' normalized to 'styrofoam_product'
Non-Recyclable/styrofoam_product/Reusable-Containers-Arent-Always-Better-For-The-Environment-Than-Disposable-Ones-New-Research.jpg,Non-Recyclable/Non-Recyclable/stroform_product/Reusable-Containers-Arent-Always-Better-For-The-Environment-Than-Disposable-Ones-New-Research.jpg,/content/drive/.shortcut-targets-by-id/1PoprMbg0JKQ7cGC9VyKmeTI1VK1Va65k/Waste_Classification/data/processed/stage2_visual_deduplicated/Non-Recyclable/Non-Recyclable/stroform_product/Reusable-Containers-Arent-Always-Better-For-The-Environment-Than-Disposable-Ones-New-Research.jpg,Non-Recyclable,styrofoam_product,stroform_product,1,AUTO_CORRECTED,Upstream directory typo 'stroform_product' normalized to 'styrofoam_product'
Non-Recyclable/styrofoam_product/Reuse-Container-by-Forest-Whale-edible-packaging.jpg,Non-Recyclable/Non-Recyclable/stroform_product/Reuse-Container-by-Forest-Whale-edible-packaging.jpg,/content/drive/.shortcut-targets-by-id/1PoprMbg0JKQ7cGC9VyKmeTI1VK1Va65k/Waste_Classification/data/processed/stage2_visual_deduplicated/Non-Recyclable/Non-Recyclable/stroform_product/Reuse-Container-by-Forest-Whale-edible-packaging.jpg,Non-Recyclable,styrofoam_product,stroform_product,1,AUTO_CORRECTED,Upstream directory typo 'stroform_product' normalized to 'styrofoam_product'
Non-Recyclable/styrofoam_product/SS-KH_ShippingGuideTypesOfProtectivePackaging_KH-HRO.jpg,Non-Recyclable/Non-Recyclable/stroform_product/SS-KH_ShippingGuideTypesOfProtectivePackaging_KH-HRO.jpg,/content/drive/.shortcut-targets-by-id/1PoprMbg0JKQ7cGC9VyKmeTI1VK1Va65k/Waste_Classification/data/processed/stage2_visual_deduplicated/Non-Recyclable/Non-Recyclable/stroform_product/SS-KH_ShippingGuideTypesOfProtectivePackaging_KH-HRO.jpg,Non-Recyclable,styrofoam_product,stroform_product,1,AUTO_CORRECTED,Upstream directory typo 'stroform_product' normalized to 'styrofoam_product'
Non-Recyclable/styrofoam_product/Styrofoam-packaging-peauts-200221.jpg,Non-Recyclable/Non-Recyclable/stroform_product/Styrofoam-packaging-peauts-200221.jpg,/content/drive/.shortcut-targets-by-id/1PoprMbg0JKQ7cGC9VyKmeTI1VK1Va65k/Waste_Classification/data/processed/stage2_visual_deduplicated/Non-Recyclable/Non-Recyclable/stroform_product/Styrofoam-packaging-peauts-200221.jpg,Non-Recyclable,styrofoam_product,stroform_product,1,AUTO_CORRECTED,Upstream directory typo 'stroform_product' normalized to 'styrofoam_product'
Non-Recyclable/styrofoam_product/StyrofoamContainers.jpg,Non-Recyclable/Non-Recyclable/stroform_product/StyrofoamContainers.jpg,/content/drive/.shortcut-targets-by-id/1PoprMbg0JKQ7cGC9VyKmeTI1VK1Va65k/Waste_Classification/data/processed/stage2_visual_deduplicated/Non-Recyclable/Non-Recyclable/stroform_product/StyrofoamContainers.jpg,Non-Recyclable,styrofoam_product,stroform_product,1,AUTO_CORRECTED,Upstream directory typo 'stroform_product' normalized to 'styrofoam_product'
Non-Recyclable/styrofoam_product/Styrolution_Polystyrene_Yogurt_Pack.5556431b08b331afb8caff3e2378a101.jpg,Non-Recyclable/Non-Recyclable/stroform_product/Styrolution_Polystyrene_Yogurt_Pack.5556431b08b331afb8caff3e2378a101.jpg,/content/drive/.shortcut-targets-by-id/1PoprMbg0JKQ7cGC9VyKmeTI1VK1Va65k/Waste_Classification/data/processed/stage2_visual_deduplicated/Non-Recyclable/Non-Recyclable/stroform_product/Styrolution_Polystyrene_Yogurt_Pack.5556431b08b331afb8caff3e2378a101.jpg,Non-Recyclable,styrofoam_product,stroform_product,1,AUTO_CORRECTED,Upstream directory typo 'stroform_product' normalized to 'styrofoam_product'
Non-Recyclable/styrofoam_product/TYPES-OF-FOOD-PACKAGING.png,Non-Recyclable/Non-Recyclable/stroform_product/TYPES-OF-FOOD-PACKAGING.png,/content/drive/.shortcut-targets-by-id/1PoprMbg0JKQ7cGC9VyKmeTI1VK1Va65k/Waste_Classification/data/processed/stage2_visual_deduplicated/Non-Recyclable/Non-Recyclable/stroform_product/TYPES-OF-FOOD-PACKAGING.png,Non-Recyclable,styrofoam_product,stroform_product,1,AUTO_CORRECTED,Upstream directory typo 'stroform_product' normalized to 'styrofoam_product'
Non-Recyclable/styrofoam_product/Thermoplastics-and-their-used-in-food-packaging.png,Non-Recyclable/Non-Recyclable/stroform_product/Thermoplastics-and-their-used-in-food-packaging.png,/content/drive/.shortcut-targets-by-id/1PoprMbg0JKQ7cGC9VyKmeTI1VK1Va65k/Waste_Classification/data/processed/stage2_visual_deduplicated/Non-Recyclable/Non-Recyclable/stroform_product/Thermoplastics-and-their-used-in-food-packaging.png,Non-Recyclable,styrofoam_product,stroform_product,1,AUTO_CORRECTED,Upstream directory typo 'stroform_product' normalized to 'styrofoam_product'
Non-Recyclable/styrofoam_product/Types-of-food-containers-considered-in-the-study-A-Aluminium-takeaway-container-B.jpg,Non-Recyclable/Non-Recyclable/stroform_product/Types-of-food-containers-considered-in-the-study-A-Aluminium-takeaway-container-B.jpg,/content/drive/.shortcut-targets-by-id/1PoprMbg0JKQ7cGC9VyKmeTI1VK1Va65k/Waste_Classification/data/processed/stage2_visual_deduplicated/Non-Recyclable/Non-Recyclable/stroform_product/Types-of-food-containers-considered-in-the-study-A-Aluminium-takeaway-container-B.jpg,Non-Recyclable,styrofoam_product,stroform_product,1,AUTO_CORRECTED,Upstream directory typo 'stroform_product' normalized to 'styrofoam_product'
Non-Recyclable/styrofoam_product/Untitled-1024-C397-768px-16-1200x900.jpg,Non-Recyclable/Non-Recyclable/stroform_product/Untitled-1024-C397-768px-16-1200x900.jpg,/content/drive/.shortcut-targets-by-id/1PoprMbg0JKQ7cGC9VyKmeTI1VK1Va65k/Waste_Classification/data/processed/stage2_visual_deduplicated/Non-Recyclable/Non-Recyclable/stroform_product/Untitled-1024-C397-768px-16-1200x900.jpg,Non-Recyclable,styrofoam_product,stroform_product,1,AUTO_CORRECTED,Upstream directory typo 'stroform_product' normalized to 'styrofoam_product'
Non-Recyclable/styrofoam_product/____whereyouare.co--1-.jpg,Non-Recyclable/Non-Recyclable/stroform_product/____whereyouare.co--1-.jpg,/content/drive/.shortcut-targets-by-id/1PoprMbg0JKQ7cGC9VyKmeTI1VK1Va65k/Waste_Classification/data/processed/stage2_visual_deduplicated/Non-Recyclable/Non-Recyclable/stroform_product/____whereyouare.co--1-.jpg,Non-Recyclable,styrofoam_product,stroform_product,1,AUTO_CORRECTED,Upstream directory typo 'stroform_product' normalized to 'styrofoam_product'
Non-Recyclable/styrofoam_product/bbdcdabfab359104e5e0d6d62b2b1bb0-e1604602972745.png,Non-Recyclable/Non-Recyclable/stroform_product/bbdcdabfab359104e5e0d6d62b2b1bb0-e1604602972745.png,/content/drive/.shortcut-targets-by-id/1PoprMbg0JKQ7cGC9VyKmeTI1VK1Va65k/Waste_Classification/data/processed/stage2_visual_deduplicated/Non-Recyclable/Non-Recyclable/stroform_product/bbdcdabfab359104e5e0d6d62b2b1bb0-e1604602972745.png,Non-Recyclable,styrofoam_product,stroform_product,1,AUTO_CORRECTED,Upstream directory typo 'stroform_product' normalized to 'styrofoam_product'
Non-Recyclable/styrofoam_product/blog-containers.jpg,Non-Recyclable/Non-Recyclable/stroform_product/blog-containers.jpg,/content/drive/.shortcut-targets-by-id/1PoprMbg0JKQ7cGC9VyKmeTI1VK1Va65k/Waste_Classification/data/processed/stage2_visual_deduplicated/Non-Recyclable/Non-Recyclable/stroform_product/blog-containers.jpg,Non-Recyclable,styrofoam_product,stroform_product,1,AUTO_CORRECTED,Upstream directory typo 'stroform_product' normalized to 'styrofoam_product'
Non-Recyclable/styrofoam_product/blog-takeout-header.jpg,Non-Recyclable/Non-Recyclable/stroform_product/blog-takeout-header.jpg,/content/drive/.shortcut-targets-by-id/1PoprMbg0JKQ7cGC9VyKmeTI1VK1Va65k/Waste_Classification/data/processed/stage2_visual_deduplicated/Non-Recyclable/Non-Recyclable/stroform_product/blog-takeout-header.jpg,Non-Recyclable,styrofoam_product,stroform_product,1,AUTO_CORRECTED,Upstream directory typo 'stroform_product' normalized to 'styrofoam_product'
Non-Recyclable/styrofoam_product/box-packed-with-styrofoam.jpg,Non-Recyclable/Non-Recyclable/stroform_product/box-packed-with-styrofoam.jpg,/content/drive/.shortcut-targets-by-id/1PoprMbg0JKQ7cGC9VyKmeTI1VK1Va65k/Waste_Classification/data/processed/stage2_visual_deduplicated/Non-Recyclable/Non-Recyclable/stroform_product/box-packed-with-styrofoam.jpg,Non-Recyclable,styrofoam_product,stroform_product,1,AUTO_CORRECTED,Upstream directory typo 'stroform_product' normalized to 'styrofoam_product'
Non-Recyclable/styrofoam_product/burgers-2.jpg,Non-Recyclable/Non-Recyclable/stroform_product/burgers-2.jpg,/content/drive/.shortcut-targets-by-id/1PoprMbg0JKQ7cGC9VyKmeTI1VK1Va65k/Waste_Classification/data/processed/stage2_visual_deduplicated/Non-Recyclable/Non-Recyclable/stroform_product/burgers-2.jpg,Non-Recyclable,styrofoam_product,stroform_product,1,AUTO_CORRECTED,Upstream directory typo 'stroform_product' normalized to 'styrofoam_product'
Non-Recyclable/styrofoam_product/containers_and_packaging_picture.jpg,Non-Recyclable/Non-Recyclable/stroform_product/containers_and_packaging_picture.jpg,/content/drive/.shortcut-targets-by-id/1PoprMbg0JKQ7cGC9VyKmeTI1VK1Va65k/Waste_Classification/data/processed/stage2_visual_deduplicated/Non-Recyclable/Non-Recyclable/stroform_product/containers_and_packaging_picture.jpg,Non-Recyclable,styrofoam_product,stroform_product,1,AUTO_CORRECTED,Upstream directory typo 'stroform_product' normalized to 'styrofoam_product'
Non-Recyclable/styrofoam_product/e3ea5ac8147d2274b0e1f61b09fbedc2.jpg,Non-Recyclable/Non-Recyclable/stroform_product/e3ea5ac8147d2274b0e1f61b09fbedc2.jpg,/content/drive/.shortcut-targets-by-id/1PoprMbg0JKQ7cGC9VyKmeTI1VK1Va65k/Waste_Classification/data/processed/stage2_visual_deduplicated/Non-Recyclable/Non-Recyclable/stroform_product/e3ea5ac8147d2274b0e1f61b09fbedc2.jpg,Non-Recyclable,styrofoam_product,stroform_product,1,AUTO_CORRECTED,Upstream directory typo 'stroform_product' normalized to 'styrofoam_product'
Non-Recyclable/styrofoam_product/eco-friendly-food-packaging_feature.jpg,Non-Recyclable/Non-Recyclable/stroform_product/eco-friendly-food-packaging_feature.jpg,/content/drive/.shortcut-targets-by-id/1PoprMbg0JKQ7cGC9VyKmeTI1VK1Va65k/Waste_Classification/data/processed/stage2_visual_deduplicated/Non-Recyclable/Non-Recyclable/stroform_product/eco-friendly-food-packaging_feature.jpg,Non-Recyclable,styrofoam_product,stroform_product,1,AUTO_CORRECTED,Upstream directory typo 'stroform_product' normalized to 'styrofoam_product'
Non-Recyclable/styrofoam_product/eco-friendly-food-packaging_header.jpg,Non-Recyclable/Non-Recyclable/stroform_product/eco-friendly-food-packaging_header.jpg,/content/drive/.shortcut-targets-by-id/1PoprMbg0JKQ7cGC9VyKmeTI1VK1Va65k/Waste_Classification/data/processed/stage2_visual_deduplicated/Non-Recyclable/Non-Recyclable/stroform_product/eco-friendly-food-packaging_header.jpg,Non-Recyclable,styrofoam_product,stroform_product,1,AUTO_CORRECTED,Upstream directory typo 'stroform_product' normalized to 'styrofoam_product'
Non-Recyclable/styrofoam_product/eom212107-gra-0001-m.jpg,Non-Recyclable/Non-Recyclable/stroform_product/eom212107-gra-0001-m.jpg,/content/drive/.shortcut-targets-by-id/1PoprMbg0JKQ7cGC9VyKmeTI1VK1Va65k/Waste_Classification/data/processed/stage2_visual_deduplicated/Non-Recyclable/Non-Recyclable/stroform_product/eom212107-gra-0001-m.jpg,Non-Recyclable,styrofoam_product,stroform_product,1,AUTO_CORRECTED,Upstream directory typo 'stroform_product' normalized to 'styrofoam_product'
Non-Recyclable/styrofoam_product/expanded-polystyrene.jpg,Non-Recyclable/Non-Recyclable/stroform_product/expanded-polystyrene.jpg,/content/drive/.shortcut-targets-by-id/1PoprMbg0JKQ7cGC9VyKmeTI1VK1Va65k/Waste_Classification/data/processed/stage2_visual_deduplicated/Non-Recyclable/Non-Recyclable/stroform_product/expanded-polystyrene.jpg,Non-Recyclable,styrofoam_product,stroform_product,1,AUTO_CORRECTED,Upstream directory typo 'stroform_product' normalized to 'styrofoam_product'
Non-Recyclable/styrofoam_product/foam-alternative-packaging.jpg,Non-Recyclable/Non-Recyclable/stroform_product/foam-alternative-packaging.jpg,/content/drive/.shortcut-targets-by-id/1PoprMbg0JKQ7cGC9VyKmeTI1VK1Va65k/Waste_Classification/data/processed/stage2_visual_deduplicated/Non-Recyclable/Non-Recyclable/stroform_product/foam-alternative-packaging.jpg,Non-Recyclable,styrofoam_product,stroform_product,1,AUTO_CORRECTED,Upstream directory typo 'stroform_product' normalized to 'styrofoam_product'
Non-Recyclable/styrofoam_product/foam-packaging-waste.jpg,Non-Recyclable/Non-Recyclable/stroform_product/foam-packaging-waste.jpg,/content/drive/.shortcut-targets-by-id/1PoprMbg0JKQ7cGC9VyKmeTI1VK1Va65k/Waste_Classification/data/processed/stage2_visual_deduplicated/Non-Recyclable/Non-Recyclable/stroform_product/foam-packaging-waste.jpg,Non-Recyclable,styrofoam_product,stroform_product,1,AUTO_CORRECTED,Upstream directory typo 'stroform_product' normalized to 'styrofoam_product'
Non-Recyclable/styrofoam_product/foam-plastic-no6.png,Non-Recyclable/Non-Recyclable/stroform_product/foam-plastic-no6.png,/content/drive/.shortcut-targets-by-id/1PoprMbg0JKQ7cGC9VyKmeTI1VK1Va65k/Waste_Classification/data/processed/stage2_visual_deduplicated/Non-Recyclable/Non-Recyclable/stroform_product/foam-plastic-no6.png,Non-Recyclable,styrofoam_product,stroform_product,1,AUTO_CORRECTED,Upstream directory typo 'stroform_product' normalized to 'styrofoam_product'
Non-Recyclable/styrofoam_product/foam20containers.jpg,Non-Recyclable/Non-Recyclable/stroform_product/foam20containers.jpg,/content/drive/.shortcut-targets-by-id/1PoprMbg0JKQ7cGC9VyKmeTI1VK1Va65k/Waste_Classification/data/processed/stage2_visual_deduplicated/Non-Recyclable/Non-Recyclable/stroform_product/foam20containers.jpg,Non-Recyclable,styrofoam_product,stroform_product,1,AUTO_CORRECTED,Upstream directory typo 'stroform_product' normalized to 'styrofoam_product'
Non-Recyclable/styrofoam_product/food-packaging-1.jpg,Non-Recyclable/Non-Recyclable/stroform_product/food-packaging-1.jpg,/content/drive/.shortcut-targets-by-id/1PoprMbg0JKQ7cGC9VyKmeTI1VK1Va65k/Waste_Classification/data/processed/stage2_visual_deduplicated/Non-Recyclable/Non-Recyclable/stroform_product/food-packaging-1.jpg,Non-Recyclable,styrofoam_product,stroform_product,1,AUTO_CORRECTED,Upstream directory typo 'stroform_product' normalized to 'styrofoam_product'
Non-Recyclable/styrofoam_product/food-packaging-containers-bamboo-glass-eco-1296x728-header.jpg,Non-Recyclable/Non-Recyclable/stroform_product/food-packaging-containers-bamboo-glass-eco-1296x728-header.jpg,/content/drive/.shortcut-targets-by-id/1PoprMbg0JKQ7cGC9VyKmeTI1VK1Va65k/Waste_Classification/data/processed/stage2_visual_deduplicated/Non-Recyclable/Non-Recyclable/stroform_product/food-packaging-containers-bamboo-glass-eco-1296x728-header.jpg,Non-Recyclable,styrofoam_product,stroform_product,1,AUTO_CORRECTED,Upstream directory typo 'stroform_product' normalized to 'styrofoam_product'
Non-Recyclable/styrofoam_product/food-packaging-regulations-fi-1.jpg,Non-Recyclable/Non-Recyclable/stroform_product/food-packaging-regulations-fi-1.jpg,/content/drive/.shortcut-targets-by-id/1PoprMbg0JKQ7cGC9VyKmeTI1VK1Va65k/Waste_Classification/data/processed/stage2_visual_deduplicated/Non-Recyclable/Non-Recyclable/stroform_product/food-packaging-regulations-fi-1.jpg,Non-Recyclable,styrofoam_product,stroform_product,1,AUTO_CORRECTED,Upstream directory typo 'stroform_product' normalized to 'styrofoam_product'
Non-Recyclable/styrofoam_product/food-packaging-report.jpg,Non-Recyclable/Non-Recyclable/stroform_product/food-packaging-report.jpg,/content/drive/.shortcut-targets-by-id/1PoprMbg0JKQ7cGC9VyKmeTI1VK1Va65k/Waste_Classification/data/processed/stage2_visual_deduplicated/Non-Recyclable/Non-Recyclable/stroform_product/food-packaging-report.jpg,Non-Recyclable,styrofoam_product,stroform_product,1,AUTO_CORRECTED,Upstream directory typo 'stroform_product' normalized to 'styrofoam_product'
Non-Recyclable/styrofoam_product/food-packaging-reports-examples.jpg,Non-Recyclable/Non-Recyclable/stroform_product/food-packaging-reports-examples.jpg,/content/drive/.shortcut-targets-by-id/1PoprMbg0JKQ7cGC9VyKmeTI1VK1Va65k/Waste_Classification/data/processed/stage2_visual_deduplicated/Non-Recyclable/Non-Recyclable/stroform_product/food-packaging-reports-examples.jpg,Non-Recyclable,styrofoam_product,stroform_product,1,AUTO_CORRECTED,Upstream directory typo 'stroform_product' normalized to 'styrofoam_product'
Non-Recyclable/styrofoam_product/food-packaging-tip-sheet.jpg,Non-Recyclable/Non-Recyclable/stroform_product/food-packaging-tip-sheet.jpg,/content/drive/.shortcut-targets-by-id/1PoprMbg0JKQ7cGC9VyKmeTI1VK1Va65k/Waste_Classification/data/processed/stage2_visual_deduplicated/Non-Recyclable/Non-Recyclable/stroform_product/food-packaging-tip-sheet.jpg,Non-Recyclable,styrofoam_product,stroform_product,1,AUTO_CORRECTED,Upstream directory typo 'stroform_product' normalized to 'styrofoam_product'
Non-Recyclable/styrofoam_product/food-packaging_0.jpg,Non-Recyclable/Non-Recyclable/stroform_product/food-packaging_0.jpg,/content/drive/.shortcut-targets-by-id/1PoprMbg0JKQ7cGC9VyKmeTI1VK1Va65k/Waste_Classification/data/processed/stage2_visual_deduplicated/Non-Recyclable/Non-Recyclable/stroform_product/food-packaging_0.jpg,Non-Recyclable,styrofoam_product,stroform_product,1,AUTO_CORRECTED,Upstream directory typo 'stroform_product' normalized to 'styrofoam_product'
Non-Recyclable/styrofoam_product/food_packaging_i8860_20180911_093_3x2.jpg,Non-Recyclable/Non-Recyclable/stroform_product/food_packaging_i8860_20180911_093_3x2.jpg,/content/drive/.shortcut-targets-by-id/1PoprMbg0JKQ7cGC9VyKmeTI1VK1Va65k/Waste_Classification/data/processed/stage2_visual_deduplicated/Non-Recyclable/Non-Recyclable/stroform_product/food_packaging_i8860_20180911_093_3x2.jpg,Non-Recyclable,styrofoam_product,stroform_product,1,AUTO_CORRECTED,Upstream directory typo 'stroform_product' normalized to 'styrofoam_product'
Non-Recyclable/styrofoam_product/foods-12-01057-g001.png,Non-Recyclable/Non-Recyclable/stroform_product/foods-12-01057-g001.png,/content/drive/.shortcut-targets-by-id/1PoprMbg0JKQ7cGC9VyKmeTI1VK1Va65k/Waste_Classification/data/processed/stage2_visual_deduplicated/Non-Recyclable/Non-Recyclable/stroform_product/foods-12-01057-g001.png,Non-Recyclable,styrofoam_product,stroform_product,1,AUTO_CORRECTED,Upstream directory typo 'stroform_product' normalized to 'styrofoam_product'
Non-Recyclable/styrofoam_product/four-types-of-packaging-materials-used-in-the-food-industry.jpg,Non-Recyclable/Non-Recyclable/stroform_product/four-types-of-packaging-materials-used-in-the-food-industry.jpg,/content/drive/.shortcut-targets-by-id/1PoprMbg0JKQ7cGC9VyKmeTI1VK1Va65k/Waste_Classification/data/processed/stage2_visual_deduplicated/Non-Recyclable/Non-Recyclable/stroform_product/four-types-of-packaging-materials-used-in-the-food-industry.jpg,Non-Recyclable,styrofoam_product,stroform_product,1,AUTO_CORRECTED,Upstream directory typo 'stroform_product' normalized to 'styrofoam_product'
Non-Recyclable/styrofoam_product/harmful-chemicals-food-packaging.jpg,Non-Recyclable/Non-Recyclable/stroform_product/harmful-chemicals-food-packaging.jpg,/content/drive/.shortcut-targets-by-id/1PoprMbg0JKQ7cGC9VyKmeTI1VK1Va65k/Waste_Classification/data/processed/stage2_visual_deduplicated/Non-Recyclable/Non-Recyclable/stroform_product/harmful-chemicals-food-packaging.jpg,Non-Recyclable,styrofoam_product,stroform_product,1,AUTO_CORRECTED,Upstream directory typo 'stroform_product' normalized to 'styrofoam_product'
Non-Recyclable/styrofoam_product/image32.jpg,Non-Recyclable/Non-Recyclable/stroform_product/image32.jpg,/content/drive/.shortcut-targets-by-id/1PoprMbg0JKQ7cGC9VyKmeTI1VK1Va65k/Waste_Classification/data/processed/stage2_visual_deduplicated/Non-Recyclable/Non-Recyclable/stroform_product/image32.jpg,Non-Recyclable,styrofoam_product,stroform_product,1,AUTO_CORRECTED,Upstream directory typo 'stroform_product' normalized to 'styrofoam_product'
Non-Recyclable/styrofoam_product/ing-takeaway-foam-lunch-boxes-single-use-food-containers-close-up-1792562215.jpg,Non-Recyclable/Non-Recyclable/stroform_product/ing-takeaway-foam-lunch-boxes-single-use-food-containers-close-up-1792562215.jpg,/content/drive/.shortcut-targets-by-id/1PoprMbg0JKQ7cGC9VyKmeTI1VK1Va65k/Waste_Classification/data/processed/stage2_visual_deduplicated/Non-Recyclable/Non-Recyclable/stroform_product/ing-takeaway-foam-lunch-boxes-single-use-food-containers-close-up-1792562215.jpg,Non-Recyclable,styrofoam_product,stroform_product,1,AUTO_CORRECTED,Upstream directory typo 'stroform_product' normalized to 'styrofoam_product'
Non-Recyclable/styrofoam_product/lam-dung-hop-xop-1.jpg,Non-Recyclable/Non-Recyclable/stroform_product/lam-dung-hop-xop-1.jpg,/content/drive/.shortcut-targets-by-id/1PoprMbg0JKQ7cGC9VyKmeTI1VK1Va65k/Waste_Classification/data/processed/stage2_visual_deduplicated/Non-Recyclable/Non-Recyclable/stroform_product/lam-dung-hop-xop-1.jpg,Non-Recyclable,styrofoam_product,stroform_product,1,AUTO_CORRECTED,Upstream directory typo 'stroform_product' normalized to 'styrofoam_product'
Non-Recyclable/styrofoam_product/open-styrofoam-boxes-stack-white-background-31184617.jpg,Non-Recyclable/Non-Recyclable/stroform_product/open-styrofoam-boxes-stack-white-background-31184617.jpg,/content/drive/.shortcut-targets-by-id/1PoprMbg0JKQ7cGC9VyKmeTI1VK1Va65k/Waste_Classification/data/processed/stage2_visual_deduplicated/Non-Recyclable/Non-Recyclable/stroform_product/open-styrofoam-boxes-stack-white-background-31184617.jpg,Non-Recyclable,styrofoam_product,stroform_product,1,AUTO_CORRECTED,Upstream directory typo 'stroform_product' normalized to 'styrofoam_product'
Non-Recyclable/styrofoam_product/p06cz75l.jpg,Non-Recyclable/Non-Recyclable/stroform_product/p06cz75l.jpg,/content/drive/.shortcut-targets-by-id/1PoprMbg0JKQ7cGC9VyKmeTI1VK1Va65k/Waste_Classification/data/processed/stage2_visual_deduplicated/Non-Recyclable/Non-Recyclable/stroform_product/p06cz75l.jpg,Non-Recyclable,styrofoam_product,stroform_product,1,AUTO_CORRECTED,Upstream directory typo 'stroform_product' normalized to 'styrofoam_product'
Non-Recyclable/styrofoam_product/plastic_food_containers.png,Non-Recyclable/Non-Recyclable/stroform_product/plastic_food_containers.png,/content/drive/.shortcut-targets-by-id/1PoprMbg0JKQ7cGC9VyKmeTI1VK1Va65k/Waste_Classification/data/processed/stage2_visual_deduplicated/Non-Recyclable/Non-Recyclable/stroform_product/plastic_food_containers.png,Non-Recyclable,styrofoam_product,stroform_product,1,AUTO_CORRECTED,Upstream directory typo 'stroform_product' normalized to 'styrofoam_product'
Non-Recyclable/styrofoam_product/polystyrene-food-boxes-9535739.jpg,Non-Recyclable/Non-Recyclable/stroform_product/polystyrene-food-boxes-9535739.jpg,/content/drive/.shortcut-targets-by-id/1PoprMbg0JKQ7cGC9VyKmeTI1VK1Va65k/Waste_Classification/data/processed/stage2_visual_deduplicated/Non-Recyclable/Non-Recyclable/stroform_product/polystyrene-food-boxes-9535739.jpg,Non-Recyclable,styrofoam_product,stroform_product,1,AUTO_CORRECTED,Upstream directory typo 'stroform_product' normalized to 'styrofoam_product'
Non-Recyclable/styrofoam_product/polystyrene-or-styrofoam-protective-packaging-beads-M964HY.jpg,Non-Recyclable/Non-Recyclable/stroform_product/polystyrene-or-styrofoam-protective-packaging-beads-M964HY.jpg,/content/drive/.shortcut-targets-by-id/1PoprMbg0JKQ7cGC9VyKmeTI1VK1Va65k/Waste_Classification/data/processed/stage2_visual_deduplicated/Non-Recyclable/Non-Recyclable/stroform_product/polystyrene-or-styrofoam-protective-packaging-beads-M964HY.jpg,Non-Recyclable,styrofoam_product,stroform_product,1,AUTO_CORRECTED,Upstream directory typo 'stroform_product' normalized to 'styrofoam_product'
Non-Recyclable/styrofoam_product/ps-foam-containers_20220124_Minh-Mi-Goi_shutterstock_1580179006-web.jpg,Non-Recyclable/Non-Recyclable/stroform_product/ps-foam-containers_20220124_Minh-Mi-Goi_shutterstock_1580179006-web.jpg,/content/drive/.shortcut-targets-by-id/1PoprMbg0JKQ7cGC9VyKmeTI1VK1Va65k/Waste_Classification/data/processed/stage2_visual_deduplicated/Non-Recyclable/Non-Recyclable/stroform_product/ps-foam-containers_20220124_Minh-Mi-Goi_shutterstock_1580179006-web.jpg,Non-Recyclable,styrofoam_product,stroform_product,1,AUTO_CORRECTED,Upstream directory typo 'stroform_product' normalized to 'styrofoam_product'
Non-Recyclable/styrofoam_product/recycling-05-00030-g001.png,Non-Recyclable/Non-Recyclable/stroform_product/recycling-05-00030-g001.png,/content/drive/.shortcut-targets-by-id/1PoprMbg0JKQ7cGC9VyKmeTI1VK1Va65k/Waste_Classification/data/processed/stage2_visual_deduplicated/Non-Recyclable/Non-Recyclable/stroform_product/recycling-05-00030-g001.png,Non-Recyclable,styrofoam_product,stroform_product,1,AUTO_CORRECTED,Upstream directory typo 'stroform_product' normalized to 'styrofoam_product'
Non-Recyclable/styrofoam_product/secondary-packaging-examples.jpg,Non-Recyclable/Non-Recyclable/stroform_product/secondary-packaging-examples.jpg,/content/drive/.shortcut-targets-by-id/1PoprMbg0JKQ7cGC9VyKmeTI1VK1Va65k/Waste_Classification/data/processed/stage2_visual_deduplicated/Non-Recyclable/Non-Recyclable/stroform_product/secondary-packaging-examples.jpg,Non-Recyclable,styrofoam_product,stroform_product,1,AUTO_CORRECTED,Upstream directory typo 'stroform_product' normalized to 'styrofoam_product'
Non-Recyclable/styrofoam_product/sfe_zw_slider_styrofoam.jpg,Non-Recyclable/Non-Recyclable/stroform_product/sfe_zw_slider_styrofoam.jpg,/content/drive/.shortcut-targets-by-id/1PoprMbg0JKQ7cGC9VyKmeTI1VK1Va65k/Waste_Classification/data/processed/stage2_visual_deduplicated/Non-Recyclable/Non-Recyclable/stroform_product/sfe_zw_slider_styrofoam.jpg,Non-Recyclable,styrofoam_product,stroform_product,1,AUTO_CORRECTED,Upstream directory typo 'stroform_product' normalized to 'styrofoam_product'
Non-Recyclable/styrofoam_product/shutterstock_1027804891-scaled-1.jpg,Non-Recyclable/Non-Recyclable/stroform_product/shutterstock_1027804891-scaled-1.jpg,/content/drive/.shortcut-targets-by-id/1PoprMbg0JKQ7cGC9VyKmeTI1VK1Va65k/Waste_Classification/data/processed/stage2_visual_deduplicated/Non-Recyclable/Non-Recyclable/stroform_product/shutterstock_1027804891-scaled-1.jpg,Non-Recyclable,styrofoam_product,stroform_product,1,AUTO_CORRECTED,Upstream directory typo 'stroform_product' normalized to 'styrofoam_product'
Non-Recyclable/styrofoam_product/slide_2.jpg,Non-Recyclable/Non-Recyclable/stroform_product/slide_2.jpg,/content/drive/.shortcut-targets-by-id/1PoprMbg0JKQ7cGC9VyKmeTI1VK1Va65k/Waste_Classification/data/processed/stage2_visual_deduplicated/Non-Recyclable/Non-Recyclable/stroform_product/slide_2.jpg,Non-Recyclable,styrofoam_product,stroform_product,1,AUTO_CORRECTED,Upstream directory typo 'stroform_product' normalized to 'styrofoam_product'
Non-Recyclable/styrofoam_product/square-paper-bowl-e1641526056341.jpg,Non-Recyclable/Non-Recyclable/stroform_product/square-paper-bowl-e1641526056341.jpg,/content/drive/.shortcut-targets-by-id/1PoprMbg0JKQ7cGC9VyKmeTI1VK1Va65k/Waste_Classification/data/processed/stage2_visual_deduplicated/Non-Recyclable/Non-Recyclable/stroform_product/square-paper-bowl-e1641526056341.jpg,Non-Recyclable,styrofoam_product,stroform_product,1,AUTO_CORRECTED,Upstream directory typo 'stroform_product' normalized to 'styrofoam_product'
Non-Recyclable/styrofoam_product/stock-photo-different-types-of-food-box-made-of-foam-paper-plastic-564220360.jpg,Non-Recyclable/Non-Recyclable/stroform_product/stock-photo-different-types-of-food-box-made-of-foam-paper-plastic-564220360.jpg,/content/drive/.shortcut-targets-by-id/1PoprMbg0JKQ7cGC9VyKmeTI1VK1Va65k/Waste_Classification/data/processed/stage2_visual_deduplicated/Non-Recyclable/Non-Recyclable/stroform_product/stock-photo-different-types-of-food-box-made-of-foam-paper-plastic-564220360.jpg,Non-Recyclable,styrofoam_product,stroform_product,1,AUTO_CORRECTED,Upstream directory typo 'stroform_product' normalized to 'styrofoam_product'
Non-Recyclable/styrofoam_product/strawberry-packaging_.png,Non-Recyclable/Non-Recyclable/stroform_product/strawberry-packaging_.png,/content/drive/.shortcut-targets-by-id/1PoprMbg0JKQ7cGC9VyKmeTI1VK1Va65k/Waste_Classification/data/processed/stage2_visual_deduplicated/Non-Recyclable/Non-Recyclable/stroform_product/strawberry-packaging_.png,Non-Recyclable,styrofoam_product,stroform_product,1,AUTO_CORRECTED,Upstream directory typo 'stroform_product' normalized to 'styrofoam_product'
Non-Recyclable/styrofoam_product/styro-food-packaging-near-me_orig.jpg,Non-Recyclable/Non-Recyclable/stroform_product/styro-food-packaging-near-me_orig.jpg,/content/drive/.shortcut-targets-by-id/1PoprMbg0JKQ7cGC9VyKmeTI1VK1Va65k/Waste_Classification/data/processed/stage2_visual_deduplicated/Non-Recyclable/Non-Recyclable/stroform_product/styro-food-packaging-near-me_orig.jpg,Non-Recyclable,styrofoam_product,stroform_product,1,AUTO_CORRECTED,Upstream directory typo 'stroform_product' normalized to 'styrofoam_product'
Non-Recyclable/styrofoam_product/styrofoam-box-on-white-background-food-container-MXTH80.jpg,Non-Recyclable/Non-Recyclable/stroform_product/styrofoam-box-on-white-background-food-container-MXTH80.jpg,/content/drive/.shortcut-targets-by-id/1PoprMbg0JKQ7cGC9VyKmeTI1VK1Va65k/Waste_Classification/data/processed/stage2_visual_deduplicated/Non-Recyclable/Non-Recyclable/stroform_product/styrofoam-box-on-white-background-food-container-MXTH80.jpg,Non-Recyclable,styrofoam_product,stroform_product,1,AUTO_CORRECTED,Upstream directory typo 'stroform_product' normalized to 'styrofoam_product'
Non-Recyclable/styrofoam_product/styrofoam-facts.jpg,Non-Recyclable/Non-Recyclable/stroform_product/styrofoam-facts.jpg,/content/drive/.shortcut-targets-by-id/1PoprMbg0JKQ7cGC9VyKmeTI1VK1Va65k/Waste_Classification/data/processed/stage2_visual_deduplicated/Non-Recyclable/Non-Recyclable/stroform_product/styrofoam-facts.jpg,Non-Recyclable,styrofoam_product,stroform_product,1,AUTO_CORRECTED,Upstream directory typo 'stroform_product' normalized to 'styrofoam_product'
Non-Recyclable/styrofoam_product/styrofoam-garbage1-1.jpg,Non-Recyclable/Non-Recyclable/stroform_product/styrofoam-garbage1-1.jpg,/content/drive/.shortcut-targets-by-id/1PoprMbg0JKQ7cGC9VyKmeTI1VK1Va65k/Waste_Classification/data/processed/stage2_visual_deduplicated/Non-Recyclable/Non-Recyclable/stroform_product/styrofoam-garbage1-1.jpg,Non-Recyclable,styrofoam_product,stroform_product,1,AUTO_CORRECTED,Upstream directory typo 'stroform_product' normalized to 'styrofoam_product'
Non-Recyclable/styrofoam_product/styrofoam-packaging-materials-CFF552.jpg,Non-Recyclable/Non-Recyclable/stroform_product/styrofoam-packaging-materials-CFF552.jpg,/content/drive/.shortcut-targets-by-id/1PoprMbg0JKQ7cGC9VyKmeTI1VK1Va65k/Waste_Classification/data/processed/stage2_visual_deduplicated/Non-Recyclable/Non-Recyclable/stroform_product/styrofoam-packaging-materials-CFF552.jpg,Non-Recyclable,styrofoam_product,stroform_product,1,AUTO_CORRECTED,Upstream directory typo 'stroform_product' normalized to 'styrofoam_product'
Non-Recyclable/styrofoam_product/styrofoam-packaging-peanuts-DM6D71.jpg,Non-Recyclable/Non-Recyclable/stroform_product/styrofoam-packaging-peanuts-DM6D71.jpg,/content/drive/.shortcut-targets-by-id/1PoprMbg0JKQ7cGC9VyKmeTI1VK1Va65k/Waste_Classification/data/processed/stage2_visual_deduplicated/Non-Recyclable/Non-Recyclable/stroform_product/styrofoam-packaging-peanuts-DM6D71.jpg,Non-Recyclable,styrofoam_product,stroform_product,1,AUTO_CORRECTED,Upstream directory typo 'stroform_product' normalized to 'styrofoam_product'
Non-Recyclable/styrofoam_product/styrofoam-packing-peanutes-alternative-header.jpg,Non-Recyclable/Non-Recyclable/stroform_product/styrofoam-packing-peanutes-alternative-header.jpg,/content/drive/.shortcut-targets-by-id/1PoprMbg0JKQ7cGC9VyKmeTI1VK1Va65k/Waste_Classification/data/processed/stage2_visual_deduplicated/Non-Recyclable/Non-Recyclable/stroform_product/styrofoam-packing-peanutes-alternative-header.jpg,Non-Recyclable,styrofoam_product,stroform_product,1,AUTO_CORRECTED,Upstream directory typo 'stroform_product' normalized to 'styrofoam_product'
Non-Recyclable/styrofoam_product/styrofoam-takeout-containers-food-1200x628-facebook.jpg,Non-Recyclable/Non-Recyclable/stroform_product/styrofoam-takeout-containers-food-1200x628-facebook.jpg,/content/drive/.shortcut-targets-by-id/1PoprMbg0JKQ7cGC9VyKmeTI1VK1Va65k/Waste_Classification/data/processed/stage2_visual_deduplicated/Non-Recyclable/Non-Recyclable/stroform_product/styrofoam-takeout-containers-food-1200x628-facebook.jpg,Non-Recyclable,styrofoam_product,stroform_product,1,AUTO_CORRECTED,Upstream directory typo 'stroform_product' normalized to 'styrofoam_product'
Non-Recyclable/styrofoam_product/styrofoam.jpg,Non-Recyclable/Non-Recyclable/stroform_product/styrofoam.jpg,/content/drive/.shortcut-targets-by-id/1PoprMbg0JKQ7cGC9VyKmeTI1VK1Va65k/Waste_Classification/data/processed/stage2_visual_deduplicated/Non-Recyclable/Non-Recyclable/stroform_product/styrofoam.jpg,Non-Recyclable,styrofoam_product,stroform_product,1,AUTO_CORRECTED,Upstream directory typo 'stroform_product' normalized to 'styrofoam_product'
Non-Recyclable/styrofoam_product/styrofoam2.jpg,Non-Recyclable/Non-Recyclable/stroform_product/styrofoam2.jpg,/content/drive/.shortcut-targets-by-id/1PoprMbg0JKQ7cGC9VyKmeTI1VK1Va65k/Waste_Classification/data/processed/stage2_visual_deduplicated/Non-Recyclable/Non-Recyclable/stroform_product/styrofoam2.jpg,Non-Recyclable,styrofoam_product,stroform_product,1,AUTO_CORRECTED,Upstream directory typo 'stroform_product' normalized to 'styrofoam_product'
Non-Recyclable/styrofoam_product/styrofoam20container.jpeg,Non-Recyclable/Non-Recyclable/stroform_product/styrofoam20container.jpeg,/content/drive/.shortcut-targets-by-id/1PoprMbg0JKQ7cGC9VyKmeTI1VK1Va65k/Waste_Classification/data/processed/stage2_visual_deduplicated/Non-Recyclable/Non-Recyclable/stroform_product/styrofoam20container.jpeg,Non-Recyclable,styrofoam_product,stroform_product,1,AUTO_CORRECTED,Upstream directory typo 'stroform_product' normalized to 'styrofoam_product'
Non-Recyclable/styrofoam_product/styrofoam_waste_1050x700.jpg,Non-Recyclable/Non-Recyclable/stroform_product/styrofoam_waste_1050x700.jpg,/content/drive/.shortcut-targets-by-id/1PoprMbg0JKQ7cGC9VyKmeTI1VK1Va65k/Waste_Classification/data/processed/stage2_visual_deduplicated/Non-Recyclable/Non-Recyclable/stroform_product/styrofoam_waste_1050x700.jpg,Non-Recyclable,styrofoam_product,stroform_product,1,AUTO_CORRECTED,Upstream directory typo 'stroform_product' normalized to 'styrofoam_product'
Non-Recyclable/styrofoam_product/tapioca20meal20box02.jpg,Non-Recyclable/Non-Recyclable/stroform_product/tapioca20meal20box02.jpg,/content/drive/.shortcut-targets-by-id/1PoprMbg0JKQ7cGC9VyKmeTI1VK1Va65k/Waste_Classification/data/processed/stage2_visual_deduplicated/Non-Recyclable/Non-Recyclable/stroform_product/tapioca20meal20box02.jpg,Non-Recyclable,styrofoam_product,stroform_product,1,AUTO_CORRECTED,Upstream directory typo 'stroform_product' normalized to 'styrofoam_product'
Non-Recyclable/styrofoam_product/the-drive-toward-sustainability-5050-1536x1536.jpg,Non-Recyclable/Non-Recyclable/stroform_product/the-drive-toward-sustainability-5050-1536x1536.jpg,/content/drive/.shortcut-targets-by-id/1PoprMbg0JKQ7cGC9VyKmeTI1VK1Va65k/Waste_Classification/data/processed/stage2_visual_deduplicated/Non-Recyclable/Non-Recyclable/stroform_product/the-drive-toward-sustainability-5050-1536x1536.jpg,Non-Recyclable,styrofoam_product,stroform_product,1,AUTO_CORRECTED,Upstream directory typo 'stroform_product' normalized to 'styrofoam_product'
Non-Recyclable/styrofoam_product/types-of-sustainable-packaging-fb.jpg,Non-Recyclable/Non-Recyclable/stroform_product/types-of-sustainable-packaging-fb.jpg,/content/drive/.shortcut-targets-by-id/1PoprMbg0JKQ7cGC9VyKmeTI1VK1Va65k/Waste_Classification/data/processed/stage2_visual_deduplicated/Non-Recyclable/Non-Recyclable/stroform_product/types-of-sustainable-packaging-fb.jpg,Non-Recyclable,styrofoam_product,stroform_product,1,AUTO_CORRECTED,Upstream directory typo 'stroform_product' normalized to 'styrofoam_product'
Non-Recyclable/styrofoam_product/w_takeout_trash_wk1003mike_shutterstock_422191876.c86d3627.jpg,Non-Recyclable/Non-Recyclable/stroform_product/w_takeout_trash_wk1003mike_shutterstock_422191876.c86d3627.jpg,/content/drive/.shortcut-targets-by-id/1PoprMbg0JKQ7cGC9VyKmeTI1VK1Va65k/Waste_Classification/data/processed/stage2_visual_deduplicated/Non-Recyclable/Non-Recyclable/stroform_product/w_takeout_trash_wk1003mike_shutterstock_422191876.c86d3627.jpg,Non-Recyclable,styrofoam_product,stroform_product,1,AUTO_CORRECTED,Upstream directory typo 'stroform_product' normalized to 'styrofoam_product'
