relative_path,class,original_width,original_height,original_mode,new_width,new_height,new_mode,status
Hazardous/batteries/1-s2.0-S0892687521004477-ga1.jpg,Hazardous,447,200,RGB,224,224,RGB,STANDARDIZED
Hazardous/batteries/1-s2.0-S2405829720304827-fx1.jpg,Hazardous,245,245,RGB,224,224,RGB,STANDARDIZED
Hazardous/batteries/1-s2.0-S2666016421000268-ga1.jpg,Hazardous,340,200,RGB,224,224,RGB,STANDARDIZED
Hazardous/batteries/12209_2020_236_Fig1_HTML.png,Hazardous,685,641,RGB,224,224,RGB,STANDARDIZED
Hazardous/batteries/12209_2020_236_Fig2_HTML.png,Hazardous,685,436,RGB,224,224,RGB,STANDARDIZED
Hazardous/batteries/18650Cell.jpg,Hazardous,750,563,RGB,224,224,RGB,STANDARDIZED
Hazardous/batteries/19.13.jpg,Hazardous,2733,1049,RGB,224,224,RGB,STANDARDIZED
Hazardous/batteries/1_Picture7.png,Hazardous,640,515,RGB,224,224,RGB,STANDARDIZED
Hazardous/batteries/40422.MN2400B8.jpg,Hazardous,1502,1801,CMYK,224,224,RGB,STANDARDIZED
Hazardous/batteries/41560_2019_368_Fig1_HTML.png,Hazardous,2119,1359,RGB,224,224,RGB,STANDARDIZED
Hazardous/batteries/41586_2019_1682_Fig1_HTML.png,Hazardous,1690,603,RGB,224,224,RGB,STANDARDIZED
Hazardous/batteries/41598_2013_Article_BFsrep01946_Fig1_HTML.jpg,Hazardous,2097,1346,RGB,224,224,RGB,STANDARDIZED
Hazardous/batteries/800px-Alkali_battery_5.jpg,Hazardous,800,600,RGB,224,224,RGB,STANDARDIZED
Hazardous/batteries/AA_matchstick-1.jpg,Hazardous,600,762,RGB,224,224,RGB,STANDARDIZED
Hazardous/batteries/AMP-17_61f252bb2428a.jpg,Hazardous,1200,900,RGB,224,224,RGB,STANDARDIZED
Hazardous/batteries/AdobeStock_58870390.jpeg,Hazardous,6500,4500,RGB,224,224,RGB,STANDARDIZED
Hazardous/batteries/Alkaline-Batteries-What-Battery-Suppliers-Consider-Their-Advantages--e1538514638890.jpg,Hazardous,800,715,RGB,224,224,RGB,STANDARDIZED
Hazardous/batteries/Alkaline-Battery-vs-Lithium-Battery.jpg,Hazardous,1200,800,RGB,224,224,RGB,STANDARDIZED
Hazardous/batteries/Alkaline-batteries.jpg,Hazardous,800,470,RGB,224,224,RGB,STANDARDIZED
Hazardous/batteries/Alkaline-vs.-Lithium-Batteries.png,Hazardous,840,2452,P,224,224,RGB,STANDARDIZED
Hazardous/batteries/Batteries-.jpg,Hazardous,1920,1080,RGB,224,224,RGB,STANDARDIZED
Hazardous/batteries/Batteries3.jpg,Hazardous,698,524,RGB,224,224,RGB,STANDARDIZED
Hazardous/batteries/Batteries_-Lithium-Ion-Battery-and-Lithium-Polymer-Battery-Explained.png,Hazardous,2240,1260,P,224,224,RGB,STANDARDIZED
Hazardous/batteries/Cutaway-view-dioxide-power-cell.jpg,Hazardous,1600,1086,RGB,224,224,RGB,STANDARDIZED
Hazardous/batteries/Difference-Between-Alkaline-and-Lithium-Batteries-Tabular-Form.jpg,Hazardous,735,1000,RGB,224,224,RGB,STANDARDIZED
Hazardous/batteries/Different-Types-of-Batteries.jpg,Hazardous,1200,732,RGB,224,224,RGB,STANDARDIZED
Hazardous/batteries/EDR-2.jpg,Hazardous,1000,635,RGB,224,224,RGB,STANDARDIZED
Hazardous/batteries/EG-BA-LR20-01_hires_photo---dea0b151-d0a5-4bac-9036-259aa2110a20.JPG.jpg,Hazardous,5568,3712,RGB,224,224,RGB,STANDARDIZED
Hazardous/batteries/Eneloop_6420.jpg,Hazardous,3000,3000,RGB,224,224,RGB,STANDARDIZED
Hazardous/batteries/Intro-to-batteries-featured.jpg,Hazardous,770,603,RGB,224,224,RGB,STANDARDIZED
Hazardous/batteries/Li-Batteries-for-Disposal-or-Recycling-1024x575.png,Hazardous,1024,575,RGBA,224,224,RGB,STANDARDIZED
Hazardous/batteries/Life-cycle-inventory-of-Li-ion-battery-Ecoinvent-30-Battery-Li-ion-rechargeable.png,Hazardous,850,704,P,224,224,RGB,STANDARDIZED
Hazardous/batteries/Lithium-Batteries-vs-Alkaline-Batteries.jpg,Hazardous,800,400,RGB,224,224,RGB,STANDARDIZED
Hazardous/batteries/Lithium-Batteries.jpg,Hazardous,1607,577,RGB,224,224,RGB,STANDARDIZED
Hazardous/batteries/Lithium-ion-lithium-polymer-superhero-battery-blog-cover-image.jpg,Hazardous,768,510,RGB,224,224,RGB,STANDARDIZED
Hazardous/batteries/Lithium-ion_battery.jpg,Hazardous,600,600,RGB,224,224,RGB,STANDARDIZED
Hazardous/batteries/Lithium20batttery20pic.jpg,Hazardous,1858,580,RGB,224,224,RGB,STANDARDIZED
Hazardous/batteries/Lithium_battery_terminal_image_EN.jpg,Hazardous,818,430,RGB,224,224,RGB,STANDARDIZED
Hazardous/batteries/NAWMA-Safe-Battery-Recycling-content.jpg,Hazardous,1695,1100,RGB,224,224,RGB,STANDARDIZED
Hazardous/batteries/Nokia_Battery.jpg,Hazardous,2425,1769,RGB,224,224,RGB,STANDARDIZED
Hazardous/batteries/Photo-collage-of-different-types-of-batteries-12022022.jpg.webp,Hazardous,1200,800,RGB,224,224,RGB,STANDARDIZED
Hazardous/batteries/Primary-battery-types.png,Hazardous,960,540,P,224,224,RGB,STANDARDIZED
Hazardous/batteries/Screen-Shot-2021-07-20-at-10.37.08-AM.png,Hazardous,1300,386,RGBA,224,224,RGB,STANDARDIZED
Hazardous/batteries/The_ultimate_comparative_analysis_of_carbon_zinc_battery_vs_alkaline_800x.jpg,Hazardous,800,494,RGB,224,224,RGB,STANDARDIZED
Hazardous/batteries/Types-of-Batteries-1.jpg,Hazardous,1351,760,RGB,224,224,RGB,STANDARDIZED
Hazardous/batteries/Types-of-Batteries-Featured-Image.jpg,Hazardous,750,421,RGB,224,224,RGB,STANDARDIZED
Hazardous/batteries/Types-of-Batteries.jpg,Hazardous,750,432,RGB,224,224,RGB,STANDARDIZED
Hazardous/batteries/Types-of-BatteriesPrimary-and-Secondary.jpg,Hazardous,800,450,RGB,224,224,RGB,STANDARDIZED
Hazardous/batteries/Types-of-rechargeable-batteries-.jpg,Hazardous,698,564,RGB,224,224,RGB,STANDARDIZED
Hazardous/batteries/TypesofBatteries.jpg,Hazardous,1000,655,RGB,224,224,RGB,STANDARDIZED
Hazardous/batteries/What_Batteries_are_Best_for_Flashlights_2991x.jpg,Hazardous,2991,1648,RGB,224,224,RGB,STANDARDIZED
Hazardous/batteries/aenm202102917-fig-0006-m.jpg,Hazardous,1364,1021,RGB,224,224,RGB,STANDARDIZED
Hazardous/batteries/alkaline-batteries-for-recyling.jpg,Hazardous,600,387,RGB,224,224,RGB,STANDARDIZED
Hazardous/batteries/alkaline-battery_en.jpg,Hazardous,380,380,RGB,224,224,RGB,STANDARDIZED
Hazardous/batteries/alkaline-zinc-carbon.jpg,Hazardous,325,217,RGB,224,224,RGB,STANDARDIZED
Hazardous/batteries/basic-lithium-ion-battery-5-2_en.png,Hazardous,1200,800,RGB,224,224,RGB,STANDARDIZED
Hazardous/batteries/batterien_seen_fotolia_26510842_m.jpg,Hazardous,1576,1206,RGB,224,224,RGB,STANDARDIZED
Hazardous/batteries/batteries-04-00007-g002.png,Hazardous,2390,2211,RGB,224,224,RGB,STANDARDIZED
Hazardous/batteries/batteries-05-00068-g001.png,Hazardous,3721,2222,RGB,224,224,RGB,STANDARDIZED
Hazardous/batteries/batteries-scaled.jpg,Hazardous,2560,1920,RGB,224,224,RGB,STANDARDIZED
Hazardous/batteries/batteries2.jpg,Hazardous,2716,1810,RGB,224,224,RGB,STANDARDIZED
Hazardous/batteries/batteries20in20a20pile20WEEE.jpeg,Hazardous,400,300,RGB,224,224,RGB,STANDARDIZED
Hazardous/batteries/batteries_as_hero.jpg,Hazardous,992,661,RGB,224,224,RGB,STANDARDIZED
Hazardous/batteries/battery-directive-european-union.jpg,Hazardous,613,345,RGB,224,224,RGB,STANDARDIZED
Hazardous/batteries/battery-recycling.jpg,Hazardous,1024,1024,RGB,224,224,RGB,STANDARDIZED
Hazardous/batteries/battery-recycling2.jpg,Hazardous,728,489,RGB,224,224,RGB,STANDARDIZED
Hazardous/batteries/battery-types-and-sizes.jpg.webp,Hazardous,800,600,RGB,224,224,RGB,STANDARDIZED
Hazardous/batteries/battery_recycling.jpg,Hazardous,780,520,RGB,224,224,RGB,STANDARDIZED
Hazardous/batteries/battery_sizing.jpg,Hazardous,900,560,RGB,224,224,RGB,STANDARDIZED
Hazardous/batteries/bu-social.jpg,Hazardous,1600,821,RGB,224,224,RGB,STANDARDIZED
Hazardous/batteries/carbon-zinc-battery-vs-alkaline.jpg,Hazardous,1000,750,RGB,224,224,RGB,STANDARDIZED
Hazardous/batteries/collected-to-take-to-be-recycled-rather-than-be-dumped-into-landfill-2GDCM0M.jpg,Hazardous,1300,950,RGB,224,224,RGB,STANDARDIZED
Hazardous/batteries/common-alkaline-battery-sizes.jpg,Hazardous,1246,853,RGB,224,224,RGB,STANDARDIZED
Hazardous/batteries/creens-LCD-iPhone-panels-laptop-collected-for-disposal-in-plastic-containers.png,Hazardous,1440,792,P,224,224,RGB,STANDARDIZED
Hazardous/batteries/d1ma00216c-f4_hi-res.gif,Hazardous,2000,826,P,224,224,RGB,STANDARDIZED
Hazardous/batteries/d1ma00216c-f6_hi-res.gif,Hazardous,975,1016,P,224,224,RGB,STANDARDIZED
Hazardous/batteries/ef1c02489_0011.jpeg,Hazardous,1000,713,RGB,224,224,RGB,STANDARDIZED
Hazardous/batteries/energizer-cold-weather-lithium-aa-battery.jpg,Hazardous,800,494,RGB,224,224,RGB,STANDARDIZED
Hazardous/batteries/fenrg-08-571440-g001.jpg,Hazardous,1950,1268,RGB,224,224,RGB,STANDARDIZED
Hazardous/batteries/file-20201020-17-1x28u8s.jpg,Hazardous,1920,1171,RGB,224,224,RGB,STANDARDIZED
Hazardous/batteries/image-2-716x1024.png,Hazardous,716,1024,RGBA,224,224,RGB,STANDARDIZED
Hazardous/batteries/imageqz6zbg.png,Hazardous,388,190,RGB,224,224,RGB,STANDARDIZED
Hazardous/batteries/imagescxsuu.png,Hazardous,404,184,RGB,224,224,RGB,STANDARDIZED
Hazardous/batteries/inf212000-fig-0001-m.jpg,Hazardous,2128,2161,RGB,224,224,RGB,STANDARDIZED
Hazardous/batteries/know-what-type-of-battery-to-use-in-equipment2.jpg,Hazardous,1200,922,RGB,224,224,RGB,STANDARDIZED
Hazardous/batteries/lifecycleimagebatteries.png,Hazardous,2200,1700,RGB,224,224,RGB,STANDARDIZED
Hazardous/batteries/lithium-ion-aa-batteries.jpg,Hazardous,1474,1336,RGB,224,224,RGB,STANDARDIZED
Hazardous/batteries/lithium-ion-batteries3.png,Hazardous,702,347,RGB,224,224,RGB,STANDARDIZED
Hazardous/batteries/lithium-ion-watt-hours-highlighted.jpg,Hazardous,500,500,RGB,224,224,RGB,STANDARDIZED
Hazardous/batteries/lithium-vs-alkaline-batteries-where-the-differences-and-which-is-better.jpg,Hazardous,1000,750,RGB,224,224,RGB,STANDARDIZED
Hazardous/batteries/lithium-vs-alkaline-batteries.png,Hazardous,1435,749,P,224,224,RGB,STANDARDIZED
Hazardous/batteries/machinedesign_7204_pulse_plus_batteries_promo_0.png,Hazardous,595,446,RGBA,224,224,RGB,STANDARDIZED
Hazardous/batteries/maxresdefault.jpg,Hazardous,1280,720,RGB,224,224,RGB,STANDARDIZED
Hazardous/batteries/non-rechargeable-batteries-product-image_0.png,Hazardous,477,294,RGBA,224,224,RGB,STANDARDIZED
Hazardous/batteries/photo_news_lithium_batteries_1100x500_NEW.jpg,Hazardous,1100,500,RGB,224,224,RGB,STANDARDIZED
Hazardous/batteries/power-one-c-size-1-5v-battery-pack-of-2--500x500.jpg,Hazardous,335,500,RGB,224,224,RGB,STANDARDIZED
Hazardous/batteries/poweron-longlife-power-9v-mrp-265.jpg,Hazardous,1024,1024,RGB,224,224,RGB,STANDARDIZED
Hazardous/batteries/rechargeable-battery-2048px-5925.jpg,Hazardous,2048,1365,RGB,224,224,RGB,STANDARDIZED
Hazardous/batteries/rechargeable-battery-2048px-5939.jpg,Hazardous,2048,1365,RGB,224,224,RGB,STANDARDIZED
Hazardous/batteries/rechargeable-battery-2048px-5963-2x1-1.jpg,Hazardous,2048,1024,RGB,224,224,RGB,STANDARDIZED
Hazardous/batteries/sc0c04940_0022.gif,Hazardous,500,295,P,224,224,RGB,STANDARDIZED
Hazardous/batteries/sciadv.abm2422-f1.jpg,Hazardous,3500,2325,RGB,224,224,RGB,STANDARDIZED
Hazardous/batteries/smtd202000039-fig-0001-m.jpg,Hazardous,667,513,RGB,224,224,RGB,STANDARDIZED
Hazardous/batteries/spent-batteries-CNBG3H.jpg,Hazardous,1300,958,RGB,224,224,RGB,STANDARDIZED
Hazardous/batteries/suschem-02-00011-g001.png,Hazardous,2497,1395,RGB,224,224,RGB,STANDARDIZED
Hazardous/batteries/technology-0-1.jpg,Hazardous,1550,1272,RGB,224,224,RGB,STANDARDIZED
Hazardous/batteries/thehistoryan.jpg,Hazardous,500,375,RGB,224,224,RGB,STANDARDIZED
Hazardous/batteries/typical-lithium-ion-battery.png,Hazardous,435,443,RGB,224,224,RGB,STANDARDIZED
Hazardous/batteries/un3480.png,Hazardous,640,587,RGBA,224,224,RGB,STANDARDIZED
Hazardous/batteries/using-alkaline-batteries-in-your-application.jpg,Hazardous,650,466,RGB,224,224,RGB,STANDARDIZED
Hazardous/batteries/van_dragt_102517_0032_how_to_choose_batteries.jpg,Hazardous,900,450,RGB,224,224,RGB,STANDARDIZED
Hazardous/batteries/what-is-a-lithium-ion-battery-what-are-the-types-of-lithium-ion-battery-chemistries.webp,Hazardous,1280,720,RGB,224,224,RGB,STANDARDIZED
Hazardous/e-waste/-1x-1 - Copy.jpg,Hazardous,2000,1332,RGB,224,224,RGB,STANDARDIZED
Hazardous/e-waste/-august-heap-of-broken-smartphone-screen-e-waste-electronic-waste-1100705909 - Copy.jpg,Hazardous,1500,1225,RGB,224,224,RGB,STANDARDIZED
Hazardous/e-waste/-garbage-sorting-eco-friendly-sign-for-web-page-app-ui-ux-gui-design-2CPCA8A - Copy.jpg,Hazardous,1230,1390,RGB,224,224,RGB,STANDARDIZED
Hazardous/e-waste/-mixed-electronic-waste-old-broken-computer-parts-and-cell-phones-1545599141 - Copy.jpg,Hazardous,1500,996,RGB,224,224,RGB,STANDARDIZED
Hazardous/e-waste/0.40042800_1555498967_e-waste2 - Copy.jpg,Hazardous,1024,682,RGB,224,224,RGB,STANDARDIZED
Hazardous/e-waste/01-e-waste-millions-tons - Copy.jpg,Hazardous,3072,2048,RGB,224,224,RGB,STANDARDIZED
Hazardous/e-waste/01-e-waste-millions-tons_square - Copy.jpg,Hazardous,3072,3072,RGB,224,224,RGB,STANDARDIZED
Hazardous/e-waste/02bulb-web2-1454343899851-superJumbo - Copy.jpg,Hazardous,1955,2048,RGB,224,224,RGB,STANDARDIZED
Hazardous/e-waste/04801E3UVtxDTDY9ek1ovu0-3..v1618408208 - Copy.jpg,Hazardous,1920,1319,RGB,224,224,RGB,STANDARDIZED
Hazardous/e-waste/09109-scicon-lightbulbcxd - Copy.jpg,Hazardous,423,700,RGB,224,224,RGB,STANDARDIZED
Hazardous/e-waste/1-compact-fluorescent-bird-lamp-full-spectrum-lighting-bulb-2-4-original-imag9836wgsrnaev - Copy.jpeg,Hazardous,850,826,RGB,224,224,RGB,STANDARDIZED
Hazardous/e-waste/1-s2.0-S2352186421006970-gr4 - Copy.jpg,Hazardous,376,324,RGB,224,224,RGB,STANDARDIZED
Hazardous/e-waste/1000_F_137113944_B7B2w62hhwjr7dWy8R5nYwwlHIwCRu6S - Copy.jpg,Hazardous,1000,1000,RGB,224,224,RGB,STANDARDIZED
Hazardous/e-waste/1200px-Energiesparlampe_01_retouched - Copy.jpg,Hazardous,1200,855,RGB,224,224,RGB,STANDARDIZED
Hazardous/e-waste/1200px-Ewaste-pile - Copy.jpg,Hazardous,1200,1600,RGB,224,224,RGB,STANDARDIZED
Hazardous/e-waste/1200px-Handy_schrott_mobile_phone_scrap - Copy.jpg,Hazardous,1200,900,RGB,224,224,RGB,STANDARDIZED
Hazardous/e-waste/129249_iStock-636655004---Hero - Copy.jpg,Hazardous,1600,900,RGB,224,224,RGB,STANDARDIZED
Hazardous/e-waste/1464951746_U1GPlR_e-waste-IndiaBLO-870 - Copy.jpg,Hazardous,870,470,RGB,224,224,RGB,STANDARDIZED
Hazardous/e-waste/1507096064_kRvRf8_e-waste - Copy.jpg,Hazardous,870,470,RGB,224,224,RGB,STANDARDIZED
Hazardous/e-waste/1521042165621 - Copy.jpg,Hazardous,640,426,RGB,224,224,RGB,STANDARDIZED
Hazardous/e-waste/156050-wrdgfxdtvg-1615456453 - Copy.jpg,Hazardous,1200,630,RGB,224,224,RGB,STANDARDIZED
Hazardous/e-waste/17175 - Copy.jpeg,Hazardous,960,684,RGB,224,224,RGB,STANDARDIZED
Hazardous/e-waste/2020_8largeimg_799107359 - Copy.jpg,Hazardous,711,494,CMYK,224,224,RGB,STANDARDIZED
Hazardous/e-waste/2050_E-Waste_Asian_Outlook_Web_title - Copy.jpg,Hazardous,959,1355,RGB,224,224,RGB,STANDARDIZED
Hazardous/e-waste/20_20130315 - Copy.jpg,Hazardous,457,432,RGB,224,224,RGB,STANDARDIZED
Hazardous/e-waste/20f1f392-6d51-4fdb-a0a1-b6e0e837a57b.bc4be531fe04703066c45a302f6d7c0e - Copy.jpeg,Hazardous,1477,1319,RGB,224,224,RGB,STANDARDIZED
Hazardous/e-waste/25896 - Copy.jpg,Hazardous,560,420,RGB,224,224,RGB,STANDARDIZED
Hazardous/e-waste/3283392878_d023c2ef93 - Copy.jpg,Hazardous,500,333,RGB,224,224,RGB,STANDARDIZED
Hazardous/e-waste/341a4407444002d51dff14946e857c65 - Copy.jpg,Hazardous,1581,1529,RGB,224,224,RGB,STANDARDIZED
Hazardous/e-waste/47-e-waste-a-growing-concern - Copy.jpg,Hazardous,1200,628,RGB,224,224,RGB,STANDARDIZED
Hazardous/e-waste/516ee9d3b98a42557dc49476674823f0--e-waste-recycling-recycling-programs - Copy.jpg,Hazardous,736,1040,RGB,224,224,RGB,STANDARDIZED
Hazardous/e-waste/5927e3e4f1744da1ce90e7a09c175334 - Copy.jpg,Hazardous,1200,800,RGB,224,224,RGB,STANDARDIZED
Hazardous/e-waste/5g-internet-race-huawei-04 - Copy.jpg,Hazardous,2400,1600,RGB,224,224,RGB,STANDARDIZED
Hazardous/e-waste/615c6bf230f40d9decf916ae97e192681b20e27238a8ae30ccbab09630fd0a53 - Copy.jpg,Hazardous,1698,1131,RGB,224,224,RGB,STANDARDIZED
Hazardous/e-waste/6184AcGb9XL - Copy.jpg,Hazardous,1702,1600,RGB,224,224,RGB,STANDARDIZED
Hazardous/e-waste/61DVdFF9f-L - Copy.jpg,Hazardous,1500,1500,RGB,224,224,RGB,STANDARDIZED
Hazardous/e-waste/634ec7fb55fe19788b75085f-18-watt-cfl-light-bulbs-4-pin-g24q-2 - Copy.jpg,Hazardous,1256,1169,RGB,224,224,RGB,STANDARDIZED
Hazardous/e-waste/640339-50P_PRO - Copy.jpg,Hazardous,1720,1720,RGB,224,224,RGB,STANDARDIZED
Hazardous/e-waste/65481011 - Copy.jpg,Hazardous,600,426,RGB,224,224,RGB,STANDARDIZED
Hazardous/e-waste/66016104-inefficient-tungsten-light-bulbs-discarded-in-a-trash-can-green-eco-concept - Copy.jpg,Hazardous,1300,866,RGB,224,224,RGB,STANDARDIZED
Hazardous/e-waste/694898-electronic-waste-thinkstock - Copy.jpg,Hazardous,1280,720,RGB,224,224,RGB,STANDARDIZED
Hazardous/e-waste/6ft-Fluorescent-Box-Gallery-Image-1 - Copy.jpg,Hazardous,523,391,RGB,224,224,RGB,STANDARDIZED
Hazardous/e-waste/74409247-old-cellphones-and-battery-electronic-waste-concept - Copy.jpg,Hazardous,1300,866,RGB,224,224,RGB,STANDARDIZED
Hazardous/e-waste/7ade6617-865a-42bf-b8f8-12859169a351.a7819c077ec87ce47606d6942a125eea - Copy.jpeg,Hazardous,1001,1001,RGB,224,224,RGB,STANDARDIZED
Hazardous/e-waste/800px-Ewaste-pile - Copy.jpg,Hazardous,800,1067,RGB,224,224,RGB,STANDARDIZED
Hazardous/e-waste/8085 - Copy.jpg,Hazardous,560,420,RGB,224,224,RGB,STANDARDIZED
Hazardous/e-waste/85a44d0f-d9a2-37b6-93c1-1c21fed330cf - Copy.png,Hazardous,700,989,P,224,224,RGB,STANDARDIZED
Hazardous/e-waste/8ft-Fluorescent-Box-Gallery-Image-1 - Copy.jpg,Hazardous,523,391,RGB,224,224,RGB,STANDARDIZED
Hazardous/e-waste/AdobeStock_271026267 - Copy.jpeg,Hazardous,1200,675,RGB,224,224,RGB,STANDARDIZED
Hazardous/e-waste/AdobeStock_365525290 - Copy.jpg,Hazardous,1200,675,RGB,224,224,RGB,STANDARDIZED
Hazardous/e-waste/Alabama_CurtisPalmer - Copy.jpg,Hazardous,2272,1704,RGB,224,224,RGB,STANDARDIZED
Hazardous/e-waste/Avv5bVd22NhcKDUGMWzvNW - Copy.jpg,Hazardous,620,946,RGB,224,224,RGB,STANDARDIZED
Hazardous/e-waste/BLOG-Which-light-bulbs-need-a-ballast - Copy.jpg,Hazardous,1465,824,RGB,224,224,RGB,STANDARDIZED
Hazardous/e-waste/BulbSchematic - Copy.jpg,Hazardous,313,488,CMYK,224,224,RGB,STANDARDIZED
Hazardous/e-waste/CFL - Copy.jpg,Hazardous,400,400,RGB,224,224,RGB,STANDARDIZED
Hazardous/e-waste/CFL-1 - Copy.jpg,Hazardous,600,450,RGB,224,224,RGB,STANDARDIZED
Hazardous/e-waste/CFL-Broken-Bulb-scaled - Copy.jpeg,Hazardous,2048,1366,RGB,224,224,RGB,STANDARDIZED
Hazardous/e-waste/CFL-VS-LED-Lighting - Copy.jpg,Hazardous,1612,1008,RGB,224,224,RGB,STANDARDIZED
Hazardous/e-waste/Challenges-and-Opportunities-in-Electronic-Waste-Management-in-India-SHAMI - Copy.jpg,Hazardous,670,352,RGB,224,224,RGB,STANDARDIZED
Hazardous/e-waste/Compact-Flourescent-Lighbulb - Copy.png,Hazardous,730,852,P,224,224,RGB,STANDARDIZED
Hazardous/e-waste/Compact-fluorescent-lamps - Copy.jpg,Hazardous,1600,1140,RGB,224,224,RGB,STANDARDIZED
Hazardous/e-waste/Compact_fluorescent_light_bulb_with_GU24_connector - Copy.png,Hazardous,230,374,RGBA,224,224,RGB,STANDARDIZED
Hazardous/e-waste/Dont-Trash-fluorescent-bulbs - Copy.png,Hazardous,269,341,RGBA,224,224,RGB,STANDARDIZED
Hazardous/e-waste/E-Waste - Copy.jpg,Hazardous,800,400,RGB,224,224,RGB,STANDARDIZED
Hazardous/e-waste/E-Waste-Management-in-India - Copy.jpg,Hazardous,1200,630,RGB,224,224,RGB,STANDARDIZED
Hazardous/e-waste/E-Waste-Management-in-India-2016-Rules-Challenges-upsc-ias-essay3-e1559907374322 - Copy.jpg,Hazardous,550,318,RGB,224,224,RGB,STANDARDIZED
Hazardous/e-waste/E-Waste20Wednesday20-20Waste20Reduction20Week202022 - Copy.png,Hazardous,1200,400,RGBA,224,224,RGB,STANDARDIZED
Hazardous/e-waste/E-Waste20types-493414483 - Copy.jpg,Hazardous,629,445,RGB,224,224,RGB,STANDARDIZED
Hazardous/e-waste/E-Waste_Landfill - Copy.jpg,Hazardous,1632,1224,RGB,224,224,RGB,STANDARDIZED
Hazardous/e-waste/E-waste - Copy.png,Hazardous,497,493,RGBA,224,224,RGB,STANDARDIZED
Hazardous/e-waste/Electronic-Waste-E-Waste-WEEE - Copy.jpg,Hazardous,1920,1282,RGB,224,224,RGB,STANDARDIZED
Hazardous/e-waste/Electronic-waste-1 - Copy.png,Hazardous,1080,1080,RGBA,224,224,RGB,STANDARDIZED
Hazardous/e-waste/Electronic-waste-management - Copy.jpg,Hazardous,1200,667,RGB,224,224,RGB,STANDARDIZED
Hazardous/e-waste/Electronic-waste2-scaled - Copy.jpg,Hazardous,2560,1544,RGB,224,224,RGB,STANDARDIZED
Hazardous/e-waste/Electronic_waste_at_Agbogbloshie2C_Ghana - Copy.jpg,Hazardous,4032,2268,RGB,224,224,RGB,STANDARDIZED
Hazardous/e-waste/Energiesparlampe_01_retouched - Copy.jpg,Hazardous,3745,2667,RGB,224,224,RGB,STANDARDIZED
Hazardous/e-waste/Ewaste - Copy.png,Hazardous,422,281,RGB,224,224,RGB,STANDARDIZED
Hazardous/e-waste/Ewaste-1602590536972 - Copy.png,Hazardous,800,400,P,224,224,RGB,STANDARDIZED
Hazardous/e-waste/Example-of-e-waste-in-Category-3-ICT-a-used-mobile-phones-and-b-used-monitors_Q320 - Copy.jpg,Hazardous,320,320,RGB,224,224,RGB,STANDARDIZED
Hazardous/e-waste/Featured-pictures-for-webiste11 - Copy.png,Hazardous,1024,512,RGBA,224,224,RGB,STANDARDIZED
Hazardous/e-waste/Five-Reasons-Why-E-Waste-Recycling-is-Important-1-1024x517 - Copy.jpg,Hazardous,1024,517,RGB,224,224,RGB,STANDARDIZED
Hazardous/e-waste/Fluorescent-Bulbs-in-Trash-1-1024x683 - Copy.jpg,Hazardous,1024,683,RGB,224,224,RGB,STANDARDIZED
Hazardous/e-waste/Fluorescent-Bulbs-in-Trash-2-e1434205961573 - Copy.jpg,Hazardous,1170,780,RGB,224,224,RGB,STANDARDIZED
Hazardous/e-waste/FluorescentBulbs - Copy.jpg,Hazardous,500,500,RGB,224,224,RGB,STANDARDIZED
Hazardous/e-waste/Fluorescent_Light_Video - Copy.jpg,Hazardous,820,460,RGB,224,224,RGB,STANDARDIZED
Hazardous/e-waste/Fluorescent_light_bulb_from_inside_2 - Copy.jpg,Hazardous,1024,768,RGB,224,224,RGB,STANDARDIZED
Hazardous/e-waste/GettyImages-1298365434 - Copy.jpg,Hazardous,771,452,RGB,224,224,RGB,STANDARDIZED
Hazardous/e-waste/HHW_Bulbs-updated - Copy.jpg,Hazardous,2144,1424,RGB,224,224,RGB,STANDARDIZED
Hazardous/e-waste/ImageForArticle_8587_16733568303499477 - Copy.jpg,Hazardous,1000,667,RGB,224,224,RGB,STANDARDIZED
Hazardous/e-waste/Incandescent_and_fluorescent_light_bulbs - Copy.png,Hazardous,330,330,RGB,224,224,RGB,STANDARDIZED
Hazardous/e-waste/Intro-to-E-Waste - Copy.jpg,Hazardous,695,395,RGB,224,224,RGB,STANDARDIZED
Hazardous/e-waste/Is-it-hazardous-waste...flourescent-light-bulbs - Copy.png,Hazardous,400,400,P,224,224,RGB,STANDARDIZED
Hazardous/e-waste/JunkDevices-607673850 - Copy.jpg,Hazardous,2400,1800,RGB,224,224,RGB,STANDARDIZED
Hazardous/e-waste/LED-CLF-Incandescent-2 - Copy.jpg,Hazardous,526,528,RGB,224,224,RGB,STANDARDIZED
Hazardous/e-waste/LED-CLF-Incandescent_1024x1024 - Copy.jpg,Hazardous,1024,621,RGB,224,224,RGB,STANDARDIZED
Hazardous/e-waste/LED-vs-fluorescent-2022-section-1 - Copy.jpg,Hazardous,1025,625,RGB,224,224,RGB,STANDARDIZED
Hazardous/e-waste/LED20vs20Fluorescent20Image20202120Blog20Sized - Copy.png,Hazardous,800,533,RGB,224,224,RGB,STANDARDIZED
Hazardous/e-waste/Led-CFL-And-Incandescent-Bulbs-Wi-6719889-scaled - Copy.jpg,Hazardous,2560,2048,RGB,224,224,RGB,STANDARDIZED
Hazardous/e-waste/Light-Bulb-Recycling - Copy.jpg,Hazardous,2022,1162,RGB,224,224,RGB,STANDARDIZED
Hazardous/e-waste/Light20bulbs.JPG - Copy.jpg,Hazardous,2789,2108,RGB,224,224,RGB,STANDARDIZED
Hazardous/e-waste/Lights-Hero - Copy.jpg,Hazardous,2000,700,RGB,224,224,RGB,STANDARDIZED
Hazardous/e-waste/Maple-Leaf-Foods-Electronic-Recycling-Program-Photo-Credit-Lya_Cattel - Copy.jpg,Hazardous,2222,1622,RGB,224,224,RGB,STANDARDIZED
Hazardous/e-waste/Mercury-bulb-ban-1024x341 - Copy.png,Hazardous,1024,341,RGBA,224,224,RGB,STANDARDIZED
Hazardous/e-waste/Namo-Blog_Cover-7-1024x536 - Copy.jpg,Hazardous,1024,536,RGB,224,224,RGB,STANDARDIZED
Hazardous/e-waste/New-RepBan_Guide-FluorescentBulbs_2008 - Copy.jpg,Hazardous,1280,720,RGB,224,224,RGB,STANDARDIZED
Hazardous/e-waste/Noteable_ewaste_main-760x378 - Copy.jpg,Hazardous,760,378,RGB,224,224,RGB,STANDARDIZED
Hazardous/e-waste/Optimized-ewaste-middle-east - Copy.jpg,Hazardous,400,266,RGB,224,224,RGB,STANDARDIZED
Hazardous/e-waste/Parts_of_CFL_large - Copy.jpg,Hazardous,521,982,RGB,224,224,RGB,STANDARDIZED
Hazardous/e-waste/Reciclaje_electronico_categorias_inglC3A9s - Copy.jpg,Hazardous,696,649,RGB,224,224,RGB,STANDARDIZED
Hazardous/e-waste/S4cyF6X8zyxWbqHjnI83ICAtzm6CgAqDFVIA9UZG95I.JPG - Copy.jpg,Hazardous,3500,2306,RGB,224,224,RGB,STANDARDIZED
Hazardous/e-waste/Solutions-to-e-waste-problems1 - Copy.jpg,Hazardous,1000,563,RGB,224,224,RGB,STANDARDIZED
Hazardous/e-waste/WASTE-superJumbo - Copy.jpg,Hazardous,2048,1363,RGB,224,224,RGB,STANDARDIZED
Hazardous/e-waste/What-is-e-waste-Great-Lakes-Electronics-Corporation-collection - Copy.jpg,Hazardous,800,600,RGB,224,224,RGB,STANDARDIZED
Hazardous/e-waste/What_is_electronic_waste_recycling - Copy.jpg,Hazardous,1280,780,RGB,224,224,RGB,STANDARDIZED
Hazardous/e-waste/_108381526_mediaitem108381525 - Copy.jpg,Hazardous,1536,864,RGB,224,224,RGB,STANDARDIZED
Hazardous/e-waste/_elektroschrott_hardware_kp_1200_a97c5f3517_8f5684198f6489c7d84856d3efe3ad10 - Copy.jpg,Hazardous,1200,545,RGB,224,224,RGB,STANDARDIZED
Hazardous/e-waste/abfall-ressourcen_produktverantwortung_elektronikaltgeraete_foto_fernseher-berg - Copy.jpg,Hazardous,800,400,RGB,224,224,RGB,STANDARDIZED
Hazardous/e-waste/an-electronics-e-waste-recycling-collection-area-the-collection-is-APK6DT - Copy.jpg,Hazardous,870,1390,RGB,224,224,RGB,STANDARDIZED
Hazardous/e-waste/archives-ewaste-one_one - Copy.jpg,Hazardous,1200,1200,RGB,224,224,RGB,STANDARDIZED
Hazardous/e-waste/archives-ewaste-one_one.jpg,Hazardous,1200,1200,RGB,224,224,RGB,STANDARDIZED
Hazardous/e-waste/aving-led-and-fluorescent-lightbulbs-infographic-on-a-blue-background-vector - Copy.jpg,Hazardous,1920,1718,RGB,224,224,RGB,STANDARDIZED
Hazardous/e-waste/bbf3173e-a750-4687-97be-50f2a4cd2d2b - Copy.jpg,Hazardous,1000,667,RGB,224,224,RGB,STANDARDIZED
Hazardous/e-waste/box1-img - Copy.png,Hazardous,668,425,RGBA,224,224,RGB,STANDARDIZED
Hazardous/e-waste/bulbs2 - Copy.jpg,Hazardous,620,240,RGB,224,224,RGB,STANDARDIZED
Hazardous/e-waste/bulbs_2 - Copy.png,Hazardous,1046,604,RGB,224,224,RGB,STANDARDIZED
Hazardous/e-waste/bulbs_lg - Copy.jpg,Hazardous,1120,388,RGB,224,224,RGB,STANDARDIZED
Hazardous/e-waste/cfl-product-family - Copy.png,Hazardous,720,405,RGBA,224,224,RGB,STANDARDIZED
Hazardous/e-waste/cfl-waste-recycling - Copy.gif,Hazardous,800,600,P,224,224,RGB,STANDARDIZED
Hazardous/e-waste/cfl_app - Copy.jpg,Hazardous,330,350,RGB,224,224,RGB,STANDARDIZED
Hazardous/e-waste/cfl_bulbs - Copy.jpg,Hazardous,600,397,RGB,224,224,RGB,STANDARDIZED
Hazardous/e-waste/cfllightbulbs - Copy.jpg,Hazardous,324,299,RGB,224,224,RGB,STANDARDIZED
Hazardous/e-waste/circuit-board-electronic-waste-for-recycling-with-selective-focus-main-board - Copy.jpg,Hazardous,450,300,RGB,224,224,RGB,STANDARDIZED
Hazardous/e-waste/cling-bin-with-discarded-electrical-and-electronic-devices-such-as-277722974 - Copy.jpg,Hazardous,1500,1600,RGB,224,224,RGB,STANDARDIZED
Hazardous/e-waste/close-up-shot-of-some-electronic-waste-E88KF4 - Copy.jpg,Hazardous,1300,953,RGB,224,224,RGB,STANDARDIZED
Hazardous/e-waste/compact-fluorescent-light-bulb-vector-3890 - Copy.jpg,Hazardous,700,1080,RGB,224,224,RGB,STANDARDIZED
Hazardous/e-waste/compact-fluorescent-light-bulbs-with-typical-color-temperatures-vector-HGPGPK - Copy.jpg,Hazardous,1300,1390,RGB,224,224,RGB,STANDARDIZED
Hazardous/e-waste/computer-electronic-waste-29637446 - Copy.jpg,Hazardous,800,676,RGB,224,224,RGB,STANDARDIZED
Hazardous/e-waste/crompton-bulbs-and-cfls-19-08-2021-975-240174309-zjbfq - Copy.png,Hazardous,530,530,RGBA,224,224,RGB,STANDARDIZED
Hazardous/e-waste/db4789b29626 - Copy.jpg,Hazardous,792,445,RGB,224,224,RGB,STANDARDIZED
Hazardous/e-waste/depositphotos_30453211-stock-photo-modern-electronic-waste - Copy.jpg,Hazardous,1023,682,RGB,224,224,RGB,STANDARDIZED
Hazardous/e-waste/depositphotos_38625459-stock-photo-incandescent-compact-fluorescent-halogen-lamps - Copy.jpg,Hazardous,1024,657,RGB,224,224,RGB,STANDARDIZED
Hazardous/e-waste/detail_th_lightbulbs_cfl_content.jpg - Copy.jpg,Hazardous,1125,393,RGB,224,224,RGB,STANDARDIZED
Hazardous/e-waste/disposing-lightbulbs-batteries - Copy.jpg,Hazardous,900,450,RGB,224,224,RGB,STANDARDIZED
Hazardous/e-waste/e-inside-green-recycling-symbol-e-waste-concept-illustration-with-1118223065 - Copy.jpg,Hazardous,1500,1600,RGB,224,224,RGB,STANDARDIZED
Hazardous/e-waste/e-schrott2 - Copy.jpg,Hazardous,1000,650,RGB,224,224,RGB,STANDARDIZED
Hazardous/e-waste/e-waste-2049017_1280 - Copy.jpg,Hazardous,1280,851,RGB,224,224,RGB,STANDARDIZED
Hazardous/e-waste/e-waste-3 - Copy.jpg,Hazardous,735,653,RGB,224,224,RGB,STANDARDIZED
Hazardous/e-waste/e-waste-e-waste-old-mobile-phones-battery-isolated-white-background-177536164 - Copy.jpg,Hazardous,800,534,RGB,224,224,RGB,STANDARDIZED
Hazardous/e-waste/e-waste-electronic-waste-recycling-and-management - Copy.jpg,Hazardous,2667,1500,RGB,224,224,RGB,STANDARDIZED
Hazardous/e-waste/e-waste-lg-238744418 - Copy.jpg,Hazardous,800,532,RGB,224,224,RGB,STANDARDIZED
Hazardous/e-waste/e-waste-policy-recast-to-focus-on-no-of-products-recycled - Copy.jpg,Hazardous,1600,660,RGB,224,224,RGB,STANDARDIZED
Hazardous/e-waste/e-waste-process - Copy.jpg,Hazardous,2000,832,RGB,224,224,RGB,STANDARDIZED
Hazardous/e-waste/e-waste-recycling-law-1 - Copy.jpg,Hazardous,400,300,RGB,224,224,RGB,STANDARDIZED
Hazardous/e-waste/e-waste2 - Copy.jpg,Hazardous,940,529,RGB,224,224,RGB,STANDARDIZED
Hazardous/e-waste/e-waste3 - Copy.jpg,Hazardous,793,447,RGB,224,224,RGB,STANDARDIZED
Hazardous/e-waste/e-waste4 - Copy.jpg,Hazardous,1200,700,RGB,224,224,RGB,STANDARDIZED
Hazardous/e-waste/eWaste - Copy.jpg,Hazardous,1000,675,RGB,224,224,RGB,STANDARDIZED
Hazardous/e-waste/e_waste_1572334975 - Copy.jpg,Hazardous,604,453,RGB,224,224,RGB,STANDARDIZED
Hazardous/e-waste/e_waste_1572344183_725x725 - Copy.jpg,Hazardous,725,545,RGB,224,224,RGB,STANDARDIZED
Hazardous/e-waste/e_waste_660_062019115620 - Copy.jpg,Hazardous,660,450,RGB,224,224,RGB,STANDARDIZED
Hazardous/e-waste/ectric-lighting-types-incandescent-light-bulb-halogen-lamp-cfl-and-573739525 - Copy.jpg,Hazardous,1500,1600,RGB,224,224,RGB,STANDARDIZED
Hazardous/e-waste/ectronic-gadgets-devices-on-white-table-e-waste-planned-obsolescence-2KF1CDY - Copy.jpg,Hazardous,1300,956,RGB,224,224,RGB,STANDARDIZED
Hazardous/e-waste/electonic-waste - Copy.jpg,Hazardous,1200,900,RGB,224,224,RGB,STANDARDIZED
Hazardous/e-waste/electrical-electronic-waste-1 - Copy.jpg,Hazardous,548,693,RGB,224,224,RGB,STANDARDIZED
Hazardous/e-waste/electronic-recycling - Copy.jpg,Hazardous,980,653,RGB,224,224,RGB,STANDARDIZED
Hazardous/e-waste/electronic-waste - Copy.jpg,Hazardous,2500,1667,RGB,224,224,RGB,STANDARDIZED
Hazardous/e-waste/electronic-waste-collection-center-subsequent-recycling-circular-economy_761147-84 - Copy.jpg,Hazardous,626,470,RGB,224,224,RGB,STANDARDIZED
Hazardous/e-waste/electronic-waste-disposal - Copy.jpg,Hazardous,850,977,RGB,224,224,RGB,STANDARDIZED
Hazardous/e-waste/electronic-waste-e-waste - Copy.jpg,Hazardous,1600,1600,RGB,224,224,RGB,STANDARDIZED
Hazardous/e-waste/electronic-waste-e-waste-167412842216x9 - Copy.jpg,Hazardous,1600,900,RGB,224,224,RGB,STANDARDIZED
Hazardous/e-waste/electronic-waste-electronic-waste-old-computers-monitors-other-devices-to-recycle-109977003 - Copy.jpg,Hazardous,800,534,RGB,224,224,RGB,STANDARDIZED
Hazardous/e-waste/electronic-waste-hand-dropping-old-damaged-smartphone-bin-e-garbage-152109224 - Copy.jpg,Hazardous,800,534,RGB,224,224,RGB,STANDARDIZED
Hazardous/e-waste/electronic-waste-hero - Copy.jpg,Hazardous,3000,1170,RGB,224,224,RGB,STANDARDIZED
Hazardous/e-waste/electronic-waste-ready-for-recycling-isolated-on-white-background-J769FF - Copy.jpg,Hazardous,1300,1390,RGB,224,224,RGB,STANDARDIZED
Hazardous/e-waste/electronic-waste-statistics - Copy.jpg,Hazardous,1000,500,RGB,224,224,RGB,STANDARDIZED
Hazardous/e-waste/electronic-waste-stock-photo_csp13003320 - Copy.jpg,Hazardous,600,419,RGB,224,224,RGB,STANDARDIZED
Hazardous/e-waste/energy-saving-bulbs-spent-incandescent-halogen-cfi-fluorescent-led-174891292 - Copy.jpg,Hazardous,800,534,RGB,224,224,RGB,STANDARDIZED
Hazardous/e-waste/es-2012-02886m_0005 - Copy.gif,Hazardous,500,340,P,224,224,RGB,STANDARDIZED
Hazardous/e-waste/esy-042966920 - Copy.jpg,Hazardous,1050,699,RGB,224,224,RGB,STANDARDIZED
Hazardous/e-waste/ewaste-3 - Copy.jpg,Hazardous,660,440,RGB,224,224,RGB,STANDARDIZED
Hazardous/e-waste/ewaste-aspect-ratio-2000-1200-1024x614 - Copy.jpg,Hazardous,1024,614,RGB,224,224,RGB,STANDARDIZED
Hazardous/e-waste/ewaste-hero-banner - Copy.jpg,Hazardous,960,350,RGB,224,224,RGB,STANDARDIZED
Hazardous/e-waste/ewaste-recycling - Copy.jpg,Hazardous,600,400,RGB,224,224,RGB,STANDARDIZED
Hazardous/e-waste/ewaste-type - Copy.png,Hazardous,1074,1080,RGBA,224,224,RGB,STANDARDIZED
Hazardous/e-waste/ey-waste-bin-full-of-e-waste - Copy.jpg,Hazardous,3840,2560,RGB,224,224,RGB,STANDARDIZED
Hazardous/e-waste/file-20200709-58-1grgzv5 - Copy.jpg,Hazardous,1920,1282,RGB,224,224,RGB,STANDARDIZED
Hazardous/e-waste/file-20210216-19-57bzc1 - Copy.jpg,Hazardous,1920,1186,RGB,224,224,RGB,STANDARDIZED
Hazardous/e-waste/flourescents - Copy.gif,Hazardous,396,366,P,224,224,RGB,STANDARDIZED
Hazardous/e-waste/fluorescent - Copy.jpg,Hazardous,600,400,RGB,224,224,RGB,STANDARDIZED
Hazardous/e-waste/fluorescent-lightbulb-abstract-15600002 - Copy.jpg,Hazardous,622,900,RGB,224,224,RGB,STANDARDIZED
Hazardous/e-waste/fluorescent2 - Copy.jpg,Hazardous,460,295,RGB,224,224,RGB,STANDARDIZED
Hazardous/e-waste/fluorescent20lights20hero - Copy.png,Hazardous,1024,601,RGBA,224,224,RGB,STANDARDIZED
Hazardous/e-waste/fluorescentlights - Copy.png,Hazardous,714,294,RGBA,224,224,RGB,STANDARDIZED
Hazardous/e-waste/gettyimages-522580785 - Copy.jpg,Hazardous,1800,1358,RGB,224,224,RGB,STANDARDIZED
Hazardous/e-waste/gettyimages-566436837-1559940280 - Copy.jpg,Hazardous,1200,1194,RGB,224,224,RGB,STANDARDIZED
Hazardous/e-waste/going-greener-by-recycling-burnt-out-bulbs-1523856076-3781852 - Copy.jpeg,Hazardous,500,500,RGB,224,224,RGB,STANDARDIZED
Hazardous/e-waste/hazardous-waste-solutions-fluorescent-tubes - Copy.jpg,Hazardous,1249,461,RGB,224,224,RGB,STANDARDIZED
Hazardous/e-waste/hazardous-waste-wooden-background-74234943 - Copy.jpg,Hazardous,1600,1157,RGB,224,224,RGB,STANDARDIZED
Hazardous/e-waste/how-fluorescents-work - Copy.jpg,Hazardous,1200,895,RGB,224,224,RGB,STANDARDIZED
Hazardous/e-waste/how-to-dispose-of-fluorescent-light-bulbs - Copy.jpg,Hazardous,900,600,RGB,224,224,RGB,STANDARDIZED
Hazardous/e-waste/how-to-dispose-of-light-bulbs-section-3 - Copy.jpg,Hazardous,1025,625,RGB,224,224,RGB,STANDARDIZED
Hazardous/e-waste/how-to-dispose-of-light-bulbs-section-4 - Copy.jpg,Hazardous,1025,625,RGB,224,224,RGB,STANDARDIZED
Hazardous/e-waste/how_to_upcycle_ewaste_1573547808 - Copy.jpg,Hazardous,1200,900,RGB,224,224,RGB,STANDARDIZED
Hazardous/e-waste/https3A2F2Fwww.elektormagazine.com2Fassets2Fupload2Fimages2F02Fe-waste4 - Copy.jpg,Hazardous,435,250,RGB,224,224,RGB,STANDARDIZED
Hazardous/e-waste/iPleaders-17 - Copy.jpg,Hazardous,2000,1000,RGB,224,224,RGB,STANDARDIZED
Hazardous/e-waste/ic-waste-old-products-china-cyclic-utilization-broken-energy-saving-47934966 - Copy.jpg,Hazardous,1600,1158,RGB,224,224,RGB,STANDARDIZED
Hazardous/e-waste/icons-led-lamps-types-fluorescent-filament-halogen-diode-and-other-632016899 - Copy.jpg,Hazardous,1500,1600,RGB,224,224,RGB,STANDARDIZED
Hazardous/e-waste/image31 - Copy.png,Hazardous,1080,1080,P,224,224,RGB,STANDARDIZED
Hazardous/e-waste/img878241 - Copy.jpg,Hazardous,1024,512,RGB,224,224,RGB,STANDARDIZED
Hazardous/e-waste/impact-of-e-waste-hero1540775416137 - Copy.jpg,Hazardous,1250,450,RGB,224,224,RGB,STANDARDIZED
Hazardous/e-waste/impact-of-e-waste-infographic1541812360135 - Copy.jpg,Hazardous,1920,6286,RGB,224,224,RGB,STANDARDIZED
Hazardous/e-waste/incandescent-led-cfl - Copy.png,Hazardous,640,382,RGBA,224,224,RGB,STANDARDIZED
Hazardous/e-waste/international-e-waste-day - Copy.jpg,Hazardous,2340,1170,RGB,224,224,RGB,STANDARDIZED
Hazardous/e-waste/lable-black-line-icon-varieties-of-lamps-waste-recycling-garbage-sorting-eco - Copy.jpg,Hazardous,1300,1300,RGB,224,224,RGB,STANDARDIZED
Hazardous/e-waste/lamps - Copy.jpg,Hazardous,580,369,RGB,224,224,RGB,STANDARDIZED
Hazardous/e-waste/light-bulb-fluorescent - Copy.jpg,Hazardous,667,1000,RGB,224,224,RGB,STANDARDIZED
Hazardous/e-waste/light-bulb-recycling-waste-legacy-tungsten-on-white-background-GJ5BDK - Copy.jpg,Hazardous,1300,955,RGB,224,224,RGB,STANDARDIZED
Hazardous/e-waste/light-bulbs-and-recycling-bin-for-them-light-bulbs-and-fluorescent-lamps-are - Copy.jpg,Hazardous,1300,1300,RGB,224,224,RGB,STANDARDIZED
Hazardous/e-waste/lightbulb-average-rated-lifetime-hours-1 - Copy.jpg,Hazardous,900,450,RGB,224,224,RGB,STANDARDIZED
Hazardous/e-waste/lightbulb-recycling - Copy.jpg,Hazardous,300,300,RGB,224,224,RGB,STANDARDIZED
Hazardous/e-waste/lightbulbs - Copy.png,Hazardous,625,449,P,224,224,RGB,STANDARDIZED
Hazardous/e-waste/ling-electronic-waste-electronics-hazardous-waste-recycle-computer-recycling - Copy.png,Hazardous,900,958,P,224,224,RGB,STANDARDIZED
Hazardous/e-waste/ling-issue-concept-copy-space-text-damaged-held-disposal-challenge-277763587 - Copy.jpg,Hazardous,800,533,RGB,224,224,RGB,STANDARDIZED
Hazardous/e-waste/maxresdefault - Copy.jpg,Hazardous,1280,720,RGB,224,224,RGB,STANDARDIZED
Hazardous/e-waste/maxresdefault2 - Copy.jpg,Hazardous,1280,720,RGB,224,224,RGB,STANDARDIZED
Hazardous/e-waste/mika-baumeister-oXb5tA61wI-unsplash-scaled-e1651078651490 - Copy.jpg,Hazardous,800,533,RGB,224,224,RGB,STANDARDIZED
Hazardous/e-waste/n-edison-fluorescent-and-led-isolated-on-a-transparent-background-1242075553 - Copy.jpg,Hazardous,1500,1171,RGB,224,224,RGB,STANDARDIZED
Hazardous/e-waste/n1-e1639575580776 - Copy.jpg,Hazardous,1280,853,RGB,224,224,RGB,STANDARDIZED
Hazardous/e-waste/negative-side-of-compact-flourescent-bulbs-cfls - Copy.jpg,Hazardous,1200,675,RGB,224,224,RGB,STANDARDIZED
Hazardous/e-waste/nergy-saving-bulbs-tube-spent-incandescent-halogen-cfi-fluorescent-174891297 - Copy.jpg,Hazardous,800,534,RGB,224,224,RGB,STANDARDIZED
Hazardous/e-waste/nergy-saving-bulbs-tube-spent-incandescent-halogen-cfi-fluorescent-174891307 - Copy.jpg,Hazardous,800,534,RGB,224,224,RGB,STANDARDIZED
Hazardous/e-waste/ng-electronic-waste-electronics-recycle-bin-miscellaneous-computer-recycling - Copy.png,Hazardous,920,1076,P,224,224,RGB,STANDARDIZED
Hazardous/e-waste/old-burnt-fluorescent-energy-saving-lamps-hazardous-toxic-electronic-waste-75820716 - Copy.jpg,Hazardous,1600,1157,RGB,224,224,RGB,STANDARDIZED
Hazardous/e-waste/old-used-led-halogen-bulbs-fluorescent-tubes-different-light-bulbs-collected-recycling-217026394 - Copy.jpg,Hazardous,1600,990,RGB,224,224,RGB,STANDARDIZED
Hazardous/e-waste/omponents-mainboards-pcb-connectors-hardware-electronics-industry-eco-PNX35G - Copy.jpg,Hazardous,1300,821,RGB,224,224,RGB,STANDARDIZED
Hazardous/e-waste/onic-waste-on-white-background-reuse-and-recycle-concept-top-view-1011557155 - Copy.jpg,Hazardous,1500,1101,RGB,224,224,RGB,STANDARDIZED
Hazardous/e-waste/outlined-compact-fluorescent-light-bulbs-stock-illustrations_csp49558453 - Copy.jpg,Hazardous,384,519,RGB,224,224,RGB,STANDARDIZED
Hazardous/e-waste/page_1 - Copy.jpg,Hazardous,1156,1496,RGB,224,224,RGB,STANDARDIZED
Hazardous/e-waste/pile-o-light-bulbs-1024x683 - Copy.jpg,Hazardous,1024,683,RGB,224,224,RGB,STANDARDIZED
Hazardous/e-waste/post_lighting_waste - Copy.png,Hazardous,2240,1260,RGBA,224,224,RGB,STANDARDIZED
Hazardous/e-waste/r-illustrations-set-different-lightbulb-types-with-various-shapes-2035328045 - Copy.jpg,Hazardous,1500,700,RGB,224,224,RGB,STANDARDIZED
Hazardous/e-waste/rcury-lamps-e-waste-environmental-pollution-crime-dirty-broken-old-128643963 - Copy.jpg,Hazardous,800,534,RGB,224,224,RGB,STANDARDIZED
Hazardous/e-waste/reciclaje-industrial-portada - Copy.jpg,Hazardous,773,538,RGB,224,224,RGB,STANDARDIZED
Hazardous/e-waste/recycle-e-waste-new-aug-22 - Copy.png,Hazardous,1600,751,RGBA,224,224,RGB,STANDARDIZED
Hazardous/e-waste/recycle-old-phones-1617128956 - Copy.png,Hazardous,800,304,P,224,224,RGB,STANDARDIZED
Hazardous/e-waste/rk-background-the-concept-of-recycling-and-disposal-of-electronic-2188810405 - Copy.jpg,Hazardous,1500,1095,RGB,224,224,RGB,STANDARDIZED
Hazardous/e-waste/rk-background-the-concept-of-recycling-and-disposal-of-electronic-2199207751 - Copy.jpg,Hazardous,1035,1600,RGB,224,224,RGB,STANDARDIZED
Hazardous/e-waste/s-devices-and-used-electronic-components-intended-for-waste-disposal-2F3X0P0 - Copy.jpg,Hazardous,1300,956,RGB,224,224,RGB,STANDARDIZED
Hazardous/e-waste/safe-disposal-any-logos-brand-names-have-been-removed-great-recycle-33215495 - Copy.jpg,Hazardous,800,534,RGB,224,224,RGB,STANDARDIZED
Hazardous/e-waste/sddefault - Copy.jpg,Hazardous,640,480,RGB,224,224,RGB,STANDARDIZED
Hazardous/e-waste/set-different-types-light-bulbs-incandescent-compact-fluorescent-lamp_223337-667 - Copy.jpg,Hazardous,418,626,RGB,224,224,RGB,STANDARDIZED
Hazardous/e-waste/shutterstock_101806765-Bulbs - Copy.jpg,Hazardous,1200,1200,RGB,224,224,RGB,STANDARDIZED
Hazardous/e-waste/shutterstock_139275554-1024x600 - Copy.jpg,Hazardous,1024,600,RGB,224,224,RGB,STANDARDIZED
Hazardous/e-waste/shutterstock_29134336 - Copy.jpg,Hazardous,6016,4000,RGB,224,224,RGB,STANDARDIZED
Hazardous/e-waste/spiral-20-23-watt-cfl-bulbs - Copy.jpg,Hazardous,3177,6008,RGB,224,224,RGB,STANDARDIZED
Hazardous/e-waste/stock-photo-electronic-waste-and-garbage-for-recycling-1675112317 - Copy.jpg,Hazardous,1500,1101,RGB,224,224,RGB,STANDARDIZED
Hazardous/e-waste/stock-photo-hazardous-waste-on-a-black-background-681808615 - Copy.jpg,Hazardous,1500,1101,RGB,224,224,RGB,STANDARDIZED
Hazardous/e-waste/stock-photo-hazardous-waste-on-a-black-background-with-space-for-text-681808597 - Copy.jpg,Hazardous,1500,1101,RGB,224,224,RGB,STANDARDIZED
Hazardous/e-waste/stock-photo-old-and-dusty-light-incandescent-bulb-isolated-on-white-background-2289784737 - Copy.jpg,Hazardous,1500,1101,RGB,224,224,RGB,STANDARDIZED
Hazardous/e-waste/stock-photo-old-lamps-and-lightbulbs-collection-in-a-waste-bin-2167268987 - Copy.jpg,Hazardous,1500,1177,RGB,224,224,RGB,STANDARDIZED
Hazardous/e-waste/stock-photo-pile-of-broken-fluorescent-light-bulb-is-danger-for-health-386850775 - Copy.jpg,Hazardous,1500,1225,RGB,224,224,RGB,STANDARDIZED
Hazardous/e-waste/stock-photo-pile-of-light-bulbs-energy-saving-diode-glass-etc-recycling-clutter-745555078 - Copy.jpg,Hazardous,1500,1101,RGB,224,224,RGB,STANDARDIZED
Hazardous/e-waste/stock-photo-spent-fluorescent-lamps-and-energy-saving-bulbs-awaiting-disposal-243014344 - Copy.jpg,Hazardous,1500,1101,RGB,224,224,RGB,STANDARDIZED
Hazardous/e-waste/stock-vector-led-incandescent-and-energy-saving-light-bulbs-vector-illustration-1898745574 - Copy.jpg,Hazardous,1500,1150,RGB,224,224,RGB,STANDARDIZED
Hazardous/e-waste/sustainability-15-01837-g001 - Copy.png,Hazardous,3266,2000,RGB,224,224,RGB,STANDARDIZED
Hazardous/e-waste/t-diverse-old-halogen-and-fluorescent-light-bulbs-in-and-around-a-2197969323 - Copy.jpg,Hazardous,1001,1600,RGB,224,224,RGB,STANDARDIZED
Hazardous/e-waste/t-diverse-old-halogen-and-fluorescent-light-bulbs-in-and-around-a-2197969345 - Copy.jpg,Hazardous,1500,1101,RGB,224,224,RGB,STANDARDIZED
Hazardous/e-waste/t5-recycling - Copy.jpg,Hazardous,799,414,RGB,224,224,RGB,STANDARDIZED
Hazardous/e-waste/ulbs-at-recycling-event-old-broken-and-burnt-light-bulbs-waits-to-1593279565 - Copy.jpg,Hazardous,1500,1101,RGB,224,224,RGB,STANDARDIZED
Hazardous/e-waste/uter-gold-as-ingredient-motherboards-e-waste-problem-environmental-279793363 - Copy.jpg,Hazardous,800,511,RGB,224,224,RGB,STANDARDIZED
Hazardous/e-waste/waste - Copy.jpg,Hazardous,500,319,RGB,224,224,RGB,STANDARDIZED
Hazardous/e-waste/what_are_cfl_bulbs_and_where_should_they_be_used - Copy.jpg,Hazardous,732,412,RGB,224,224,RGB,STANDARDIZED
Hazardous/paints/006827571_1-ee962a21b5d2673a4c1f0ed05d640bb6.png,Hazardous,791,1024,P,224,224,RGB,STANDARDIZED
Hazardous/paints/1-s2.0-S2589004221010828-fx1.jpg,Hazardous,375,375,RGB,224,224,RGB,STANDARDIZED
Hazardous/paints/10-Non-Hazardous-Waste-Disposal-Methods.jpg,Hazardous,901,361,RGB,224,224,RGB,STANDARDIZED
Hazardous/paints/10123-cover-barrel.jpg,Hazardous,2400,1600,RGB,224,224,RGB,STANDARDIZED
Hazardous/paints/13202_2020_865_Fig3_HTML.png,Hazardous,685,406,RGB,224,224,RGB,STANDARDIZED
Hazardous/paints/14580596996402728873807_600.jpg,Hazardous,600,2207,RGB,224,224,RGB,STANDARDIZED
Hazardous/paints/15-new.jpg,Hazardous,458,330,RGB,224,224,RGB,STANDARDIZED
Hazardous/paints/18109287.jpg,Hazardous,400,516,RGB,224,224,RGB,STANDARDIZED
Hazardous/paints/200x177-hazardous-waste-items.jpg,Hazardous,200,177,RGB,224,224,RGB,STANDARDIZED
Hazardous/paints/20141208-02b_tcm100-1373849.jpg,Hazardous,582,300,RGB,224,224,RGB,STANDARDIZED
Hazardous/paints/2022-2023-HHW-Flyer-updated2.png,Hazardous,1545,2000,RGBA,224,224,RGB,STANDARDIZED
Hazardous/paints/25375296_web1_HHW-jsj-210608_1.jpg,Hazardous,1302,868,RGB,224,224,RGB,STANDARDIZED
Hazardous/paints/3021738.JPG.jpg,Hazardous,1024,1024,RGB,224,224,RGB,STANDARDIZED
Hazardous/paints/32242531531_03d057a31c_o.png,Hazardous,469,1020,RGB,224,224,RGB,STANDARDIZED
Hazardous/paints/33-FT0807GageDiagramLG.jpg,Hazardous,547,342,RGB,224,224,RGB,STANDARDIZED
Hazardous/paints/40494_2020_388_Fig1_HTML.png,Hazardous,685,266,RGB,224,224,RGB,STANDARDIZED
Hazardous/paints/41LxYlhuRLL._AC_UF10001000_QL80_.jpg,Hazardous,683,1000,RGB,224,224,RGB,STANDARDIZED
Hazardous/paints/5-Hazardous-Waste-Examples-Image-1.jpeg,Hazardous,1024,683,RGB,224,224,RGB,STANDARDIZED
Hazardous/paints/50215931-hazardous-waste-paints-and-varnishes.jpg,Hazardous,1300,868,RGB,224,224,RGB,STANDARDIZED
Hazardous/paints/51AhrzGd8gL._AC_UF8941000_QL80_.jpg,Hazardous,521,1000,RGB,224,224,RGB,STANDARDIZED
Hazardous/paints/51V5ThxCh2L._AC_SL1035_.jpg,Hazardous,571,964,RGB,224,224,RGB,STANDARDIZED
Hazardous/paints/5350017_image_10_46.jpg,Hazardous,599,351,RGB,224,224,RGB,STANDARDIZED
Hazardous/paints/5350017_image_2_46.jpg,Hazardous,1275,745,RGB,224,224,RGB,STANDARDIZED
Hazardous/paints/640px-White_spirit.JPG.jpg,Hazardous,640,956,RGB,224,224,RGB,STANDARDIZED
Hazardous/paints/712jw2JuLGL.jpg,Hazardous,1500,1204,RGB,224,224,RGB,STANDARDIZED
Hazardous/paints/7EA97D7B-0886-4E16-85DB-2F3BBAC680DA.jpeg,Hazardous,1536,2048,RGB,224,224,RGB,STANDARDIZED
Hazardous/paints/8.jpg,Hazardous,852,480,RGB,224,224,RGB,STANDARDIZED
Hazardous/paints/81B8lITyDxL._AC_UF10001000_QL80_.jpg,Hazardous,641,1000,RGB,224,224,RGB,STANDARDIZED
Hazardous/paints/81YecOeujXL._AC_SL1500_.jpg,Hazardous,842,1500,RGB,224,224,RGB,STANDARDIZED
Hazardous/paints/8e22955011cf8d6d8ac7d13a1e62a2ee_XL.jpg,Hazardous,900,1200,RGB,224,224,RGB,STANDARDIZED
Hazardous/paints/9769-DS-19-0131_Household-Hazardous-Waste.jpg,Hazardous,1024,267,RGB,224,224,RGB,STANDARDIZED
Hazardous/paints/984.jpg,Hazardous,1200,410,RGB,224,224,RGB,STANDARDIZED
Hazardous/paints/99-2.1800x1800.png,Hazardous,1800,1800,P,224,224,RGB,STANDARDIZED
Hazardous/paints/AdobeStock_210581916.jpeg,Hazardous,7800,5200,RGB,224,224,RGB,STANDARDIZED
Hazardous/paints/BX_Lacke-Makros-12_1110px.jpg,Hazardous,1110,740,RGB,224,224,RGB,STANDARDIZED
Hazardous/paints/CONTGLAS.jpg,Hazardous,510,394,RGB,224,224,RGB,STANDARDIZED
Hazardous/paints/CRL-new-header-pics-14-1024x384.png,Hazardous,1024,384,P,224,224,RGB,STANDARDIZED
Hazardous/paints/Cans-for-solvent-waste.jpg,Hazardous,640,480,RGB,224,224,RGB,STANDARDIZED
Hazardous/paints/Chemic7.jpg,Hazardous,3264,2448,RGB,224,224,RGB,STANDARDIZED
Hazardous/paints/ChromaGlast-Sub-Solvent-Category.jpg,Hazardous,428,270,RGB,224,224,RGB,STANDARDIZED
Hazardous/paints/CitrusSolvent_Collection_RealMilkPaintCo_Web_2019_b4440ba8-7140-4254-8c06-eb0c61a89993.jpg,Hazardous,1000,1000,RGB,224,224,RGB,STANDARDIZED
Hazardous/paints/Composition-of-Solvent-borne-Paints.png,Hazardous,562,943,P,224,224,RGB,STANDARDIZED
Hazardous/paints/Composition-of-Solvent-borne-Paints_Q320.jpg,Hazardous,320,320,RGB,224,224,RGB,STANDARDIZED
Hazardous/paints/EWM_paint_2007.jpg,Hazardous,3072,2048,RGB,224,224,RGB,STANDARDIZED
Hazardous/paints/Flow-sheet-for-the-three-stage-paint-stripper-waste-treatment-process.png,Hazardous,850,1292,P,224,224,RGB,STANDARDIZED
Hazardous/paints/HHW-1024x537.png,Hazardous,1024,537,RGB,224,224,RGB,STANDARDIZED
Hazardous/paints/HouseholdHazWaste.jpg,Hazardous,1173,834,RGB,224,224,RGB,STANDARDIZED
Hazardous/paints/How-Water-based-paints-is-better-when-wompared-with-solvent-based-paints-1024x640.jpg,Hazardous,1024,640,RGB,224,224,RGB,STANDARDIZED
Hazardous/paints/Hydrocarbon-Solvents-used-for-Solvent-Based-Paint-Formulation.png,Hazardous,850,155,P,224,224,RGB,STANDARDIZED
Hazardous/paints/IMG_1527-1024x668.jpg,Hazardous,1024,668,RGB,224,224,RGB,STANDARDIZED
Hazardous/paints/IMG_2666-scaled.jpeg,Hazardous,1920,2560,RGB,224,224,RGB,STANDARDIZED
Hazardous/paints/IMG_2667-scaled.jpeg,Hazardous,2560,1920,RGB,224,224,RGB,STANDARDIZED
Hazardous/paints/INF6348-Hazardous-Waste-banner-855x380-4-v2__ResizedImageWzg5MCwzOTZd.jpg,Hazardous,890,396,RGB,224,224,RGB,STANDARDIZED
Hazardous/paints/Imagen-Ecobiofor.jpg,Hazardous,1190,521,RGB,224,224,RGB,STANDARDIZED
Hazardous/paints/JC_Licht_Blog_Water-Based_vs._Solvent-Based_Paints_800x800.png,Hazardous,800,544,RGBA,224,224,RGB,STANDARDIZED
Hazardous/paints/Methylated-rubber2_pdp_Thinners-1.jpg,Hazardous,1200,1200,RGB,224,224,RGB,STANDARDIZED
Hazardous/paints/Mineral-Spirits-vs.-Paint-Thinner-Mineral-Spirits-are-More-Effective.jpg,Hazardous,1200,800,RGB,224,224,RGB,STANDARDIZED
Hazardous/paints/Mixed_Brand_Solvents_Atmos_2.jpg,Hazardous,5477,3651,RGB,224,224,RGB,STANDARDIZED
Hazardous/paints/Mixed_Brand_Solvents_Atmos_3.jpg,Hazardous,3875,2583,RGB,224,224,RGB,STANDARDIZED
Hazardous/paints/NOVDEC18_WEB_Science-Chemicals_AdobeStock_175995879_Creid-makcoud.jpg,Hazardous,1535,1024,RGB,224,224,RGB,STANDARDIZED
Hazardous/paints/North_Seattle_Household_Hazardous_Waste_Collection_Facility_01.jpg,Hazardous,4288,2848,RGB,224,224,RGB,STANDARDIZED
Hazardous/paints/Oil-Painting-Mediums_-A-Guide.webp,Hazardous,1024,768,RGB,224,224,RGB,STANDARDIZED
Hazardous/paints/Oil-Painting-Solvent.jpg,Hazardous,848,565,RGB,224,224,RGB,STANDARDIZED
Hazardous/paints/Orange-and-Lavender-group-1.jpg,Hazardous,1200,800,RGB,224,224,RGB,STANDARDIZED
Hazardous/paints/Paint-Disposal-scaled.jpg,Hazardous,2560,1707,RGB,224,224,RGB,STANDARDIZED
Hazardous/paints/Paint-Solvents-and-Thinners.jpg,Hazardous,1250,500,RGB,224,224,RGB,STANDARDIZED
Hazardous/paints/Paint-Thinners.jpg,Hazardous,1908,2540,RGB,224,224,RGB,STANDARDIZED
Hazardous/paints/PaintSolvents26Thinners.jpg,Hazardous,1024,768,RGB,224,224,RGB,STANDARDIZED
Hazardous/paints/Paints-Varnishes-Hero.jpg,Hazardous,700,700,RGB,224,224,RGB,STANDARDIZED
Hazardous/paints/PlasticWaste_topNteaser.jpg,Hazardous,900,530,RGB,224,224,RGB,STANDARDIZED
Hazardous/paints/Recycled_solvent_or_virgin_maratek-881x588.jpg,Hazardous,881,588,RGB,224,224,RGB,STANDARDIZED
Hazardous/paints/Screen-Shot-2022-09-22-at-12.37.23-PM-568x400.png,Hazardous,568,400,RGBA,224,224,RGB,STANDARDIZED
Hazardous/paints/Soho_A4_PaintSolvents__91726__10832.1557412784.jpg,Hazardous,492,659,RGB,224,224,RGB,STANDARDIZED
Hazardous/paints/Solvent-Free-Web-1.jpg,Hazardous,600,423,RGB,224,224,RGB,STANDARDIZED
Hazardous/paints/Solvent-based-paints-1024x640.jpg,Hazardous,1024,640,RGB,224,224,RGB,STANDARDIZED
Hazardous/paints/Solvents.jpg,Hazardous,1000,575,RGB,224,224,RGB,STANDARDIZED
Hazardous/paints/Solvents2.jpg,Hazardous,600,400,RGB,224,224,RGB,STANDARDIZED
Hazardous/paints/The-oil-painters-guide.jpg,Hazardous,1400,1046,RGB,224,224,RGB,STANDARDIZED
Hazardous/paints/Trex-6.jpg,Hazardous,1024,768,RGB,224,224,RGB,STANDARDIZED
Hazardous/paints/Untitled_design_51.png,Hazardous,1640,924,RGBA,224,224,RGB,STANDARDIZED
Hazardous/paints/WASTE-SERVICES-Paints-466x250-480w.jpg,Hazardous,466,250,RGB,224,224,RGB,STANDARDIZED
Hazardous/paints/WN_OMV_AWMO_Water_Solvent_03.jpg,Hazardous,2000,1235,RGB,224,224,RGB,STANDARDIZED
Hazardous/paints/Water-Based-Paints-vs-Solvent-Based-Paints.jpg,Hazardous,1920,1080,RGB,224,224,RGB,STANDARDIZED
Hazardous/paints/Water-based-paints-1024x640.jpg,Hazardous,1024,640,RGB,224,224,RGB,STANDARDIZED
Hazardous/paints/White-Spirit-1200x1200px.png,Hazardous,1200,1200,RGBA,224,224,RGB,STANDARDIZED
Hazardous/paints/aerosol_170164178_small-250x167.jpg,Hazardous,250,167,RGB,224,224,RGB,STANDARDIZED
Hazardous/paints/aerosolrecycling.jpg,Hazardous,1600,900,RGB,224,224,RGB,STANDARDIZED
Hazardous/paints/bottles234.jpg,Hazardous,1200,733,RGB,224,224,RGB,STANDARDIZED
Hazardous/paints/buckets-with-paint-dirty-glass-jars-brushes-spray-gun-solvents-and-other-art-supplies-2R3WH8J.jpg,Hazardous,1300,957,RGB,224,224,RGB,STANDARDIZED
Hazardous/paints/circle-paint-and-solvents-scaled.jpeg,Hazardous,1200,800,RGB,224,224,RGB,STANDARDIZED
Hazardous/paints/coschemicalcleanout-222.jpg,Hazardous,2048,1365,RGB,224,224,RGB,STANDARDIZED
Hazardous/paints/deco-shine-paint-solvent-385994667-b0zph.jpg,Hazardous,576,1024,RGB,224,224,RGB,STANDARDIZED
Hazardous/paints/empty-paint-cans-waiting-disposal-los-angeles-california-52298309.jpg,Hazardous,1600,1154,RGB,224,224,RGB,STANDARDIZED
Hazardous/paints/haz.JPG.jpg,Hazardous,1080,1239,RGB,224,224,RGB,STANDARDIZED
Hazardous/paints/hazardous-waste-l.jpg,Hazardous,1024,768,RGB,224,224,RGB,STANDARDIZED
Hazardous/paints/hazardous2Bhousehold2Bmaterials.jpg,Hazardous,500,338,RGB,224,224,RGB,STANDARDIZED
Hazardous/paints/hazardouswaste_paints.jpg,Hazardous,400,205,RGB,224,224,RGB,STANDARDIZED
Hazardous/paints/hhw.jpg,Hazardous,2500,1406,RGB,224,224,RGB,STANDARDIZED
Hazardous/paints/household-hazardous-waste.jpg,Hazardous,300,300,RGB,224,224,RGB,STANDARDIZED
Hazardous/paints/household-hazardous-wastes.jpg,Hazardous,649,403,RGB,224,224,RGB,STANDARDIZED
Hazardous/paints/household_hazardous_waste_flier.png,Hazardous,562,800,RGBA,224,224,RGB,STANDARDIZED
Hazardous/paints/how-to-dispose-of-aerosol-cans-safely-header.jpg,Hazardous,870,706,RGB,224,224,RGB,STANDARDIZED
Hazardous/paints/how-to-manage-hazardous-waste-in-auto-body-and-paint-shops.jpg,Hazardous,495,640,RGB,224,224,RGB,STANDARDIZED
Hazardous/paints/jp33a6-3.jpg,Hazardous,800,811,RGB,224,224,RGB,STANDARDIZED
Hazardous/paints/m4_ss10_fig10.7.jpg,Hazardous,512,425,RGB,224,224,RGB,STANDARDIZED
Hazardous/paints/maxresdefault.jpg,Hazardous,1280,720,RGB,224,224,RGB,STANDARDIZED
Hazardous/paints/maxresdefault2.jpg,Hazardous,1280,720,RGB,224,224,RGB,STANDARDIZED
Hazardous/paints/maxresdefault3.jpg,Hazardous,1280,720,RGB,224,224,RGB,STANDARDIZED
Hazardous/paints/nexus3-paint-cans.png,Hazardous,466,480,RGBA,224,224,RGB,STANDARDIZED
Hazardous/paints/o-PAINTING-570.jpg,Hazardous,570,427,RGB,224,224,RGB,STANDARDIZED
Hazardous/paints/oil-painting-without-solvents.jpg,Hazardous,929,1200,RGB,224,224,RGB,STANDARDIZED
Hazardous/paints/p1dnoa0gj61o916ae19thirg155k6.jpg.optimal.jpg,Hazardous,644,315,RGB,224,224,RGB,STANDARDIZED
Hazardous/paints/page_1.jpg,Hazardous,2312,2992,RGB,224,224,RGB,STANDARDIZED
Hazardous/paints/page_image.jpg,Hazardous,740,493,RGB,224,224,RGB,STANDARDIZED
Hazardous/paints/page_image2.jpg,Hazardous,740,493,RGB,224,224,RGB,STANDARDIZED
Hazardous/paints/paint-cans-household-hazardous-waste.jpg,Hazardous,1000,609,RGB,224,224,RGB,STANDARDIZED
Hazardous/paints/paint-in-tin_iStock-1100x620px_copyright_janssenkruseproductions_1130426675_200917.jpg,Hazardous,1100,620,RGB,224,224,RGB,STANDARDIZED
Hazardous/paints/paint-thinner.jpg,Hazardous,650,450,RGB,224,224,RGB,STANDARDIZED
Hazardous/paints/paint-waste-disposal-e1652382599202.png,Hazardous,300,157,RGBA,224,224,RGB,STANDARDIZED
Hazardous/paints/paintBuckets.jpg,Hazardous,331,226,RGB,224,224,RGB,STANDARDIZED
Hazardous/paints/paint_storage.jpg,Hazardous,3684,2634,RGB,224,224,RGB,STANDARDIZED
Hazardous/paints/paintcans_Depositphotos_20131433_s-2019.jpg,Hazardous,1000,664,RGB,224,224,RGB,STANDARDIZED
Hazardous/paints/paints-1-39fk2i757nrqtbo10u9845vnea4dhzvgtaw3aajb7a97m9zv4.jpg,Hazardous,736,200,RGB,224,224,RGB,STANDARDIZED
Hazardous/paints/paints-1134393.jpg,Hazardous,1600,1157,RGB,224,224,RGB,STANDARDIZED
Hazardous/paints/paints-solvents.jpg,Hazardous,1200,650,RGB,224,224,RGB,STANDARDIZED
Hazardous/paints/paiting-a-wall_iStock-1251274075_1100x620px_200917.jpg,Hazardous,1100,620,RGB,224,224,RGB,STANDARDIZED
Hazardous/paints/people-mixing-paint.jpg,Hazardous,1200,630,RGB,224,224,RGB,STANDARDIZED
Hazardous/paints/ppe42a14c4_06.png,Hazardous,794,312,RGBA,224,224,RGB,STANDARDIZED
Hazardous/paints/productgrid_solvents_w900-1.jpg,Hazardous,900,491,RGB,224,224,RGB,STANDARDIZED
Hazardous/paints/rulesofoilpainting1-carrielewis.jpg,Hazardous,735,707,RGB,224,224,RGB,STANDARDIZED
Hazardous/paints/sca-journal-05oct2018-fa-hazmat-page-0001.jpg,Hazardous,1241,1754,RGB,224,224,RGB,STANDARDIZED
Hazardous/paints/screenshot-2022-08-03-130744.png,Hazardous,1000,1278,RGBA,224,224,RGB,STANDARDIZED
Hazardous/paints/shutterstock_40569.jpg,Hazardous,2592,1952,RGB,224,224,RGB,STANDARDIZED
Hazardous/paints/shutterstock_705650794-scaled-e1651069725819.jpg,Hazardous,785,520,RGB,224,224,RGB,STANDARDIZED
Hazardous/paints/sia-paint-solvents-1.jpg,Hazardous,720,540,RGB,224,224,RGB,STANDARDIZED
Hazardous/paints/slide_6.jpg,Hazardous,960,720,RGB,224,224,RGB,STANDARDIZED
Hazardous/paints/slide_62.jpg,Hazardous,960,720,RGB,224,224,RGB,STANDARDIZED
Hazardous/paints/soldier-paints-solvant-thinner-500x500.jpg,Hazardous,500,500,RGB,224,224,RGB,STANDARDIZED
Hazardous/paints/soldier-paints-solvent-thinner-paint.jpg,Hazardous,1000,1000,RGB,224,224,RGB,STANDARDIZED
Hazardous/paints/solvent-recovery-barrels-1024x485.jpg,Hazardous,1024,485,RGB,224,224,RGB,STANDARDIZED
Hazardous/paints/solvent-selection-mix-at-Jacksons.jpg,Hazardous,1200,800,RGB,224,224,RGB,STANDARDIZED
Hazardous/paints/solvent-waste-container.webp,Hazardous,1000,700,RGB,224,224,RGB,STANDARDIZED
Hazardous/paints/solvents-paints-and-adhesives.jpg,Hazardous,500,500,RGB,224,224,RGB,STANDARDIZED
Hazardous/paints/test-tube_iStock-1063777306_1100x620px_200917.jpg,Hazardous,1100,620,RGB,224,224,RGB,STANDARDIZED
Hazardous/paints/thinning-oil-paint-feature-image.jpg,Hazardous,1200,900,RGB,224,224,RGB,STANDARDIZED
Hazardous/paints/ts-used-for-paint-painting-and-finishing-isolated-on-natural-white-411279802.jpg,Hazardous,1001,1600,RGB,224,224,RGB,STANDARDIZED
Hazardous/paints/tubes.jpg,Hazardous,1200,947,RGB,224,224,RGB,STANDARDIZED
Hazardous/paints/uipment-for-Waste-Oil-Solvents-Sludge-Ash-Dust-Iron-Paint-Burning-Treatment.webp,Hazardous,596,596,RGB,224,224,RGB,STANDARDIZED
Hazardous/paints/used_paint_cans.jpg,Hazardous,850,567,RGB,224,224,RGB,STANDARDIZED
Hazardous/paints/various-tins-of-paint-solvents-stirrers-in-a-tidy-collection-on-the-E565YW.jpg,Hazardous,1300,957,RGB,224,224,RGB,STANDARDIZED
Hazardous/paints/various-used-paint-tins-ready-for-disposal-scaled.jpeg,Hazardous,2560,1707,RGB,224,224,RGB,STANDARDIZED
Hazardous/paints/yellowPaint2.jpg,Hazardous,331,226,RGB,224,224,RGB,STANDARDIZED
Hazardous/pesticides/0.42889600_1581698919_59.jpg,Hazardous,1024,368,RGB,224,224,RGB,STANDARDIZED
Hazardous/pesticides/007243897_1-8f559f97b6cf58ab46d35d17e6771d24.png,Hazardous,725,1024,P,224,224,RGB,STANDARDIZED
Hazardous/pesticides/007655891_1-545b05bd3c57e9fd46f3f49e371a5673-768x994.png,Hazardous,768,994,P,224,224,RGB,STANDARDIZED
Hazardous/pesticides/08c2d5475f254215f90c5fcde77ec4b4.jpg,Hazardous,736,606,RGB,224,224,RGB,STANDARDIZED
Hazardous/pesticides/1-s2.0-S2352186420313262-gr1.jpg,Hazardous,643,345,RGB,224,224,RGB,STANDARDIZED
Hazardous/pesticides/1008x512_2_r_69841.png,Hazardous,1008,512,RGB,224,224,RGB,STANDARDIZED
Hazardous/pesticides/1668775196_Impact-of-agricultural-use-of-pesticides-and-insecticides-on-health.jpg,Hazardous,1300,700,RGB,224,224,RGB,STANDARDIZED
Hazardous/pesticides/170313-un-pesticides.jpg,Hazardous,1200,800,RGB,224,224,RGB,STANDARDIZED
Hazardous/pesticides/2018-Pesticide-Waste-Collection-Flyer-112818.jpg,Hazardous,1955,1650,RGB,224,224,RGB,STANDARDIZED
Hazardous/pesticides/209531-dc.jpg,Hazardous,850,478,RGB,224,224,RGB,STANDARDIZED
Hazardous/pesticides/24168828280_943a25d118_z-640x400.jpg,Hazardous,640,400,RGB,224,224,RGB,STANDARDIZED
Hazardous/pesticides/3-Plants-species-used-for-Insecticides-Pesticides.jpg,Hazardous,601,889,RGB,224,224,RGB,STANDARDIZED
Hazardous/pesticides/43247_2022_601_Fig1_HTML.png,Hazardous,1496,624,RGB,224,224,RGB,STANDARDIZED
Hazardous/pesticides/50-wg-agricultural-pymetrozine-pesticides-500x500.jpeg,Hazardous,500,281,RGB,224,224,RGB,STANDARDIZED
Hazardous/pesticides/51v-y8IhbML._AC_UF10001000_QL80_.jpg,Hazardous,654,1000,RGB,224,224,RGB,STANDARDIZED
Hazardous/pesticides/59_92f2f7e8-b088-4d92-8367-bf806cf10b36_lg.jpg,Hazardous,378,377,RGB,224,224,RGB,STANDARDIZED
Hazardous/pesticides/67f78e9db5cd4cdf3e4e8c84e7ef7e5fIMG_20200923_141824_Copy_.jpg,Hazardous,800,600,RGB,224,224,RGB,STANDARDIZED
Hazardous/pesticides/81Fr9VLIgL._AC_UF10001000_QL80_.jpg,Hazardous,647,1000,RGB,224,224,RGB,STANDARDIZED
Hazardous/pesticides/81YuimeaSNL._AC_UF10001000_QL80_.jpg,Hazardous,764,1000,RGB,224,224,RGB,STANDARDIZED
Hazardous/pesticides/9788193863909__jpg-550x550h.jpg,Hazardous,550,550,RGB,224,224,RGB,STANDARDIZED
Hazardous/pesticides/9c049d8218f7898c19adcee99354e73422-24-pesticides-lede.rsquare.w1200.jpg,Hazardous,1200,1200,RGB,224,224,RGB,STANDARDIZED
Hazardous/pesticides/A-landfill-for-disposal-of-pesticide-wastes-45_Q320.jpg,Hazardous,309,309,RGB,224,224,RGB,STANDARDIZED
Hazardous/pesticides/A-schematic-view-of-the-pesticide-cycle-in-an-ecosystem.png,Hazardous,850,592,P,224,224,RGB,STANDARDIZED
Hazardous/pesticides/AgBusPesticideCollection.jpg,Hazardous,335,254,RGB,224,224,RGB,STANDARDIZED
Hazardous/pesticides/Are-They-Hazardous-WastesE280A6-Pesticides-and-Herbicides.jpg,Hazardous,500,334,RGB,224,224,RGB,STANDARDIZED
Hazardous/pesticides/Books-on-Agrochemicals-Pesticides-Insecticides-1.jpg,Hazardous,800,350,RGB,224,224,RGB,STANDARDIZED
Hazardous/pesticides/Causes_and_effects_of_soil_pollution.jpg,Hazardous,1280,780,RGB,224,224,RGB,STANDARDIZED
Hazardous/pesticides/Chemical-formulation.jpg,Hazardous,1228,1024,RGB,224,224,RGB,STANDARDIZED
Hazardous/pesticides/Cropduster_spraying_pesticides.jpg,Hazardous,433,640,RGB,224,224,RGB,STANDARDIZED
Hazardous/pesticides/Detected-pesticides-divided-into-three-groups-herbicides-insecticides-and-fungicides.png,Hazardous,850,836,P,224,224,RGB,STANDARDIZED
Hazardous/pesticides/Diagram-showing-the-main-impacts-of-pesticides-on-soil-plant-and-arthropod-communities.png,Hazardous,591,385,RGB,224,224,RGB,STANDARDIZED
Hazardous/pesticides/EFFECTS-OF-PESTICIDES-AND-INSECTICIDES-ON-ENVIRONMENT-AND-HUMAN-HEALTH-BleedGreen.png,Hazardous,1200,628,RGBA,224,224,RGB,STANDARDIZED
Hazardous/pesticides/FLYING-INSECT-Pesticide-Insecticides.jpg,Hazardous,453,500,RGB,224,224,RGB,STANDARDIZED
Hazardous/pesticides/GEF_ChemicalsWaste_2023_04-1.jpg,Hazardous,618,800,RGB,224,224,RGB,STANDARDIZED
Hazardous/pesticides/HERBICIDES-2.jpg,Hazardous,750,750,RGB,224,224,RGB,STANDARDIZED
Hazardous/pesticides/Hazardous-pesticide.jpg,Hazardous,639,431,RGB,224,224,RGB,STANDARDIZED
Hazardous/pesticides/How_to_Start_Manufacturing_Agrochemical_Products_in_India_corpseed.png,Hazardous,1200,630,RGBA,224,224,RGB,STANDARDIZED
Hazardous/pesticides/IMAGE_1651139094.webp,Hazardous,1200,675,RGB,224,224,RGB,STANDARDIZED
Hazardous/pesticides/Image-5-800x450.jpg,Hazardous,800,450,RGB,224,224,RGB,STANDARDIZED
Hazardous/pesticides/NThZgLN.jpg,Hazardous,505,300,RGB,224,224,RGB,STANDARDIZED
Hazardous/pesticides/PR-Draft1-1024x555.jpg,Hazardous,1024,555,RGB,224,224,RGB,STANDARDIZED
Hazardous/pesticides/Pesticide-use-herbicides-insecticides-fungicides-and-others-ie-sulfur-and-oils.png,Hazardous,850,601,P,224,224,RGB,STANDARDIZED
Hazardous/pesticides/Pesticides-01.png,Hazardous,750,384,RGB,224,224,RGB,STANDARDIZED
Hazardous/pesticides/Pesticides-02.png,Hazardous,750,324,RGB,224,224,RGB,STANDARDIZED
Hazardous/pesticides/Pesticides-1.jpg,Hazardous,700,350,RGB,224,224,RGB,STANDARDIZED
Hazardous/pesticides/Pesticides-Food_1.jpg,Hazardous,1024,570,RGB,224,224,RGB,STANDARDIZED
Hazardous/pesticides/Pesticides-Pros-Cons-2.jpg,Hazardous,829,565,RGB,224,224,RGB,STANDARDIZED
Hazardous/pesticides/Pesticides.png,Hazardous,600,400,RGBA,224,224,RGB,STANDARDIZED
Hazardous/pesticides/Pesticides2.jpg,Hazardous,770,440,RGB,224,224,RGB,STANDARDIZED
Hazardous/pesticides/RS3523_UPL-Phoskill-Monocrotophos-02.jpg,Hazardous,3872,2592,RGB,224,224,RGB,STANDARDIZED
Hazardous/pesticides/Screen-Shot-2018-05-16-at-7.33.54-PM.png,Hazardous,701,283,RGBA,224,224,RGB,STANDARDIZED
Hazardous/pesticides/Types-of-Presticides-1.png,Hazardous,800,2000,P,224,224,RGB,STANDARDIZED
Hazardous/pesticides/United-Chemicals-2.jpg,Hazardous,1469,734,RGB,224,224,RGB,STANDARDIZED
Hazardous/pesticides/What-Are-Pesticides-8-Types-of-Pesticides-Used-in-Agriculture.jpg,Hazardous,740,414,RGB,224,224,RGB,STANDARDIZED
Hazardous/pesticides/a-man-spraying-pesticides-into-a-field-of-crops-that-will-be-used-for-food.jpg,Hazardous,1100,618,RGB,224,224,RGB,STANDARDIZED
Hazardous/pesticides/a-range-of-garden-pesticides-insecticides-found-within-a-household-GKNDHJ.jpg,Hazardous,1300,956,RGB,224,224,RGB,STANDARDIZED
Hazardous/pesticides/act-concept-vector-illustration-stop-herbicide-use-reduce-harmful-2287834549.jpg,Hazardous,1500,1198,RGB,224,224,RGB,STANDARDIZED
Hazardous/pesticides/agriculture-12-00600-g001.png,Hazardous,2553,2216,RGB,224,224,RGB,STANDARDIZED
Hazardous/pesticides/agro2Binsecticide2B1.jpg,Hazardous,1600,1200,RGB,224,224,RGB,STANDARDIZED
Hazardous/pesticides/aimco-products.jpg,Hazardous,1757,800,RGB,224,224,RGB,STANDARDIZED
Hazardous/pesticides/b1594insectisidespesticides_1.jpg,Hazardous,1920,1080,RGB,224,224,RGB,STANDARDIZED
Hazardous/pesticides/bioengineering-08-00092-g001.png,Hazardous,3161,1741,RGB,224,224,RGB,STANDARDIZED
Hazardous/pesticides/bistar.jpg,Hazardous,250,220,RGB,224,224,RGB,STANDARDIZED
Hazardous/pesticides/chlordiazinon1.jpg,Hazardous,368,270,RGB,224,224,RGB,STANDARDIZED
Hazardous/pesticides/discarded-pesticide-cartons-cans-beside-fence-of-orange-orchard-in-ABHE97.jpg,Hazardous,1300,948,RGB,224,224,RGB,STANDARDIZED
Hazardous/pesticides/discarded-pesticide-containers-include-cygon-267-and-dibtom-both-are-CP48BC.jpg,Hazardous,1300,954,RGB,224,224,RGB,STANDARDIZED
Hazardous/pesticides/disposalbnr.jpg,Hazardous,660,330,RGB,224,224,RGB,STANDARDIZED
Hazardous/pesticides/e-suit-mask-lemon-trees-man-spraying-toxic-pesticides-insecticides-184466768.jpg,Hazardous,800,511,RGB,224,224,RGB,STANDARDIZED
Hazardous/pesticides/ecticides-chemical-spray-to-get-rid-of-weeds-and-insects-or-plant-1944918877.jpg,Hazardous,1500,1101,RGB,224,224,RGB,STANDARDIZED
Hazardous/pesticides/ecticides-vegetable-garden-man-protective-workwear-gloves-spraying-123408462.jpg,Hazardous,800,534,RGB,224,224,RGB,STANDARDIZED
Hazardous/pesticides/eme-man-spraying-toxic-pesticides-or-insecticides-on-corn-growing-1715459710.jpg,Hazardous,1500,1101,RGB,224,224,RGB,STANDARDIZED
Hazardous/pesticides/es-toxins-insecticides-pesticides-biocides-with-hazard-warning-signs-caution.jpg,Hazardous,1300,1300,RGB,224,224,RGB,STANDARDIZED
Hazardous/pesticides/fa17b98d63c76d6ea77920e330f9d6cf.jpg,Hazardous,1103,500,RGB,224,224,RGB,STANDARDIZED
Hazardous/pesticides/farmer-sprays-insectides-Japan-rice-paddy.jpg,Hazardous,1600,1061,RGB,224,224,RGB,STANDARDIZED
Hazardous/pesticides/fig13.png,Hazardous,900,877,P,224,224,RGB,STANDARDIZED
Hazardous/pesticides/fmicb-13-962619-g001.jpg,Hazardous,4543,2305,RGB,224,224,RGB,STANDARDIZED
Hazardous/pesticides/food-and-agriculture-organization-fao-locust-control-operation-preparation-F13K2X.jpg,Hazardous,1300,956,RGB,224,224,RGB,STANDARDIZED
Hazardous/pesticides/foods-09-01468-ag.png,Hazardous,1840,1019,RGBA,224,224,RGB,STANDARDIZED
Hazardous/pesticides/garbage.jpg,Hazardous,682,563,RGB,224,224,RGB,STANDARDIZED
Hazardous/pesticides/gardener-sprays-pesticides-or-insecticides-vector-36700021.jpg,Hazardous,1000,785,RGB,224,224,RGB,STANDARDIZED
Hazardous/pesticides/gardening-chemicalsinsecticidespesticides-items-from-a-garden-shed-M3TDW9.jpg,Hazardous,1300,956,RGB,224,224,RGB,STANDARDIZED
Hazardous/pesticides/herbicide-587589_960_720.jpg,Hazardous,960,635,RGB,224,224,RGB,STANDARDIZED
Hazardous/pesticides/how-mali-is-eliminating-hazardous-pesticides-en-01-780.jpg,Hazardous,780,551,RGB,224,224,RGB,STANDARDIZED
Hazardous/pesticides/hpm_0000_0001_0_img0148.jpg,Hazardous,520,425,L,224,224,RGB,STANDARDIZED
Hazardous/pesticides/hydro_new2.gif,Hazardous,646,399,P,224,224,RGB,STANDARDIZED
Hazardous/pesticides/iStockpesticidefield1146x452-824x325.png,Hazardous,824,325,RGBA,224,224,RGB,STANDARDIZED
Hazardous/pesticides/icide-spray-lettuce-iceberg-field-sunset-insecticides-agricultural-180035011.jpg,Hazardous,1600,990,RGB,224,224,RGB,STANDARDIZED
Hazardous/pesticides/icide-sprayers-inappropriate-protection-rice-fields-use-pesticides-127994497.jpg,Hazardous,800,534,RGB,224,224,RGB,STANDARDIZED
Hazardous/pesticides/img-pesticides.jpg,Hazardous,800,500,RGB,224,224,RGB,STANDARDIZED
Hazardous/pesticides/insecticide-fertilizer-icon_202271-741.jpg,Hazardous,626,626,RGB,224,224,RGB,STANDARDIZED
Hazardous/pesticides/insecticide-hero.jpg,Hazardous,3000,1170,RGB,224,224,RGB,STANDARDIZED
Hazardous/pesticides/insecticidebnr.jpg,Hazardous,660,330,RGB,224,224,RGB,STANDARDIZED
Hazardous/pesticides/insecticides-and-pesticides.jpeg,Hazardous,1000,1000,RGB,224,224,RGB,STANDARDIZED
Hazardous/pesticides/jefferson-city-pesticide-collection-2018.jpg,Hazardous,840,600,RGB,224,224,RGB,STANDARDIZED
Hazardous/pesticides/latest-technical-book-on-insecticides-and-pesticides-hindi-original-imafvq28xeq9mwhd.jpeg,Hazardous,645,1000,RGB,224,224,RGB,STANDARDIZED
Hazardous/pesticides/mer-fumigate-in-protective-suit-and-mask-lemon-trees-man-spraying-1743156359.jpg,Hazardous,1500,1101,RGB,224,224,RGB,STANDARDIZED
Hazardous/pesticides/miscellaneous-pesticides-stored-in-old-garden-shed-E672N1.jpg,Hazardous,1300,953,RGB,224,224,RGB,STANDARDIZED
Hazardous/pesticides/miscellaneous-pesticides-stored-in-old-garden-shed-E672N3.jpg,Hazardous,1300,953,RGB,224,224,RGB,STANDARDIZED
Hazardous/pesticides/miscellaneous-pesticides-stored-in-old-garden-shed-E672N4.jpg,Hazardous,1300,953,RGB,224,224,RGB,STANDARDIZED
Hazardous/pesticides/n-spraying-toxic-pesticides-insecticides-corn-growing-plantation_473712-2324.jpg,Hazardous,626,417,RGB,224,224,RGB,STANDARDIZED
Hazardous/pesticides/n-spraying-toxic-pesticides-insecticides-corn-growing-plantation_473712-3185.jpg,Hazardous,626,417,RGB,224,224,RGB,STANDARDIZED
Hazardous/pesticides/n-spraying-toxic-pesticides-insecticides-corn-growing-plantation_473712-3189.jpg,Hazardous,626,417,RGB,224,224,RGB,STANDARDIZED
Hazardous/pesticides/natural-insecticide.jpg,Hazardous,700,467,RGB,224,224,RGB,STANDARDIZED
Hazardous/pesticides/nsecticides-fungicides-molluscicides-plant-protections-in-agriculture-vector.jpg,Hazardous,1920,1280,RGB,224,224,RGB,STANDARDIZED
Hazardous/pesticides/obsoletes.jpg,Hazardous,500,312,RGB,224,224,RGB,STANDARDIZED
Hazardous/pesticides/pest-control-tools-bottle-insecticide-disinfection-abstract-concept-graphic-design_133260-4276.jpg,Hazardous,626,444,RGB,224,224,RGB,STANDARDIZED
Hazardous/pesticides/pesticide-jugs-r.jpg,Hazardous,960,622,RGB,224,224,RGB,STANDARDIZED
Hazardous/pesticides/pesticide-l.jpg,Hazardous,759,422,RGB,224,224,RGB,STANDARDIZED
Hazardous/pesticides/pesticide-muddle-1_660_032813015033.jpg,Hazardous,660,389,RGB,224,224,RGB,STANDARDIZED
Hazardous/pesticides/pesticide.jpg,Hazardous,665,421,RGB,224,224,RGB,STANDARDIZED
Hazardous/pesticides/pesticide2.jpg,Hazardous,320,217,RGB,224,224,RGB,STANDARDIZED
Hazardous/pesticides/pesticideanalysis-180725161324-thumbnail.jpg,Hazardous,640,360,RGB,224,224,RGB,STANDARDIZED
Hazardous/pesticides/pesticides-148331_640.png,Hazardous,363,640,RGBA,224,224,RGB,STANDARDIZED
Hazardous/pesticides/pesticides-bottles-illustrations-set_82574-2033.jpg,Hazardous,626,626,RGB,224,224,RGB,STANDARDIZED
Hazardous/pesticides/pesticides-drawing_csp28269690.jpg,Hazardous,600,476,RGB,224,224,RGB,STANDARDIZED
Hazardous/pesticides/pesticides-insecticides-using-spraying-hose-nozzle-farmer-spraying-123409059.jpg,Hazardous,800,534,RGB,224,224,RGB,STANDARDIZED
Hazardous/pesticides/pesticides.jpg,Hazardous,1020,608,RGB,224,224,RGB,STANDARDIZED
Hazardous/pesticides/pesticides2.png,Hazardous,1600,900,RGBA,224,224,RGB,STANDARDIZED
Hazardous/pesticides/pesticides4.jpg,Hazardous,259,275,RGB,224,224,RGB,STANDARDIZED
Hazardous/pesticides/pesticides_og.jpg,Hazardous,1024,512,RGB,224,224,RGB,STANDARDIZED
Hazardous/pesticides/phenyl-and-any-keetnashaak-pesticides-insecticides-original-imafjzmxq6gs5bgr.jpeg,Hazardous,850,850,RGB,224,224,RGB,STANDARDIZED
Hazardous/pesticides/pic2.jpg,Hazardous,1024,683,RGB,224,224,RGB,STANDARDIZED
Hazardous/pesticides/reduce-the-need-for-pesticides-and-herbicides-us-environmental-.jpg,Hazardous,495,640,RGB,224,224,RGB,STANDARDIZED
Hazardous/pesticides/rganic-ecological-agriculture-spray-pesticides-pesticide-on-fruit-1512406559.jpg,Hazardous,1500,1101,RGB,224,224,RGB,STANDARDIZED
Hazardous/pesticides/son-sprays-toxic-pesticides-insecticides-plantation-weed-control_544249-1800.jpg,Hazardous,626,417,RGB,224,224,RGB,STANDARDIZED
Hazardous/pesticides/spray-pesticides-farm-worker-spray-pesticide-insecticide-on-fruit-1812642349.jpg,Hazardous,1500,1101,RGB,224,224,RGB,STANDARDIZED
Hazardous/pesticides/spraying-pesticides-28301470.jpg,Hazardous,800,532,RGB,224,224,RGB,STANDARDIZED
Hazardous/pesticides/spraying-pesticides.jpg,Hazardous,600,600,RGB,224,224,RGB,STANDARDIZED
Hazardous/pesticides/suelo_746x419.jpg,Hazardous,746,419,RGB,224,224,RGB,STANDARDIZED
Hazardous/pesticides/tiny-people-spraying-pesticides-insecticides-vegetables_778687-830.jpg,Hazardous,626,417,RGB,224,224,RGB,STANDARDIZED
Hazardous/pesticides/toxics-09-00042-ag.png,Hazardous,1248,576,RGB,224,224,RGB,STANDARDIZED
Hazardous/pesticides/toxics-09-00042-g001.png,Hazardous,2382,2510,RGB,224,224,RGB,STANDARDIZED
Hazardous/pesticides/tractor-spraying-pesticides-soy-bean-field-fields-136713412.jpg,Hazardous,800,466,RGB,224,224,RGB,STANDARDIZED
Hazardous/pesticides/using-pesticides-and-insecticides-protected-with-mask-and-special-1424346491.jpg,Hazardous,1125,1600,RGB,224,224,RGB,STANDARDIZED
Hazardous/pesticides/y-herbicides-farmers-spray-insecticides-in-rice-fields-in-vietnam-1827065294.jpg,Hazardous,1500,1102,RGB,224,224,RGB,STANDARDIZED
Hazardous/pesticides/ycling-facilities-farmers-are-resorting-to-burning-the-plastic-waste-2BR5N84.jpg,Hazardous,1300,956,RGB,224,224,RGB,STANDARDIZED
Non-Recyclable/ceramic_product/-bowl-shape-star-bott-bottom-melted-broken-glass-bubbles-air-vessel-85817559.jpg,Non-Recyclable,1600,1263,RGB,224,224,RGB,STANDARDIZED
Non-Recyclable/ceramic_product/-broken-porcelain-vases-within-other-glass-ones-by-bouke-de-vries-sharecover.jpg,Non-Recyclable,1200,630,RGB,224,224,RGB,STANDARDIZED
Non-Recyclable/ceramic_product/09928-cover-opener.jpg,Non-Recyclable,2400,1602,RGB,224,224,RGB,STANDARDIZED
Non-Recyclable/ceramic_product/1-s2.0-S0959652618312502-egi10VHWB78ZW0.jpg,Non-Recyclable,500,200,RGB,224,224,RGB,STANDARDIZED
Non-Recyclable/ceramic_product/1000_F_172501432_IhEVRC2DHxNv7FchR8D5RbTA7f2gWbee.jpg,Non-Recyclable,1000,1000,RGB,224,224,RGB,STANDARDIZED
Non-Recyclable/ceramic_product/1000_F_180506836_FCGcDt6J9w5QbR2FrUHHhvjxbdICxNT2.jpg,Non-Recyclable,1000,667,RGB,224,224,RGB,STANDARDIZED
Non-Recyclable/ceramic_product/1000_F_220512221_OCfWwiGHcPm7X37OJvsjbF5poVjBLNgZ.jpg,Non-Recyclable,1000,667,RGB,224,224,RGB,STANDARDIZED
Non-Recyclable/ceramic_product/1200x628-5-1024x536.jpg,Non-Recyclable,1024,536,RGB,224,224,RGB,STANDARDIZED
Non-Recyclable/ceramic_product/1f962803384fdb322c4df8ad882b6176.jpg,Non-Recyclable,3000,2250,RGB,224,224,RGB,STANDARDIZED
Non-Recyclable/ceramic_product/22222222.jpg,Non-Recyclable,675,450,RGB,224,224,RGB,STANDARDIZED
Non-Recyclable/ceramic_product/30322484-clay-pottery-ceramics-in-background-broken-glass-debris-design-wall.jpg,Non-Recyclable,1093,1300,RGB,224,224,RGB,STANDARDIZED
Non-Recyclable/ceramic_product/31s3amSRHL._AC_UF8941000_QL80_.jpg,Non-Recyclable,747,1000,RGB,224,224,RGB,STANDARDIZED
Non-Recyclable/ceramic_product/339751732.jpg,Non-Recyclable,450,470,L,224,224,RGB,STANDARDIZED
Non-Recyclable/ceramic_product/370177714.jpg,Non-Recyclable,1500,1130,RGB,224,224,RGB,STANDARDIZED
Non-Recyclable/ceramic_product/3D5RzKh5xf0shYAlvPrUAnD5Sw3lHKXdYM0BF953.jpeg,Non-Recyclable,1280,720,RGB,224,224,RGB,STANDARDIZED
Non-Recyclable/ceramic_product/3de69e4f-ae11-4b1c-9b81-e2cac38564cf.jpg,Non-Recyclable,2400,1350,RGB,224,224,RGB,STANDARDIZED
Non-Recyclable/ceramic_product/58314b65035fe8c7.jpeg,Non-Recyclable,1200,806,RGB,224,224,RGB,STANDARDIZED
Non-Recyclable/ceramic_product/5d6244dbed155216ff0b25ec8a3405f3.jpg,Non-Recyclable,600,819,RGB,224,224,RGB,STANDARDIZED
Non-Recyclable/ceramic_product/5j45j45j-min.jpg,Non-Recyclable,800,421,RGB,224,224,RGB,STANDARDIZED
Non-Recyclable/ceramic_product/640-close-up-of-ceramics_600x600_crop_center.jpg,Non-Recyclable,600,400,RGB,224,224,RGB,STANDARDIZED
Non-Recyclable/ceramic_product/71OXpnqqnYL._AC_UF10001000_QL80_.jpg,Non-Recyclable,1000,923,RGB,224,224,RGB,STANDARDIZED
Non-Recyclable/ceramic_product/800px_COLOURBOX5957211.jpg,Non-Recyclable,800,533,RGB,224,224,RGB,STANDARDIZED
Non-Recyclable/ceramic_product/81xHJfbgGS.jpg,Non-Recyclable,1602,1602,RGB,224,224,RGB,STANDARDIZED
Non-Recyclable/ceramic_product/9.jpg,Non-Recyclable,575,800,RGB,224,224,RGB,STANDARDIZED
Non-Recyclable/ceramic_product/Beauty-in-Broken-Things-Hero.jpg,Non-Recyclable,1200,800,RGB,224,224,RGB,STANDARDIZED
Non-Recyclable/ceramic_product/Beer_bottles_2018_G1.jpg,Non-Recyclable,4800,3600,RGB,224,224,RGB,STANDARDIZED
Non-Recyclable/ceramic_product/Best-Glue-for-Ceramics_Hero_NEW.jpg,Non-Recyclable,1640,1095,RGB,224,224,RGB,STANDARDIZED
Non-Recyclable/ceramic_product/Blog-Images-15.jpg,Non-Recyclable,1920,1080,RGB,224,224,RGB,STANDARDIZED
Non-Recyclable/ceramic_product/Brock3-1080x810.jpg,Non-Recyclable,1080,810,RGB,224,224,RGB,STANDARDIZED
Non-Recyclable/ceramic_product/Broken-Ceramics-Glass-Mirror-Chips.webp,Non-Recyclable,700,700,RGB,224,224,RGB,STANDARDIZED
Non-Recyclable/ceramic_product/Broken-ceramic-mug-1024x597.jpg,Non-Recyclable,1024,597,RGB,224,224,RGB,STANDARDIZED
Non-Recyclable/ceramic_product/Crushed-ceramic-pots-waste-white-ceramics-24.png,Non-Recyclable,850,479,P,224,224,RGB,STANDARDIZED
Non-Recyclable/ceramic_product/DsixVthXoAAJ_eE.jpg,Non-Recyclable,1200,676,RGB,224,224,RGB,STANDARDIZED
Non-Recyclable/ceramic_product/EDII_NMUS_V_2007_289_1-001.jpg,Non-Recyclable,1200,855,RGB,224,224,RGB,STANDARDIZED
Non-Recyclable/ceramic_product/Glass-Before-After.jpg,Non-Recyclable,500,333,RGB,224,224,RGB,STANDARDIZED
Non-Recyclable/ceramic_product/Glass-Recycling-Process-InContent.png,Non-Recyclable,625,600,P,224,224,RGB,STANDARDIZED
Non-Recyclable/ceramic_product/Glass-recycling.jpg,Non-Recyclable,1280,720,RGB,224,224,RGB,STANDARDIZED
Non-Recyclable/ceramic_product/Glass.jpg,Non-Recyclable,2304,1094,RGB,224,224,RGB,STANDARDIZED
Non-Recyclable/ceramic_product/How-to-Dispose-of-Broken-Glass-Shards.png,Non-Recyclable,800,400,P,224,224,RGB,STANDARDIZED
Non-Recyclable/ceramic_product/How-to-dispose-of-broken-glass-Cover.webp,Non-Recyclable,1140,620,RGB,224,224,RGB,STANDARDIZED
Non-Recyclable/ceramic_product/IMG_3214.JPG.jpg,Non-Recyclable,640,640,RGB,224,224,RGB,STANDARDIZED
Non-Recyclable/ceramic_product/ImageForNews_59851_16615112202202141.jpg,Non-Recyclable,1000,667,RGB,224,224,RGB,STANDARDIZED
Non-Recyclable/ceramic_product/Is-Recycling-Glass-Worth-It.jpg,Non-Recyclable,1920,1208,RGB,224,224,RGB,STANDARDIZED
Non-Recyclable/ceramic_product/J-152-019-thumb-1600x900---3890.jpg,Non-Recyclable,1600,900,RGB,224,224,RGB,STANDARDIZED
Non-Recyclable/ceramic_product/Kintsugi-Card.png,Non-Recyclable,800,600,RGBA,224,224,RGB,STANDARDIZED
Non-Recyclable/ceramic_product/LZSBWTVMZFLHTBPVKNOIAGPNEY.jpg,Non-Recyclable,5500,3777,RGB,224,224,RGB,STANDARDIZED
Non-Recyclable/ceramic_product/Photo-Waste-Recycled-glass-lifecycle.png,Non-Recyclable,900,479,P,224,224,RGB,STANDARDIZED
Non-Recyclable/ceramic_product/Recycle-Disposal.png,Non-Recyclable,1200,618,P,224,224,RGB,STANDARDIZED
Non-Recyclable/ceramic_product/Recycled-glass-tile.jpg,Non-Recyclable,2048,2048,RGB,224,224,RGB,STANDARDIZED
Non-Recyclable/ceramic_product/Tea-Bowl2-1024x739.jpg,Non-Recyclable,1024,739,RGB,224,224,RGB,STANDARDIZED
Non-Recyclable/ceramic_product/Turn-a-Broken-Porcelain-Vase-into-an-Art-Piece-with-3D-Printing-Pen_FacFox-1.jpg,Non-Recyclable,1200,900,RGB,224,224,RGB,STANDARDIZED
Non-Recyclable/ceramic_product/WDPRGPFC001b-Waste-Broken-Glass-n-Ceramic-Pieces-Living-2-scaled.jpg,Non-Recyclable,2560,2003,RGB,224,224,RGB,STANDARDIZED
Non-Recyclable/ceramic_product/WDPRGPFC001b-Waste-Broken-Glass-n-Ceramic-Pieces-design.jpg,Non-Recyclable,2500,1958,RGB,224,224,RGB,STANDARDIZED
Non-Recyclable/ceramic_product/Your-Complete-Guide-to-Safely-Disposing-of-Broken-Glass-1-y8t9a48ynxihx5k9r33im8.jpg,Non-Recyclable,1024,500,RGB,224,224,RGB,STANDARDIZED
Non-Recyclable/ceramic_product/_118448907_154c85b8-47e0-4a98-8dd6-37e588315d9d.jpg,Non-Recyclable,976,549,RGB,224,224,RGB,STANDARDIZED
Non-Recyclable/ceramic_product/amic-tiles-floor-family-quarrel-irritation-broken-dishes-for-happiness-photo.jpg,Non-Recyclable,2940,1960,RGB,224,224,RGB,STANDARDIZED
Non-Recyclable/ceramic_product/arts-crockery-halves-broken-white-cup-disintegration-accident-cut_695181-454.jpg,Non-Recyclable,626,415,RGB,224,224,RGB,STANDARDIZED
Non-Recyclable/ceramic_product/bdv-db-05.jpg,Non-Recyclable,818,600,RGB,224,224,RGB,STANDARDIZED
Non-Recyclable/ceramic_product/better-kintsugi-kumai.jpg,Non-Recyclable,1200,630,RGB,224,224,RGB,STANDARDIZED
Non-Recyclable/ceramic_product/blue-crystalline-kintsugi-vase-2a.jpg,Non-Recyclable,525,688,RGB,224,224,RGB,STANDARDIZED
Non-Recyclable/ceramic_product/blue-vase-badly-broken.jpg,Non-Recyclable,1100,1100,RGB,224,224,RGB,STANDARDIZED
Non-Recyclable/ceramic_product/bouke-de-vries-broken-ceramics-sculptures-kintsugi-designboom-8.jpg,Non-Recyclable,818,1211,RGB,224,224,RGB,STANDARDIZED
Non-Recyclable/ceramic_product/bowl-bottom-broken-glass-w-melted-bubbles-air-vessel-was-lying-flat-85817560.jpg,Non-Recyclable,1600,1240,RGB,224,224,RGB,STANDARDIZED
Non-Recyclable/ceramic_product/breaking_glass_blog_banner.jpg,Non-Recyclable,750,250,RGB,224,224,RGB,STANDARDIZED
Non-Recyclable/ceramic_product/broken-bottles-4-1024x818.jpg,Non-Recyclable,1024,818,RGB,224,224,RGB,STANDARDIZED
Non-Recyclable/ceramic_product/broken-bottles.jpg,Non-Recyclable,2304,1728,RGB,224,224,RGB,STANDARDIZED
Non-Recyclable/ceramic_product/broken-ceramic-glass-which-damaged-260nw-1420943837.jpg,Non-Recyclable,462,280,RGB,224,224,RGB,STANDARDIZED
Non-Recyclable/ceramic_product/broken-chinese-ceramic-vase-on-white-background-CR2H8C.jpg,Non-Recyclable,866,1390,RGB,224,224,RGB,STANDARDIZED
Non-Recyclable/ceramic_product/broken-glass-mosaic-tile-decoration-in-park-guell-barcelona-spain-1017069073.jpg,Non-Recyclable,1500,1222,RGB,224,224,RGB,STANDARDIZED
Non-Recyclable/ceramic_product/broken-glass-mosaic-tiles-bench-as-ceramic-art-in-park-guell-barcelona-spain-2B6HY56.jpg,Non-Recyclable,866,1390,RGB,224,224,RGB,STANDARDIZED
Non-Recyclable/ceramic_product/broken-glass-separated-by-color-and-prepared-for-recycling-at-a-glass-CC88DY.jpg,Non-Recyclable,1300,955,RGB,224,224,RGB,STANDARDIZED
Non-Recyclable/ceramic_product/broken-glass-waste-and-disposal-drawing_csp79427295.jpg,Non-Recyclable,548,519,RGB,224,224,RGB,STANDARDIZED
Non-Recyclable/ceramic_product/broken-plastic-glass-ceramic-trash-polluting-rocky-shoreline-lake-washington-close-up-166216643.jpg,Non-Recyclable,1600,1290,RGB,224,224,RGB,STANDARDIZED
Non-Recyclable/ceramic_product/broken20mug.png,Non-Recyclable,320,260,RGBA,224,224,RGB,STANDARDIZED
Non-Recyclable/ceramic_product/c7c78ff954653f5d1aa71fc29f6ed604.jpg,Non-Recyclable,550,1204,RGB,224,224,RGB,STANDARDIZED
Non-Recyclable/ceramic_product/colored-glass-pieces.jpg,Non-Recyclable,700,467,RGB,224,224,RGB,STANDARDIZED
Non-Recyclable/ceramic_product/colorful-broken-glass-pottery-on-260nw-1532128616.jpg,Non-Recyclable,390,280,RGB,224,224,RGB,STANDARDIZED
Non-Recyclable/ceramic_product/de-bowl-in-the-shape-of-a-star-at-the-bottom-of-the-bowl-melted-broken-glass.jpg,Non-Recyclable,1296,1300,RGB,224,224,RGB,STANDARDIZED
Non-Recyclable/ceramic_product/depositphotos_234468602-stock-photo-collage-tile-decoration-broken-glass.jpg,Non-Recyclable,600,400,RGB,224,224,RGB,STANDARDIZED
Non-Recyclable/ceramic_product/depositphotos_8204577-stock-photo-broken-bottle.jpg,Non-Recyclable,1023,680,RGB,224,224,RGB,STANDARDIZED
Non-Recyclable/ceramic_product/dishes-not-recyclable.jpg,Non-Recyclable,1200,500,RGB,224,224,RGB,STANDARDIZED
Non-Recyclable/ceramic_product/drop-coffee-by-roar-studio-dubai_dezeen_2364_col_hero1-852x479.jpg,Non-Recyclable,852,479,RGB,224,224,RGB,STANDARDIZED
Non-Recyclable/ceramic_product/e-clay-broken-ceramic-jug-waste-handmade-plasticine-isolated-white-163744973.jpg,Non-Recyclable,1600,1690,RGB,224,224,RGB,STANDARDIZED
Non-Recyclable/ceramic_product/e-patterns-isolated-white-background-vector-cartoon-illustration_76964-12318.jpg,Non-Recyclable,626,393,RGB,224,224,RGB,STANDARDIZED
Non-Recyclable/ceramic_product/e-patterns-isolated-white-background-vector-cartoon-illustration_76964-12320.jpg,Non-Recyclable,626,389,RGB,224,224,RGB,STANDARDIZED
Non-Recyclable/ceramic_product/f81b7221c3c8ec31c91a739838b342e1--mosaic-tray-mosaic-tables.jpg,Non-Recyclable,735,492,RGB,224,224,RGB,STANDARDIZED
Non-Recyclable/ceramic_product/fd315fee1ce664f215b7fc517d259bde.jpg,Non-Recyclable,370,636,RGB,224,224,RGB,STANDARDIZED
Non-Recyclable/ceramic_product/file-20221102-45064-bw9n55.jpg,Non-Recyclable,1920,1276,RGB,224,224,RGB,STANDARDIZED
Non-Recyclable/ceramic_product/glass-disposal.jpeg,Non-Recyclable,1024,684,RGB,224,224,RGB,STANDARDIZED
Non-Recyclable/ceramic_product/glass-for-recycling.jpg,Non-Recyclable,1200,630,RGB,224,224,RGB,STANDARDIZED
Non-Recyclable/ceramic_product/glass-waste-stock-image_csp12318466.jpg,Non-Recyclable,600,470,RGB,224,224,RGB,STANDARDIZED
Non-Recyclable/ceramic_product/granby-workshop-assemble-ceramics-design_dezeen_2364_col_5-852x852.jpg,Non-Recyclable,852,852,RGB,224,224,RGB,STANDARDIZED
Non-Recyclable/ceramic_product/granby-workshop-waste-ceramics-design_dezeen_2364_sq-1.jpg,Non-Recyclable,2364,2363,RGB,224,224,RGB,STANDARDIZED
Non-Recyclable/ceramic_product/granbyware2.jpg,Non-Recyclable,680,383,RGB,224,224,RGB,STANDARDIZED
Non-Recyclable/ceramic_product/guide-glass-brokenglass.jpg,Non-Recyclable,600,600,RGB,224,224,RGB,STANDARDIZED
Non-Recyclable/ceramic_product/handmade-old-clay-pottery-ceramics-picture_csp21200013.jpg,Non-Recyclable,420,519,RGB,224,224,RGB,STANDARDIZED
Non-Recyclable/ceramic_product/hong-kong-august-01-a-mix-of-broken-glass-shattered-ceramics-building-HKCCMG.jpg,Non-Recyclable,1300,956,RGB,224,224,RGB,STANDARDIZED
Non-Recyclable/ceramic_product/how_to_creatively_use_the_broken_coffee_mugs.jpg,Non-Recyclable,1200,800,RGB,224,224,RGB,STANDARDIZED
Non-Recyclable/ceramic_product/hq720.jpg,Non-Recyclable,1280,720,RGB,224,224,RGB,STANDARDIZED
Non-Recyclable/ceramic_product/image-asset.jpeg,Non-Recyclable,1734,660,RGB,224,224,RGB,STANDARDIZED
Non-Recyclable/ceramic_product/kintsugi-art-japanese-broken-pottery.jpeg,Non-Recyclable,1200,628,RGB,224,224,RGB,STANDARDIZED
Non-Recyclable/ceramic_product/kintsugi-hero.jpg,Non-Recyclable,700,460,RGB,224,224,RGB,STANDARDIZED
Non-Recyclable/ceramic_product/kintsugi-portata.png,Non-Recyclable,750,400,P,224,224,RGB,STANDARDIZED
Non-Recyclable/ceramic_product/kintsugi_2048x2048.jpg,Non-Recyclable,1597,1150,RGB,224,224,RGB,STANDARDIZED
Non-Recyclable/ceramic_product/lacey-williams-175638-unsplash-1024x595.jpg,Non-Recyclable,1024,595,RGB,224,224,RGB,STANDARDIZED
Non-Recyclable/ceramic_product/largepreview.png,Non-Recyclable,850,1100,P,224,224,RGB,STANDARDIZED
Non-Recyclable/ceramic_product/letsbeclear-glass-jp-dd3_original.jpg,Non-Recyclable,2000,988,RGB,224,224,RGB,STANDARDIZED
Non-Recyclable/ceramic_product/maxresdefault.jpg,Non-Recyclable,1280,720,RGB,224,224,RGB,STANDARDIZED
Non-Recyclable/ceramic_product/maxresdefault2.jpg,Non-Recyclable,1280,720,RGB,224,224,RGB,STANDARDIZED
Non-Recyclable/ceramic_product/mosaic-china-crafts.jpg,Non-Recyclable,1200,628,RGB,224,224,RGB,STANDARDIZED
Non-Recyclable/ceramic_product/msw-small.jpg,Non-Recyclable,2000,1548,RGB,224,224,RGB,STANDARDIZED
Non-Recyclable/ceramic_product/new_guide_available_for_fractography_of_ceramics_and_glasses.jpg,Non-Recyclable,355,246,RGB,224,224,RGB,STANDARDIZED
Non-Recyclable/ceramic_product/nish-gray_glaze2C_gold_lacquer_-_Ethnological_Museum2C_Berlin_-_DSC02061.JPG.jpg,Non-Recyclable,4400,3018,RGB,224,224,RGB,STANDARDIZED
Non-Recyclable/ceramic_product/original.jpg,Non-Recyclable,4288,2848,RGB,224,224,RGB,STANDARDIZED
Non-Recyclable/ceramic_product/p037kb0l.jpg,Non-Recyclable,1040,1040,RGB,224,224,RGB,STANDARDIZED
Non-Recyclable/ceramic_product/plastic_bag_contamination_.gif,Non-Recyclable,1500,994,P,224,224,RGB,STANDARDIZED
Non-Recyclable/ceramic_product/plate-blue-broken-cemetery.jpg,Non-Recyclable,910,607,RGB,224,224,RGB,STANDARDIZED
Non-Recyclable/ceramic_product/plate-smashed-blue-glass.jpg,Non-Recyclable,910,607,RGB,224,224,RGB,STANDARDIZED
Non-Recyclable/ceramic_product/r-broken-ceramic-vase-green-bottle-dandellions-remains-of-the-paint-old-wood.jpg,Non-Recyclable,800,533,RGB,224,224,RGB,STANDARDIZED
Non-Recyclable/ceramic_product/recycled-glass-powder-500x500.jpg,Non-Recyclable,500,296,RGB,224,224,RGB,STANDARDIZED
Non-Recyclable/ceramic_product/recycled-glass.jpg,Non-Recyclable,728,489,RGB,224,224,RGB,STANDARDIZED
Non-Recyclable/ceramic_product/recycling-06-00026-g001.png,Non-Recyclable,3341,1000,RGB,224,224,RGB,STANDARDIZED
Non-Recyclable/ceramic_product/recycling-glass.jpg,Non-Recyclable,800,530,RGB,224,224,RGB,STANDARDIZED
Non-Recyclable/ceramic_product/repurpose-china.jpg,Non-Recyclable,1200,1200,RGB,224,224,RGB,STANDARDIZED
Non-Recyclable/ceramic_product/rritory-india-feb-a-beautiful-pattern-of-bird-made-with-waste-and-2284142049.jpg,Non-Recyclable,1500,1101,RGB,224,224,RGB,STANDARDIZED
Non-Recyclable/ceramic_product/shards-of-broken-pottery-CFKKAG.jpg,Non-Recyclable,1300,956,RGB,224,224,RGB,STANDARDIZED
Non-Recyclable/ceramic_product/shutterstock_1805501278-1.jpg,Non-Recyclable,1000,667,RGB,224,224,RGB,STANDARDIZED
Non-Recyclable/ceramic_product/stock-photo-broken-ceramic-glass-which-is-damaged-by-transportation-1425982577.jpg,Non-Recyclable,1500,1101,RGB,224,224,RGB,STANDARDIZED
Non-Recyclable/ceramic_product/stock-photo-broken-ceramics-dishes-in-wall-background-stock-images-214036360.jpg,Non-Recyclable,450,351,RGB,224,224,RGB,STANDARDIZED
Non-Recyclable/ceramic_product/the-old-broken-glass-cup-D8GBJ9.jpg,Non-Recyclable,1062,1390,RGB,224,224,RGB,STANDARDIZED
Non-Recyclable/ceramic_product/tion-broken-glass-mosaic-broken-ceramic-tiles-as-crazy-background-for-paving.jpg,Non-Recyclable,1300,866,RGB,224,224,RGB,STANDARDIZED
Non-Recyclable/ceramic_product/trash17_wide-9ef04671bfc0a0abd41c2950e6652fa098890b95-s1100-c50.jpg,Non-Recyclable,1100,618,RGB,224,224,RGB,STANDARDIZED
Non-Recyclable/ceramic_product/tures-of-broken-porcelain-vases-within-other-glass-ones-by-bouke-de-vries-14.jpg,Non-Recyclable,683,850,RGB,224,224,RGB,STANDARDIZED
Non-Recyclable/ceramic_product/turn-broken-ceramics-800x800.jpg,Non-Recyclable,600,398,RGB,224,224,RGB,STANDARDIZED
Non-Recyclable/ceramic_product/ulptures-of-broken-porcelain-vases-within-other-glass-ones-by-bouke-de-vries.jpg,Non-Recyclable,1200,900,RGB,224,224,RGB,STANDARDIZED
Non-Recyclable/ceramic_product/why-does-ceramic-break-glass.jpg,Non-Recyclable,1200,700,RGB,224,224,RGB,STANDARDIZED
Non-Recyclable/ceramic_product/wl-bottom-broken-glass-w-melted-bubbles-air-vessel-was-placed-front-85817408.jpg,Non-Recyclable,1600,1628,RGB,224,224,RGB,STANDARDIZED
Non-Recyclable/ceramic_product/woman-repairing-broken-pottery-kintsugi-royalty-free-image-1680030784.jpg,Non-Recyclable,3840,2160,RGB,224,224,RGB,STANDARDIZED
Non-Recyclable/ceramic_product/woman_sort_recycle_glass_bin.jpg,Non-Recyclable,850,1280,RGB,224,224,RGB,STANDARDIZED
Non-Recyclable/diapers/-baby-nappies-diapers-waste-dirty-diapers-trash-bag-disposing-used-239559297.jpg,Non-Recyclable,1600,1155,RGB,224,224,RGB,STANDARDIZED
Non-Recyclable/diapers/-garbage-pail-disposing-of-used-baby-nappies-environmental-impact-2084386903.jpg,Non-Recyclable,998,1600,RGB,224,224,RGB,STANDARDIZED
Non-Recyclable/diapers/-shadow-with-clipping-path-plastic-trash-can-overfilled-with-nappies-2B6X2H7.jpg,Non-Recyclable,886,1390,RGB,224,224,RGB,STANDARDIZED
Non-Recyclable/diapers/-table-group-disposable-diapers-arranged-over-white-changing-table-145294479.jpg,Non-Recyclable,1600,1157,RGB,224,224,RGB,STANDARDIZED
Non-Recyclable/diapers/05_5d6dfe6d-8164-49c4-951c-11cf82c8d19b.jpg,Non-Recyclable,1184,1476,RGB,224,224,RGB,STANDARDIZED
Non-Recyclable/diapers/1-s2.0-S0921344919304549-ga1.jpg,Non-Recyclable,496,200,RGB,224,224,RGB,STANDARDIZED
Non-Recyclable/diapers/1-uv-fs5l01nzvbxmtbuhwvw.jpeg,Non-Recyclable,1000,661,RGB,224,224,RGB,STANDARDIZED
Non-Recyclable/diapers/1.jpg,Non-Recyclable,853,480,RGB,224,224,RGB,STANDARDIZED
Non-Recyclable/diapers/100-cotton-huggies-advanced-ultra-absorbent-disposable-baby-diapers-pants-103.jpg,Non-Recyclable,403,500,RGB,224,224,RGB,STANDARDIZED
Non-Recyclable/diapers/100444583_8-pampers-active-baby-diapers-small-3-8-kg.jpg,Non-Recyclable,500,500,RGB,224,224,RGB,STANDARDIZED
Non-Recyclable/diapers/10582_1.jpg,Non-Recyclable,1000,1000,RGB,224,224,RGB,STANDARDIZED
Non-Recyclable/diapers/10586_1-Front.jpg,Non-Recyclable,1000,1000,RGB,224,224,RGB,STANDARDIZED
Non-Recyclable/diapers/12.jpg,Non-Recyclable,853,480,RGB,224,224,RGB,STANDARDIZED
Non-Recyclable/diapers/1200px-Disposablediaper.JPG.jpg,Non-Recyclable,1200,900,RGB,224,224,RGB,STANDARDIZED
Non-Recyclable/diapers/12B252812529.jpg,Non-Recyclable,720,720,RGB,224,224,RGB,STANDARDIZED
Non-Recyclable/diapers/13-Best-Baby-Diapers-In-India-In-2023.jpg,Non-Recyclable,720,810,RGB,224,224,RGB,STANDARDIZED
Non-Recyclable/diapers/20003932-2_4-pampers-baby-dry-small-11-diapers.jpg,Non-Recyclable,500,500,RGB,224,224,RGB,STANDARDIZED
Non-Recyclable/diapers/3-Figure3-1.png,Non-Recyclable,690,344,RGB,224,224,RGB,STANDARDIZED
Non-Recyclable/diapers/30487_hd.jpg,Non-Recyclable,562,394,RGB,224,224,RGB,STANDARDIZED
Non-Recyclable/diapers/37494-500x500.jpg,Non-Recyclable,500,500,RGB,224,224,RGB,STANDARDIZED
Non-Recyclable/diapers/392089940-melons_550x550.jpg,Non-Recyclable,550,550,RGB,224,224,RGB,STANDARDIZED
Non-Recyclable/diapers/4-Figure5-1.png,Non-Recyclable,678,382,RGB,224,224,RGB,STANDARDIZED
Non-Recyclable/diapers/40229261_4-pampers-active-baby-diapers-new-born.jpg,Non-Recyclable,500,500,RGB,224,224,RGB,STANDARDIZED
Non-Recyclable/diapers/405434435.jpg,Non-Recyclable,1500,1087,RGB,224,224,RGB,STANDARDIZED
Non-Recyclable/diapers/429348994-baby-crawling-away-from-camera-wearing-disposable-diaper.jpg,Non-Recyclable,1000,667,RGB,224,224,RGB,STANDARDIZED
Non-Recyclable/diapers/474911884-H.webp,Non-Recyclable,1024,700,RGB,224,224,RGB,STANDARDIZED
Non-Recyclable/diapers/4e2a79e2666c--baby-bum-music-a04902.png,Non-Recyclable,812,1010,P,224,224,RGB,STANDARDIZED
Non-Recyclable/diapers/51.jpg,Non-Recyclable,720,375,RGB,224,224,RGB,STANDARDIZED
Non-Recyclable/diapers/51zIAjQaiyL.jpg,Non-Recyclable,1500,1500,RGB,224,224,RGB,STANDARDIZED
Non-Recyclable/diapers/530157_25636_XL.jpg,Non-Recyclable,1024,512,RGB,224,224,RGB,STANDARDIZED
Non-Recyclable/diapers/61VUeyU0dbL._AC_UF8941000_QL80_.jpg,Non-Recyclable,716,1000,RGB,224,224,RGB,STANDARDIZED
Non-Recyclable/diapers/61ZMDwA4xzL._AC_UF8941000_QL80_.jpg,Non-Recyclable,894,901,RGB,224,224,RGB,STANDARDIZED
Non-Recyclable/diapers/61dJIigpYOL.jpg,Non-Recyclable,1350,1169,RGB,224,224,RGB,STANDARDIZED
Non-Recyclable/diapers/61h5qokt9sL.jpg,Non-Recyclable,1000,1000,RGB,224,224,RGB,STANDARDIZED
Non-Recyclable/diapers/61jiC0ORycL.jpg,Non-Recyclable,1500,1500,RGB,224,224,RGB,STANDARDIZED
Non-Recyclable/diapers/634fc803be6fde50b04f6143-diapers-size-3-168-count-pampers.jpg,Non-Recyclable,1496,1470,RGB,224,224,RGB,STANDARDIZED
Non-Recyclable/diapers/63bcf2c160a1da17ec6c2e83-ubbi-disposable-diaper-sacks-lavender.jpg,Non-Recyclable,1500,1292,RGB,224,224,RGB,STANDARDIZED
Non-Recyclable/diapers/63befce33e92406c3c1dac8a-diapers-size-4-144-count-pampers-pull.jpg,Non-Recyclable,1487,1500,RGB,224,224,RGB,STANDARDIZED
Non-Recyclable/diapers/7.jpg,Non-Recyclable,852,480,RGB,224,224,RGB,STANDARDIZED
Non-Recyclable/diapers/71iSOngBHsL._AC_UF10001000_QL80_.jpg,Non-Recyclable,1000,1000,RGB,224,224,RGB,STANDARDIZED
Non-Recyclable/diapers/71rjWQFJhL._AC_UF8941000_QL80_.jpg,Non-Recyclable,894,995,RGB,224,224,RGB,STANDARDIZED
Non-Recyclable/diapers/71vU85MMO7L._AC_UF8941000_QL80_.jpg,Non-Recyclable,894,901,RGB,224,224,RGB,STANDARDIZED
Non-Recyclable/diapers/74806254.jpg,Non-Recyclable,600,546,RGB,224,224,RGB,STANDARDIZED
Non-Recyclable/diapers/78a62dd24472a69bddf67cc48cfdcf31.jpg,Non-Recyclable,645,380,RGB,224,224,RGB,STANDARDIZED
Non-Recyclable/diapers/81b6OBTrb6L.jpg,Non-Recyclable,2000,2000,RGB,224,224,RGB,STANDARDIZED
Non-Recyclable/diapers/8b7d1c_7de73bd317284b49b0872afa1aa3632emv2.png,Non-Recyclable,636,954,RGBA,224,224,RGB,STANDARDIZED
Non-Recyclable/diapers/Baby2BWith2BDisposable2BDiapers.jpg,Non-Recyclable,1600,1066,RGB,224,224,RGB,STANDARDIZED
Non-Recyclable/diapers/Blog-10-internal-img-colourfull-diaper.jpg,Non-Recyclable,1080,1080,RGB,224,224,RGB,STANDARDIZED
Non-Recyclable/diapers/Coterie-diapers-group-shot.jpg,Non-Recyclable,1920,1960,RGB,224,224,RGB,STANDARDIZED
Non-Recyclable/diapers/D_TopBanner_Catalog_IN.png,Non-Recyclable,960,460,RGBA,224,224,RGB,STANDARDIZED
Non-Recyclable/diapers/Dangers-of-Disposable-Diapers.jpg,Non-Recyclable,1600,1066,RGB,224,224,RGB,STANDARDIZED
Non-Recyclable/diapers/Depositphotos_456124904_S.jpg,Non-Recyclable,1000,662,RGB,224,224,RGB,STANDARDIZED
Non-Recyclable/diapers/DiaperNCloth-scaled.jpg,Non-Recyclable,1500,1000,RGB,224,224,RGB,STANDARDIZED
Non-Recyclable/diapers/Diapers4-01.png,Non-Recyclable,1729,1080,RGBA,224,224,RGB,STANDARDIZED
Non-Recyclable/diapers/Disposable-Diapers-take-300-years-to-decomposeand-account-for-15-of-landfill-waste..jpg,Non-Recyclable,1200,628,RGB,224,224,RGB,STANDARDIZED
Non-Recyclable/diapers/Dyper_lifestyle_Jan_2022-128.jpg,Non-Recyclable,6356,4237,RGB,224,224,RGB,STANDARDIZED
Non-Recyclable/diapers/February-Do-Good.jpg,Non-Recyclable,1200,650,RGB,224,224,RGB,STANDARDIZED
Non-Recyclable/diapers/HNCH4010_Disposal-Diaper-Test-Package.png,Non-Recyclable,593,675,RGB,224,224,RGB,STANDARDIZED
Non-Recyclable/diapers/IMG_20180626_083543.jpg,Non-Recyclable,4160,2352,RGB,224,224,RGB,STANDARDIZED
Non-Recyclable/diapers/IMG_9256.jpg,Non-Recyclable,1170,1306,RGB,224,224,RGB,STANDARDIZED
Non-Recyclable/diapers/IMG_9257.jpg,Non-Recyclable,1170,1431,RGB,224,224,RGB,STANDARDIZED
Non-Recyclable/diapers/Issue43.png,Non-Recyclable,566,792,RGB,224,224,RGB,STANDARDIZED
Non-Recyclable/diapers/MHSOLIDDIPRMIXP3-2_600x.jpg,Non-Recyclable,600,600,RGB,224,224,RGB,STANDARDIZED
Non-Recyclable/diapers/Pampers-All-round-Protection-Pants-Large-Size-Baby-Diapers-42-Count.jpg,Non-Recyclable,1200,1200,RGB,224,224,RGB,STANDARDIZED
Non-Recyclable/diapers/Pampers-All-round-Protection-Pants-Medium-Size-Baby-Diapers-76-Count.jpg,Non-Recyclable,1200,1200,RGB,224,224,RGB,STANDARDIZED
Non-Recyclable/diapers/Percentage-of-diapers-in-urban-solid-waste-in-some-countries-in-North-America-Europe-and.png,Non-Recyclable,479,312,RGB,224,224,RGB,STANDARDIZED
Non-Recyclable/diapers/Post_2_large.jpeg,Non-Recyclable,466,480,RGB,224,224,RGB,STANDARDIZED
Non-Recyclable/diapers/Representational-Image-only-3.jpg,Non-Recyclable,1200,628,RGB,224,224,RGB,STANDARDIZED
Non-Recyclable/diapers/RforRabbitFeatherDiaper_3_d996cd05-0cfb-491e-8c48-d1e98b80e296.jpg,Non-Recyclable,800,800,RGB,224,224,RGB,STANDARDIZED
Non-Recyclable/diapers/Screen-Shot-2017-09-18-at-14.12.32.png,Non-Recyclable,480,307,RGBA,224,224,RGB,STANDARDIZED
Non-Recyclable/diapers/Screen_Shot_2023-01-26_at_5.07.55_PM_480x480.png,Non-Recyclable,316,480,RGBA,224,224,RGB,STANDARDIZED
Non-Recyclable/diapers/Starlight_Untitled_1.1.1.jpg,Non-Recyclable,840,473,RGB,224,224,RGB,STANDARDIZED
Non-Recyclable/diapers/The-chemistry-of-disposable-nappies.png,Non-Recyclable,1654,1169,P,224,224,RGB,STANDARDIZED
Non-Recyclable/diapers/UNDP-SZ-Disposable-Diapers-2021.jpg,Non-Recyclable,5312,3984,RGB,224,224,RGB,STANDARDIZED
Non-Recyclable/diapers/Unguarded-disposal-of-soiled-disposable-diapers-in-land-depressions-26_Q320.jpg,Non-Recyclable,320,320,RGB,224,224,RGB,STANDARDIZED
Non-Recyclable/diapers/Unguarded-disposal-of-soiled-disposable-diapers-in-vacant-plots-27_Q320.jpg,Non-Recyclable,320,320,RGB,224,224,RGB,STANDARDIZED
Non-Recyclable/diapers/Untitled-5-2.jpg,Non-Recyclable,1405,783,RGB,224,224,RGB,STANDARDIZED
Non-Recyclable/diapers/Waste_disposal_tvm_422021_1200-compressed.jpg,Non-Recyclable,1200,800,RGB,224,224,RGB,STANDARDIZED
Non-Recyclable/diapers/ZbAzUBfb1th1EGMXQqMRogPdjRRfwc8q7VCHQsjz.jpg,Non-Recyclable,800,500,RGB,224,224,RGB,STANDARDIZED
Non-Recyclable/diapers/ad1ec850dfe070f294e3e709582ea0f28d-26-diapers-lede.rsquare.w700.jpg,Non-Recyclable,700,700,RGB,224,224,RGB,STANDARDIZED
Non-Recyclable/diapers/baby-diaper.jpg,Non-Recyclable,600,378,RGB,224,224,RGB,STANDARDIZED
Non-Recyclable/diapers/baby-diapers2.jpg,Non-Recyclable,1600,1200,RGB,224,224,RGB,STANDARDIZED
Non-Recyclable/diapers/baby_in_diaper_crib-1296x728-header.jpg,Non-Recyclable,1296,728,RGB,224,224,RGB,STANDARDIZED
Non-Recyclable/diapers/best-diapers-1553537708.png,Non-Recyclable,2000,1000,RGB,224,224,RGB,STANDARDIZED
Non-Recyclable/diapers/bigstock-Group-Of-Disposable-Diapers-Ar-296238739.jpg,Non-Recyclable,900,600,RGB,224,224,RGB,STANDARDIZED
Non-Recyclable/diapers/c21ce9a01fc0343df63f2a52d3e8457b.jpg,Non-Recyclable,481,481,RGB,224,224,RGB,STANDARDIZED
Non-Recyclable/diapers/cloth-diapers-vs-disposable-2160x1200.jpg,Non-Recyclable,2160,1200,RGB,224,224,RGB,STANDARDIZED
Non-Recyclable/diapers/cloth-diapers-vs-disposable-diapers-comparison.jpg,Non-Recyclable,1199,626,RGB,224,224,RGB,STANDARDIZED
Non-Recyclable/diapers/cloth-vs-disposable-diaper-top-2x1-lowres1024-.jpg,Non-Recyclable,1024,512,RGB,224,224,RGB,STANDARDIZED
Non-Recyclable/diapers/cloth-vs-disposable-diapers-722x406.jpg,Non-Recyclable,722,406,RGB,224,224,RGB,STANDARDIZED
Non-Recyclable/diapers/diaper-biodegradable-1567090472295.jpg,Non-Recyclable,1200,628,RGB,224,224,RGB,STANDARDIZED
Non-Recyclable/diapers/diaper-composition_orig.png,Non-Recyclable,801,694,RGBA,224,224,RGB,STANDARDIZED
Non-Recyclable/diapers/diapersshutterstockilife.jpg,Non-Recyclable,1000,662,RGB,224,224,RGB,STANDARDIZED
Non-Recyclable/diapers/dirty-and-soiled-baby-babys-disposable-nappies-discarded-thrown-away-G0KRA6.jpg,Non-Recyclable,1300,956,RGB,224,224,RGB,STANDARDIZED
Non-Recyclable/diapers/dirty-baby-diapers-trash-disposing-footage-180485037_prevstill.jpeg,Non-Recyclable,3840,2160,RGB,224,224,RGB,STANDARDIZED
Non-Recyclable/diapers/disposable-baby-diaper.png,Non-Recyclable,500,500,RGBA,224,224,RGB,STANDARDIZED
Non-Recyclable/diapers/disposable-baby-diapers.jpg,Non-Recyclable,1566,1392,RGB,224,224,RGB,STANDARDIZED
Non-Recyclable/diapers/disposable-diaper-1.jpg,Non-Recyclable,1500,1000,RGB,224,224,RGB,STANDARDIZED
Non-Recyclable/diapers/disposable-diapers-in-garbage.jpg,Non-Recyclable,780,439,RGB,224,224,RGB,STANDARDIZED
Non-Recyclable/diapers/disposable-diapers-to-take-care-hygiene-babies-168544880.jpg,Non-Recyclable,1600,1158,RGB,224,224,RGB,STANDARDIZED
Non-Recyclable/diapers/e-of-garbage-from-food-waste-cans-and-plastic-bottles-and-plastic-1201361770.jpg,Non-Recyclable,1500,1101,RGB,224,224,RGB,STANDARDIZED
Non-Recyclable/diapers/elle.rue.jpg,Non-Recyclable,2000,2000,RGB,224,224,RGB,STANDARDIZED
Non-Recyclable/diapers/en-img-education-thumb-01-mb.jpg,Non-Recyclable,768,768,RGB,224,224,RGB,STANDARDIZED
Non-Recyclable/diapers/ental-impact-disposable-diapers-pollution-environment-soil-water_159975-1317.jpg,Non-Recyclable,626,416,RGB,224,224,RGB,STANDARDIZED
Non-Recyclable/diapers/file-20190704-126340-13f38tz.jpg,Non-Recyclable,1920,1249,RGB,224,224,RGB,STANDARDIZED
Non-Recyclable/diapers/file-20221019-22-gy6i0u.jpg,Non-Recyclable,1920,1280,RGB,224,224,RGB,STANDARDIZED
Non-Recyclable/diapers/file721vy4ur8j6z726o29i-1539625503.jpg,Non-Recyclable,667,500,RGB,224,224,RGB,STANDARDIZED
Non-Recyclable/diapers/how-to-keep-disposable-diapers-from-leaking-at-night.jpg,Non-Recyclable,1200,1200,RGB,224,224,RGB,STANDARDIZED
Non-Recyclable/diapers/huggies-diapers.jpg,Non-Recyclable,640,480,RGB,224,224,RGB,STANDARDIZED
Non-Recyclable/diapers/image-asset.jpeg,Non-Recyclable,2500,1957,CMYK,224,224,RGB,STANDARDIZED
Non-Recyclable/diapers/image8-1638302456823_1200x.jpg,Non-Recyclable,1010,720,RGB,224,224,RGB,STANDARDIZED
Non-Recyclable/diapers/img-20220517-62834aa4b613d.png,Non-Recyclable,720,720,RGB,224,224,RGB,STANDARDIZED
Non-Recyclable/diapers/intresting20fact20about20baby20diapers.jpeg,Non-Recyclable,1151,598,RGB,224,224,RGB,STANDARDIZED
Non-Recyclable/diapers/jklzz5r5uwCcP-xxlarge.jpg,Non-Recyclable,800,800,RGB,224,224,RGB,STANDARDIZED
Non-Recyclable/diapers/lain-dibuang-dipinggiran-sungai-di-Sleman-Jogja.-foto-Tommy-Apriando-768x512.jpg,Non-Recyclable,768,512,RGB,224,224,RGB,STANDARDIZED
Non-Recyclable/diapers/less-plastic-nappy-sticker_diapers-v3.jpg,Non-Recyclable,1080,1080,RGB,224,224,RGB,STANDARDIZED
Non-Recyclable/diapers/maxresdefault.jpg,Non-Recyclable,1280,720,RGB,224,224,RGB,STANDARDIZED
Non-Recyclable/diapers/medium-size-baby-diapers-md-76-count-anti-rash-diapers-lotion-original-imafx2hzdcn6zkyb.jpeg,Non-Recyclable,837,1000,RGB,224,224,RGB,STANDARDIZED
Non-Recyclable/diapers/nappies-environmental-impact-disposable-pollution-environment-soil-230432314.jpg,Non-Recyclable,800,533,RGB,224,224,RGB,STANDARDIZED
Non-Recyclable/diapers/nappies-environmental-impact-disposable-pollution-environment-soil-230573896.jpg,Non-Recyclable,1600,1155,RGB,224,224,RGB,STANDARDIZED
Non-Recyclable/diapers/nappies-pink-background-sustainable-lifestyle-zero-waste-concept_479776-4385.jpg,Non-Recyclable,626,417,RGB,224,224,RGB,STANDARDIZED
Non-Recyclable/diapers/nge-color-background-newborn-diapers-open-and-closed-flat-lay-top-1904719375.jpg,Non-Recyclable,1500,1101,RGB,224,224,RGB,STANDARDIZED
Non-Recyclable/diapers/oversonlinewith100_disposablehealthynappypads_liners_insertsnearmeatbdiapers.png,Non-Recyclable,1080,1080,P,224,224,RGB,STANDARDIZED
Non-Recyclable/diapers/p-view-of-used-disposable-diapers-extracted-from-the-parana-river-2306692315.jpg,Non-Recyclable,1001,1600,RGB,224,224,RGB,STANDARDIZED
Non-Recyclable/diapers/pampers-disposable-baby-diapers-500x500.jpg,Non-Recyclable,500,500,RGB,224,224,RGB,STANDARDIZED
Non-Recyclable/diapers/pampers-new-baby-diaper-size-new-born-packet-of-24-6.1-1669709994.jpg,Non-Recyclable,1499,1469,RGB,224,224,RGB,STANDARDIZED
Non-Recyclable/diapers/pampers-new-baby-diapers-72-2-1632780542.jpg,Non-Recyclable,1500,1500,RGB,224,224,RGB,STANDARDIZED
Non-Recyclable/diapers/pies-environmental-impact-disposable-diapers-pollution-environment-235596045.jpg,Non-Recyclable,1600,1155,RGB,224,224,RGB,STANDARDIZED
Non-Recyclable/diapers/pile-discarded-used-baby-diapers-footage-170531202_prevstill.jpeg,Non-Recyclable,3840,2160,RGB,224,224,RGB,STANDARDIZED
Non-Recyclable/diapers/piles-of-plastic-disposable-nappies-on-funafuti-tuvalu-A6T59N.jpg,Non-Recyclable,864,1390,RGB,224,224,RGB,STANDARDIZED
Non-Recyclable/diapers/piles-of-plastic-disposable-nappies-on-funafuti-tuvalu-A6T59T.jpg,Non-Recyclable,864,1390,RGB,224,224,RGB,STANDARDIZED
Non-Recyclable/diapers/piles-of-plastic-disposable-nappies-on-funafuti-tuvalu-A6T59X.jpg,Non-Recyclable,1300,954,RGB,224,224,RGB,STANDARDIZED
Non-Recyclable/diapers/s-environmental-impact-disposable-pollution-environment-soil-water-235596044.jpg,Non-Recyclable,1600,1155,RGB,224,224,RGB,STANDARDIZED
Non-Recyclable/diapers/s-environmental-impact-disposable-pollution-environment-soil-water-235999995.jpg,Non-Recyclable,1600,1155,RGB,224,224,RGB,STANDARDIZED
Non-Recyclable/diapers/s_Matching_Tees_with_hybrid_cloth_diaper_covers_online_with_100_cotton_fabri.png,Non-Recyclable,1800,1000,P,224,224,RGB,STANDARDIZED
Non-Recyclable/diapers/sable-Diapers-for-Babies-Toddlers-and-the-Environment-1296x728-Header_ecafa7.jpg,Non-Recyclable,1296,728,RGB,224,224,RGB,STANDARDIZED
Non-Recyclable/diapers/sed-baby-nappies-environmental-impact-disposable-diapers-pollution-217314562.jpg,Non-Recyclable,1600,1155,RGB,224,224,RGB,STANDARDIZED
Non-Recyclable/diapers/sevent-generation-sensitive-protection_4x3.jpg,Non-Recyclable,1026,770,RGB,224,224,RGB,STANDARDIZED
Non-Recyclable/diapers/sustainability-10-00773-g001.png,Non-Recyclable,3562,906,RGB,224,224,RGB,STANDARDIZED
Non-Recyclable/diapers/teddyy-baby-diapers-pants-easy-large-42s-2-1671743450.jpg,Non-Recyclable,853,1499,RGB,224,224,RGB,STANDARDIZED
Non-Recyclable/diapers/three-nappies-2METKC6.jpg,Non-Recyclable,1300,1390,RGB,224,224,RGB,STANDARDIZED
Non-Recyclable/diapers/thumb_counties_agonise_ove5e18d060ba572.jpg,Non-Recyclable,800,500,RGB,224,224,RGB,STANDARDIZED
Non-Recyclable/diapers/ty-diapers-disposing-of-used-baby-nappies-environmental-impact-of-disposable.jpg,Non-Recyclable,1300,865,RGB,224,224,RGB,STANDARDIZED
Non-Recyclable/diapers/used-disposable-nappies-in-plastic-sacks-fill-a-household-waste-bin-B2EA0R.jpg,Non-Recyclable,1300,960,RGB,224,224,RGB,STANDARDIZED
Non-Recyclable/diapers/waste.jpg,Non-Recyclable,680,380,RGB,224,224,RGB,STANDARDIZED
Non-Recyclable/plastics_bags_wrappers/-bags-vegetables-peppers-tomatoes-carrots-onions-from-the-supermarket-RXCRHT.jpg,Non-Recyclable,1300,956,RGB,224,224,RGB,STANDARDIZED
Non-Recyclable/plastics_bags_wrappers/03222022_recycling01_182011.jpg,Non-Recyclable,2400,1600,RGB,224,224,RGB,STANDARDIZED
Non-Recyclable/plastics_bags_wrappers/03222022_tzr_tzr_182048.jpg,Non-Recyclable,1560,1002,RGB,224,224,RGB,STANDARDIZED
Non-Recyclable/plastics_bags_wrappers/102019_Brightside_Co19_Tips_Poster-559x1024.jpg,Non-Recyclable,559,1024,CMYK,224,224,RGB,STANDARDIZED
Non-Recyclable/plastics_bags_wrappers/1500x900_362559-plastic-waste.jpg,Non-Recyclable,1500,898,RGB,224,224,RGB,STANDARDIZED
Non-Recyclable/plastics_bags_wrappers/1587685798451.jpg,Non-Recyclable,710,399,RGB,224,224,RGB,STANDARDIZED
Non-Recyclable/plastics_bags_wrappers/1y1fa85aTElzQL94rheAIAA.png,Non-Recyclable,1200,766,RGBA,224,224,RGB,STANDARDIZED
Non-Recyclable/plastics_bags_wrappers/2-bags-of-morrisons-shopping-discarded-on-the-ground-BMKDN3.jpg,Non-Recyclable,866,1390,RGB,224,224,RGB,STANDARDIZED
Non-Recyclable/plastics_bags_wrappers/20-Plastic-Bag-Crafts-To-Reuse-And-Recycle.jpg,Non-Recyclable,564,846,RGB,224,224,RGB,STANDARDIZED
Non-Recyclable/plastics_bags_wrappers/200723230749-02-japan-plastic-waste-restricted.jpg,Non-Recyclable,800,534,RGB,224,224,RGB,STANDARDIZED
Non-Recyclable/plastics_bags_wrappers/20200914_140554.jpg,Non-Recyclable,770,949,RGB,224,224,RGB,STANDARDIZED
Non-Recyclable/plastics_bags_wrappers/20220816130311_9_jsfv_visualimg_2094_1.jpg,Non-Recyclable,480,742,RGB,224,224,RGB,STANDARDIZED
Non-Recyclable/plastics_bags_wrappers/21120317-d037f89a-efc0-4769-93a1-56443ed6e12f.jpg,Non-Recyclable,5400,3600,RGB,224,224,RGB,STANDARDIZED
Non-Recyclable/plastics_bags_wrappers/2_ad298a26-6603-4beb-a2d1-4c95cb0aabf5_480x480.png,Non-Recyclable,480,480,RGBA,224,224,RGB,STANDARDIZED
Non-Recyclable/plastics_bags_wrappers/2j44bec.jpg,Non-Recyclable,450,320,RGB,224,224,RGB,STANDARDIZED
Non-Recyclable/plastics_bags_wrappers/310c3010-b798-41cc-adde-005ca83df37b.png,Non-Recyclable,635,425,RGB,224,224,RGB,STANDARDIZED
Non-Recyclable/plastics_bags_wrappers/3520_428fd902f4247199467725e7eccf1673.jpg,Non-Recyclable,735,414,RGB,224,224,RGB,STANDARDIZED
Non-Recyclable/plastics_bags_wrappers/362561-plastic-waste.jpg,Non-Recyclable,800,450,RGB,224,224,RGB,STANDARDIZED
Non-Recyclable/plastics_bags_wrappers/3678_428fd902f4247199467725e7eccf1673.jpg,Non-Recyclable,735,414,RGB,224,224,RGB,STANDARDIZED
Non-Recyclable/plastics_bags_wrappers/375141096_0-5_1628854090260_1660036502201_1660036502201.jpg,Non-Recyclable,1600,900,RGB,224,224,RGB,STANDARDIZED
Non-Recyclable/plastics_bags_wrappers/37873163825_1c95fa47b7_z.jpg,Non-Recyclable,640,640,RGB,224,224,RGB,STANDARDIZED
Non-Recyclable/plastics_bags_wrappers/51xqA8a-wsL._AC_UF10001000_QL80_.jpg,Non-Recyclable,833,1000,RGB,224,224,RGB,STANDARDIZED
Non-Recyclable/plastics_bags_wrappers/58835349.jpg,Non-Recyclable,1280,960,RGB,224,224,RGB,STANDARDIZED
Non-Recyclable/plastics_bags_wrappers/60c9935424774f7129485c01_1623823188870.jpg,Non-Recyclable,614,871,RGB,224,224,RGB,STANDARDIZED
Non-Recyclable/plastics_bags_wrappers/60c9935424774f7129485c04_1623823188876.jpg,Non-Recyclable,610,656,RGB,224,224,RGB,STANDARDIZED
Non-Recyclable/plastics_bags_wrappers/60c9935424774f7129485c05_1623823188877.jpg,Non-Recyclable,607,636,RGB,224,224,RGB,STANDARDIZED
Non-Recyclable/plastics_bags_wrappers/61jBBcZxgfL._AC_UF10001000_QL80_.jpg,Non-Recyclable,1000,902,RGB,224,224,RGB,STANDARDIZED
Non-Recyclable/plastics_bags_wrappers/61oUvhDzMlL.jpg,Non-Recyclable,1455,1500,RGB,224,224,RGB,STANDARDIZED
Non-Recyclable/plastics_bags_wrappers/62e7c92eab11b2a6d58c592e_Empty-candy-wrappers.png,Non-Recyclable,707,538,P,224,224,RGB,STANDARDIZED
Non-Recyclable/plastics_bags_wrappers/71fY4tE5kxL.jpg,Non-Recyclable,1134,1134,RGB,224,224,RGB,STANDARDIZED
Non-Recyclable/plastics_bags_wrappers/85241232.jpg,Non-Recyclable,1280,960,RGB,224,224,RGB,STANDARDIZED
Non-Recyclable/plastics_bags_wrappers/85286799.jpg,Non-Recyclable,1280,960,RGB,224,224,RGB,STANDARDIZED
Non-Recyclable/plastics_bags_wrappers/8855e850f3011319a3a36e85d4f5829f.jpg,Non-Recyclable,1730,1289,RGB,224,224,RGB,STANDARDIZED
Non-Recyclable/plastics_bags_wrappers/8a52d84c-90d4-11ec-b3a6-dc86e7882d0e_1645208753032.jpg,Non-Recyclable,1600,900,RGB,224,224,RGB,STANDARDIZED
Non-Recyclable/plastics_bags_wrappers/91t-2KbjSxL._AC_UF8941000_QL80_.jpg,Non-Recyclable,894,980,RGB,224,224,RGB,STANDARDIZED
Non-Recyclable/plastics_bags_wrappers/91t-2KbjSxL.jpg,Non-Recyclable,2000,2000,RGB,224,224,RGB,STANDARDIZED
Non-Recyclable/plastics_bags_wrappers/Addictedtopl_ArsElectronica.jpg,Non-Recyclable,1024,768,RGB,224,224,RGB,STANDARDIZED
Non-Recyclable/plastics_bags_wrappers/AdobeStock_79900829.jpeg,Non-Recyclable,1100,733,RGB,224,224,RGB,STANDARDIZED
Non-Recyclable/plastics_bags_wrappers/Amita-Silvassa-Dec-2020_resize_87.jpg,Non-Recyclable,500,500,RGB,224,224,RGB,STANDARDIZED
Non-Recyclable/plastics_bags_wrappers/BB-Impact_9f7a5d6c-15c4-4c3a-8d10-88ec0796daaa.jpg,Non-Recyclable,1600,1600,RGB,224,224,RGB,STANDARDIZED
Non-Recyclable/plastics_bags_wrappers/CBS-Impact_f25a3ca6-4561-4e42-9a9a-4859b381639a.jpg,Non-Recyclable,1600,1600,RGB,224,224,RGB,STANDARDIZED
Non-Recyclable/plastics_bags_wrappers/Crisp-packets-800x450.jpg,Non-Recyclable,800,450,RGB,224,224,RGB,STANDARDIZED
Non-Recyclable/plastics_bags_wrappers/DSC_2994.jpg,Non-Recyclable,5568,3712,RGB,224,224,RGB,STANDARDIZED
Non-Recyclable/plastics_bags_wrappers/Films-home-bread-bags-etc.jpg,Non-Recyclable,1398,1383,RGB,224,224,RGB,STANDARDIZED
Non-Recyclable/plastics_bags_wrappers/IMG_1648.JPG.jpg,Non-Recyclable,1600,1066,RGB,224,224,RGB,STANDARDIZED
Non-Recyclable/plastics_bags_wrappers/LG_2021_Page_one.jpg,Non-Recyclable,609,843,RGB,224,224,RGB,STANDARDIZED
Non-Recyclable/plastics_bags_wrappers/Laundry_Bag_-_Impact_c7cb83ae-002a-4675-84c9-c14f4cfe1234.jpg,Non-Recyclable,1600,1600,RGB,224,224,RGB,STANDARDIZED
Non-Recyclable/plastics_bags_wrappers/LillianConnors_EasyWaystoRecyclePlasticBagsToday2.jpg,Non-Recyclable,528,665,RGB,224,224,RGB,STANDARDIZED
Non-Recyclable/plastics_bags_wrappers/Most-Plastic-Bags-H2R-checkerboard-SDO-4.png,Non-Recyclable,649,322,RGBA,224,224,RGB,STANDARDIZED
Non-Recyclable/plastics_bags_wrappers/NOBAGS-HEADER.png,Non-Recyclable,940,572,RGBA,224,224,RGB,STANDARDIZED
Non-Recyclable/plastics_bags_wrappers/Obaggo-Dave-andPucks-FTR.jpg,Non-Recyclable,1540,800,RGB,224,224,RGB,STANDARDIZED
Non-Recyclable/plastics_bags_wrappers/Pencil_Pouch_-_Impact_3a6f9193-10f0-47c6-8d24-3ae5d3ee0c2c.jpg,Non-Recyclable,1600,1600,RGB,224,224,RGB,STANDARDIZED
Non-Recyclable/plastics_bags_wrappers/Plastic-Film-Recycling-Image-from-PMIP.jpg,Non-Recyclable,650,453,RGB,224,224,RGB,STANDARDIZED
Non-Recyclable/plastics_bags_wrappers/Plastic-Waste.jpg,Non-Recyclable,512,341,RGB,224,224,RGB,STANDARDIZED
Non-Recyclable/plastics_bags_wrappers/Plastic-carrier-bags.jpg,Non-Recyclable,620,413,RGB,224,224,RGB,STANDARDIZED
Non-Recyclable/plastics_bags_wrappers/PlasticBags.png,Non-Recyclable,355,220,RGBA,224,224,RGB,STANDARDIZED
Non-Recyclable/plastics_bags_wrappers/Plastic_bags_and_wrapping_2.png,Non-Recyclable,1250,458,RGB,224,224,RGB,STANDARDIZED
Non-Recyclable/plastics_bags_wrappers/Plastic_bags_and_wrapping_22.png,Non-Recyclable,1250,458,RGB,224,224,RGB,STANDARDIZED
Non-Recyclable/plastics_bags_wrappers/Pranjali-Kumbhare-Kolkata--1230x767.jpg,Non-Recyclable,1230,767,RGB,224,224,RGB,STANDARDIZED
Non-Recyclable/plastics_bags_wrappers/Rajiben_Colelction_1550_1080_copy_877a0b7e-5472-4ff3-a659-a60754e5abe3_1080x1080.jpg,Non-Recyclable,1080,1080,RGB,224,224,RGB,STANDARDIZED
Non-Recyclable/plastics_bags_wrappers/Ridwell-guy_photo_800.jpg,Non-Recyclable,800,450,RGB,224,224,RGB,STANDARDIZED
Non-Recyclable/plastics_bags_wrappers/SDO.png,Non-Recyclable,1200,704,RGBA,224,224,RGB,STANDARDIZED
Non-Recyclable/plastics_bags_wrappers/ShopperTote-Impact_9c760538-e324-4fd4-8e04-48c35caf5152.jpg,Non-Recyclable,1600,1600,RGB,224,224,RGB,STANDARDIZED
Non-Recyclable/plastics_bags_wrappers/Somerset1.jpg,Non-Recyclable,1440,810,RGB,224,224,RGB,STANDARDIZED
Non-Recyclable/plastics_bags_wrappers/Sweet-wrappers-empty-1024x576.jpg,Non-Recyclable,1024,576,RGB,224,224,RGB,STANDARDIZED
Non-Recyclable/plastics_bags_wrappers/Tablet_Sleeve_-_Impact_a2c440a0-18f7-45e1-bfeb-23e7aa1b761c.jpg,Non-Recyclable,1600,1600,RGB,224,224,RGB,STANDARDIZED
Non-Recyclable/plastics_bags_wrappers/Trash_bin_in_Paris.jpg,Non-Recyclable,2832,3776,RGB,224,224,RGB,STANDARDIZED
Non-Recyclable/plastics_bags_wrappers/Various-empty-1024x576.jpg,Non-Recyclable,1024,576,RGB,224,224,RGB,STANDARDIZED
Non-Recyclable/plastics_bags_wrappers/Why-Are-Plastic-Bags-Bad-for-The-Environment.jpg,Non-Recyclable,700,467,RGB,224,224,RGB,STANDARDIZED
Non-Recyclable/plastics_bags_wrappers/Wrist_It_-_Impact_b16a8f3d-be40-41e9-b2a4-667e1f79613c.jpg,Non-Recyclable,1600,1600,RGB,224,224,RGB,STANDARDIZED
Non-Recyclable/plastics_bags_wrappers/_117514715_softplasticsimage-002.jpg,Non-Recyclable,976,549,RGB,224,224,RGB,STANDARDIZED
Non-Recyclable/plastics_bags_wrappers/_117581598_gettyimages-957361834_anindianboysearchesforremainfoodinpolythenepacketsatroadside.jpg,Non-Recyclable,976,549,RGB,224,224,RGB,STANDARDIZED
Non-Recyclable/plastics_bags_wrappers/_23I7370.png,Non-Recyclable,1200,600,RGB,224,224,RGB,STANDARDIZED
Non-Recyclable/plastics_bags_wrappers/a-pile-of-plastic-bags-trash-and-garbage-left-by-travellers-and-holidaymakers-BNMCXE.jpg,Non-Recyclable,1300,953,RGB,224,224,RGB,STANDARDIZED
Non-Recyclable/plastics_bags_wrappers/arkets-for-kitchen-waste-household-plastic-waste-single-use-plastics-2E25P06.jpg,Non-Recyclable,1300,956,RGB,224,224,RGB,STANDARDIZED
Non-Recyclable/plastics_bags_wrappers/arkets-for-kitchen-waste-household-plastic-waste-single-use-plastics-2E25P1B.jpg,Non-Recyclable,1300,956,RGB,224,224,RGB,STANDARDIZED
Non-Recyclable/plastics_bags_wrappers/arkets-for-kitchen-waste-household-plastic-waste-single-use-plastics-2E25P1R.jpg,Non-Recyclable,866,1390,RGB,224,224,RGB,STANDARDIZED
Non-Recyclable/plastics_bags_wrappers/arkets-for-kitchen-waste-household-plastic-waste-single-use-plastics-2E25P3N.jpg,Non-Recyclable,1300,956,RGB,224,224,RGB,STANDARDIZED
Non-Recyclable/plastics_bags_wrappers/bags-and-film-you-can-recycle-in-exeter.jpg,Non-Recyclable,1460,766,RGB,224,224,RGB,STANDARDIZED
Non-Recyclable/plastics_bags_wrappers/cd665f1197fabc2e6c6a4d42461b57d8.jpg,Non-Recyclable,430,325,RGB,224,224,RGB,STANDARDIZED
Non-Recyclable/plastics_bags_wrappers/cenn3ctnls1xawwoaenx.png,Non-Recyclable,1316,719,RGBA,224,224,RGB,STANDARDIZED
Non-Recyclable/plastics_bags_wrappers/d5c6c4e209b7b27a34b8d6deaf125c19.jpg,Non-Recyclable,736,736,RGB,224,224,RGB,STANDARDIZED
Non-Recyclable/plastics_bags_wrappers/earth-globe-plastic-bag-pollution-ecology-environment-planet-global-warming_772720-4773.jpg,Non-Recyclable,494,626,RGB,224,224,RGB,STANDARDIZED
Non-Recyclable/plastics_bags_wrappers/eco-friendly-alternatives-110.jpg,Non-Recyclable,1360,2040,RGB,224,224,RGB,STANDARDIZED
Non-Recyclable/plastics_bags_wrappers/facebook-gmb-posts-8.png,Non-Recyclable,470,394,RGBA,224,224,RGB,STANDARDIZED
Non-Recyclable/plastics_bags_wrappers/fe12a09c3997999f704e9f6c38890b90.jpg,Non-Recyclable,2464,3220,RGB,224,224,RGB,STANDARDIZED
Non-Recyclable/plastics_bags_wrappers/film-group-image.jpg,Non-Recyclable,914,562,RGB,224,224,RGB,STANDARDIZED
Non-Recyclable/plastics_bags_wrappers/fruits-in-plastic-bags.jpg,Non-Recyclable,728,489,RGB,224,224,RGB,STANDARDIZED
Non-Recyclable/plastics_bags_wrappers/garbage-1260833_1280.jpg,Non-Recyclable,1280,960,RGB,224,224,RGB,STANDARDIZED
Non-Recyclable/plastics_bags_wrappers/gettyimages-163310627.jpg,Non-Recyclable,1883,1883,RGB,224,224,RGB,STANDARDIZED
Non-Recyclable/plastics_bags_wrappers/grocery-plastics-9_slide-709f9469bb300475d6ea6c2038892268a68a2bf0.jpg,Non-Recyclable,1998,1332,RGB,224,224,RGB,STANDARDIZED
Non-Recyclable/plastics_bags_wrappers/hqdefault.jpg,Non-Recyclable,480,360,RGB,224,224,RGB,STANDARDIZED
Non-Recyclable/plastics_bags_wrappers/image29.jpg,Non-Recyclable,800,450,RGB,224,224,RGB,STANDARDIZED
Non-Recyclable/plastics_bags_wrappers/img_20190310_161026544.jpg,Non-Recyclable,800,600,RGB,224,224,RGB,STANDARDIZED
Non-Recyclable/plastics_bags_wrappers/india-plastic-23_custom-13998d9ff8fe44ed9ab4040afd7381cf716bdaab-s1100-c50.jpg,Non-Recyclable,1100,734,RGB,224,224,RGB,STANDARDIZED
Non-Recyclable/plastics_bags_wrappers/infographic-v2.png,Non-Recyclable,2000,2000,RGB,224,224,RGB,STANDARDIZED
Non-Recyclable/plastics_bags_wrappers/lastic-bags-flat-vector-illustration-isolated-on-white-background-1817468831.jpg,Non-Recyclable,1500,1254,RGB,224,224,RGB,STANDARDIZED
Non-Recyclable/plastics_bags_wrappers/lawn-in-a-park-concept-of-cleaning-up-and-respecting-the-environment-2J44BER.jpg,Non-Recyclable,1300,956,RGB,224,224,RGB,STANDARDIZED
Non-Recyclable/plastics_bags_wrappers/lawn-in-a-park-concept-of-cleaning-up-and-respecting-the-environment-2J44BFF.jpg,Non-Recyclable,1300,956,RGB,224,224,RGB,STANDARDIZED
Non-Recyclable/plastics_bags_wrappers/lawn-in-a-park-concept-of-cleaning-up-and-respecting-the-environment-2J44BG3.jpg,Non-Recyclable,1300,956,RGB,224,224,RGB,STANDARDIZED
Non-Recyclable/plastics_bags_wrappers/lebanon-waste-trash-beach-1.jpg__1600x900_q85_crop_subsampling-2.jpg,Non-Recyclable,1600,900,RGB,224,224,RGB,STANDARDIZED
Non-Recyclable/plastics_bags_wrappers/maxresdefault.jpg,Non-Recyclable,1280,720,RGB,224,224,RGB,STANDARDIZED
Non-Recyclable/plastics_bags_wrappers/maxresdefault2.jpg,Non-Recyclable,1280,720,RGB,224,224,RGB,STANDARDIZED
Non-Recyclable/plastics_bags_wrappers/maxresdefault3.jpg,Non-Recyclable,1280,720,RGB,224,224,RGB,STANDARDIZED
Non-Recyclable/plastics_bags_wrappers/ndle-disposable-plastic-bag-package-illustration-isolated-on-white-488464864.jpg,Non-Recyclable,1500,1600,RGB,224,224,RGB,STANDARDIZED
Non-Recyclable/plastics_bags_wrappers/non-recyclable-plastic-food-bags-food-wrappers-that-cant-be-recycled-EWE9J4.jpg,Non-Recyclable,1300,912,RGB,224,224,RGB,STANDARDIZED
Non-Recyclable/plastics_bags_wrappers/plastic-bag-recycling.jpg,Non-Recyclable,980,654,RGB,224,224,RGB,STANDARDIZED
Non-Recyclable/plastics_bags_wrappers/plastic-bag-seller.jpg,Non-Recyclable,1600,1065,RGB,224,224,RGB,STANDARDIZED
Non-Recyclable/plastics_bags_wrappers/plastic-bags-scaled.jpg,Non-Recyclable,2560,1706,RGB,224,224,RGB,STANDARDIZED
Non-Recyclable/plastics_bags_wrappers/plastic-bags-wraps-different-colors-blue-background-no-concept-high-quality-photo-245039624.jpg,Non-Recyclable,800,534,RGB,224,224,RGB,STANDARDIZED
Non-Recyclable/plastics_bags_wrappers/plastic-bags.jpg,Non-Recyclable,600,400,RGB,224,224,RGB,STANDARDIZED
Non-Recyclable/plastics_bags_wrappers/plastic-film-recycling-1200.png,Non-Recyclable,1200,500,RGB,224,224,RGB,STANDARDIZED
Non-Recyclable/plastics_bags_wrappers/plastic-pollution-crisis-environmental-damage-at-uk-nature-reserve-2HE3RHJ.jpg,Non-Recyclable,1300,956,RGB,224,224,RGB,STANDARDIZED
Non-Recyclable/plastics_bags_wrappers/plastic-wrappers-and-other-garbage-discarded-down-bank-JXJC8A.jpg,Non-Recyclable,1300,956,RGB,224,224,RGB,STANDARDIZED
Non-Recyclable/plastics_bags_wrappers/plastic_bags_are_killing_us.jpg,Non-Recyclable,1200,800,RGB,224,224,RGB,STANDARDIZED
Non-Recyclable/plastics_bags_wrappers/plastic_wrap_gfx_2.png,Non-Recyclable,936,936,RGB,224,224,RGB,STANDARDIZED
Non-Recyclable/plastics_bags_wrappers/plasticbags.jpg,Non-Recyclable,571,288,RGB,224,224,RGB,STANDARDIZED
Non-Recyclable/plastics_bags_wrappers/plasticdomestic.png,Non-Recyclable,1000,600,RGB,224,224,RGB,STANDARDIZED
Non-Recyclable/plastics_bags_wrappers/plasticwrapped.jpg,Non-Recyclable,1500,844,RGB,224,224,RGB,STANDARDIZED
Non-Recyclable/plastics_bags_wrappers/polythene-bags-1558085838-4911553.jpeg,Non-Recyclable,500,500,RGB,224,224,RGB,STANDARDIZED
Non-Recyclable/plastics_bags_wrappers/rappers-green-lawn-park-cleaning-up-respecting-environment-concept-245258516.jpg,Non-Recyclable,1600,1157,RGB,224,224,RGB,STANDARDIZED
Non-Recyclable/plastics_bags_wrappers/rappers-green-lawn-park-concept-cleaning-up-respecting-environment-245277060.jpg,Non-Recyclable,800,450,RGB,224,224,RGB,STANDARDIZED
Non-Recyclable/plastics_bags_wrappers/rechakra-cropped-1618918786.jpg,Non-Recyclable,1080,675,RGB,224,224,RGB,STANDARDIZED
Non-Recyclable/plastics_bags_wrappers/recycled-plastic-bags-1558087110-4911635.jpeg,Non-Recyclable,500,500,RGB,224,224,RGB,STANDARDIZED
Non-Recyclable/plastics_bags_wrappers/reusablekitchen-2x1-4259.jpg,Non-Recyclable,1024,512,RGB,224,224,RGB,STANDARDIZED
Non-Recyclable/plastics_bags_wrappers/singleuseplastic_660_091519033806.jpg,Non-Recyclable,660,450,RGB,224,224,RGB,STANDARDIZED
Non-Recyclable/plastics_bags_wrappers/sinle_use_plastic_660_100219020533.jpg,Non-Recyclable,660,450,RGB,224,224,RGB,STANDARDIZED
Non-Recyclable/plastics_bags_wrappers/social.jpg,Non-Recyclable,2000,1333,RGB,224,224,RGB,STANDARDIZED
Non-Recyclable/plastics_bags_wrappers/stic-bags-and-wrappers-by-household-in-fresno-ca-usa-for-november-1592647813.jpg,Non-Recyclable,1500,1087,RGB,224,224,RGB,STANDARDIZED
Non-Recyclable/plastics_bags_wrappers/stic-garbage-bag-collection-streets-city-seasonal-cleaning-service-217606056.jpg,Non-Recyclable,1600,1157,RGB,224,224,RGB,STANDARDIZED
Non-Recyclable/plastics_bags_wrappers/upcycling-amita-deshpande.jpg,Non-Recyclable,660,333,RGB,224,224,RGB,STANDARDIZED
Non-Recyclable/plastics_bags_wrappers/wasteplastic750px.jpg,Non-Recyclable,750,500,RGB,224,224,RGB,STANDARDIZED
Non-Recyclable/plastics_bags_wrappers/wrapping-luggage-in-plastic-Cover.jpeg,Non-Recyclable,924,700,RGB,224,224,RGB,STANDARDIZED
Non-Recyclable/sanitary_napkin/-emoji-feminine-hygiene-products-including-zero-waste-wome-women-s-221421344.jpg,Non-Recyclable,1600,1690,RGB,224,224,RGB,STANDARDIZED
Non-Recyclable/sanitary_napkin/-various-feminine-hygiene-products-zero-waste-objects-panties-pads_602734-60.jpg,Non-Recyclable,626,626,RGB,224,224,RGB,STANDARDIZED
Non-Recyclable/sanitary_napkin/-waste-ecological-products-menstrual-cup-pads-tampons-menstruation-224096335.jpg,Non-Recyclable,1600,1174,RGB,224,224,RGB,STANDARDIZED
Non-Recyclable/sanitary_napkin/0.57118300_1559106463_sanitary_waste_gettyimages-.jpg,Non-Recyclable,1024,438,RGB,224,224,RGB,STANDARDIZED
Non-Recyclable/sanitary_napkin/006965731_1-a906255231db326e1934217ae548db6a.png,Non-Recyclable,725,1024,P,224,224,RGB,STANDARDIZED
Non-Recyclable/sanitary_napkin/007481869_1-f6ad30c61ad557672837a415717eec59.png,Non-Recyclable,725,1024,P,224,224,RGB,STANDARDIZED
Non-Recyclable/sanitary_napkin/007493272_2-ecb03bdf21bfddb1d6366f947f29352d.png,Non-Recyclable,791,1024,P,224,224,RGB,STANDARDIZED
Non-Recyclable/sanitary_napkin/096_main.jpg,Non-Recyclable,740,400,RGB,224,224,RGB,STANDARDIZED
Non-Recyclable/sanitary_napkin/1-s2.0-S0160412020303494-ga1.jpg,Non-Recyclable,338,200,RGB,224,224,RGB,STANDARDIZED
Non-Recyclable/sanitary_napkin/1-s2.0-S2405844022011471-ga1.jpg,Non-Recyclable,366,200,RGB,224,224,RGB,STANDARDIZED
Non-Recyclable/sanitary_napkin/1-selection-of-feminine-care-products-such-as-monthly-period-tampons-2E0RKGP.jpg,Non-Recyclable,1300,1390,RGB,224,224,RGB,STANDARDIZED
Non-Recyclable/sanitary_napkin/1200px-Gestion_menstrual_tampon_toallitas_menstruaciC3B3n_periodicas_06.jpg,Non-Recyclable,1200,800,RGB,224,224,RGB,STANDARDIZED
Non-Recyclable/sanitary_napkin/1200px-Monthly_Cup_Size_1262.jpg,Non-Recyclable,1200,800,RGB,224,224,RGB,STANDARDIZED
Non-Recyclable/sanitary_napkin/1200px-thumbnail.jpg,Non-Recyclable,1200,441,RGB,224,224,RGB,STANDARDIZED
Non-Recyclable/sanitary_napkin/15-Best-Feminine-Hygiene-Products.jpg,Non-Recyclable,720,810,RGB,224,224,RGB,STANDARDIZED
Non-Recyclable/sanitary_napkin/1730964.fig.002.jpg,Non-Recyclable,660,483,CMYK,224,224,RGB,STANDARDIZED
Non-Recyclable/sanitary_napkin/3-Figure1-1.png,Non-Recyclable,1276,908,RGB,224,224,RGB,STANDARDIZED
Non-Recyclable/sanitary_napkin/340003-MenstrualHygieneDay_1_1080x1080.jpg,Non-Recyclable,1080,1080,RGB,224,224,RGB,STANDARDIZED
Non-Recyclable/sanitary_napkin/35-Essential-Personal-Hygiene-Products-You-Need-to-Stock.jpeg,Non-Recyclable,700,525,RGB,224,224,RGB,STANDARDIZED
Non-Recyclable/sanitary_napkin/357_main.jpg,Non-Recyclable,740,400,RGB,224,224,RGB,STANDARDIZED
Non-Recyclable/sanitary_napkin/360_F_465014210_QB7BenWr9n27w5Tm630XKGzJknSostm8.jpg,Non-Recyclable,540,360,RGB,224,224,RGB,STANDARDIZED
Non-Recyclable/sanitary_napkin/3668-Feminine20hygiene20products.jpg,Non-Recyclable,1200,630,RGB,224,224,RGB,STANDARDIZED
Non-Recyclable/sanitary_napkin/3669-Feminine20hygiene20products2028329.jpg,Non-Recyclable,1000,687,RGB,224,224,RGB,STANDARDIZED
Non-Recyclable/sanitary_napkin/5-Ways-To-Use-A-Hygiene-Kit_2.png,Non-Recyclable,320,800,RGB,224,224,RGB,STANDARDIZED
Non-Recyclable/sanitary_napkin/61oFpMb2mJS._AC_UF8941000_QL80_.jpg,Non-Recyclable,894,894,RGB,224,224,RGB,STANDARDIZED
Non-Recyclable/sanitary_napkin/6Risks_MenstrualHygiene.jpg,Non-Recyclable,1920,1351,RGB,224,224,RGB,STANDARDIZED
Non-Recyclable/sanitary_napkin/71Dw-iUHm4L._AC_UF10001000_QL80_.jpg,Non-Recyclable,445,1000,RGB,224,224,RGB,STANDARDIZED
Non-Recyclable/sanitary_napkin/71Mvg0Tx55L._AC_UF10001000_QL80_.jpg,Non-Recyclable,551,1000,RGB,224,224,RGB,STANDARDIZED
Non-Recyclable/sanitary_napkin/800px-Feminine_Hygiene_Products_in_a_Walmart.png,Non-Recyclable,800,553,RGBA,224,224,RGB,STANDARDIZED
Non-Recyclable/sanitary_napkin/8d032ff8-b08d-48cf-b3e2-8dc62c08c30a.jpg,Non-Recyclable,1024,683,RGB,224,224,RGB,STANDARDIZED
Non-Recyclable/sanitary_napkin/9641z.jpg,Non-Recyclable,1600,1600,RGB,224,224,RGB,STANDARDIZED
Non-Recyclable/sanitary_napkin/AHB2013q072679_cropped.jpg,Non-Recyclable,1964,1480,RGB,224,224,RGB,STANDARDIZED
Non-Recyclable/sanitary_napkin/AdobeStock_121922416-e1568427026836.jpeg,Non-Recyclable,700,366,RGB,224,224,RGB,STANDARDIZED
Non-Recyclable/sanitary_napkin/BPAC-Blog-post-8-01.jpg,Non-Recyclable,3750,2083,RGB,224,224,RGB,STANDARDIZED
Non-Recyclable/sanitary_napkin/Bamboo-Collection-Banner-min_2048x2048.jpg,Non-Recyclable,1350,750,RGB,224,224,RGB,STANDARDIZED
Non-Recyclable/sanitary_napkin/Ban-XL-12-1-min_1200x.jpg,Non-Recyclable,1200,800,RGB,224,224,RGB,STANDARDIZED
Non-Recyclable/sanitary_napkin/DT_Banner.png,Non-Recyclable,740,450,RGBA,224,224,RGB,STANDARDIZED
Non-Recyclable/sanitary_napkin/Different-types-of-waste.jpg,Non-Recyclable,933,301,RGB,224,224,RGB,STANDARDIZED
Non-Recyclable/sanitary_napkin/Disposing-of-Your-Hygiene-Products-Safely.jpg,Non-Recyclable,1600,900,RGB,224,224,RGB,STANDARDIZED
Non-Recyclable/sanitary_napkin/EP_Mar_2023_CoverStory_Feature_750.jpg,Non-Recyclable,750,400,RGB,224,224,RGB,STANDARDIZED
Non-Recyclable/sanitary_napkin/Eco-friendly-pads.jpg,Non-Recyclable,1920,1080,RGB,224,224,RGB,STANDARDIZED
Non-Recyclable/sanitary_napkin/Feminine-Hygiene-Market-Consumer-Choice.jpeg,Non-Recyclable,1500,1000,RGB,224,224,RGB,STANDARDIZED
Non-Recyclable/sanitary_napkin/GettyImages-1168730611_732x549-thumbnail.jpg,Non-Recyclable,732,549,RGB,224,224,RGB,STANDARDIZED
Non-Recyclable/sanitary_napkin/GettyImages-menstruation-taboo_1200-1.jpg,Non-Recyclable,1200,667,RGB,224,224,RGB,STANDARDIZED
Non-Recyclable/sanitary_napkin/Lining_of_Uterine_Wall.jpg,Non-Recyclable,383,269,RGB,224,224,RGB,STANDARDIZED
Non-Recyclable/sanitary_napkin/List-of-bathroom-accessories-you-must-have-in-your-home-f.jpg,Non-Recyclable,1200,700,RGB,224,224,RGB,STANDARDIZED
Non-Recyclable/sanitary_napkin/Mask_Group_1295.png,Non-Recyclable,355,215,RGBA,224,224,RGB,STANDARDIZED
Non-Recyclable/sanitary_napkin/Medical-Waste-full-width-1600x900.jpg,Non-Recyclable,1600,900,RGB,224,224,RGB,STANDARDIZED
Non-Recyclable/sanitary_napkin/Menstrual-irregularities-1.png,Non-Recyclable,794,1123,RGBA,224,224,RGB,STANDARDIZED
Non-Recyclable/sanitary_napkin/Natural-Cleaning-Solutions-Range-2000x2000.jpg,Non-Recyclable,2000,2000,RGB,224,224,RGB,STANDARDIZED
Non-Recyclable/sanitary_napkin/Sanitary-products_cmp-scaled.jpg,Non-Recyclable,2048,1366,RGB,224,224,RGB,STANDARDIZED
Non-Recyclable/sanitary_napkin/Types-Of-Bathroom-Accessories-01-0313090001.jpg,Non-Recyclable,1000,800,RGB,224,224,RGB,STANDARDIZED
Non-Recyclable/sanitary_napkin/Types-of-sanitary-products-used-by-women-during-menstruation-are-a-reusable-cloth-pads.jpg,Non-Recyclable,660,420,CMYK,224,224,RGB,STANDARDIZED
Non-Recyclable/sanitary_napkin/Waste.jpg,Non-Recyclable,800,600,RGB,224,224,RGB,STANDARDIZED
Non-Recyclable/sanitary_napkin/always-feminine-hygiene-products-on-a-store-shelf-2AB64XC.jpg,Non-Recyclable,1300,1065,RGB,224,224,RGB,STANDARDIZED
Non-Recyclable/sanitary_napkin/b056a8a06dfc18447b8af6b8f5d805fb.jpg,Non-Recyclable,384,640,RGB,224,224,RGB,STANDARDIZED
Non-Recyclable/sanitary_napkin/blog.png,Non-Recyclable,728,498,P,224,224,RGB,STANDARDIZED
Non-Recyclable/sanitary_napkin/c0259187-800px-wm.jpg,Non-Recyclable,800,535,RGB,224,224,RGB,STANDARDIZED
Non-Recyclable/sanitary_napkin/different-angle-view-d-render-blank-soft-cleaner-tissue-cellulose-2250374381.jpg,Non-Recyclable,1500,850,RGB,224,224,RGB,STANDARDIZED
Non-Recyclable/sanitary_napkin/ds-tampons-pills-on-pink-background-womens-health-concept-copy-space-2JCJ7FF.jpg,Non-Recyclable,1300,956,RGB,224,224,RGB,STANDARDIZED
Non-Recyclable/sanitary_napkin/female-hygiene-and-daily-health-care-products-vector-28402112.jpg,Non-Recyclable,1000,1080,RGB,224,224,RGB,STANDARDIZED
Non-Recyclable/sanitary_napkin/feminine-hygiene-items-vector-32004349.jpg,Non-Recyclable,1000,898,RGB,224,224,RGB,STANDARDIZED
Non-Recyclable/sanitary_napkin/feminine-hygiene-products-concept_23-2148642495.jpg,Non-Recyclable,626,626,RGB,224,224,RGB,STANDARDIZED
Non-Recyclable/sanitary_napkin/feminine-hygiene-products-concept_23-2148660550.jpg,Non-Recyclable,626,626,RGB,224,224,RGB,STANDARDIZED
Non-Recyclable/sanitary_napkin/feminine-hygiene-products-in-a-shop-2BJWRFF.jpg,Non-Recyclable,1300,956,RGB,224,224,RGB,STANDARDIZED
Non-Recyclable/sanitary_napkin/feminine-hygiene-products.jpg,Non-Recyclable,630,380,RGB,224,224,RGB,STANDARDIZED
Non-Recyclable/sanitary_napkin/flat-lay-spa-composition-with-personal-hygiene-items-bath-accessories-string-bag_169016-11414.jpg,Non-Recyclable,626,386,RGB,224,224,RGB,STANDARDIZED
Non-Recyclable/sanitary_napkin/frph-04-920461-t001.jpg,Non-Recyclable,1089,574,RGB,224,224,RGB,STANDARDIZED
Non-Recyclable/sanitary_napkin/gh-060520-ghi-best-feminine-wipes-1591385649.png,Non-Recyclable,2000,1300,RGBA,224,224,RGB,STANDARDIZED
Non-Recyclable/sanitary_napkin/girl-preparing-to-spring-clean-royalty-free-image-1643238913.jpg,Non-Recyclable,1947,1540,RGB,224,224,RGB,STANDARDIZED
Non-Recyclable/sanitary_napkin/homegrown2Fimport2Fimg2Fbook2Fqqipdhbhkz-1492594351.PNG.jpg,Non-Recyclable,800,438,RGB,224,224,RGB,STANDARDIZED
Non-Recyclable/sanitary_napkin/hospitalwaste2013-151112203752-lva1-app6892-thumbnail.jpg,Non-Recyclable,640,480,RGB,224,224,RGB,STANDARDIZED
Non-Recyclable/sanitary_napkin/how_is_Biomedical_Waste_Disposed_Corpseed.png,Non-Recyclable,1200,630,RGBA,224,224,RGB,STANDARDIZED
Non-Recyclable/sanitary_napkin/https3A2F2Fcdn.cnn.com2Fcnnnext2Fdam2Fassets2F180914085541-01-as-equals-uk-period-poverty.jpg,Non-Recyclable,1200,675,RGB,224,224,RGB,STANDARDIZED
Non-Recyclable/sanitary_napkin/hygiene-products-soft-and-fresh-sanitary-items-vector-32560436.jpg,Non-Recyclable,1000,780,RGB,224,224,RGB,STANDARDIZED
Non-Recyclable/sanitary_napkin/ijerph-15-02562-g001-550.jpg,Non-Recyclable,550,323,L,224,224,RGB,STANDARDIZED
Non-Recyclable/sanitary_napkin/infectious-waste-disposal.jpg,Non-Recyclable,685,295,RGB,224,224,RGB,STANDARDIZED
Non-Recyclable/sanitary_napkin/intimate-feminine-hygiene-pads-tampons-feminine-hygiene-items-212893871.jpg,Non-Recyclable,600,900,RGB,224,224,RGB,STANDARDIZED
Non-Recyclable/sanitary_napkin/main_initial-washroom-supplies-banner.jpg,Non-Recyclable,1200,400,RGB,224,224,RGB,STANDARDIZED
Non-Recyclable/sanitary_napkin/menstrual-hygiene-products.jpg,Non-Recyclable,1100,736,RGB,224,224,RGB,STANDARDIZED
Non-Recyclable/sanitary_napkin/menstrual-pad-with-pink-glitter-on-pastel-royalty-free-image-920307028-1559531564.jpg,Non-Recyclable,4777,3185,RGB,224,224,RGB,STANDARDIZED
Non-Recyclable/sanitary_napkin/metics-feminine-sanitary-supplies-soap-miscellaneous-food-cleaning-thumbnail.png,Non-Recyclable,360,360,P,224,224,RGB,STANDARDIZED
Non-Recyclable/sanitary_napkin/nstrual-hygiene-management-at-school-can-prevent-adverse-health-consequences.jpg,Non-Recyclable,1921,1081,RGB,224,224,RGB,STANDARDIZED
Non-Recyclable/sanitary_napkin/objects-feminine-hygiene-brown-background-75317550.jpg,Non-Recyclable,800,490,RGB,224,224,RGB,STANDARDIZED
Non-Recyclable/sanitary_napkin/pads-1024x573-1.jpg,Non-Recyclable,1024,573,RGB,224,224,RGB,STANDARDIZED
Non-Recyclable/sanitary_napkin/personal-care.png,Non-Recyclable,1200,628,P,224,224,RGB,STANDARDIZED
Non-Recyclable/sanitary_napkin/pile-period-products.png,Non-Recyclable,1920,1080,P,224,224,RGB,STANDARDIZED
Non-Recyclable/sanitary_napkin/pngtree-pink-cartoon-feminine-hygiene-products-elements-png-image_2362850.jpg,Non-Recyclable,640,640,RGB,224,224,RGB,STANDARDIZED
Non-Recyclable/sanitary_napkin/polymers-14-05519-g001.png,Non-Recyclable,3036,4205,RGB,224,224,RGB,STANDARDIZED
Non-Recyclable/sanitary_napkin/pons-on-pink-background-feminine-hygiene-products-menstrual-cycle-2167680291.jpg,Non-Recyclable,1500,1101,RGB,224,224,RGB,STANDARDIZED
Non-Recyclable/sanitary_napkin/r-illustrations-menstruation-cup-cycle-feminine-uterus-zero-waste-2292968321.jpg,Non-Recyclable,1500,1161,RGB,224,224,RGB,STANDARDIZED
Non-Recyclable/sanitary_napkin/riendly-feminine-hygiene-reuse-concept-reusable-sanitary-pads-and-2164651545.jpg,Non-Recyclable,1500,1101,RGB,224,224,RGB,STANDARDIZED
Non-Recyclable/sanitary_napkin/safe-alternatives-to-pads-and-tampons.jpg,Non-Recyclable,900,600,RGB,224,224,RGB,STANDARDIZED
Non-Recyclable/sanitary_napkin/sanitary-napkins.jpg,Non-Recyclable,550,387,RGB,224,224,RGB,STANDARDIZED
Non-Recyclable/sanitary_napkin/sanitary_1669126812106_1669126820530_1669126820530.jpeg,Non-Recyclable,1599,900,RGB,224,224,RGB,STANDARDIZED
Non-Recyclable/sanitary_napkin/sanitarywastedisposal-170109141454-thumbnail.jpg,Non-Recyclable,640,480,RGB,224,224,RGB,STANDARDIZED
Non-Recyclable/sanitary_napkin/sq_overview.png,Non-Recyclable,1040,780,RGB,224,224,RGB,STANDARDIZED
Non-Recyclable/sanitary_napkin/stock-photo-women-s-pads-pattern-feminine-hygiene-items-2269418989.jpg,Non-Recyclable,1500,850,RGB,224,224,RGB,STANDARDIZED
Non-Recyclable/sanitary_napkin/sustainability-10-04146-g001-550.jpg,Non-Recyclable,550,187,RGB,224,224,RGB,STANDARDIZED
Non-Recyclable/sanitary_napkin/t-menstruation-personal-care-woman-conception-photo-soft-ten-tender-99697853.jpg,Non-Recyclable,1600,1157,RGB,224,224,RGB,STANDARDIZED
Non-Recyclable/sanitary_napkin/toilet-bathroom-cleaning-productsbleach-toilet-duct-in-asda-supermarket-uk-R0GWFY.jpg,Non-Recyclable,1300,1017,RGB,224,224,RGB,STANDARDIZED
Non-Recyclable/sanitary_napkin/toilet-sign-allowed-throw-napkin-paper-pads-towel-in-waste-basket-2156580309.jpg,Non-Recyclable,1500,1000,RGB,224,224,RGB,STANDARDIZED
Non-Recyclable/sanitary_napkin/tor-illustration-isolated-on-transparent-background-menstrual-cup-1546366844.jpg,Non-Recyclable,1500,1600,RGB,224,224,RGB,STANDARDIZED
Non-Recyclable/sanitary_napkin/trual-pads-on-shelving-unit-in-bathroom-feminine-hygiene-products-2063416142.jpg,Non-Recyclable,1500,1101,RGB,224,224,RGB,STANDARDIZED
Non-Recyclable/sanitary_napkin/und-feminine-hygiene-products-menstruation-and-womens-health-concept-2JCJ7KM.jpg,Non-Recyclable,1300,956,RGB,224,224,RGB,STANDARDIZED
Non-Recyclable/sanitary_napkin/vagina-vulva-1200x628-facebook-1200x628.jpg,Non-Recyclable,1200,628,RGB,224,224,RGB,STANDARDIZED
Non-Recyclable/sanitary_napkin/vagina-vulva-1296x728-header.jpg,Non-Recyclable,1296,728,RGB,224,224,RGB,STANDARDIZED
Non-Recyclable/sanitary_napkin/what-methods-can-be-used-for-the-disposal-of-infectious-waste.jpg,Non-Recyclable,2100,650,RGB,224,224,RGB,STANDARDIZED
Non-Recyclable/sanitary_napkin/wosp-overview-1920x1080.jpg,Non-Recyclable,1440,810,RGB,224,224,RGB,STANDARDIZED
Non-Recyclable/styrofoam_product/-out-plastic-bag-styrofoam-paper-foam-miscellaneous-rectangle-food-packaging.png,Non-Recyclable,920,756,P,224,224,RGB,STANDARDIZED
Non-Recyclable/styrofoam_product/006599702_1-6aa3222b5bef71610d70bc6e3bad3255-768x994.png,Non-Recyclable,768,994,P,224,224,RGB,STANDARDIZED
Non-Recyclable/styrofoam_product/1-s2.0-S0959652618336230-fx1.jpg,Non-Recyclable,400,200,RGB,224,224,RGB,STANDARDIZED
Non-Recyclable/styrofoam_product/101-recycling-different-packaging-materials-thumbnail.jpg,Non-Recyclable,1000,500,RGB,224,224,RGB,STANDARDIZED
Non-Recyclable/styrofoam_product/16-Companies-Rethinking-Packaging.jpg,Non-Recyclable,1500,899,RGB,224,224,RGB,STANDARDIZED
Non-Recyclable/styrofoam_product/1608802952plasticfoodpackaging.jpg,Non-Recyclable,1024,683,RGB,224,224,RGB,STANDARDIZED
Non-Recyclable/styrofoam_product/1919463.jpg,Non-Recyclable,600,600,RGB,224,224,RGB,STANDARDIZED
Non-Recyclable/styrofoam_product/1cd-600x600.png,Non-Recyclable,600,600,RGBA,224,224,RGB,STANDARDIZED
Non-Recyclable/styrofoam_product/200114-compostable-packaging-cups-utensils-plates.pla-plastic-waste-pollution-3-salad.jpg,Non-Recyclable,1200,801,RGB,224,224,RGB,STANDARDIZED
Non-Recyclable/styrofoam_product/2018-09-Chanalytics-iStock-reduce20foam20packaging20chainalytics_75ps.jpg,Non-Recyclable,2000,1333,RGB,224,224,RGB,STANDARDIZED
Non-Recyclable/styrofoam_product/2018_blog_EcoFriendlyRestaurants_600x400.jpg,Non-Recyclable,600,400,RGB,224,224,RGB,STANDARDIZED
Non-Recyclable/styrofoam_product/250783690442929992.jpg,Non-Recyclable,560,400,RGB,224,224,RGB,STANDARDIZED
Non-Recyclable/styrofoam_product/330843799_885703332699899_5678677257182402870_n.jpg,Non-Recyclable,526,526,RGB,224,224,RGB,STANDARDIZED
Non-Recyclable/styrofoam_product/3_5152_Original_Hot-Food-Packaging-for-Takeaway-Meals-and-Fast-Food_d07f42.jpg,Non-Recyclable,700,250,RGB,224,224,RGB,STANDARDIZED
Non-Recyclable/styrofoam_product/77279c_8d2d3bb39b7e4ee5bb26c1a83e6b5669mv2.png,Non-Recyclable,640,364,RGB,224,224,RGB,STANDARDIZED
Non-Recyclable/styrofoam_product/7AOOT_12_KXFOOD_02.jpg,Non-Recyclable,600,467,RGB,224,224,RGB,STANDARDIZED
Non-Recyclable/styrofoam_product/800px-Yummp_hk_lunchbox.jpg,Non-Recyclable,800,533,RGB,224,224,RGB,STANDARDIZED
Non-Recyclable/styrofoam_product/819KB-FEqfL._AC_UF10001000_QL80_.jpg,Non-Recyclable,1000,1000,RGB,224,224,RGB,STANDARDIZED
Non-Recyclable/styrofoam_product/87badfbfd09864be43a29dfc7a906b9b.jpg,Non-Recyclable,375,240,RGB,224,224,RGB,STANDARDIZED
Non-Recyclable/styrofoam_product/8f4dfec62271432d866768b7f62c88b4.jpg,Non-Recyclable,6000,4000,RGB,224,224,RGB,STANDARDIZED
Non-Recyclable/styrofoam_product/AMP-58_62348a9647c53.jpg,Non-Recyclable,1200,900,RGB,224,224,RGB,STANDARDIZED
Non-Recyclable/styrofoam_product/All_About_the_Features_and_Benefits_of_Bagasse_Material.jpg,Non-Recyclable,850,508,RGB,224,224,RGB,STANDARDIZED
Non-Recyclable/styrofoam_product/BagasseContainers-pg9c7yp7i7al8c7b1cr5t240eval1iwbtyh0yvfhxs.png,Non-Recyclable,400,296,RGBA,224,224,RGB,STANDARDIZED
Non-Recyclable/styrofoam_product/Best-eco-friendly-paper-food-packaging-containers-brands-in-Nigeria-1-1.jpeg,Non-Recyclable,1813,1295,RGB,224,224,RGB,STANDARDIZED
Non-Recyclable/styrofoam_product/Carryout-Pkg-AdobeStock_249951953-20New-Africa-FTR.jpg,Non-Recyclable,1540,800,RGB,224,224,RGB,STANDARDIZED
Non-Recyclable/styrofoam_product/Copy-of-Style-shot-3.jpg,Non-Recyclable,1500,1001,RGB,224,224,RGB,STANDARDIZED
Non-Recyclable/styrofoam_product/Custom-Clamshell-Container-3b.png,Non-Recyclable,1200,1200,RGBA,224,224,RGB,STANDARDIZED
Non-Recyclable/styrofoam_product/Designed4Trash_2.png,Non-Recyclable,1060,700,RGBA,224,224,RGB,STANDARDIZED
Non-Recyclable/styrofoam_product/EPS-for-recycling-scaled.jpg,Non-Recyclable,1654,924,RGB,224,224,RGB,STANDARDIZED
Non-Recyclable/styrofoam_product/Eco-Friendly-Packaging-Alternatives.jpg,Non-Recyclable,748,467,RGB,224,224,RGB,STANDARDIZED
Non-Recyclable/styrofoam_product/Eco-friendly-Packaging-scaled.jpg,Non-Recyclable,2560,1802,RGB,224,224,RGB,STANDARDIZED
Non-Recyclable/styrofoam_product/English-quick-summary_2021-11-16-014257_agwg.jpg,Non-Recyclable,670,627,RGB,224,224,RGB,STANDARDIZED
Non-Recyclable/styrofoam_product/Foam20Clam20Shell.jpg,Non-Recyclable,5000,5001,CMYK,224,224,RGB,STANDARDIZED
Non-Recyclable/styrofoam_product/FoldedTakeout_PSD_1.jpg,Non-Recyclable,1369,1200,RGB,224,224,RGB,STANDARDIZED
Non-Recyclable/styrofoam_product/Food-Packaging-Waste-Statistics-Understanding-the-Rise-of-Food-Packaging-Waste-Feature-Images.jpg,Non-Recyclable,1920,1280,RGB,224,224,RGB,STANDARDIZED
Non-Recyclable/styrofoam_product/Image-by-RODNAY-Productions-Pexels-Canva-Pro.jpg,Non-Recyclable,1000,1500,RGB,224,224,RGB,STANDARDIZED
Non-Recyclable/styrofoam_product/MaterialsBackground.jpg,Non-Recyclable,2044,993,RGB,224,224,RGB,STANDARDIZED
Non-Recyclable/styrofoam_product/MaterialsInset-pg995s2adcgk9w92fq5jiv2tkudmqth20lfzr6svbk.png,Non-Recyclable,400,296,RGBA,224,224,RGB,STANDARDIZED
Non-Recyclable/styrofoam_product/McDonalds_Molded_Pulp_Drink_Tray_Top.jpg,Non-Recyclable,1600,1200,RGB,224,224,RGB,STANDARDIZED
Non-Recyclable/styrofoam_product/New-Natural-Coloured-Bagasse-plates-and-burger-boxes-copy-1.png,Non-Recyclable,1500,1000,RGB,224,224,RGB,STANDARDIZED
Non-Recyclable/styrofoam_product/Packaging_waste_v4.png,Non-Recyclable,1772,1289,P,224,224,RGB,STANDARDIZED
Non-Recyclable/styrofoam_product/Reusable-Containers-Arent-Always-Better-For-The-Environment-Than-Disposable-Ones-New-Research.jpg,Non-Recyclable,1024,768,RGB,224,224,RGB,STANDARDIZED
Non-Recyclable/styrofoam_product/Reuse-Container-by-Forest-Whale-edible-packaging.jpg,Non-Recyclable,1080,700,RGB,224,224,RGB,STANDARDIZED
Non-Recyclable/styrofoam_product/SS-KH_ShippingGuideTypesOfProtectivePackaging_KH-HRO.jpg,Non-Recyclable,5194,3463,RGB,224,224,RGB,STANDARDIZED
Non-Recyclable/styrofoam_product/Styrofoam-packaging-peauts-200221.jpg,Non-Recyclable,560,400,RGB,224,224,RGB,STANDARDIZED
Non-Recyclable/styrofoam_product/StyrofoamContainers.jpg,Non-Recyclable,500,500,RGB,224,224,RGB,STANDARDIZED
Non-Recyclable/styrofoam_product/Styrolution_Polystyrene_Yogurt_Pack.5556431b08b331afb8caff3e2378a101.jpg,Non-Recyclable,1200,675,RGB,224,224,RGB,STANDARDIZED
Non-Recyclable/styrofoam_product/TYPES-OF-FOOD-PACKAGING.png,Non-Recyclable,560,315,RGB,224,224,RGB,STANDARDIZED
Non-Recyclable/styrofoam_product/Thermoplastics-and-their-used-in-food-packaging.png,Non-Recyclable,850,664,P,224,224,RGB,STANDARDIZED
Non-Recyclable/styrofoam_product/Types-of-food-containers-considered-in-the-study-A-Aluminium-takeaway-container-B.jpg,Non-Recyclable,850,614,RGB,224,224,RGB,STANDARDIZED
Non-Recyclable/styrofoam_product/Untitled-1024-C397-768px-16-1200x900.jpg,Non-Recyclable,1200,900,RGB,224,224,RGB,STANDARDIZED
Non-Recyclable/styrofoam_product/____whereyouare.co--1-.jpg,Non-Recyclable,1080,1080,RGB,224,224,RGB,STANDARDIZED
Non-Recyclable/styrofoam_product/bbdcdabfab359104e5e0d6d62b2b1bb0-e1604602972745.png,Non-Recyclable,523,427,P,224,224,RGB,STANDARDIZED
Non-Recyclable/styrofoam_product/blog-containers.jpg,Non-Recyclable,1200,627,RGB,224,224,RGB,STANDARDIZED
Non-Recyclable/styrofoam_product/blog-takeout-header.jpg,Non-Recyclable,1280,500,RGB,224,224,RGB,STANDARDIZED
Non-Recyclable/styrofoam_product/box-packed-with-styrofoam.jpg,Non-Recyclable,610,407,RGB,224,224,RGB,STANDARDIZED
Non-Recyclable/styrofoam_product/burgers-2.jpg,Non-Recyclable,1080,737,RGB,224,224,RGB,STANDARDIZED
Non-Recyclable/styrofoam_product/containers_and_packaging_picture.jpg,Non-Recyclable,570,342,RGB,224,224,RGB,STANDARDIZED
Non-Recyclable/styrofoam_product/e3ea5ac8147d2274b0e1f61b09fbedc2.jpg,Non-Recyclable,800,534,RGB,224,224,RGB,STANDARDIZED
Non-Recyclable/styrofoam_product/eco-friendly-food-packaging_feature.jpg,Non-Recyclable,768,545,RGB,224,224,RGB,STANDARDIZED
Non-Recyclable/styrofoam_product/eco-friendly-food-packaging_header.jpg,Non-Recyclable,1280,501,RGB,224,224,RGB,STANDARDIZED
Non-Recyclable/styrofoam_product/eom212107-gra-0001-m.jpg,Non-Recyclable,1176,978,RGB,224,224,RGB,STANDARDIZED
Non-Recyclable/styrofoam_product/expanded-polystyrene.jpg,Non-Recyclable,2560,1920,RGB,224,224,RGB,STANDARDIZED
Non-Recyclable/styrofoam_product/foam-alternative-packaging.jpg,Non-Recyclable,1200,431,RGB,224,224,RGB,STANDARDIZED
Non-Recyclable/styrofoam_product/foam-packaging-waste.jpg,Non-Recyclable,650,432,RGB,224,224,RGB,STANDARDIZED
Non-Recyclable/styrofoam_product/foam-plastic-no6.png,Non-Recyclable,300,300,RGBA,224,224,RGB,STANDARDIZED
Non-Recyclable/styrofoam_product/foam20containers.jpg,Non-Recyclable,560,400,RGB,224,224,RGB,STANDARDIZED
Non-Recyclable/styrofoam_product/food-packaging-1.jpg,Non-Recyclable,750,450,RGB,224,224,RGB,STANDARDIZED
Non-Recyclable/styrofoam_product/food-packaging-containers-bamboo-glass-eco-1296x728-header.jpg,Non-Recyclable,1296,728,RGB,224,224,RGB,STANDARDIZED
Non-Recyclable/styrofoam_product/food-packaging-regulations-fi-1.jpg,Non-Recyclable,2100,650,RGB,224,224,RGB,STANDARDIZED
Non-Recyclable/styrofoam_product/food-packaging-report.jpg,Non-Recyclable,1920,1282,RGB,224,224,RGB,STANDARDIZED
Non-Recyclable/styrofoam_product/food-packaging-reports-examples.jpg,Non-Recyclable,780,408,RGB,224,224,RGB,STANDARDIZED
Non-Recyclable/styrofoam_product/food-packaging-tip-sheet.jpg,Non-Recyclable,780,997,RGB,224,224,RGB,STANDARDIZED
Non-Recyclable/styrofoam_product/food-packaging_0.jpg,Non-Recyclable,1024,570,RGB,224,224,RGB,STANDARDIZED
Non-Recyclable/styrofoam_product/food_packaging_i8860_20180911_093_3x2.jpg,Non-Recyclable,3072,2048,RGB,224,224,RGB,STANDARDIZED
Non-Recyclable/styrofoam_product/foods-12-01057-g001.png,Non-Recyclable,3225,2200,P,224,224,RGB,STANDARDIZED
Non-Recyclable/styrofoam_product/four-types-of-packaging-materials-used-in-the-food-industry.jpg,Non-Recyclable,1000,550,RGB,224,224,RGB,STANDARDIZED
Non-Recyclable/styrofoam_product/harmful-chemicals-food-packaging.jpg,Non-Recyclable,1200,1200,RGB,224,224,RGB,STANDARDIZED
Non-Recyclable/styrofoam_product/image32.jpg,Non-Recyclable,2880,960,RGB,224,224,RGB,STANDARDIZED
Non-Recyclable/styrofoam_product/ing-takeaway-foam-lunch-boxes-single-use-food-containers-close-up-1792562215.jpg,Non-Recyclable,1500,1101,RGB,224,224,RGB,STANDARDIZED
Non-Recyclable/styrofoam_product/lam-dung-hop-xop-1.jpg,Non-Recyclable,800,600,RGB,224,224,RGB,STANDARDIZED
Non-Recyclable/styrofoam_product/open-styrofoam-boxes-stack-white-background-31184617.jpg,Non-Recyclable,1600,1157,RGB,224,224,RGB,STANDARDIZED
Non-Recyclable/styrofoam_product/p06cz75l.jpg,Non-Recyclable,1280,720,RGB,224,224,RGB,STANDARDIZED
Non-Recyclable/styrofoam_product/plastic_food_containers.png,Non-Recyclable,600,600,RGBA,224,224,RGB,STANDARDIZED
Non-Recyclable/styrofoam_product/polystyrene-food-boxes-9535739.jpg,Non-Recyclable,1600,1157,RGB,224,224,RGB,STANDARDIZED
Non-Recyclable/styrofoam_product/polystyrene-or-styrofoam-protective-packaging-beads-M964HY.jpg,Non-Recyclable,1300,956,RGB,224,224,RGB,STANDARDIZED
Non-Recyclable/styrofoam_product/ps-foam-containers_20220124_Minh-Mi-Goi_shutterstock_1580179006-web.jpg,Non-Recyclable,1200,800,RGB,224,224,RGB,STANDARDIZED
Non-Recyclable/styrofoam_product/recycling-05-00030-g001.png,Non-Recyclable,3068,2308,RGBA,224,224,RGB,STANDARDIZED
Non-Recyclable/styrofoam_product/secondary-packaging-examples.jpg,Non-Recyclable,610,491,RGB,224,224,RGB,STANDARDIZED
Non-Recyclable/styrofoam_product/sfe_zw_slider_styrofoam.jpg,Non-Recyclable,514,226,RGB,224,224,RGB,STANDARDIZED
Non-Recyclable/styrofoam_product/shutterstock_1027804891-scaled-1.jpg,Non-Recyclable,2560,1709,RGB,224,224,RGB,STANDARDIZED
Non-Recyclable/styrofoam_product/slide_2.jpg,Non-Recyclable,1365,1024,RGB,224,224,RGB,STANDARDIZED
Non-Recyclable/styrofoam_product/square-paper-bowl-e1641526056341.jpg,Non-Recyclable,750,606,RGB,224,224,RGB,STANDARDIZED
Non-Recyclable/styrofoam_product/stock-photo-different-types-of-food-box-made-of-foam-paper-plastic-564220360.jpg,Non-Recyclable,1500,1083,RGB,224,224,RGB,STANDARDIZED
Non-Recyclable/styrofoam_product/strawberry-packaging_.png,Non-Recyclable,929,720,P,224,224,RGB,STANDARDIZED
Non-Recyclable/styrofoam_product/styro-food-packaging-near-me_orig.jpg,Non-Recyclable,500,337,RGB,224,224,RGB,STANDARDIZED
Non-Recyclable/styrofoam_product/styrofoam-box-on-white-background-food-container-MXTH80.jpg,Non-Recyclable,1300,980,RGB,224,224,RGB,STANDARDIZED
Non-Recyclable/styrofoam_product/styrofoam-facts.jpg,Non-Recyclable,1500,844,RGB,224,224,RGB,STANDARDIZED
Non-Recyclable/styrofoam_product/styrofoam-garbage1-1.jpg,Non-Recyclable,640,320,RGB,224,224,RGB,STANDARDIZED
Non-Recyclable/styrofoam_product/styrofoam-packaging-materials-CFF552.jpg,Non-Recyclable,1300,953,RGB,224,224,RGB,STANDARDIZED
Non-Recyclable/styrofoam_product/styrofoam-packaging-peanuts-DM6D71.jpg,Non-Recyclable,1300,956,RGB,224,224,RGB,STANDARDIZED
Non-Recyclable/styrofoam_product/styrofoam-packing-peanutes-alternative-header.jpg,Non-Recyclable,1600,750,RGB,224,224,RGB,STANDARDIZED
Non-Recyclable/styrofoam_product/styrofoam-takeout-containers-food-1200x628-facebook.jpg,Non-Recyclable,1200,628,RGB,224,224,RGB,STANDARDIZED
Non-Recyclable/styrofoam_product/styrofoam.jpg,Non-Recyclable,1600,1075,RGB,224,224,RGB,STANDARDIZED
Non-Recyclable/styrofoam_product/styrofoam2.jpg,Non-Recyclable,665,443,RGB,224,224,RGB,STANDARDIZED
Non-Recyclable/styrofoam_product/styrofoam20container.jpeg,Non-Recyclable,5114,3385,RGB,224,224,RGB,STANDARDIZED
Non-Recyclable/styrofoam_product/styrofoam_waste_1050x700.jpg,Non-Recyclable,1050,700,RGB,224,224,RGB,STANDARDIZED
Non-Recyclable/styrofoam_product/tapioca20meal20box02.jpg,Non-Recyclable,2128,1419,RGB,224,224,RGB,STANDARDIZED
Non-Recyclable/styrofoam_product/the-drive-toward-sustainability-5050-1536x1536.jpg,Non-Recyclable,1536,1536,RGB,224,224,RGB,STANDARDIZED
Non-Recyclable/styrofoam_product/types-of-sustainable-packaging-fb.jpg,Non-Recyclable,1200,628,RGB,224,224,RGB,STANDARDIZED
Non-Recyclable/styrofoam_product/w_takeout_trash_wk1003mike_shutterstock_422191876.c86d3627.jpg,Non-Recyclable,1600,900,RGB,224,224,RGB,STANDARDIZED
Organic/coffee_tea_bags/-to-dark-roasted-250-gm-product-images-orvj9xukmzh-p594973306-0-202211022012.jpg,Organic,1426,1500,RGB,224,224,RGB,STANDARDIZED
Organic/coffee_tea_bags/00-staple-free-tea-bags-product-images-orvuii2bcls-p591403149-0-202205171557.jpg,Organic,1000,1000,RGB,224,224,RGB,STANDARDIZED
Organic/coffee_tea_bags/016_2a2d9b08-8e22-428e-be37-585f08a246dc_2700x.jpg,Organic,2700,2700,RGB,224,224,RGB,STANDARDIZED
Organic/coffee_tea_bags/1-Coffee1BC-6.jpg,Organic,630,420,RGB,224,224,RGB,STANDARDIZED
Organic/coffee_tea_bags/1-elaichi-tea-blended-with-100-natural-ground-1kg-1-pouch-original-imagpgyq39ssnd4s.jpeg,Organic,770,1000,RGB,224,224,RGB,STANDARDIZED
Organic/coffee_tea_bags/100-drip-coffee-bags-with-100-pure-arabica-coffee-powder-roast-original-imagbanvzakf9tcq.jpeg,Organic,850,566,RGB,224,224,RGB,STANDARDIZED
Organic/coffee_tea_bags/100-garcinia-cinnamon-arabica-green-coffee-coffee-beans-box-original-imagfyuvbhn6jghf.jpeg,Organic,850,598,RGB,224,224,RGB,STANDARDIZED
Organic/coffee_tea_bags/1000_F_303302310_FaotLOxeKozxXv11SZlhdiP30DhhTOIZ.jpg,Organic,667,1000,RGB,224,224,RGB,STANDARDIZED
Organic/coffee_tea_bags/1000_F_607272060_auiUJOv4BIAP91ux7qJz74i3JAKbLegc.jpg,Organic,822,1000,RGB,224,224,RGB,STANDARDIZED
Organic/coffee_tea_bags/11856-01-Roasted-Chicory-Root-Powder-250g-1.jpg,Organic,2000,2000,RGB,224,224,RGB,STANDARDIZED
Organic/coffee_tea_bags/1200px-Latte_and_dark_coffee.jpg,Organic,1200,750,RGB,224,224,RGB,STANDARDIZED
Organic/coffee_tea_bags/13-Best-Coffee-Powders-In-India-2021.jpg,Organic,1200,1350,RGB,224,224,RGB,STANDARDIZED
Organic/coffee_tea_bags/154947875.wildland.packaging.png,Organic,1280,1280,RGBA,224,224,RGB,STANDARDIZED
Organic/coffee_tea_bags/1JqctqHKmoMeugSMxsSKhpg.png,Organic,720,1080,RGBA,224,224,RGB,STANDARDIZED
Organic/coffee_tea_bags/1_3__2.jpg,Organic,1200,1200,RGB,224,224,RGB,STANDARDIZED
Organic/coffee_tea_bags/2013-03-05-08.51.26.png,Organic,960,1280,RGB,224,224,RGB,STANDARDIZED
Organic/coffee_tea_bags/225-green-coffee-beans-powder-225-g-with-lemongrass-ginger-green-original-imafbh9ygzhgqh82.jpeg,Organic,850,839,RGB,224,224,RGB,STANDARDIZED
Organic/coffee_tea_bags/239869-coffee.webp,Organic,1000,600,RGB,224,224,RGB,STANDARDIZED
Organic/coffee_tea_bags/23_1200x1200.jpg,Organic,1200,1200,RGB,224,224,RGB,STANDARDIZED
Organic/coffee_tea_bags/250-kerala-fresh-coffee-beans-powder-blended-with-chicory-80-20-original-imag9rfchctuww9g.jpeg,Organic,849,1000,RGB,224,224,RGB,STANDARDIZED
Organic/coffee_tea_bags/27r-used-coffee-grounds-1024x600.webp,Organic,1024,600,RGB,224,224,RGB,STANDARDIZED
Organic/coffee_tea_bags/3_b1846eaf-f53b-47b7-aec2-e163cf50171f_480x480.png,Organic,480,305,RGBA,224,224,RGB,STANDARDIZED
Organic/coffee_tea_bags/3_d72a8c69-d0f8-4ace-9ca1-792ed274da2e_1024x.png,Organic,1024,1024,RGBA,224,224,RGB,STANDARDIZED
Organic/coffee_tea_bags/41F0KiwPjPL._AC_UF10001000_QL80_.jpg,Organic,945,1000,RGB,224,224,RGB,STANDARDIZED
Organic/coffee_tea_bags/440-jaggery-hot-coffee-440gm-box-box-1-coffee-beans-foodia-original-imagmqtcjstu7ngm.jpeg,Organic,820,1000,RGB,224,224,RGB,STANDARDIZED
Organic/coffee_tea_bags/4x12-Coffee-Sampler-LG_1024x1024.jpg,Organic,1024,683,RGB,224,224,RGB,STANDARDIZED
Organic/coffee_tea_bags/5_327d531b-bc9d-43a7-b3b9-2db3c568ae2a_480x480.png,Organic,480,305,RGBA,224,224,RGB,STANDARDIZED
Organic/coffee_tea_bags/61N5Zw-CwkL._AC_UF10001000_QL80_.jpg,Organic,1000,763,RGB,224,224,RGB,STANDARDIZED
Organic/coffee_tea_bags/634e56bb6131e628c47a9d26-coffee-tea-bags-single-serve-premium.jpg,Organic,1000,1000,RGB,224,224,RGB,STANDARDIZED
Organic/coffee_tea_bags/640px-TEDxAMS2011_044.JPG.jpg,Organic,640,480,RGB,224,224,RGB,STANDARDIZED
Organic/coffee_tea_bags/6431022e1d17017586242883-sumdirect-disposable-tea-filter-bags.jpg,Organic,1460,1374,RGB,224,224,RGB,STANDARDIZED
Organic/coffee_tea_bags/64401cc749bcb9512376a828-colonial-coffee-packets-pre-ground.jpg,Organic,1500,1500,RGB,224,224,RGB,STANDARDIZED
Organic/coffee_tea_bags/68345197.jpg,Organic,1280,960,RGB,224,224,RGB,STANDARDIZED
Organic/coffee_tea_bags/6_e1bf33f9-cb52-45ad-a2e4-8ff8b2f6dd6d_1800x.jpg,Organic,1800,1800,RGB,224,224,RGB,STANDARDIZED
Organic/coffee_tea_bags/71KmHGsjAQL._AC_UF10001000_QL80_.jpg,Organic,788,1000,RGB,224,224,RGB,STANDARDIZED
Organic/coffee_tea_bags/71KmHGsjAQL.jpg,Organic,1401,1401,RGB,224,224,RGB,STANDARDIZED
Organic/coffee_tea_bags/71RkAXGxqL._AC_UF10001000_QL80_.jpg,Organic,848,1000,RGB,224,224,RGB,STANDARDIZED
Organic/coffee_tea_bags/71VjiXtBQ4L._AC_UF8941000_QL80_.jpg,Organic,894,894,RGB,224,224,RGB,STANDARDIZED
Organic/coffee_tea_bags/71zKEKtQfL.jpg,Organic,2181,1365,RGB,224,224,RGB,STANDARDIZED
Organic/coffee_tea_bags/7ef3ae48cc20439dbee2d1326eb6b417.jpg,Organic,690,700,P,224,224,RGB,STANDARDIZED
Organic/coffee_tea_bags/81T4CniZrgL._AC_UF10001000_QL80_.jpg,Organic,703,1000,RGB,224,224,RGB,STANDARDIZED
Organic/coffee_tea_bags/8906088701667_2_533x.png,Organic,533,533,RGB,224,224,RGB,STANDARDIZED
Organic/coffee_tea_bags/CA4A5068_1000x1000.jpg,Organic,1000,1000,RGB,224,224,RGB,STANDARDIZED
Organic/coffee_tea_bags/CA4A5069b_300x.jpg,Organic,300,300,RGB,224,224,RGB,STANDARDIZED
Organic/coffee_tea_bags/CCC-PDP-GrabBag-CoffeeAndTea--White_1400x.jpg,Organic,1400,1400,RGB,224,224,RGB,STANDARDIZED
Organic/coffee_tea_bags/Cinnamon_4_1080x.jpg,Organic,1080,1207,RGB,224,224,RGB,STANDARDIZED
Organic/coffee_tea_bags/Coffee-and-tea-bags_Shutterstock_Jouke-van-Keulen.jpg,Organic,735,513,RGB,224,224,RGB,STANDARDIZED
Organic/coffee_tea_bags/CoffeeBeans_1024x.jpg,Organic,1024,1024,RGB,224,224,RGB,STANDARDIZED
Organic/coffee_tea_bags/Coffee_TeaBags_RGB_2.jpg,Organic,2982,1988,RGB,224,224,RGB,STANDARDIZED
Organic/coffee_tea_bags/Cool20facts20about20Tea2028629.jpg,Organic,650,395,RGB,224,224,RGB,STANDARDIZED
Organic/coffee_tea_bags/Dip-Bag-01-600x600.png,Organic,600,600,RGBA,224,224,RGB,STANDARDIZED
Organic/coffee_tea_bags/EwRibzWW8AMwyeP.jpg,Organic,506,254,RGB,224,224,RGB,STANDARDIZED
Organic/coffee_tea_bags/FUR.TEA.107739981_1672739541471.webp,Organic,1500,1500,RGB,224,224,RGB,STANDARDIZED
Organic/coffee_tea_bags/FUR.TEA.27739890_1672739478453.webp,Organic,1000,1000,RGB,224,224,RGB,STANDARDIZED
Organic/coffee_tea_bags/FUR.TEA.27739890_1672739479680.webp,Organic,1500,1500,RGB,224,224,RGB,STANDARDIZED
Organic/coffee_tea_bags/FUR.TEA.47739945_1672739470040.webp,Organic,1500,1500,RGB,224,224,RGB,STANDARDIZED
Organic/coffee_tea_bags/FUR.TEA.97739955_1672739528138.webp,Organic,1500,1500,RGB,224,224,RGB,STANDARDIZED
Organic/coffee_tea_bags/GlobalSeriesLiquidCoffeeBrews-ArabicCardamom-TrialImage_1200x1200.jpg,Organic,1200,801,RGB,224,224,RGB,STANDARDIZED
Organic/coffee_tea_bags/Green-Beans-Coffee-2.png,Organic,1600,1600,P,224,224,RGB,STANDARDIZED
Organic/coffee_tea_bags/Green-Coffee-Bags.jpg,Organic,1080,1080,RGB,224,224,RGB,STANDARDIZED
Organic/coffee_tea_bags/Green-Coffee-Green-Tea-Bags-SDL352859297-1-9e4d7.png,Organic,850,995,RGB,224,224,RGB,STANDARDIZED
Organic/coffee_tea_bags/Green-Coffee.jpg,Organic,1600,1600,RGB,224,224,RGB,STANDARDIZED
Organic/coffee_tea_bags/Green-Zipper-15-Tea-Bags-500x500.png,Organic,500,500,P,224,224,RGB,STANDARDIZED
Organic/coffee_tea_bags/Hugo-Coffee-Tea-bags.jpeg,Organic,1024,683,RGB,224,224,RGB,STANDARDIZED
Organic/coffee_tea_bags/IMG_20210615_140202_1_99c77e7f-6033-43bd-b5d6-bac37c2cb86b_1024x.jpg,Organic,1024,1024,RGB,224,224,RGB,STANDARDIZED
Organic/coffee_tea_bags/IMG_7701.JPG.jpg,Organic,2500,1875,RGB,224,224,RGB,STANDARDIZED
Organic/coffee_tea_bags/IMG_7747.JPG.jpg,Organic,2500,1875,RGB,224,224,RGB,STANDARDIZED
Organic/coffee_tea_bags/Indian_coffee_beans.jpg,Organic,3648,2736,RGB,224,224,RGB,STANDARDIZED
Organic/coffee_tea_bags/Kilimanjaro-Tanzania-Roasted-Coffee-Beans-_2_1200x.jpg,Organic,1200,1200,RGB,224,224,RGB,STANDARDIZED
Organic/coffee_tea_bags/LaurenElliePhoto-04001_06e128bc-2494-45da-8b95-d58055a1b85d_600x.jpg,Organic,600,900,RGB,224,224,RGB,STANDARDIZED
Organic/coffee_tea_bags/MP000000016744408_658Wx734H_202303032000391.jpeg,Organic,658,734,RGB,224,224,RGB,STANDARDIZED
Organic/coffee_tea_bags/Maplenut-Large.png,Organic,1920,1920,RGB,224,224,RGB,STANDARDIZED
Organic/coffee_tea_bags/Masala-Chai-Tin-Can-_200gm.jpg,Organic,500,500,RGB,224,224,RGB,STANDARDIZED
Organic/coffee_tea_bags/Naivo-Craft-Coffee-With-Coffee-Brewing-Equipment.jpg,Organic,1000,667,RGB,224,224,RGB,STANDARDIZED
Organic/coffee_tea_bags/PS_ImmunityBoost_Pack-MockUp-with-Teabag_FRONT_600x.png,Organic,600,600,RGBA,224,224,RGB,STANDARDIZED
Organic/coffee_tea_bags/Progetto-senza-titolo.jpg,Organic,1200,628,RGB,224,224,RGB,STANDARDIZED
Organic/coffee_tea_bags/RealCoffeeBag-2-1024x768.jpg,Organic,1024,768,RGB,224,224,RGB,STANDARDIZED
Organic/coffee_tea_bags/S7e1e604f3d034f399a52858e8be639dfQ.jpg,Organic,2000,2000,RGB,224,224,RGB,STANDARDIZED
Organic/coffee_tea_bags/Steeped-Coffee-01-hero-sub-1170x780.jpg,Organic,1170,780,RGB,224,224,RGB,STANDARDIZED
Organic/coffee_tea_bags/TRYOURFLAVOURSslides_0_1badd587-e728-4880-af9d-0751df69b9f4_1500x.jpg,Organic,1500,2120,RGB,224,224,RGB,STANDARDIZED
Organic/coffee_tea_bags/Tassyam-Ground-Coffee-150-gm-SDL893659180-1-dc5dd.jpg,Organic,850,995,RGB,224,224,RGB,STANDARDIZED
Organic/coffee_tea_bags/Teabags-and-coffee-grounds.jpg,Organic,688,688,RGB,224,224,RGB,STANDARDIZED
Organic/coffee_tea_bags/Teabags20and20coffee20filter20with20ground20coffee.jpeg,Organic,1980,1080,RGB,224,224,RGB,STANDARDIZED
Organic/coffee_tea_bags/Top-5-Coffee-Producing-States-In-India.png,Organic,800,445,RGBA,224,224,RGB,STANDARDIZED
Organic/coffee_tea_bags/Tropical_1800x.jpg,Organic,1800,1800,RGB,224,224,RGB,STANDARDIZED
Organic/coffee_tea_bags/Types-Of-Coffee-Packaging.jpg,Organic,1920,1080,RGB,224,224,RGB,STANDARDIZED
Organic/coffee_tea_bags/VOTHxV2Bgg.jpg,Organic,800,800,RGB,224,224,RGB,STANDARDIZED
Organic/coffee_tea_bags/VksIbFlMs_orig_1080x1440_crop_center.jpg,Organic,1080,1440,RGB,224,224,RGB,STANDARDIZED
Organic/coffee_tea_bags/White-Chocolate-Covered-Cappuccino-Coffee-Beans-2.jpg,Organic,1600,1600,RGB,224,224,RGB,STANDARDIZED
Organic/coffee_tea_bags/WildlandCoffee-2.jpg,Organic,750,562,RGB,224,224,RGB,STANDARDIZED
Organic/coffee_tea_bags/Woman-Cooking-Onions-478x308.jpg,Organic,478,308,RGB,224,224,RGB,STANDARDIZED
Organic/coffee_tea_bags/a82ae4de-f25b-45c9-a0dd-5a32a4de43af_425x425.jpg,Organic,425,425,RGB,224,224,RGB,STANDARDIZED
Organic/coffee_tea_bags/apple-tea.png,Organic,533,632,P,224,224,RGB,STANDARDIZED
Organic/coffee_tea_bags/arabica-green-coffee-beans-500x500.jpg,Organic,500,499,RGB,224,224,RGB,STANDARDIZED
Organic/coffee_tea_bags/beans.png,Organic,1920,437,RGBA,224,224,RGB,STANDARDIZED
Organic/coffee_tea_bags/benefits-for-the-body.png,Organic,830,1166,RGBA,224,224,RGB,STANDARDIZED
Organic/coffee_tea_bags/big_coffee_indian_style_instant_coffee-16457.jpg,Organic,696,905,RGB,224,224,RGB,STANDARDIZED
Organic/coffee_tea_bags/coffe-1.jpg.webp,Organic,1200,675,RGB,224,224,RGB,STANDARDIZED
Organic/coffee_tea_bags/coffe-hyper-Are-there-Coffee-Bags-Like-Tea-Bags.png,Organic,1500,925,P,224,224,RGB,STANDARDIZED
Organic/coffee_tea_bags/coffee-620_620x350_51476691798.jpg,Organic,620,350,RGB,224,224,RGB,STANDARDIZED
Organic/coffee_tea_bags/coffee-and-tea-picture_csp1572201.jpg,Organic,600,419,RGB,224,224,RGB,STANDARDIZED
Organic/coffee_tea_bags/coffee-beans-leaf-tea-packed-paper-bag-storage-mockup-white-tag-logo_616001-3365.jpg,Organic,626,417,RGB,224,224,RGB,STANDARDIZED
Organic/coffee_tea_bags/coffee-beans-near-sack-tea-set-box-sugar-sackcloth_23-2148180210.jpg,Organic,626,417,RGB,224,224,RGB,STANDARDIZED
Organic/coffee_tea_bags/coffee-beans-tea-leaves-storage-beans.jpg,Organic,1200,1090,RGB,224,224,RGB,STANDARDIZED
Organic/coffee_tea_bags/coffee-dip-bag.jpeg,Organic,2000,1262,RGB,224,224,RGB,STANDARDIZED
Organic/coffee_tea_bags/coffee-grounds-and-tea-bags.png,Organic,439,447,RGBA,224,224,RGB,STANDARDIZED
Organic/coffee_tea_bags/coffee-grounds.jpg,Organic,2121,1414,RGB,224,224,RGB,STANDARDIZED
Organic/coffee_tea_bags/coffee-tea-bags.jpg,Organic,1200,800,RGB,224,224,RGB,STANDARDIZED
Organic/coffee_tea_bags/coffee_beans_and_tea_bag_1429728262.jpg,Organic,1200,800,RGB,224,224,RGB,STANDARDIZED
Organic/coffee_tea_bags/coffee_tea_bags.jpg,Organic,900,516,RGB,224,224,RGB,STANDARDIZED
Organic/coffee_tea_bags/composting-teabag.jpg,Organic,1600,1200,RGB,224,224,RGB,STANDARDIZED
Organic/coffee_tea_bags/creme-brulee-coffee-12oz-ground_900x.jpg,Organic,900,900,RGB,224,224,RGB,STANDARDIZED
Organic/coffee_tea_bags/cup-coffee-coffee-beans_164008-356.jpg,Organic,626,462,RGB,224,224,RGB,STANDARDIZED
Organic/coffee_tea_bags/e-beans-freshly-roasted-product-images-orvzzb1wjpv-p596853334-0-202307051943.jpg,Organic,1500,1500,RGB,224,224,RGB,STANDARDIZED
Organic/coffee_tea_bags/e0061fc43da23a9fd481dd16aa2bbdda.jpg,Organic,736,736,RGB,224,224,RGB,STANDARDIZED
Organic/coffee_tea_bags/e775f7fd372e414b924fcad3a829dd08.jpg,Organic,352,480,P,224,224,RGB,STANDARDIZED
Organic/coffee_tea_bags/easy-disposable-drip-bag-coffee-tea-bags-ground-173299325.jpg,Organic,1600,1157,RGB,224,224,RGB,STANDARDIZED
Organic/coffee_tea_bags/easy-disposable-drip-bag-coffee-tea-bags-ground-173299335.jpg,Organic,1600,1157,RGB,224,224,RGB,STANDARDIZED
Organic/coffee_tea_bags/ee-beans-turkish-coffee-pot-cartoon-illustrations-set-for-coffee-shop-vector.jpg,Organic,1902,1920,RGB,224,224,RGB,STANDARDIZED
Organic/coffee_tea_bags/ee38ee68adac618a6aa7dd4be54ce525.jpg,Organic,570,760,RGB,224,224,RGB,STANDARDIZED
Organic/coffee_tea_bags/gardening_website_350x2x.jpg,Organic,700,394,RGB,224,224,RGB,STANDARDIZED
Organic/coffee_tea_bags/green-bin-coffee-tea-bags-1500x1917px.jpg,Organic,1500,1917,RGB,224,224,RGB,STANDARDIZED
Organic/coffee_tea_bags/green-tea-for-weight-loss-8.jpg,Organic,1080,1080,RGB,224,224,RGB,STANDARDIZED
Organic/coffee_tea_bags/ground-coffee-tea-bag-isolated-white-background-33941609.jpg,Organic,1600,1178,RGB,224,224,RGB,STANDARDIZED
Organic/coffee_tea_bags/group2F7162Fmenu2F111220_1.jpg,Organic,1080,1476,RGB,224,224,RGB,STANDARDIZED
Organic/coffee_tea_bags/hd_panduranga_coffee_900x_afac79ed-a644-49e3-8145-f6b8f7caf3ad.jpg,Organic,720,720,RGB,224,224,RGB,STANDARDIZED
Organic/coffee_tea_bags/il_570xN.2192109093_s5rf.jpg,Organic,570,760,RGB,224,224,RGB,STANDARDIZED
Organic/coffee_tea_bags/l-against-white-background-concept-composting-eco-friendly-recycling-2BEXG0J.jpg,Organic,1300,957,RGB,224,224,RGB,STANDARDIZED
Organic/coffee_tea_bags/main-qimg-54e341d2fe11ce073c93be5f450cee44.webp,Organic,600,600,RGB,224,224,RGB,STANDARDIZED
Organic/coffee_tea_bags/moringa-dip-bags-500x500.jpg,Organic,500,333,RGB,224,224,RGB,STANDARDIZED
Organic/coffee_tea_bags/mysore-nuggets-405586_595x.jpg,Organic,595,595,RGB,224,224,RGB,STANDARDIZED
Organic/coffee_tea_bags/open-bags-and-collect-tea-leaves-for-composting.jpg,Organic,730,387,RGB,224,224,RGB,STANDARDIZED
Organic/coffee_tea_bags/p-glass-jars-with-tea-bags-and-paper-bags-with-coffee-beans-on-shelves-toned.jpg,Organic,1300,866,RGB,224,224,RGB,STANDARDIZED
Organic/coffee_tea_bags/pices-in-glass-armudu-with-coffee-beans-and-sugar-on-dark-background-2EW6TH7.jpg,Organic,867,1390,RGB,224,224,RGB,STANDARDIZED
Organic/coffee_tea_bags/png-transparent-instant-coffee-espresso-coffee-bag-tea-bag-coffee-food-tea-coffee.png,Organic,920,1185,P,224,224,RGB,STANDARDIZED
Organic/coffee_tea_bags/post-everything-bread-tea-bags-coffee-grounds-i-even-dump-out-my-old-quote-1.jpg,Organic,620,800,RGB,224,224,RGB,STANDARDIZED
Organic/coffee_tea_bags/premiumcoffe.jpg,Organic,1348,1348,RGB,224,224,RGB,STANDARDIZED
Organic/coffee_tea_bags/product-jpeg-500x500.jpg,Organic,281,500,RGB,224,224,RGB,STANDARDIZED
Organic/coffee_tea_bags/set-cup-of-tea-with-bag-bag-coffee-beans-coffee-vector-46052070.jpg,Organic,1000,1080,RGB,224,224,RGB,STANDARDIZED
Organic/coffee_tea_bags/set-isometric-line-coffee-beans-cup-tea-with-bag-vector-46606594.jpg,Organic,1000,780,RGB,224,224,RGB,STANDARDIZED
Organic/coffee_tea_bags/shutterstock_1976758055.jpg,Organic,1000,667,RGB,224,224,RGB,STANDARDIZED
Organic/coffee_tea_bags/slider_25.png,Organic,2393,1049,RGBA,224,224,RGB,STANDARDIZED
Organic/coffee_tea_bags/south-indian-filter-coffee-served-traditional-tumbler-cup-roasted-raw-beans_466689-88216.jpg,Organic,626,418,RGB,224,224,RGB,STANDARDIZED
Organic/coffee_tea_bags/sted-Coffee-Bean-Tea-Bags-for-400g-500g-1kg-Stand-up-Mylar-Zip-Lock-Pouches.webp,Organic,1500,1500,RGB,224,224,RGB,STANDARDIZED
Organic/coffee_tea_bags/stock-photo-three-tea-bags-lie-on-a-background-of-coffee-beans-2135663021.jpg,Organic,1500,1101,RGB,224,224,RGB,STANDARDIZED
Organic/coffee_tea_bags/tea-5174668_1280-e1619903116935.jpg,Organic,1200,675,RGB,224,224,RGB,STANDARDIZED
Organic/coffee_tea_bags/tea-bag-recycling.jpg,Organic,300,400,RGB,224,224,RGB,STANDARDIZED
Organic/coffee_tea_bags/tea-bags-and-coffee-beans-DE0A54.jpg,Organic,866,1390,RGB,224,224,RGB,STANDARDIZED
Organic/coffee_tea_bags/tea-bags-ready-for-despatch-india-AR828D.jpg,Organic,1300,963,RGB,224,224,RGB,STANDARDIZED
Organic/coffee_tea_bags/tea-morning-green-yellow.jpg,Organic,910,607,RGB,224,224,RGB,STANDARDIZED
Organic/coffee_tea_bags/tea-vector-line-icons-contains-such-icons-as-cup-of-tea-teabags-coffee-beans.jpg,Organic,1300,824,RGB,224,224,RGB,STANDARDIZED
Organic/coffee_tea_bags/teabag.jpg,Organic,640,480,RGB,224,224,RGB,STANDARDIZED
Organic/coffee_tea_bags/ted-ground-coffee-beans-product-images-orvj6ewaogu-p602294106-1-202306100653.jpg,Organic,1500,1500,RGB,224,224,RGB,STANDARDIZED
Organic/coffee_tea_bags/th-coffee-beans-top-view-with-shadow-isolated-on-white-background-1839213553.jpg,Organic,1500,1101,RGB,224,224,RGB,STANDARDIZED
Organic/coffee_tea_bags/used_teabags_garden_featured.png,Organic,1200,630,P,224,224,RGB,STANDARDIZED
Organic/coffee_tea_bags/zindagi_green_coffee_beans_400_gm_0.jpg,Organic,600,600,RGB,224,224,RGB,STANDARDIZED
Organic/egg_shells/-as-calcium-supplement-popular-asia-india-powder-ground-egg-shells-119970282.jpg,Organic,800,534,RGB,224,224,RGB,STANDARDIZED
Organic/egg_shells/-of-the-indian-and-pacific-oceans-an-endangered-species-they-travel-t-M9AFPW.jpg,Organic,1300,957,RGB,224,224,RGB,STANDARDIZED
Organic/egg_shells/-shells-with-warm-water-used-as-a-calcium-supplement-and-popular-in-asia-and.jpg,Organic,1300,866,RGB,224,224,RGB,STANDARDIZED
Organic/egg_shells/001_486_IMG_broken-brown-eggshell-marble-surface.jpg,Organic,1080,790,RGB,224,224,RGB,STANDARDIZED
Organic/egg_shells/1-s2.0-S0950061822018086-ga1.jpg,Organic,500,128,RGB,224,224,RGB,STANDARDIZED
Organic/egg_shells/10-Cool-Things-to-Do-With-Eggshells.png,Organic,875,1556,P,224,224,RGB,STANDARDIZED
Organic/egg_shells/1000_F_211028023_4K207bEPU7N2cJyvk92D4Ik0TKD93rzy.jpg,Organic,1000,667,RGB,224,224,RGB,STANDARDIZED
Organic/egg_shells/1000_F_523577764_HniZM09ls0H3vw7i0DXikSEzdasvzmoy.jpg,Organic,1000,720,RGB,224,224,RGB,STANDARDIZED
Organic/egg_shells/1_872_600.jpg,Organic,600,511,RGB,224,224,RGB,STANDARDIZED
Organic/egg_shells/2020_04_lead_eggshells-on-table_shutterstock_201335783.jpg,Organic,1596,830,RGB,224,224,RGB,STANDARDIZED
Organic/egg_shells/51kXtLk8BSL.jpg,Organic,1000,1000,RGB,224,224,RGB,STANDARDIZED
Organic/egg_shells/5908_egg_shells2.jpg,Organic,1200,800,RGB,224,224,RGB,STANDARDIZED
Organic/egg_shells/5f421e3164a4ed8a454c7b20c1e3ebe5--eggshell-mosaic-tutorial-diy - Copy.jpg,Organic,736,776,RGB,224,224,RGB,STANDARDIZED
Organic/egg_shells/698107-hatched-open-poultry-chicks-egg-shells-shell-706502.jpg,Organic,1280,720,RGB,224,224,RGB,STANDARDIZED
Organic/egg_shells/81E5gnm5CnL._AC_UF10001000_QL80_.jpg,Organic,1000,983,RGB,224,224,RGB,STANDARDIZED
Organic/egg_shells/8d25mv_ncpmpairindiafoodeggshells_625x300_08_October_19.jpg,Organic,650,400,RGB,224,224,RGB,STANDARDIZED
Organic/egg_shells/AdobeStock_479886517-scaled-e1674774370139.jpeg,Organic,1800,1200,RGB,224,224,RGB,STANDARDIZED
Organic/egg_shells/BeachBag_IndiaInk_Egg-DSC_1902-1200_800x.jpg,Organic,800,800,RGB,224,224,RGB,STANDARDIZED
Organic/egg_shells/BeachBag_IndiaInk_egg-DSC_2400-1200_800x.jpg,Organic,800,800,RGB,224,224,RGB,STANDARDIZED
Organic/egg_shells/Chicken-eggshell-membrane-upcycled-for-bakery-Eggbrane-alleviates-joint-stiffness-and-pain.jpg,Organic,750,500,RGB,224,224,RGB,STANDARDIZED
Organic/egg_shells/Egg-rmh.jpg,Organic,1000,750,RGB,224,224,RGB,STANDARDIZED
Organic/egg_shells/Eggshell_001.jpg,Organic,2304,1728,RGB,224,224,RGB,STANDARDIZED
Organic/egg_shells/Eggshell_THUMBNAIL.jpg,Organic,800,800,RGB,224,224,RGB,STANDARDIZED
Organic/egg_shells/Eggshells-Lying-on-the-Ground.jpg,Organic,800,533,RGB,224,224,RGB,STANDARDIZED
Organic/egg_shells/Eggshells-and-Other-Food-Waste-on-Compost-Pile.jpg,Organic,800,533,RGB,224,224,RGB,STANDARDIZED
Organic/egg_shells/Eggshells-scaled.jpg,Organic,2560,1707,RGB,224,224,RGB,STANDARDIZED
Organic/egg_shells/Eggshells.jpg,Organic,800,533,RGB,224,224,RGB,STANDARDIZED
Organic/egg_shells/EggshellsGardening-3.jpg,Organic,1667,2500,RGB,224,224,RGB,STANDARDIZED
Organic/egg_shells/Emu_Egg_shell_painting_world_record-1.jpg,Organic,800,533,RGB,224,224,RGB,STANDARDIZED
Organic/egg_shells/Engraved-ostrich-eggshell-fragment-Upper-Palaeolithic-Patne-India.png,Organic,765,531,P,224,224,RGB,STANDARDIZED
Organic/egg_shells/Engravings-on-ostrich-eggshell-fragment-Patne-western-India-early-Upper-Palaeolithic.png,Organic,467,319,RGB,224,224,RGB,STANDARDIZED
Organic/egg_shells/FB-eggshells-for-the-garden.jpg,Organic,1200,630,RGB,224,224,RGB,STANDARDIZED
Organic/egg_shells/FB_IMG_1604548763726.jpg,Organic,640,480,RGB,224,224,RGB,STANDARDIZED
Organic/egg_shells/GettyImages-1136556806.jpg,Organic,2121,1414,RGB,224,224,RGB,STANDARDIZED
Organic/egg_shells/GettyImages-1288209464-e1680536099894.jpg,Organic,2011,1342,RGB,224,224,RGB,STANDARDIZED
Organic/egg_shells/HowtoGrindEggshellsforPlants_f6ebf5dc8c7ff2ee2d9fb6778a9bf612_2000.jpeg,Organic,1200,900,RGB,224,224,RGB,STANDARDIZED
Organic/egg_shells/IMG_eggshellwaste-848x551.jpg,Organic,848,551,RGB,224,224,RGB,STANDARDIZED
Organic/egg_shells/Image_eggshells.jpg,Organic,640,426,RGB,224,224,RGB,STANDARDIZED
Organic/egg_shells/MG_0288-2000x1333-2.jpg,Organic,2000,1333,RGB,224,224,RGB,STANDARDIZED
Organic/egg_shells/MV5BM2M1NzZjNTQtNzliYi00NTA5LWI4NDktY2Q5NDFkMTAxYzk2XkEyXkFqcGdeQXVyMjQwMjk0NjI._V1_.jpg,Organic,420,652,RGB,224,224,RGB,STANDARDIZED
Organic/egg_shells/Ostrich-kaiH--621x414LiveMint.JPG.jpg,Organic,621,414,RGB,224,224,RGB,STANDARDIZED
Organic/egg_shells/Powder-preparation-steps-of-calcined-eggshells-a-Eggshell-b-Sun-drying-c.jpg,Organic,600,412,RGB,224,224,RGB,STANDARDIZED
Organic/egg_shells/Reusing2520Eggshells25201.png,Organic,515,700,RGB,224,224,RGB,STANDARDIZED
Organic/egg_shells/Singapore20Eggshell20Coaster20Making20Workshop20by20Eco20Rangers20Pte20Ltd.jpg,Organic,1200,630,RGB,224,224,RGB,STANDARDIZED
Organic/egg_shells/The-color-and-pigment-patterns-of-eggshells-vary-greatly-across-avian-lineages-We.png,Organic,850,842,RGBA,224,224,RGB,STANDARDIZED
Organic/egg_shells/Things-to-do-with-eggshells-so-they-dont-go-to-waste-on-chemistry-cachet.png,Organic,820,450,RGB,224,224,RGB,STANDARDIZED
Organic/egg_shells/Used-coffee-grounds-and-eggshells_Juver_shutterstock.jpg,Organic,810,540,RGB,224,224,RGB,STANDARDIZED
Organic/egg_shells/Uses-Eggshells-Tips-A138778491.jpg,Organic,1880,1000,RGB,224,224,RGB,STANDARDIZED
Organic/egg_shells/Walking-on-eggshells-blog-graphics_Facebook.png,Organic,2500,1313,RGB,224,224,RGB,STANDARDIZED
Organic/egg_shells/Waste-Management-Ambikapur-hopes-to-generate-Rs-10000-a-month-from-the-eggshell-initiative1.jpg,Organic,650,450,RGB,224,224,RGB,STANDARDIZED
Organic/egg_shells/White-Eggshells-On-a-Wooden-Surface.jpg,Organic,800,533,RGB,224,224,RGB,STANDARDIZED
Organic/egg_shells/animist-donyi-polo-shrine-made-from-bamboo-feathers-and-eggshells-E4A21E.jpg,Organic,1300,955,RGB,224,224,RGB,STANDARDIZED
Organic/egg_shells/bowl-containing-eggshells.jpg,Organic,1100,734,RGB,224,224,RGB,STANDARDIZED
Organic/egg_shells/broken-egg-shells.jpg,Organic,728,484,RGB,224,224,RGB,STANDARDIZED
Organic/egg_shells/broken-eggs-1711144_1920.jpg,Organic,1920,1280,RGB,224,224,RGB,STANDARDIZED
Organic/egg_shells/broken-eggs-eggshells-carton-mc-2x1-220718.jpg,Organic,2400,1200,RGB,224,224,RGB,STANDARDIZED
Organic/egg_shells/broken-eggshells-carolsandra-cc.jpg,Organic,1000,785,RGB,224,224,RGB,STANDARDIZED
Organic/egg_shells/broken-eggshells.jpg,Organic,2121,1414,RGB,224,224,RGB,STANDARDIZED
Organic/egg_shells/brown-crushed-egg-shell.jpg,Organic,1000,1667,RGB,224,224,RGB,STANDARDIZED
Organic/egg_shells/catalysts-12-00246-ag.png,Organic,1100,560,RGB,224,224,RGB,STANDARDIZED
Organic/egg_shells/cc8b3c.jpg,Organic,1200,803,RGB,224,224,RGB,STANDARDIZED
Organic/egg_shells/chicken-of-eggshells.jpg,Organic,954,1055,RGB,224,224,RGB,STANDARDIZED
Organic/egg_shells/composting-eggshells.jpg,Organic,1200,900,RGB,224,224,RGB,STANDARDIZED
Organic/egg_shells/crushed-eggshells-for-chickens.jpg,Organic,772,630,RGB,224,224,RGB,STANDARDIZED
Organic/egg_shells/crushing-eggshells.jpg.webp,Organic,1000,667,RGB,224,224,RGB,STANDARDIZED
Organic/egg_shells/depositphotos_40630785-stock-photo-pile-of-broken-eggshells.jpg,Organic,600,400,RGB,224,224,RGB,STANDARDIZED
Organic/egg_shells/depositphotos_42000011-stock-photo-broken-chicken-eggshells.jpg,Organic,600,400,RGB,224,224,RGB,STANDARDIZED
Organic/egg_shells/egg-shell-1.jpg,Organic,1000,1000,RGB,224,224,RGB,STANDARDIZED
Organic/egg_shells/egg-shell-1668237416-6621619.jpeg,Organic,600,396,RGB,224,224,RGB,STANDARDIZED
Organic/egg_shells/egg-shell-header.jpg,Organic,860,460,RGB,224,224,RGB,STANDARDIZED
Organic/egg_shells/egg-shells.jpg,Organic,1500,1000,RGB,224,224,RGB,STANDARDIZED
Organic/egg_shells/egg-shells2.jpg,Organic,1000,667,RGB,224,224,RGB,STANDARDIZED
Organic/egg_shells/eggshell-fertilizer.jpg,Organic,1000,667,RGB,224,224,RGB,STANDARDIZED
Organic/egg_shells/eggshell20powder-800x800.jpg,Organic,800,800,RGB,224,224,RGB,STANDARDIZED
Organic/egg_shells/eggshell9.png,Organic,2000,2000,RGBA,224,224,RGB,STANDARDIZED
Organic/egg_shells/eggshellpinfbready.png,Organic,800,419,P,224,224,RGB,STANDARDIZED
Organic/egg_shells/eggshells-.png,Organic,1200,800,P,224,224,RGB,STANDARDIZED
Organic/egg_shells/eggshells-bucket-cropped.jpg,Organic,1200,956,RGB,224,224,RGB,STANDARDIZED
Organic/egg_shells/eggshells-in-bowl-1296x728.jpg,Organic,1296,728,RGB,224,224,RGB,STANDARDIZED
Organic/egg_shells/eggshells-in-garden.jpg,Organic,849,565,RGB,224,224,RGB,STANDARDIZED
Organic/egg_shells/eggshells-in-the-garden.jpg,Organic,500,384,RGB,224,224,RGB,STANDARDIZED
Organic/egg_shells/eggshells-slugs-2x.jpg,Organic,450,575,RGB,224,224,RGB,STANDARDIZED
Organic/egg_shells/eggshells1.jpg,Organic,590,422,RGB,224,224,RGB,STANDARDIZED
Organic/egg_shells/eggshells2.jpg,Organic,866,577,RGB,224,224,RGB,STANDARDIZED
Organic/egg_shells/eggshells_759.jpg,Organic,759,422,RGB,224,224,RGB,STANDARDIZED
Organic/egg_shells/eggshells_uses_759.jpg,Organic,759,422,RGB,224,224,RGB,STANDARDIZED
Organic/egg_shells/eggshells_uses_incopy.jpg,Organic,759,500,RGB,224,224,RGB,STANDARDIZED
Organic/egg_shells/elisa-sheehan-kintsugi-eggshells-1.jpg,Organic,1100,1396,RGB,224,224,RGB,STANDARDIZED
Organic/egg_shells/ew-group-of-broken-eggshells-stacked-on-white-background-flat-lay-2071149671.jpg,Organic,1500,1521,RGB,224,224,RGB,STANDARDIZED
Organic/egg_shells/ew-group-of-broken-eggshells-stacked-on-white-background-flat-lay-2078296249.jpg,Organic,1500,1101,RGB,224,224,RGB,STANDARDIZED
Organic/egg_shells/featured-eggshells-in-the-garden.jpg,Organic,1200,1200,RGB,224,224,RGB,STANDARDIZED
Organic/egg_shells/feed-chickens-eggshells-calcium-feature-2-1140x912.jpg,Organic,1140,912,RGB,224,224,RGB,STANDARDIZED
Organic/egg_shells/gettyimages-115783266.jpg,Organic,1200,800,RGB,224,224,RGB,STANDARDIZED
Organic/egg_shells/grinding-eggshells-2x.jpg,Organic,750,350,RGB,224,224,RGB,STANDARDIZED
Organic/egg_shells/how-to-use-egg-shells-in-your-beauty-and-skincare-routine-500x300-piccontent.jpg,Organic,500,300,RGB,224,224,RGB,STANDARDIZED
Organic/egg_shells/how-to-use-eggshells-in-garden.jpg,Organic,1200,628,RGB,224,224,RGB,STANDARDIZED
Organic/egg_shells/iStock_000003656044XSmall_egg-shells.jpg,Organic,433,277,RGB,224,224,RGB,STANDARDIZED
Organic/egg_shells/idiom-walk-on-eggshells.png,Organic,1000,1500,P,224,224,RGB,STANDARDIZED
Organic/egg_shells/il_300x300.4958894282_bt9k.jpg,Organic,300,300,RGB,224,224,RGB,STANDARDIZED
Organic/egg_shells/il_fullxfull.991265431_jqg5.jpg,Organic,1125,1125,RGB,224,224,RGB,STANDARDIZED
Organic/egg_shells/india-s-fssai-grants-approval-for-nem-2.jpg,Organic,800,450,RGB,224,224,RGB,STANDARDIZED
Organic/egg_shells/kvjhnutlxx2zrto2or8j.png,Organic,349,480,P,224,224,RGB,STANDARDIZED
Organic/egg_shells/l-intro-1680523821.jpg,Organic,1600,901,RGB,224,224,RGB,STANDARDIZED
Organic/egg_shells/making-faces-on-eggshell.jpg,Organic,500,375,RGB,224,224,RGB,STANDARDIZED
Organic/egg_shells/maxresdefault.jpg,Organic,1280,720,RGB,224,224,RGB,STANDARDIZED
Organic/egg_shells/maxresdefault2.jpg,Organic,1280,720,RGB,224,224,RGB,STANDARDIZED
Organic/egg_shells/pexels-antony-trivet-12626269-scaled.jpg,Organic,2560,1707,RGB,224,224,RGB,STANDARDIZED
Organic/egg_shells/powder-ground-egg-shells-warm-water-used-as-calcium-supplement-popular-asia-india-119971114.jpg,Organic,800,534,RGB,224,224,RGB,STANDARDIZED
Organic/egg_shells/rbzywo5dfoy.jpg,Organic,1600,1067,RGB,224,224,RGB,STANDARDIZED
Organic/egg_shells/rinsing-eggshells-with-water-before-drying-and-crushing.jpg,Organic,640,422,RGB,224,224,RGB,STANDARDIZED
Organic/egg_shells/robin-eggshells-e1531519300984.jpg,Organic,700,467,RGB,224,224,RGB,STANDARDIZED
Organic/egg_shells/ruCCMI2J-eggshells.png,Organic,745,491,P,224,224,RGB,STANDARDIZED
Organic/egg_shells/seedling-growth-in-eggshells.jpg,Organic,1600,1200,RGB,224,224,RGB,STANDARDIZED
Organic/egg_shells/shutterstock_64124065.jpg,Organic,1528,800,RGB,224,224,RGB,STANDARDIZED
Organic/egg_shells/sprinkling-eggshells-in-garden.jpg,Organic,1500,1000,RGB,224,224,RGB,STANDARDIZED
Organic/egg_shells/stock-photo-eggshell-shell-of-eggs-on-wooden-kitchen-table-1626806662.jpg,Organic,1500,1101,RGB,224,224,RGB,STANDARDIZED
Organic/egg_shells/succulents1.jpg,Organic,1500,1000,RGB,224,224,RGB,STANDARDIZED
Organic/egg_shells/titanosaur-eggs-india-1-1024x705.jpg,Organic,1024,705,RGB,224,224,RGB,STANDARDIZED
Organic/egg_shells/top-view-trash-cooking-concept_1_700x.jpg,Organic,700,392,RGB,224,224,RGB,STANDARDIZED
Organic/egg_shells/upcycled-eggshells_Personal-Creations.jpg,Organic,800,462,RGB,224,224,RGB,STANDARDIZED
Organic/egg_shells/walking_on_egg_shells_800_wht.jpg,Organic,800,800,RGB,224,224,RGB,STANDARDIZED
Organic/egg_shells/ways-to-reuse-eggshells-1614120054.jpg,Organic,2124,1411,RGB,224,224,RGB,STANDARDIZED
Organic/egg_shells/white-egg-shell-granules.jpg,Organic,1000,1333,RGB,224,224,RGB,STANDARDIZED
Organic/food_scraps/-bread-organic-waste-isolated-shite-background-flat-illustration_74855-14373.jpg,Organic,626,398,RGB,224,224,RGB,STANDARDIZED
Organic/food_scraps/0.07700600_1571147766_14.jpg,Organic,1024,458,RGB,224,224,RGB,STANDARDIZED
Organic/food_scraps/0.32790600_1489483849_food-loss.jpg,Organic,1024,681,RGB,224,224,RGB,STANDARDIZED
Organic/food_scraps/001_41_IMG_WEB_191204228_Loop-848x565.jpg,Organic,848,565,RGB,224,224,RGB,STANDARDIZED
Organic/food_scraps/00vid-skorea-waste-21719-cover-superJumbo.jpg,Organic,1920,1080,RGB,224,224,RGB,STANDARDIZED
Organic/food_scraps/1024px-Household_food_trash_NY.jpg,Organic,1024,768,RGB,224,224,RGB,STANDARDIZED
Organic/food_scraps/14220kg-foodscrapstrial-45.jpg,Organic,2048,1366,RGB,224,224,RGB,STANDARDIZED
Organic/food_scraps/1503810939_3XUEDx_Food_Wastage.jpg,Organic,703,470,RGB,224,224,RGB,STANDARDIZED
Organic/food_scraps/1600x960_804605-food-waste.jpg,Organic,1600,960,RGB,224,224,RGB,STANDARDIZED
Organic/food_scraps/190726-compost-al-1416.jpg,Organic,2500,1667,RGB,224,224,RGB,STANDARDIZED
Organic/food_scraps/20120223174847-1_0.jpg,Organic,900,506,RGB,224,224,RGB,STANDARDIZED
Organic/food_scraps/3141b180-d58c-11ed-86ff-b93329756f4a.cf.jpg,Organic,875,525,RGB,224,224,RGB,STANDARDIZED
Organic/food_scraps/4-Easy-Methods-to-Repurpose-Food-Scraps-Through-Kitchen-Composting.jpg,Organic,1200,630,RGB,224,224,RGB,STANDARDIZED
Organic/food_scraps/42f8fcd0-2ddc-4d55-bb9f-ed434d_1200x768.jpeg,Organic,773,435,RGB,224,224,RGB,STANDARDIZED
Organic/food_scraps/5.png,Organic,1200,675,RGBA,224,224,RGB,STANDARDIZED
Organic/food_scraps/585639-indiafood-poverty.jpg,Organic,700,400,RGB,224,224,RGB,STANDARDIZED
Organic/food_scraps/6106-05977845a_2400x1600.jpg.jpg,Organic,1536,864,RGB,224,224,RGB,STANDARDIZED
Organic/food_scraps/7056505-untitled-design-2022-09-22t165643215.png,Organic,940,545,RGB,224,224,RGB,STANDARDIZED
Organic/food_scraps/81333635.jpg,Organic,1200,900,RGB,224,224,RGB,STANDARDIZED
Organic/food_scraps/828950-52136-ryfqandgvd-1487872329.jpg,Organic,1200,630,RGB,224,224,RGB,STANDARDIZED
Organic/food_scraps/9122rFZCfiL._AC_UF10001000_QL80_.jpg,Organic,800,1000,RGB,224,224,RGB,STANDARDIZED
Organic/food_scraps/97085579.jpg,Organic,1200,900,RGB,224,224,RGB,STANDARDIZED
Organic/food_scraps/A1MBvKpOlxL._AC_UF10001000_QL80_.jpg,Organic,823,1000,RGB,224,224,RGB,STANDARDIZED
Organic/food_scraps/AdobeStock_539756104_e836ab76d05c8bfad90ac05325f1c4bf.jpeg,Organic,640,360,RGB,224,224,RGB,STANDARDIZED
Organic/food_scraps/AdobeStock_550660149_428fd902f4247199467725e7eccf1673.jpeg,Organic,735,414,RGB,224,224,RGB,STANDARDIZED
Organic/food_scraps/Are_landfills_in_India_overloaded_from_Food_wastes.jpg,Organic,1280,780,RGB,224,224,RGB,STANDARDIZED
Organic/food_scraps/Bobby-Berk_Veggie-Scraps_Sustainable_3.jpg,Organic,2012,1340,RGB,224,224,RGB,STANDARDIZED
Organic/food_scraps/Composting-1.jpg,Organic,1280,474,RGB,224,224,RGB,STANDARDIZED
Organic/food_scraps/Composting-1024x341-1.jpeg,Organic,1024,341,RGB,224,224,RGB,STANDARDIZED
Organic/food_scraps/Composting-Food-Waste.jpg,Organic,601,400,RGB,224,224,RGB,STANDARDIZED
Organic/food_scraps/Composting-Matt-Vasilogambros.jpeg,Organic,1500,1125,RGB,224,224,RGB,STANDARDIZED
Organic/food_scraps/Cooking-With-Food-Scraps.jpg,Organic,880,560,RGB,224,224,RGB,STANDARDIZED
Organic/food_scraps/Crafts-from-Food-Scraps.jpg,Organic,1000,1500,RGB,224,224,RGB,STANDARDIZED
Organic/food_scraps/DSC_0543.jpg,Organic,2048,2048,RGB,224,224,RGB,STANDARDIZED
Organic/food_scraps/Eliminating-Food-Wastage-to-Eradicate-Hunger.png,Organic,1280,350,RGB,224,224,RGB,STANDARDIZED
Organic/food_scraps/Food-Scraps-for-Your-Garden.jpg,Organic,600,902,RGB,224,224,RGB,STANDARDIZED
Organic/food_scraps/Food-Wastage.jpg,Organic,1500,999,RGB,224,224,RGB,STANDARDIZED
Organic/food_scraps/Food-scraps-and-waste.jpg,Organic,666,374,RGB,224,224,RGB,STANDARDIZED
Organic/food_scraps/Food-waste-Indian-weddings.jpeg,Organic,1500,900,RGB,224,224,RGB,STANDARDIZED
Organic/food_scraps/Food20scraps20into20green20cart.jpg,Organic,2758,1684,RGB,224,224,RGB,STANDARDIZED
Organic/food_scraps/FoodScraps_667731404_Feature.jpg,Organic,2400,1350,RGB,224,224,RGB,STANDARDIZED
Organic/food_scraps/FoodWaste.jpg,Organic,1500,899,RGB,224,224,RGB,STANDARDIZED
Organic/food_scraps/Food_Scraps_and_Yard_Debris_Collection_in_Portland_2010_by_Tim_Jewett.JPG.jpg,Organic,2000,3000,RGB,224,224,RGB,STANDARDIZED
Organic/food_scraps/Food_Tank_Reduce_Food_Waste.jpg,Organic,1500,900,RGB,224,224,RGB,STANDARDIZED
Organic/food_scraps/HOW-CAN-WE-HELP-1.jpg,Organic,700,495,RGB,224,224,RGB,STANDARDIZED
Organic/food_scraps/Hunger.jpg,Organic,2500,1500,RGB,224,224,RGB,STANDARDIZED
Organic/food_scraps/IMG_1992.jpg,Organic,4032,3024,RGB,224,224,RGB,STANDARDIZED
Organic/food_scraps/IMG_8177-2B-25282-2529.jpg,Organic,1024,835,RGB,224,224,RGB,STANDARDIZED
Organic/food_scraps/MIT-Food-Scraps.jpg,Organic,842,561,RGB,224,224,RGB,STANDARDIZED
Organic/food_scraps/Organic-food-waste-scaled-1.jpeg,Organic,2560,1709,RGB,224,224,RGB,STANDARDIZED
Organic/food_scraps/Organic-waste-to-wealth.jpg,Organic,1200,911,RGB,224,224,RGB,STANDARDIZED
Organic/food_scraps/Samad-lede.jpg,Organic,2560,1440,RGB,224,224,RGB,STANDARDIZED
Organic/food_scraps/Sustainability-clearcuts-foodscraps-lrg.jpg,Organic,1400,934,RGB,224,224,RGB,STANDARDIZED
Organic/food_scraps/TasteofTelangana_BlogPhotos_30052021_1200.jpg,Organic,750,500,RGB,224,224,RGB,STANDARDIZED
Organic/food_scraps/Trashed_vegetables_in_Luxembourg.jpeg,Organic,2048,1536,RGB,224,224,RGB,STANDARDIZED
Organic/food_scraps/Typical_North_India_Food_Prepared_for_Rongmei_Naga.jpg,Organic,703,694,RGB,224,224,RGB,STANDARDIZED
Organic/food_scraps/Waste-food_bg.jpg,Organic,900,600,RGB,224,224,RGB,STANDARDIZED
Organic/food_scraps/Waste-segregation-04.jpg,Organic,628,338,RGB,224,224,RGB,STANDARDIZED
Organic/food_scraps/Website-Thumbnail-food-india-junk-food-eating.jpg,Organic,600,600,RGB,224,224,RGB,STANDARDIZED
Organic/food_scraps/What-is-Food-Waste.png,Organic,1280,720,RGBA,224,224,RGB,STANDARDIZED
Organic/food_scraps/What_are_the_advantages_of_proper_food_waste_management.jpg,Organic,1280,780,RGB,224,224,RGB,STANDARDIZED
Organic/food_scraps/ZWM-compost-scaled.jpg,Organic,2560,1709,RGB,224,224,RGB,STANDARDIZED
Organic/food_scraps/aa-Cover-74rf5oelkbaeo8j1kmiamu31v7-20171227011258.Medi.jpeg,Organic,800,448,RGB,224,224,RGB,STANDARDIZED
Organic/food_scraps/ac_food_scraps_fairy_shot_3_1686.jpg,Organic,1600,1067,RGB,224,224,RGB,STANDARDIZED
Organic/food_scraps/apples.png,Organic,925,521,RGB,224,224,RGB,STANDARDIZED
Organic/food_scraps/arina20cooking20with20scraps.jpg,Organic,1200,1600,RGB,224,224,RGB,STANDARDIZED
Organic/food_scraps/b24fb5ba50e1c08c306afdb2ff49b1ac8a1ecd03.jpeg,Organic,3000,2000,RGB,224,224,RGB,STANDARDIZED
Organic/food_scraps/bc914a33536d6cc8f833b89843d63a9c.jpg,Organic,1200,675,RGB,224,224,RGB,STANDARDIZED
Organic/food_scraps/broth-from-scraps.jpeg,Organic,865,865,RGB,224,224,RGB,STANDARDIZED
Organic/food_scraps/collecting-food-scraps-4-compost-640s.jpg,Organic,640,640,RGB,224,224,RGB,STANDARDIZED
Organic/food_scraps/composition-compost-made-rotten-food_23-2149073812.jpg,Organic,626,418,RGB,224,224,RGB,STANDARDIZED
Organic/food_scraps/compost-them-1644793139.jpg,Organic,780,438,RGB,224,224,RGB,STANDARDIZED
Organic/food_scraps/composting-methods.jpg,Organic,1807,1200,RGB,224,224,RGB,STANDARDIZED
Organic/food_scraps/content13101.jpg,Organic,1000,562,RGB,224,224,RGB,STANDARDIZED
Organic/food_scraps/cover-1-24.jpg,Organic,750,485,RGB,224,224,RGB,STANDARDIZED
Organic/food_scraps/cristiano-pinto-2lWGQ02DGL8-un_1_x.jpeg,Organic,2438,2438,RGB,224,224,RGB,STANDARDIZED
Organic/food_scraps/csm_Header_Food_Waste_1_7eb721ff62.jpg,Organic,2000,1047,RGB,224,224,RGB,STANDARDIZED
Organic/food_scraps/dc-Cover-cgac7t839uh8gjfhkmi1avj642-20190223024739.Medi.jpeg,Organic,800,448,RGB,224,224,RGB,STANDARDIZED
Organic/food_scraps/depositphotos_320625516-stock-photo-domestic-food-waste-compost-fruits.jpg,Organic,1600,1168,RGB,224,224,RGB,STANDARDIZED
Organic/food_scraps/depositphotos_68423525-stock-photo-a-pile-of-food-waste.jpg,Organic,1024,680,RGB,224,224,RGB,STANDARDIZED
Organic/food_scraps/domestic-food-waste-compost-fruits-vegetables-white-background-compostable-scraps-164425010.jpg,Organic,800,534,RGB,224,224,RGB,STANDARDIZED
Organic/food_scraps/egetables-and-fruits-in-a-huge-container-in-a-rubbish-bin-heap-of-2203815095.jpg,Organic,1500,1099,RGB,224,224,RGB,STANDARDIZED
Organic/food_scraps/fight-food-waste-1533137513976-1533137515977.jpg,Organic,1200,628,RGB,224,224,RGB,STANDARDIZED
Organic/food_scraps/file-20230601-15-v2l0pv.jpg,Organic,1920,864,RGB,224,224,RGB,STANDARDIZED
Organic/food_scraps/file7g1gomxjw28p61iggbn-993894-1622829644.jpg,Organic,1200,800,RGB,224,224,RGB,STANDARDIZED
Organic/food_scraps/food-ngo_bbdf8874-4643-11e6-8e05-c384b245cd95.jpg,Organic,640,480,RGB,224,224,RGB,STANDARDIZED
Organic/food_scraps/food-scraps-flyer-1-1.png,Organic,3600,4800,P,224,224,RGB,STANDARDIZED
Organic/food_scraps/food-scraps-recipes.jpg,Organic,1500,1000,RGB,224,224,RGB,STANDARDIZED
Organic/food_scraps/food-scraps-shutterstock-c.jpg,Organic,1600,900,RGB,224,224,RGB,STANDARDIZED
Organic/food_scraps/food-wastage-ap.jpg,Organic,660,440,RGB,224,224,RGB,STANDARDIZED
Organic/food_scraps/food-waste-14654962.jpg,Organic,800,532,RGB,224,224,RGB,STANDARDIZED
Organic/food_scraps/food-waste-adobe.jpg,Organic,2000,1333,RGB,224,224,RGB,STANDARDIZED
Organic/food_scraps/food-waste-at-home-independence-day-special.jpg,Organic,660,330,RGB,224,224,RGB,STANDARDIZED
Organic/food_scraps/food-waste-in-america1.jpg,Organic,980,654,RGB,224,224,RGB,STANDARDIZED
Organic/food_scraps/food-waste-problem.jpg,Organic,1920,1276,RGB,224,224,RGB,STANDARDIZED
Organic/food_scraps/food-waste.jpg,Organic,1200,669,RGB,224,224,RGB,STANDARDIZED
Organic/food_scraps/food-wate.jpg,Organic,500,332,RGB,224,224,RGB,STANDARDIZED
Organic/food_scraps/food.jpeg,Organic,922,690,RGB,224,224,RGB,STANDARDIZED
Organic/food_scraps/food20scraps20MR1540.jpg,Organic,1540,800,RGB,224,224,RGB,STANDARDIZED
Organic/food_scraps/food_scraps_pile.jpg,Organic,850,638,RGB,224,224,RGB,STANDARDIZED
Organic/food_scraps/foodwaste3.jpg,Organic,1000,600,RGB,224,224,RGB,STANDARDIZED
Organic/food_scraps/fpiikgio_food-waste-istock-650_650x400_05_March_21.jpg,Organic,650,400,RGB,224,224,RGB,STANDARDIZED
Organic/food_scraps/getty-inedible-food-scraps-Jenny-Dettrick.jpg,Organic,1170,769,RGB,224,224,RGB,STANDARDIZED
Organic/food_scraps/gfx4-x1280.jpeg,Organic,843,1280,RGB,224,224,RGB,STANDARDIZED
Organic/food_scraps/girl20edible20vegetables20food20DH-1562441019.jpg,Organic,1200,890,RGB,224,224,RGB,STANDARDIZED
Organic/food_scraps/healthy-food-eating-groceries-1296x728-header-1.jpg,Organic,1296,728,RGB,224,224,RGB,STANDARDIZED
Organic/food_scraps/home-composter-with-food-scraps-and-vegetable-waste-BN3YRY.jpg,Organic,1300,954,RGB,224,224,RGB,STANDARDIZED
Organic/food_scraps/household-food-waste-for-compositing-BE06K7.jpg,Organic,1300,960,RGB,224,224,RGB,STANDARDIZED
Organic/food_scraps/how-to-stop-food-waste-1620830827.jpg,Organic,2119,1415,RGB,224,224,RGB,STANDARDIZED
Organic/food_scraps/iStock-1216122354.jpg,Organic,1200,800,RGB,224,224,RGB,STANDARDIZED
Organic/food_scraps/iStock-1225253924_resized.jpg,Organic,900,600,RGB,224,224,RGB,STANDARDIZED
Organic/food_scraps/iStock-1281092545-1.jpg,Organic,1920,1080,RGB,224,224,RGB,STANDARDIZED
Organic/food_scraps/iStock-1310811753.jpg,Organic,1253,836,RGB,224,224,RGB,STANDARDIZED
Organic/food_scraps/iStock-172481514.jpg,Organic,2048,1536,RGB,224,224,RGB,STANDARDIZED
Organic/food_scraps/img_156025_foodwasteindex.jpg,Organic,1333,1867,RGB,224,224,RGB,STANDARDIZED
Organic/food_scraps/img_156027_foodwasteindex2.jpg,Organic,1333,1867,RGB,224,224,RGB,STANDARDIZED
Organic/food_scraps/innovationsustainabilitya-home-bin-turning-food-scraps-into-farm-feed.png,Organic,1500,698,P,224,224,RGB,STANDARDIZED
Organic/food_scraps/kisspng-drawing-tree-apple-clip-art-food-scraps-5b1a04b3888213.1340075715284317955592.jpg,Organic,900,1040,RGB,224,224,RGB,STANDARDIZED
Organic/food_scraps/kitchen-waste.jpg,Organic,1000,667,RGB,224,224,RGB,STANDARDIZED
Organic/food_scraps/l-intro-1644823869.jpg,Organic,1600,899,RGB,224,224,RGB,STANDARDIZED
Organic/food_scraps/l-intro-1669916430.jpg,Organic,1600,900,RGB,224,224,RGB,STANDARDIZED
Organic/food_scraps/maxresdefault.jpg,Organic,1280,720,RGB,224,224,RGB,STANDARDIZED
Organic/food_scraps/maxresdefault2.jpg,Organic,1280,720,RGB,224,224,RGB,STANDARDIZED
Organic/food_scraps/maxresdefault3.jpg,Organic,1280,720,RGB,224,224,RGB,STANDARDIZED
Organic/food_scraps/msYOpyieqtTMURt-800x450-noPad.jpg,Organic,750,421,RGB,224,224,RGB,STANDARDIZED
Organic/food_scraps/np_file_233459.jpeg,Organic,2000,1333,RGB,224,224,RGB,STANDARDIZED
Organic/food_scraps/rbage-thrown-open-ground-food-waste-polythene-bags-dump-yard-scrap-228828546.jpg,Organic,1600,1157,RGB,224,224,RGB,STANDARDIZED
Organic/food_scraps/reusing-kitchen-scraps-FB.jpg,Organic,1200,630,RGB,224,224,RGB,STANDARDIZED
Organic/food_scraps/rotten-7362269_1170x658.jpg,Organic,1170,658,RGB,224,224,RGB,STANDARDIZED
Organic/food_scraps/shutterstock_1194695191-scaled.jpg,Organic,2560,1707,RGB,224,224,RGB,STANDARDIZED
Organic/food_scraps/shutterstock_344303585.jpeg,Organic,1400,630,RGB,224,224,RGB,STANDARDIZED
Organic/food_scraps/shutterstock_649541308-1-16410171154x3.jpg,Organic,1600,1200,RGB,224,224,RGB,STANDARDIZED
Organic/food_scraps/stock-photo-compost-pile-hill-of-kitchen-scraps-isolated-on-white-background-170960243.jpg,Organic,1500,1600,RGB,224,224,RGB,STANDARDIZED
Organic/food_scraps/stock-photo-organic-waste-food-and-home-waste-used-to-make-compost-619780853.jpg,Organic,1500,1101,RGB,224,224,RGB,STANDARDIZED
Organic/food_scraps/stock-photo-vegetable-food-scraps-1895608405.jpg,Organic,1002,1600,RGB,224,224,RGB,STANDARDIZED
Organic/food_scraps/sustainability-waste-reducing-food-loss-article-header-fw.jpg,Organic,1920,600,RGB,224,224,RGB,STANDARDIZED
Organic/food_scraps/t-and-egg-waste-collected-in-a-bin-for-home-composting-and-gardening-2BTFMN4.jpg,Organic,1300,1129,RGB,224,224,RGB,STANDARDIZED
Organic/food_scraps/tamil-nadu-india-february-15-2018-food-waste-2B14J71.jpg,Organic,1300,955,RGB,224,224,RGB,STANDARDIZED
Organic/food_scraps/top-view-trash-cooking-concept_23-2149056484.jpg,Organic,626,418,RGB,224,224,RGB,STANDARDIZED
Organic/food_scraps/top-view-trash-cooking-concept_23-2149056487.jpg,Organic,626,418,RGB,224,224,RGB,STANDARDIZED
Organic/food_scraps/trash-talk-5-food-scraps-you-should-not-be-throwing-away.1280x600.jpg,Organic,1280,600,RGB,224,224,RGB,STANDARDIZED
Organic/food_scraps/un-food-waste-2013-feature_1474021852.jpg,Organic,725,398,RGB,224,224,RGB,STANDARDIZED
Organic/food_scraps/unavoidable-waste.jpg,Organic,1000,665,RGB,224,224,RGB,STANDARDIZED
Organic/food_scraps/vegetable-scraps-1-768x587-1.jpg,Organic,768,587,RGB,224,224,RGB,STANDARDIZED
Organic/food_scraps/wasted-food2.png,Organic,600,401,RGB,224,224,RGB,STANDARDIZED
Organic/food_scraps/watermelon-rind-rinds-1296x728-header.jpg,Organic,1296,728,RGB,224,224,RGB,STANDARDIZED
Organic/food_scraps/zero-waste-26.jpg,Organic,800,800,RGB,224,224,RGB,STANDARDIZED
Organic/kitchen_waste/1-s2.0-S2666833521000526-gr1.jpg,Organic,621,390,RGB,224,224,RGB,STANDARDIZED
Organic/kitchen_waste/11062b_3e2f304708c04f77b4a2eb0de9a532e1mv2.jpg,Organic,980,653,RGB,224,224,RGB,STANDARDIZED
Organic/kitchen_waste/13399_2022_2473_Fig1_HTML.png,Organic,685,420,RGB,224,224,RGB,STANDARDIZED
Organic/kitchen_waste/1595698103_herbs-in-pots-istock-456025839.gif,Organic,787,437,P,224,224,RGB,STANDARDIZED
Organic/kitchen_waste/1622878634889.png,Organic,800,400,P,224,224,RGB,STANDARDIZED
Organic/kitchen_waste/3-Figure1-1.png,Organic,1400,684,RGB,224,224,RGB,STANDARDIZED
Organic/kitchen_waste/3-s2.0-B978012818353300016X-f16-01-9780128183533.jpg,Organic,489,471,RGB,224,224,RGB,STANDARDIZED
Organic/kitchen_waste/643178-1550857201.jpg,Organic,700,394,RGB,224,224,RGB,STANDARDIZED
Organic/kitchen_waste/768-Glad-C2A9-Salty-Dingo-2021-2846-Frame-1.png,Organic,768,768,RGBA,224,224,RGB,STANDARDIZED
Organic/kitchen_waste/78753608.jpg,Organic,1280,960,RGB,224,224,RGB,STANDARDIZED
Organic/kitchen_waste/796520-The-9-Best-Plant-Based-Meal-Delivery-Services-1296x728-Header-f5d7d3.jpg,Organic,1296,728,RGB,224,224,RGB,STANDARDIZED
Organic/kitchen_waste/81OnCprqnuL._AC_UF10001000_QL80_.jpg,Organic,775,1000,RGB,224,224,RGB,STANDARDIZED
Organic/kitchen_waste/81bpgkUi5qL._AC_UF8941000_QL80_.jpg,Organic,894,859,RGB,224,224,RGB,STANDARDIZED
Organic/kitchen_waste/87076af8a4cad8874f37b27d9c86b325.jpg,Organic,736,1104,RGB,224,224,RGB,STANDARDIZED
Organic/kitchen_waste/91CyPH9P6NL._AC_UF10001000_QL80_.jpg,Organic,819,1000,RGB,224,224,RGB,STANDARDIZED
Organic/kitchen_waste/9f869208aab05e7a_800x800ar.jpg,Organic,800,599,RGB,224,224,RGB,STANDARDIZED
Organic/kitchen_waste/Articleheader_Dora.jpg,Organic,2000,1600,RGB,224,224,RGB,STANDARDIZED
Organic/kitchen_waste/Blue-Tribe-and-Myprotein-Join-Hands-for-Plant-Based-Breakfast-Recipes.jpg,Organic,770,515,RGB,224,224,RGB,STANDARDIZED
Organic/kitchen_waste/COMPOSTING-gif.gif,Organic,1052,526,P,224,224,RGB,STANDARDIZED
Organic/kitchen_waste/Comparison-of-the-food-waste-estimated-using-the-MFA-approach-for-different-food-groups.png,Organic,850,1047,P,224,224,RGB,STANDARDIZED
Organic/kitchen_waste/D9CA7F37-D4DB-4B38-B024-B08AC53C49DC_623963a3e690a.jpg,Organic,2763,2127,RGB,224,224,RGB,STANDARDIZED
Organic/kitchen_waste/DemHuJ-W0AAARkM.jpg,Organic,1200,1200,RGB,224,224,RGB,STANDARDIZED
Organic/kitchen_waste/DuPont-s-clean-label-food-waste-innovation-for-plant-based-products.jpg,Organic,1000,664,RGB,224,224,RGB,STANDARDIZED
Organic/kitchen_waste/Eco_friendly_bulk_food_shopping_bags_940x.jpg,Organic,940,788,RGB,224,224,RGB,STANDARDIZED
Organic/kitchen_waste/Feat_Image-Kitchen_garden_1024x1024.jpg,Organic,640,427,RGB,224,224,RGB,STANDARDIZED
Organic/kitchen_waste/Food-Waste-Management--scaled.jpg,Organic,2560,1920,RGB,224,224,RGB,STANDARDIZED
Organic/kitchen_waste/Food-Waste-based-Bio-gas-Plant-1.png,Organic,500,350,P,224,224,RGB,STANDARDIZED
Organic/kitchen_waste/Food20Waste.jpg,Organic,1470,980,RGB,224,224,RGB,STANDARDIZED
Organic/kitchen_waste/FoodWasteComposting_800x800_01.png,Organic,800,800,RGB,224,224,RGB,STANDARDIZED
Organic/kitchen_waste/Health-benefits-of-plant-based-diet.jpg,Organic,1280,720,RGB,224,224,RGB,STANDARDIZED
Organic/kitchen_waste/IF1902feature.jpg,Organic,800,600,RGB,224,224,RGB,STANDARDIZED
Organic/kitchen_waste/IMG_2699.jpg,Organic,560,428,RGB,224,224,RGB,STANDARDIZED
Organic/kitchen_waste/ImageForArticle_1068_15838554769721277.png,Organic,950,638,RGBA,224,224,RGB,STANDARDIZED
Organic/kitchen_waste/New_Food_Diagram_Image3130.jpg,Organic,1000,739,RGB,224,224,RGB,STANDARDIZED
Organic/kitchen_waste/PepsiCo-India-pilots-plant-based-packaging-to-address-plastic-waste.jpg,Organic,980,649,RGB,224,224,RGB,STANDARDIZED
Organic/kitchen_waste/Pic2-7.jpg,Organic,983,975,RGB,224,224,RGB,STANDARDIZED
Organic/kitchen_waste/Plant-based-functional-food-ingredients-scrutinised-in-Pro-Enrich-project.jpg,Organic,750,487,RGB,224,224,RGB,STANDARDIZED
Organic/kitchen_waste/Plant-based-nuggets-1024x536.jpg,Organic,1024,536,RGB,224,224,RGB,STANDARDIZED
Organic/kitchen_waste/Screen_Shot_2022-11-07_at_11.19.24_PM_480x480.png,Organic,480,478,RGBA,224,224,RGB,STANDARDIZED
Organic/kitchen_waste/Start-up-upcycles-liquid-food-waste-into-plant-based-cheese.jpg,Organic,750,500,RGB,224,224,RGB,STANDARDIZED
Organic/kitchen_waste/Untitled-design-5-2-770x433.jpg,Organic,770,433,RGB,224,224,RGB,STANDARDIZED
Organic/kitchen_waste/YMXAVDT77NLGDJWI7GD4ZTHA6E.jpg,Organic,5472,3648,RGB,224,224,RGB,STANDARDIZED
Organic/kitchen_waste/Zero-Waste-Dishes_825_432_int.png,Organic,825,432,RGBA,224,224,RGB,STANDARDIZED
Organic/kitchen_waste/anina-green-queen.jpg,Organic,1024,768,RGB,224,224,RGB,STANDARDIZED
Organic/kitchen_waste/archives-ewaste-one_one.jpg,Organic,1200,1200,RGB,224,224,RGB,STANDARDIZED
Organic/kitchen_waste/bddbe14e-8b47-4719-914b-e0a4a0eb3c71_22028229.jpg,Organic,800,533,RGB,224,224,RGB,STANDARDIZED
Organic/kitchen_waste/caec53fd447ffe42bd17749e343aaf51.jpg,Organic,735,616,RGB,224,224,RGB,STANDARDIZED
Organic/kitchen_waste/chennai-3bin-set-up-home-compost-PADMAJAJ-Jul-2022.jpeg,Organic,1235,924,RGB,224,224,RGB,STANDARDIZED
Organic/kitchen_waste/chennai-geetha-home-compost-ready-PADMAJAJ-Jul-2022.jpeg,Organic,1231,924,RGB,224,224,RGB,STANDARDIZED
Organic/kitchen_waste/chennai-geetha-terrace-garden-PADMAJAJ-Jul-2022.jpeg,Organic,1235,924,RGB,224,224,RGB,STANDARDIZED
Organic/kitchen_waste/compost-food-waste-1200x628-facebook.jpg,Organic,1200,628,RGB,224,224,RGB,STANDARDIZED
Organic/kitchen_waste/compost-food-waste-732x549-thumbnail.jpg,Organic,732,549,RGB,224,224,RGB,STANDARDIZED
Organic/kitchen_waste/compost-food-waste.jpg,Organic,1024,512,RGB,224,224,RGB,STANDARDIZED
Organic/kitchen_waste/composting-kitchen-waste.jpg,Organic,730,387,RGB,224,224,RGB,STANDARDIZED
Organic/kitchen_waste/contaminated-plastic-food-packaging.jpg,Organic,800,525,RGB,224,224,RGB,STANDARDIZED
Organic/kitchen_waste/d-prepared-with-tomatoes-cucumber-paper-bowl-zero-waste-dishware_118631-3969.jpg,Organic,417,626,RGB,224,224,RGB,STANDARDIZED
Organic/kitchen_waste/dfh17may072-2-shutterstock_277774175.jpg,Organic,1200,1200,RGB,224,224,RGB,STANDARDIZED
Organic/kitchen_waste/environmental-impacts-of-a-year-of-wasted-food_0.png,Organic,1600,900,RGBA,224,224,RGB,STANDARDIZED
Organic/kitchen_waste/food-waste-shutterstock.jpg,Organic,1024,768,RGB,224,224,RGB,STANDARDIZED
Organic/kitchen_waste/food-webinar-1-1024x558.jpeg,Organic,1024,558,RGB,224,224,RGB,STANDARDIZED
Organic/kitchen_waste/food_waste_750.jpg,Organic,750,468,RGB,224,224,RGB,STANDARDIZED
Organic/kitchen_waste/foodwaste-683x1024.jpg,Organic,683,1024,RGB,224,224,RGB,STANDARDIZED
Organic/kitchen_waste/foodwaste_custom-419d4cfb36e0fc8ed48fe293b8c1d2bb6aba670d.jpg,Organic,2000,1353,RGB,224,224,RGB,STANDARDIZED
Organic/kitchen_waste/garbage-crisis-swachh-india.jpg,Organic,1052,526,RGB,224,224,RGB,STANDARDIZED
Organic/kitchen_waste/garbage-hero.png,Organic,3000,1935,P,224,224,RGB,STANDARDIZED
Organic/kitchen_waste/growing-your-own-herbs.jpg,Organic,480,360,RGB,224,224,RGB,STANDARDIZED
Organic/kitchen_waste/healthy-food-eating-groceries-1200x628-facebook.jpg,Organic,1200,628,RGB,224,224,RGB,STANDARDIZED
Organic/kitchen_waste/home-composting-of-kitchen-waste.jpg,Organic,640,480,RGB,224,224,RGB,STANDARDIZED
Organic/kitchen_waste/how-to-compost-at-home.jpg,Organic,1200,628,RGB,224,224,RGB,STANDARDIZED
Organic/kitchen_waste/hq720.jpg,Organic,1280,720,RGB,224,224,RGB,STANDARDIZED
Organic/kitchen_waste/iStock-1179964582.jpg,Organic,5546,4160,RGB,224,224,RGB,STANDARDIZED
Organic/kitchen_waste/img_5e753bd9d6549-1.jpg,Organic,1000,1500,RGB,224,224,RGB,STANDARDIZED
Organic/kitchen_waste/jf1c07104_0002.gif,Organic,500,209,P,224,224,RGB,STANDARDIZED
Organic/kitchen_waste/johnny-mcclung-702726-unsplash.jpg,Organic,5760,3840,RGB,224,224,RGB,STANDARDIZED
Organic/kitchen_waste/jovitaaranha_bluru_cooking_gas_from_waste.jpg,Organic,1152,864,RGB,224,224,RGB,STANDARDIZED
Organic/kitchen_waste/kitchen-compost.jpg,Organic,1640,1171,RGB,224,224,RGB,STANDARDIZED
Organic/kitchen_waste/large-6wJiZ2axa3SGf0D7REkk.jpg,Organic,1280,670,RGB,224,224,RGB,STANDARDIZED
Organic/kitchen_waste/making-organic-fertilizer-from-kitchen-waste-and-vegetable-waste-2C8427C.jpg,Organic,1300,1065,RGB,224,224,RGB,STANDARDIZED
Organic/kitchen_waste/maxresdefault.jpg,Organic,1280,720,RGB,224,224,RGB,STANDARDIZED
Organic/kitchen_waste/maxresdefault2.jpg,Organic,1280,720,RGB,224,224,RGB,STANDARDIZED
Organic/kitchen_waste/maxresdefault3.jpg,Organic,1280,720,RGB,224,224,RGB,STANDARDIZED
Organic/kitchen_waste/maxresdefault4.jpg,Organic,1280,720,RGB,224,224,RGB,STANDARDIZED
Organic/kitchen_waste/maxresdefault5.jpg,Organic,1280,720,RGB,224,224,RGB,STANDARDIZED
Organic/kitchen_waste/organic-garden-fertilizer-biodegradable-kitchen-waste-composting-food-leftovers-banner-2FN46K6.jpg,Organic,1300,669,RGB,224,224,RGB,STANDARDIZED
Organic/kitchen_waste/p084qtwc.jpg,Organic,976,549,RGB,224,224,RGB,STANDARDIZED
Organic/kitchen_waste/p0dq9blh.jpg,Organic,976,549,RGB,224,224,RGB,STANDARDIZED
Organic/kitchen_waste/p0dq9c0j.jpg,Organic,1280,720,RGB,224,224,RGB,STANDARDIZED
Organic/kitchen_waste/pests-to-pets-the-future-of-food-and-feed-may-depend-on-insects.jpg,Organic,1200,900,RGB,224,224,RGB,STANDARDIZED
Organic/kitchen_waste/pit-composting-kitchen-scraps.jpg,Organic,730,500,RGB,224,224,RGB,STANDARDIZED
Organic/kitchen_waste/plantbased-ingredient.jpeg,Organic,750,424,RGB,224,224,RGB,STANDARDIZED
Organic/kitchen_waste/ro-waste-packaging-fresh-raw-food-seasonal-vegetables-home-kitchen-176733986.jpg,Organic,1600,1157,RGB,224,224,RGB,STANDARDIZED
Organic/kitchen_waste/ro-waste-packaging-fresh-raw-food-seasonal-vegetables-home-kitchen-176734460.jpg,Organic,800,534,RGB,224,224,RGB,STANDARDIZED
Organic/kitchen_waste/scandinavian-kitchen.jpg,Organic,640,456,RGB,224,224,RGB,STANDARDIZED
Organic/kitchen_waste/science-stories-27b.png,Organic,458,422,RGB,224,224,RGB,STANDARDIZED
Organic/kitchen_waste/shutterstock_1140138707.png,Organic,1200,627,P,224,224,RGB,STANDARDIZED
Organic/kitchen_waste/shutterstock_574145911-2.png,Organic,800,450,RGBA,224,224,RGB,STANDARDIZED
Organic/kitchen_waste/sustainability-12-01976-g001.png,Organic,3745,2252,P,224,224,RGB,STANDARDIZED
Organic/kitchen_waste/te-Vegan-Meal-Plan-Digital-Recipe-Book-Plant-based-recipes-zero-waste-living.png,Organic,1200,628,RGBA,224,224,RGB,STANDARDIZED
Organic/kitchen_waste/vegan-plant-based-news-food-waste-livekindly.jpeg,Organic,1000,562,RGB,224,224,RGB,STANDARDIZED
Organic/kitchen_waste/vegan-plant-based-protein-food-waste-solution-header.png,Organic,1500,786,RGBA,224,224,RGB,STANDARDIZED
Organic/kitchen_waste/vegan20books20indybest20copy.jpg,Organic,2048,1536,RGB,224,224,RGB,STANDARDIZED
Organic/kitchen_waste/vegetable-waste-infographics.jpg,Organic,900,1273,RGB,224,224,RGB,STANDARDIZED
Organic/kitchen_waste/vermicomposting-1536x1028-1.jpg,Organic,1536,1028,RGB,224,224,RGB,STANDARDIZED
Organic/kitchen_waste/vg2c00050_0006.jpeg,Organic,996,548,RGB,224,224,RGB,STANDARDIZED
Organic/kitchen_waste/waste-machine-759.jpg,Organic,759,422,RGB,224,224,RGB,STANDARDIZED
Organic/kitchen_waste/waste-segregation.jpg,Organic,640,480,RGB,224,224,RGB,STANDARDIZED
Organic/kitchen_waste/waste20ryc.png,Organic,584,417,RGBA,224,224,RGB,STANDARDIZED
Organic/kitchen_waste/which-diet-least-food-waste-lead-image.jpg,Organic,1024,768,RGB,224,224,RGB,STANDARDIZED
Organic/yard_trimmings/1651988918799_a-gardener-collecting-garden-waste.jpg,Organic,1200,675,RGB,224,224,RGB,STANDARDIZED
Organic/yard_trimmings/20a.jpg,Organic,1000,295,RGB,224,224,RGB,STANDARDIZED
Organic/yard_trimmings/21234793-standard.jpg,Organic,665,498,RGB,224,224,RGB,STANDARDIZED
Organic/yard_trimmings/5ef29252e080f.image.jpg,Organic,1767,1173,RGB,224,224,RGB,STANDARDIZED
Organic/yard_trimmings/633feb24edb9f162ad4fae10-leaf-bag-garden-lawn-yard-waste-grass.jpg,Organic,1307,1500,RGB,224,224,RGB,STANDARDIZED
Organic/yard_trimmings/6397f71debd6337c8620d1f6-30-gallon-kraft-lawn-and-leaf-bags-10.jpg,Organic,1261,1500,RGB,224,224,RGB,STANDARDIZED
Organic/yard_trimmings/81N-ONuWifL._AC_UF10001000_QL80_.jpg,Organic,1000,968,RGB,224,224,RGB,STANDARDIZED
Organic/yard_trimmings/81Qdib204pL._AC_UF8941000_QL80_.jpg,Organic,894,889,RGB,224,224,RGB,STANDARDIZED
Organic/yard_trimmings/82eaad00-a41b-4dd1-b948-b5b096341d04-012489.jpg,Organic,3129,2086,RGB,224,224,RGB,STANDARDIZED
Organic/yard_trimmings/A1IUzTG2TJL._AC_UF8941000_QL80_.jpg,Organic,894,797,RGB,224,224,RGB,STANDARDIZED
Organic/yard_trimmings/AdobeStock_316707406_adobespark-1024x623.jpeg,Organic,1024,623,RGB,224,224,RGB,STANDARDIZED
Organic/yard_trimmings/Banner_YardWaste.jpg,Organic,1088,332,RGB,224,224,RGB,STANDARDIZED
Organic/yard_trimmings/Bring-yard-waste-containr-to-curb2-scaled.jpeg,Organic,2560,2118,RGB,224,224,RGB,STANDARDIZED
Organic/yard_trimmings/Can-You-Put-Yard-Waste-In-Trash.jpg,Organic,1080,1080,RGB,224,224,RGB,STANDARDIZED
Organic/yard_trimmings/Carson-City-Green-Waste-Composting-Yes-and-No-Materials.png,Organic,812,1462,RGBA,224,224,RGB,STANDARDIZED
Organic/yard_trimmings/Compost-bin.shutterstock_156179246.jpg,Organic,3888,2592,RGB,224,224,RGB,STANDARDIZED
Organic/yard_trimmings/Composted-Mixed-Yard-Waste-Organic-Garden-Mulch.jpg,Organic,1000,719,RGB,224,224,RGB,STANDARDIZED
Organic/yard_trimmings/Dispose-of-Yard-Waste.jpg,Organic,1300,1000,RGB,224,224,RGB,STANDARDIZED
Organic/yard_trimmings/Dont-trash-natural-areas-2.png,Organic,940,788,RGBA,224,224,RGB,STANDARDIZED
Organic/yard_trimmings/FI-58.jpg.webp,Organic,1200,500,RGB,224,224,RGB,STANDARDIZED
Organic/yard_trimmings/FUF5hW_XsAAriOa.jpg,Organic,1024,512,RGB,224,224,RGB,STANDARDIZED
Organic/yard_trimmings/Grass-clippings.jpg,Organic,722,433,RGB,224,224,RGB,STANDARDIZED
Organic/yard_trimmings/Grasscycling_545px5B35D.jpg,Organic,545,363,RGB,224,224,RGB,STANDARDIZED
Organic/yard_trimmings/How-To-Dispose-of-Yard-Waste-6.jpg,Organic,1125,1500,RGB,224,224,RGB,STANDARDIZED
Organic/yard_trimmings/How-To-Dispose-of-Yard-Waste-9.jpg,Organic,1125,1500,RGB,224,224,RGB,STANDARDIZED
Organic/yard_trimmings/IMG_4398.jpg,Organic,800,533,RGB,224,224,RGB,STANDARDIZED
Organic/yard_trimmings/Kraft-Paper-Lawn-and-Leaf-Bag-Collect-Leaves-and-Yard-Waste.webp,Organic,550,550,RGB,224,224,RGB,STANDARDIZED
Organic/yard_trimmings/LYWSmall.jpg,Organic,618,480,RGB,224,224,RGB,STANDARDIZED
Organic/yard_trimmings/Lawn-Trimming-Edging-Differneces.jpg,Organic,780,393,RGB,224,224,RGB,STANDARDIZED
Organic/yard_trimmings/Leaf-Bags.jpg,Organic,900,598,RGB,224,224,RGB,STANDARDIZED
Organic/yard_trimmings/Leaf-pile-2-e1509567633308.jpg,Organic,1995,1075,RGB,224,224,RGB,STANDARDIZED
Organic/yard_trimmings/MMRecycleYardLeavesAsMulch900x450min.jpg,Organic,900,450,RGB,224,224,RGB,STANDARDIZED
Organic/yard_trimmings/MMRecycleYardWattleFence900x450min.jpg,Organic,900,450,RGB,224,224,RGB,STANDARDIZED
Organic/yard_trimmings/No20YW20in20Plastic20Postcard.png,Organic,1198,564,RGBA,224,224,RGB,STANDARDIZED
Organic/yard_trimmings/Ryan-and-Model-at-compost-b.jpg,Organic,300,321,RGB,224,224,RGB,STANDARDIZED
Organic/yard_trimmings/STORM-DRAIN_WOMAN-SWEEPING.jpg,Organic,4000,3000,RGB,224,224,RGB,STANDARDIZED
Organic/yard_trimmings/Trimming-hedges-AdobeStock_70569449-600x399.jpg,Organic,600,399,RGB,224,224,RGB,STANDARDIZED
Organic/yard_trimmings/Urban-plants-yard-waste.jpg,Organic,638,481,RGB,224,224,RGB,STANDARDIZED
Organic/yard_trimmings/Yard-Waste-101.jpg,Organic,4795,3720,RGB,224,224,RGB,STANDARDIZED
Organic/yard_trimmings/Yard-Waste-GettyImages-171242694.jpg,Organic,1200,1200,RGB,224,224,RGB,STANDARDIZED
Organic/yard_trimmings/Yard-waste-1024x532.png,Organic,1024,532,RGBA,224,224,RGB,STANDARDIZED
Organic/yard_trimmings/Yard20Waste202.jpg,Organic,800,534,RGB,224,224,RGB,STANDARDIZED
Organic/yard_trimmings/YardWaste.JPG.jpg,Organic,2048,1536,RGB,224,224,RGB,STANDARDIZED
Organic/yard_trimmings/YardWasteHeaderImage.jpg,Organic,2340,900,RGB,224,224,RGB,STANDARDIZED
Organic/yard_trimmings/Yard_Waste_1.jpg,Organic,999,600,RGB,224,224,RGB,STANDARDIZED
Organic/yard_trimmings/Yard_Waste_Collection_begins_2022_1200x1200_0.jpg,Organic,1200,1200,RGB,224,224,RGB,STANDARDIZED
Organic/yard_trimmings/Yard_and_garden_waste.JPG.jpg,Organic,1273,710,RGB,224,224,RGB,STANDARDIZED
Organic/yard_trimmings/Yardwaste-Recycling-1024x683.jpg,Organic,1024,683,RGB,224,224,RGB,STANDARDIZED
Organic/yard_trimmings/adding_leaves_to_compost_bin.jpg,Organic,250,337,RGB,224,224,RGB,STANDARDIZED
Organic/yard_trimmings/adult-male-hand-holding-compost-consisting-household-waste-dry-leaves-grass-clippings-224470893.jpg,Organic,1600,1290,RGB,224,224,RGB,STANDARDIZED
Organic/yard_trimmings/bag-of-leaves.jpg,Organic,1200,629,RGB,224,224,RGB,STANDARDIZED
Organic/yard_trimmings/bmw1dcc842511.jpg,Organic,3024,4032,RGB,224,224,RGB,STANDARDIZED
Organic/yard_trimmings/compost-yard-waste-featured.jpg,Organic,875,460,RGB,224,224,RGB,STANDARDIZED
Organic/yard_trimmings/compostPile_lg.jpg,Organic,1000,750,RGB,224,224,RGB,STANDARDIZED
Organic/yard_trimmings/composting-grass-clippings.jpg,Organic,837,444,RGB,224,224,RGB,STANDARDIZED
Organic/yard_trimmings/composting-yard-waste.jpg,Organic,875,583,RGB,224,224,RGB,STANDARDIZED
Organic/yard_trimmings/curb-it-recycling-st-johns-newfoundland-yard-waste.jpg,Organic,1920,1280,RGB,224,224,RGB,STANDARDIZED
Organic/yard_trimmings/depositphotos_24939463-stock-photo-garden-waste-recycling-ii.jpg,Organic,1024,697,RGB,224,224,RGB,STANDARDIZED
Organic/yard_trimmings/depositphotos_29706517-stock-photo-garden-work.jpg,Organic,600,400,RGB,224,224,RGB,STANDARDIZED
Organic/yard_trimmings/depositphotos_66088493-stock-photo-garbage-bags-on-green-yard.jpg,Organic,600,398,RGB,224,224,RGB,STANDARDIZED
Organic/yard_trimmings/dsc_0103.jpg,Organic,6000,4000,RGB,224,224,RGB,STANDARDIZED
Organic/yard_trimmings/ed-manicured-shaped-pruning-flooring-woody-plant-landscape-architect-1135582.jpg,Organic,3776,2520,RGB,224,224,RGB,STANDARDIZED
Organic/yard_trimmings/excessive-lawn-clippings.JPG.jpg,Organic,1600,1200,RGB,224,224,RGB,STANDARDIZED
Organic/yard_trimmings/garden-clearance-3.jpg,Organic,500,318,RGB,224,224,RGB,STANDARDIZED
Organic/yard_trimmings/garden-waste-Biogreen-640w.jpg,Organic,640,427,RGB,224,224,RGB,STANDARDIZED
Organic/yard_trimmings/garden-worker-trimming-trees-with-scissors-yard_732190-2409.jpg,Organic,626,417,RGB,224,224,RGB,STANDARDIZED
Organic/yard_trimmings/garden-worker-trimming-trees-with-scissors-yard_732190-2412.jpg,Organic,626,417,RGB,224,224,RGB,STANDARDIZED
Organic/yard_trimmings/garden-worker-trimming-trees-with-scissors-yard_732190-2450.jpg,Organic,626,417,RGB,224,224,RGB,STANDARDIZED
Organic/yard_trimmings/garden-yard-waste-garden-yard-waste-illustration-108766665.jpg,Organic,1600,1690,RGB,224,224,RGB,STANDARDIZED
Organic/yard_trimmings/ghows-OH-87fd5305-18d9-4f81-8846-5a19428471c8-76bdaf05.jpeg,Organic,700,467,RGB,224,224,RGB,STANDARDIZED
Organic/yard_trimmings/grass-clippings-as-mulch_featured.jpg,Organic,1200,750,RGB,224,224,RGB,STANDARDIZED
Organic/yard_trimmings/grass-clippings.jpg.webp,Organic,847,567,RGB,224,224,RGB,STANDARDIZED
Organic/yard_trimmings/grass-clippings_0.jpg,Organic,1600,1024,RGB,224,224,RGB,STANDARDIZED
Organic/yard_trimmings/grass-mulch.jpg,Organic,1596,1203,RGB,224,224,RGB,STANDARDIZED
Organic/yard_trimmings/grass_mowing722x550-1.jpg,Organic,722,550,RGB,224,224,RGB,STANDARDIZED
Organic/yard_trimmings/how-to-use-grass-clippings.jpg,Organic,650,471,RGB,224,224,RGB,STANDARDIZED
Organic/yard_trimmings/iStock-leaves-rack-fall-sized.jpg,Organic,1070,490,RGB,224,224,RGB,STANDARDIZED
Organic/yard_trimmings/image-asset.jpeg,Organic,2500,1613,RGB,224,224,RGB,STANDARDIZED
Organic/yard_trimmings/in-gardens-and-squares-full-recirculation-of-mother-natures-products-2R1E55N.jpg,Organic,1300,957,RGB,224,224,RGB,STANDARDIZED
Organic/yard_trimmings/kid-working-hard-in-her-front-yard-spreading-grass-seed-while-her_t20_WgVx4m.jpg,Organic,2048,1232,RGB,224,224,RGB,STANDARDIZED
Organic/yard_trimmings/landscape1.jpg,Organic,640,360,RGB,224,224,RGB,STANDARDIZED
Organic/yard_trimmings/lawn-clippings-.jpg,Organic,700,467,RGB,224,224,RGB,STANDARDIZED
Organic/yard_trimmings/lawn-clippings-mulch.jpg,Organic,1200,800,RGB,224,224,RGB,STANDARDIZED
Organic/yard_trimmings/lawn-mower-grass-yard-trimmings---getty-images.jpg,Organic,1000,666,RGB,224,224,RGB,STANDARDIZED
Organic/yard_trimmings/lawn-mower-green-grass.jpg,Organic,1024,512,RGB,224,224,RGB,STANDARDIZED
Organic/yard_trimmings/leaf-yard-waste.jpg,Organic,3264,2448,RGB,224,224,RGB,STANDARDIZED
Organic/yard_trimmings/leaves-branches-clippings-and-yard-waste-in-clear-bags-and-blue-barrels-BAJ6R7.jpg,Organic,1300,1055,RGB,224,224,RGB,STANDARDIZED
Organic/yard_trimmings/maxresdefault.jpg,Organic,1280,720,RGB,224,224,RGB,STANDARDIZED
Organic/yard_trimmings/maxresdefault2.jpg,Organic,1280,720,RGB,224,224,RGB,STANDARDIZED
Organic/yard_trimmings/n-a-garden-piled-full-with-foliage-and-greenery-ready-to-be-moved-1710077149.jpg,Organic,1500,1086,RGB,224,224,RGB,STANDARDIZED
Organic/yard_trimmings/paper-sacks-full-or-grass-and-yard-clippings-left-at-the-curb-for-JCR0H8.jpg,Organic,1300,1065,RGB,224,224,RGB,STANDARDIZED
Organic/yard_trimmings/pile-pruned-debris-shrub-trimmings-piled-neighborhood-sidewalk-yard-garden-trimmings-187559803.jpg,Organic,800,672,RGB,224,224,RGB,STANDARDIZED
Organic/yard_trimmings/r0_0_5600_3733_w5600_h3733_fmax.jpg,Organic,5600,3733,RGB,224,224,RGB,STANDARDIZED
Organic/yard_trimmings/raking-feature.jpg,Organic,1000,667,RGB,224,224,RGB,STANDARDIZED
Organic/yard_trimmings/raking-up-grass-cuttings-in-spring-during-yard-maintenance-with-a-GT8C20.jpg,Organic,1300,956,RGB,224,224,RGB,STANDARDIZED
Organic/yard_trimmings/rc_yard_waste_site.jpg,Organic,1000,750,RGB,224,224,RGB,STANDARDIZED
Organic/yard_trimmings/reusing-garden-waste.jpg,Organic,800,537,RGB,224,224,RGB,STANDARDIZED
Organic/yard_trimmings/round-lidded-plastic-garbage-cans-awaiting-curbside-collection-on-2085653041.jpg,Organic,1500,1225,RGB,224,224,RGB,STANDARDIZED
Organic/yard_trimmings/rsz_shutterstock_1129173176.jpg,Organic,1200,800,RGB,224,224,RGB,STANDARDIZED
Organic/yard_trimmings/rsz_shutterstock_656785330.jpg,Organic,1200,797,RGB,224,224,RGB,STANDARDIZED
Organic/yard_trimmings/sidential-lawns-gardens-grass-clippings-leaves-branches-silhouette-210345973.jpg,Organic,1600,1690,RGB,224,224,RGB,STANDARDIZED
Organic/yard_trimmings/stock-photo-freshly-raked-backyard-with-rake-leaves-and-recycling-yard-waste-paper-bag-31652473.jpg,Organic,1500,1101,RGB,224,224,RGB,STANDARDIZED
Organic/yard_trimmings/stock-photo-row-of-recycling-yard-waste-paper-bags-121844143.jpg,Organic,1500,1278,RGB,224,224,RGB,STANDARDIZED
Organic/yard_trimmings/stock-photo-wheelbarrow-full-with-garden-weeds-and-tools-in-a-garden-399197368.jpg,Organic,1500,1105,RGB,224,224,RGB,STANDARDIZED
Organic/yard_trimmings/th-black-bag-of-grass-clippings-grass-cuttings-in-a-black-plastic-1558537151.jpg,Organic,1500,1101,RGB,224,224,RGB,STANDARDIZED
Organic/yard_trimmings/trim-hedges-man-front-house-trimming-electric-edger-44768144.jpg,Organic,800,537,RGB,224,224,RGB,STANDARDIZED
Organic/yard_trimmings/ukecwlgg6urz.jpg,Organic,2340,4160,RGB,224,224,RGB,STANDARDIZED
Organic/yard_trimmings/ut-medium-brush-and-yard-waste-660x396.jpg__660.0x396.0_q85_crop_subsampling-2_upscale.jpg,Organic,660,396,RGB,224,224,RGB,STANDARDIZED
Organic/yard_trimmings/wheelbarrow-with-garden-waste-in-a-rural-garden-at-a-half-timbered-EBNYYX.jpg,Organic,1300,955,RGB,224,224,RGB,STANDARDIZED
Organic/yard_trimmings/wn-and-leaf-bags-full-of-yard-waste-sit-on-street-curb-waiting-to-2214986939.jpg,Organic,1500,1101,RGB,224,224,RGB,STANDARDIZED
Organic/yard_trimmings/woman-operating-heavy-duty-leaf-blower-copy.jpg,Organic,1000,667,RGB,224,224,RGB,STANDARDIZED
Organic/yard_trimmings/yard-clippings-heaped-in-wheelbarrow-BJCHJC.jpg,Organic,867,1390,RGB,224,224,RGB,STANDARDIZED
Organic/yard_trimmings/yard-trimmings.jpg,Organic,1000,667,RGB,224,224,RGB,STANDARDIZED
Organic/yard_trimmings/yard-waste-540x540.jpg,Organic,540,540,RGB,224,224,RGB,STANDARDIZED
Organic/yard_trimmings/yard-waste-540x5402.jpg,Organic,540,540,RGB,224,224,RGB,STANDARDIZED
Organic/yard_trimmings/yard-waste-TS_1.jpg,Organic,3600,2410,RGB,224,224,RGB,STANDARDIZED
Organic/yard_trimmings/yard-waste-by-street-waiting-to-be-picked-up-FJ0XYB.jpg,Organic,870,1390,RGB,224,224,RGB,STANDARDIZED
Organic/yard_trimmings/yard-waste-disposal-1-1-.png,Organic,800,533,RGBA,224,224,RGB,STANDARDIZED
Organic/yard_trimmings/yard-waste-header.png,Organic,5230,1936,RGBA,224,224,RGB,STANDARDIZED
Organic/yard_trimmings/yard-waste-in-trash.jpg,Organic,1600,1200,RGB,224,224,RGB,STANDARDIZED
Organic/yard_trimmings/yard-waste-paper-bag-AdobeStock_14631106-600x400.jpg,Organic,600,400,RGB,224,224,RGB,STANDARDIZED
Organic/yard_trimmings/yard-waste-pick-up.jpg,Organic,1440,420,RGB,224,224,RGB,STANDARDIZED
Organic/yard_trimmings/yard-waste-removal_1.jpg,Organic,1000,750,RGB,224,224,RGB,STANDARDIZED
Organic/yard_trimmings/yard-waste-set-out.jpg,Organic,500,375,RGB,224,224,RGB,STANDARDIZED
Organic/yard_trimmings/yard-waste.png,Organic,2593,1739,RGBA,224,224,RGB,STANDARDIZED
Organic/yard_trimmings/yard_waste.jpg,Organic,2000,1004,RGB,224,224,RGB,STANDARDIZED
Organic/yard_trimmings/yard_waste_plants1.jpg,Organic,1800,840,RGB,224,224,RGB,STANDARDIZED
Organic/yard_trimmings/yardwaste.jpg,Organic,820,586,RGB,224,224,RGB,STANDARDIZED
Organic/yard_trimmings/ypark_002.jpg,Organic,637,650,RGB,224,224,RGB,STANDARDIZED
Recyclable/cans_all_type/-can-massa-italy-august-condensed-white-background-company-american-76189952.jpg,Recyclable,600,900,RGB,224,224,RGB,STANDARDIZED
Recyclable/cans_all_type/-can-mock-up-blank-template-juice-soda-beer-jar-blank-isolated-on-2163144491.jpg,Recyclable,1500,1101,RGB,224,224,RGB,STANDARDIZED
Recyclable/cans_all_type/-drops-mock-up-labels-marks-showing-ice-chips-show-freshness-to-eye-89023184.jpg,Recyclable,1600,1690,RGB,224,224,RGB,STANDARDIZED
Recyclable/cans_all_type/-metallic-can-drink-beer-soda-water-juice-packaging-empty-mock-up-1376178530.jpg,Recyclable,1500,1300,RGB,224,224,RGB,STANDARDIZED
Recyclable/cans_all_type/-of-soda-drinks-in-aluminum-cans-isolated-on-white-with-clipping-path-brands.jpg,Recyclable,1300,802,RGB,224,224,RGB,STANDARDIZED
Recyclable/cans_all_type/0-Intro-canned_foods.jpg,Recyclable,780,504,RGB,224,224,RGB,STANDARDIZED
Recyclable/cans_all_type/012893089_1-b80c05baee89d6658162d41907fc5880-768x994.png,Recyclable,768,994,P,224,224,RGB,STANDARDIZED
Recyclable/cans_all_type/01_ref_aerosol_dekxr6_4x3.jpg,Recyclable,3072,2304,RGB,224,224,RGB,STANDARDIZED
Recyclable/cans_all_type/02-zero-waste-plastic_3x4.jpg,Recyclable,2305,3072,RGB,224,224,RGB,STANDARDIZED
Recyclable/cans_all_type/1000_F_562159019_0bLwz2fRtqYGR6QWwwnF7icyENY6lt07.jpg,Recyclable,1000,667,RGB,224,224,RGB,STANDARDIZED
Recyclable/cans_all_type/12-oz-soda-can.png,Recyclable,600,600,P,224,224,RGB,STANDARDIZED
Recyclable/cans_all_type/1292760.jpg,Recyclable,250,386,RGB,224,224,RGB,STANDARDIZED
Recyclable/cans_all_type/1557087432-8976.jpg,Recyclable,620,464,RGB,224,224,RGB,STANDARDIZED
Recyclable/cans_all_type/1665075294-can-packaging-options-white-text.jpg,Recyclable,1920,1000,RGB,224,224,RGB,STANDARDIZED
Recyclable/cans_all_type/1673984002-51RqVCsy9ML._SL500_.jpg,Recyclable,500,500,RGB,224,224,RGB,STANDARDIZED
Recyclable/cans_all_type/200114-compostable-packaging-cups-utensils-plates.pla-plastic-waste-pollution-3-salad.jpg,Recyclable,1200,801,RGB,224,224,RGB,STANDARDIZED
Recyclable/cans_all_type/20170221152145.png,Recyclable,560,400,RGBA,224,224,RGB,STANDARDIZED
Recyclable/cans_all_type/24957061-a-load-of-aluminum-cans-to-be-compressed-and-baled-for-recycling-in-the-us.jpg,Recyclable,1300,863,RGB,224,224,RGB,STANDARDIZED
Recyclable/cans_all_type/2_piece_DI_02.png,Recyclable,220,220,RGBA,224,224,RGB,STANDARDIZED
Recyclable/cans_all_type/2ed03c267a9e46d6a00350f7d01a56f1.jpg,Recyclable,630,419,RGB,224,224,RGB,STANDARDIZED
Recyclable/cans_all_type/360_F_141404485_na6RQwOXUQcEvWupbecza08k35l69Ben.jpg,Recyclable,536,360,RGB,224,224,RGB,STANDARDIZED
Recyclable/cans_all_type/360_F_211809581_35L09wrZOS8a0ttvlCgYX6YNXE8pwM7q.jpg,Recyclable,540,360,RGB,224,224,RGB,STANDARDIZED
Recyclable/cans_all_type/360_F_525404454_VwozPoWGiIQk1eaqQVJ0ypygpe2RATMd.jpg,Recyclable,540,360,L,224,224,RGB,STANDARDIZED
Recyclable/cans_all_type/37-tin-can-crafts-1.jpg.webp,Recyclable,1000,1579,RGB,224,224,RGB,STANDARDIZED
Recyclable/cans_all_type/3_piece_can_new_03.png,Recyclable,828,823,RGBA,224,224,RGB,STANDARDIZED
Recyclable/cans_all_type/3d-illustration-of-blank-aluminum-can-png.png,Recyclable,1280,1920,LA,224,224,RGB,STANDARDIZED
Recyclable/cans_all_type/4-9.png,Recyclable,960,640,RGBA,224,224,RGB,STANDARDIZED
Recyclable/cans_all_type/4-reasons-why-we-should-recycle-aluminium-cans.jpg,Recyclable,1920,1440,RGB,224,224,RGB,STANDARDIZED
Recyclable/cans_all_type/47036.png,Recyclable,500,500,RGBA,224,224,RGB,STANDARDIZED
Recyclable/cans_all_type/4f38n5dj.jpg,Recyclable,1400,1200,RGB,224,224,RGB,STANDARDIZED
Recyclable/cans_all_type/500ml-blank-customized-drink-printed-aluminum-can-747.jpg,Recyclable,496,500,RGB,224,224,RGB,STANDARDIZED
Recyclable/cans_all_type/51-Awesome-DIY-Tin-Can-Ideas-for-Garden2.jpg,Recyclable,1200,630,RGB,224,224,RGB,STANDARDIZED
Recyclable/cans_all_type/5222093606_5eb8eb9a4b.jpg,Recyclable,500,500,RGB,224,224,RGB,STANDARDIZED
Recyclable/cans_all_type/5330f16806681925702afcbf75ba92b172-10-soups-lede.rsquare.w1200.jpg,Recyclable,799,799,RGB,224,224,RGB,STANDARDIZED
Recyclable/cans_all_type/596eff58-ab51-4fb7-a35b-94d5158d0ed9-cream-brocolli-soup.jpg,Recyclable,940,625,RGB,224,224,RGB,STANDARDIZED
Recyclable/cans_all_type/63782947220781457915.3.20-20Recycling20main800.jpg,Recyclable,800,800,RGB,224,224,RGB,STANDARDIZED
Recyclable/cans_all_type/6396f35dfc97666fdf78c2a7_NOMOQ-productfotografie-20221028-Rotterdam-063.png,Recyclable,1600,986,P,224,224,RGB,STANDARDIZED
Recyclable/cans_all_type/64667581ef9a05659f8efc9836c51e9a.jpg,Recyclable,1600,900,RGB,224,224,RGB,STANDARDIZED
Recyclable/cans_all_type/689FD0DE-90E7-4492-BE26174EC02EF19F_source.jpg,Recyclable,2400,1602,RGB,224,224,RGB,STANDARDIZED
Recyclable/cans_all_type/7.leadville-recycle-TINANDSTEEL-CANS-page-001.jpg,Recyclable,1338,1713,RGB,224,224,RGB,STANDARDIZED
Recyclable/cans_all_type/711Ggg6DhAL.jpg,Recyclable,2000,2000,RGB,224,224,RGB,STANDARDIZED
Recyclable/cans_all_type/72645168.jpg,Recyclable,318,450,RGB,224,224,RGB,STANDARDIZED
Recyclable/cans_all_type/77f9877872b344e2be60aee8e19b757b_0_0.jpg,Recyclable,749,529,RGB,224,224,RGB,STANDARDIZED
Recyclable/cans_all_type/78818897.jpg,Recyclable,450,318,RGB,224,224,RGB,STANDARDIZED
Recyclable/cans_all_type/81dt8D3rCiL._AC_UF10001000_QL80_.jpg,Recyclable,1000,1000,RGB,224,224,RGB,STANDARDIZED
Recyclable/cans_all_type/81kUqWM64rL.jpg,Recyclable,2560,2560,RGB,224,224,RGB,STANDARDIZED
Recyclable/cans_all_type/85150095-small.jpg,Recyclable,1600,1635,RGB,224,224,RGB,STANDARDIZED
Recyclable/cans_all_type/85674784.jpg,Recyclable,450,319,RGB,224,224,RGB,STANDARDIZED
Recyclable/cans_all_type/88e4ee48ecbd4b52ba034205595b58f4.jpg,Recyclable,6690,5173,RGB,224,224,RGB,STANDARDIZED
Recyclable/cans_all_type/94163431.jpg,Recyclable,600,318,RGB,224,224,RGB,STANDARDIZED
Recyclable/cans_all_type/AdobeStock_9525053geo-scaled.jpeg,Recyclable,1600,1200,RGB,224,224,RGB,STANDARDIZED
Recyclable/cans_all_type/Al-Cans-1024x768.jpg,Recyclable,1024,768,RGB,224,224,RGB,STANDARDIZED
Recyclable/cans_all_type/Alum20Cans_JPG.jpg,Recyclable,524,390,RGB,224,224,RGB,STANDARDIZED
Recyclable/cans_all_type/Aluminium_cans.jpg,Recyclable,530,504,RGB,224,224,RGB,STANDARDIZED
Recyclable/cans_all_type/Bales-of-Crushed-Aluminum-Cans-Awaiting-Recycling-E28093-Photo-West-Boylston-MA-2.jpg,Recyclable,640,426,RGB,224,224,RGB,STANDARDIZED
Recyclable/cans_all_type/Beer-and-soda-cans-found-to-have-traces-of-bisphenol-A.png,Recyclable,830,400,RGB,224,224,RGB,STANDARDIZED
Recyclable/cans_all_type/Blog_02.21.2017.jpg,Recyclable,900,450,RGB,224,224,RGB,STANDARDIZED
Recyclable/cans_all_type/CAN-BODY-03-longfit.png,Recyclable,727,727,P,224,224,RGB,STANDARDIZED
Recyclable/cans_all_type/Campbells-1-1-e1668679527809.jpg,Recyclable,1000,402,RGB,224,224,RGB,STANDARDIZED
Recyclable/cans_all_type/Campbells-WarholCans-scaled.jpg,Recyclable,4445,1590,RGB,224,224,RGB,STANDARDIZED
Recyclable/cans_all_type/Can-do-attitude-beWater-plans-ASEAN-expansion-in-bid-to-reduce-plastic-waste-problem.jpg,Recyclable,640,406,RGB,224,224,RGB,STANDARDIZED
Recyclable/cans_all_type/Can28Easy_Open_Can29.JPG.jpg,Recyclable,1200,1600,RGB,224,224,RGB,STANDARDIZED
Recyclable/cans_all_type/Canned-Foods.jpeg,Recyclable,854,1280,RGB,224,224,RGB,STANDARDIZED
Recyclable/cans_all_type/Canned20Food20Blog2028129.png,Recyclable,730,400,RGBA,224,224,RGB,STANDARDIZED
Recyclable/cans_all_type/Cans.png,Recyclable,404,329,RGBA,224,224,RGB,STANDARDIZED
Recyclable/cans_all_type/Drinking_can_ring-pull_tab.jpg,Recyclable,800,532,RGB,224,224,RGB,STANDARDIZED
Recyclable/cans_all_type/EWG-report-reveals-brands-using-BPA-in-canned-food.jpg,Recyclable,749,1123,RGB,224,224,RGB,STANDARDIZED
Recyclable/cans_all_type/Empty_tin_can2009-01-19.jpg,Recyclable,2592,3872,RGB,224,224,RGB,STANDARDIZED
Recyclable/cans_all_type/Examples-of-aluminum-items-that-are-recyclable-1.png,Recyclable,1640,924,RGBA,224,224,RGB,STANDARDIZED
Recyclable/cans_all_type/Experimental-treatments-soup-example.png,Recyclable,850,508,RGBA,224,224,RGB,STANDARDIZED
Recyclable/cans_all_type/FAY2IG7KP2MDA7F.jpg,Recyclable,3600,3000,RGB,224,224,RGB,STANDARDIZED
Recyclable/cans_all_type/FBMH7EYKP2MD9M8.jpg,Recyclable,4500,3000,RGB,224,224,RGB,STANDARDIZED
Recyclable/cans_all_type/Feature-Crops-2400-x-1350-58.png,Recyclable,2400,1350,RGB,224,224,RGB,STANDARDIZED
Recyclable/cans_all_type/Figure-1_can-coatings-2.png,Recyclable,1249,439,RGB,224,224,RGB,STANDARDIZED
Recyclable/cans_all_type/HFB_Hunger_Blog_00230228_header_cans-scaled.jpg,Recyclable,2560,1440,RGB,224,224,RGB,STANDARDIZED
Recyclable/cans_all_type/How-Much-Energy-Does-Recycling-One-Aluminum-Can-Save.jpg,Recyclable,685,400,RGB,224,224,RGB,STANDARDIZED
Recyclable/cans_all_type/IMG_0800.jpeg,Recyclable,2500,3333,RGB,224,224,RGB,STANDARDIZED
Recyclable/cans_all_type/IMG_20131004_104155_216.jpg,Recyclable,2208,1836,RGB,224,224,RGB,STANDARDIZED
Recyclable/cans_all_type/LzEyLzAzL2RyZWFtc3RpbWV4eGwxNzcyNDAwOSAtIGFsdW1pbnVtIGNhbnMuanBn.1V4x5MynmFA.jpg,Recyclable,736,414,RGB,224,224,RGB,STANDARDIZED
Recyclable/cans_all_type/MPE20-20Can20Logistics20benefits.jpg,Recyclable,1528,800,RGB,224,224,RGB,STANDARDIZED
Recyclable/cans_all_type/Made-in-China-Low-Price-No-Impurity-Waste-Beverage-Cans-Waste-Aluminum-Cans-Ubc.jpg,Recyclable,549,550,RGB,224,224,RGB,STANDARDIZED
Recyclable/cans_all_type/NUNVBKEABUI6VBGCA6JNQWIZCE.jpg,Recyclable,5000,3316,RGB,224,224,RGB,STANDARDIZED
Recyclable/cans_all_type/New-RepBan_CannedFood_2007.jpg,Recyclable,1280,720,RGB,224,224,RGB,STANDARDIZED
Recyclable/cans_all_type/RauTZ.png,Recyclable,500,375,RGBA,224,224,RGB,STANDARDIZED
Recyclable/cans_all_type/Recycling-saves-money.jpg,Recyclable,1429,952,RGB,224,224,RGB,STANDARDIZED
Recyclable/cans_all_type/Screen-Shot-2019-06-27-at-2.59.36-PM-e1561681171942.png,Recyclable,2269,1452,RGBA,224,224,RGB,STANDARDIZED
Recyclable/cans_all_type/Soup-Cans.jpg,Recyclable,1111,575,RGB,224,224,RGB,STANDARDIZED
Recyclable/cans_all_type/Tin-Can-Crafts_Vertical_v1.jpg.webp,Recyclable,600,1200,RGB,224,224,RGB,STANDARDIZED
Recyclable/cans_all_type/Tin-can-crafts-3.jpg,Recyclable,720,720,RGB,224,224,RGB,STANDARDIZED
Recyclable/cans_all_type/Tomato-Bisque-ERA-scaled.jpg,Recyclable,2560,1920,RGB,224,224,RGB,STANDARDIZED
Recyclable/cans_all_type/Which-metals-to-recycle.jpg,Recyclable,1500,720,RGB,224,224,RGB,STANDARDIZED
Recyclable/cans_all_type/Yes-I-Can-water-cans-1.jpg,Recyclable,1024,962,RGB,224,224,RGB,STANDARDIZED
Recyclable/cans_all_type/ZWB_ANZ_BoxThumbnail_AluminiumCans_bfe1ab62-ced7-47d4-9b8f-251c863db01d_720x.png,Recyclable,720,721,RGBA,224,224,RGB,STANDARDIZED
Recyclable/cans_all_type/_66324968_heinz2_comp_624.jpg,Recyclable,640,370,RGB,224,224,RGB,STANDARDIZED
Recyclable/cans_all_type/a-silver-tin-can-isolated-on-a-white-background-clipping-path-DNC3X5.jpg,Recyclable,1270,1390,RGB,224,224,RGB,STANDARDIZED
Recyclable/cans_all_type/aero-landing_0005_Full-can.png,Recyclable,1413,1545,P,224,224,RGB,STANDARDIZED
Recyclable/cans_all_type/alum-metal.png,Recyclable,650,661,RGBA,224,224,RGB,STANDARDIZED
Recyclable/cans_all_type/aluminium-cans-2-piece-for-beer-and-beverages-two-piece-beer-cans.jpg,Recyclable,500,343,RGB,224,224,RGB,STANDARDIZED
Recyclable/cans_all_type/aluminium-cans-278.jpg,Recyclable,450,338,RGB,224,224,RGB,STANDARDIZED
Recyclable/cans_all_type/aluminium-cans-middle-east.jpg,Recyclable,500,330,RGB,224,224,RGB,STANDARDIZED
Recyclable/cans_all_type/aluminium-cans-silver-can-branding-design-vector-18026625-1.jpg,Recyclable,1000,1080,RGB,224,224,RGB,STANDARDIZED
Recyclable/cans_all_type/aluminium-drink-cans-waste-recycle-close-up-view-turin-italy-october-164013257.jpg,Recyclable,1200,1690,RGB,224,224,RGB,STANDARDIZED
Recyclable/cans_all_type/aluminium-steel-cans.png,Recyclable,1500,905,P,224,224,RGB,STANDARDIZED
Recyclable/cans_all_type/aluminium05.png,Recyclable,540,450,RGBA,224,224,RGB,STANDARDIZED
Recyclable/cans_all_type/aluminum-alloy-soft-drink-cans-tin-cans-collected-for-recycling-at-DC9YBC.jpg,Recyclable,1300,955,RGB,224,224,RGB,STANDARDIZED
Recyclable/cans_all_type/aluminum-beer-cans-with-keys-stock-image_csp9896786.jpg,Recyclable,357,254,RGB,224,224,RGB,STANDARDIZED
Recyclable/cans_all_type/aluminum-can-recycling.jpg,Recyclable,630,422,RGB,224,224,RGB,STANDARDIZED
Recyclable/cans_all_type/aluminum-can-sculptures-noah-deledda-thumbnail.jpg,Recyclable,1200,628,RGB,224,224,RGB,STANDARDIZED
Recyclable/cans_all_type/aluminum-cans-at-the-bottom-of-a-recycling-bin-EKXJ4B.jpg,Recyclable,1300,956,RGB,224,224,RGB,STANDARDIZED
Recyclable/cans_all_type/aluminum-cans-collected-for-recycling-center-AP5B7K.jpg,Recyclable,1300,955,RGB,224,224,RGB,STANDARDIZED
Recyclable/cans_all_type/aluminum-cans-e1453526631407.jpg,Recyclable,510,383,RGB,224,224,RGB,STANDARDIZED
Recyclable/cans_all_type/aluminum-cans-for-recycling.jpg,Recyclable,1024,448,RGB,224,224,RGB,STANDARDIZED
Recyclable/cans_all_type/aluminum-cans-iStock-1148755120.jpg,Recyclable,1920,1080,RGB,224,224,RGB,STANDARDIZED
Recyclable/cans_all_type/aluminum-cans-in-recycling-bin-C3W0CR.jpg,Recyclable,1300,954,RGB,224,224,RGB,STANDARDIZED
Recyclable/cans_all_type/aluminum-cans-in-recycling-kon-tum-vietnam-KJJ5CJ.jpg,Recyclable,1300,956,RGB,224,224,RGB,STANDARDIZED
Recyclable/cans_all_type/aluminum-cans-p4bj2zq8ghz8sr6olvxa68f6em8uc1rra8lni6kazw-fbe6b699.jpg,Recyclable,500,350,RGBA,224,224,RGB,STANDARDIZED
Recyclable/cans_all_type/aluminum-cans.jpg,Recyclable,728,489,RGB,224,224,RGB,STANDARDIZED
Recyclable/cans_all_type/aluminum-recycling.jpg,Recyclable,800,400,RGB,224,224,RGB,STANDARDIZED
Recyclable/cans_all_type/aluminum-recycling2.png,Recyclable,478,320,RGBA,224,224,RGB,STANDARDIZED
Recyclable/cans_all_type/aluminum_materials_picture_ff_web_area.jpg,Recyclable,640,427,RGB,224,224,RGB,STANDARDIZED
Recyclable/cans_all_type/andy-warhol-campbells-soup-can-p6n2ahitn7by8xzm9ejbqveo3bossv8zcpihwi57pw.jpg,Recyclable,800,418,RGB,224,224,RGB,STANDARDIZED
Recyclable/cans_all_type/april-11-2020-halifax-canada-campbells-heinz-and-no-name-brand-canned-soups-2BK87NC.jpg,Recyclable,1300,956,RGB,224,224,RGB,STANDARDIZED
Recyclable/cans_all_type/assorted-cans-campbell-s-brand-soup-shopping-cart-assorted-cans-campbell-s-brand-soup-151033750.jpg,Recyclable,600,900,RGB,224,224,RGB,STANDARDIZED
Recyclable/cans_all_type/b7objects_household001.jpg,Recyclable,2048,1536,RGB,224,224,RGB,STANDARDIZED
Recyclable/cans_all_type/bd81ae39b970475bae9524c6018794aa_0_0.jpg,Recyclable,1000,600,RGB,224,224,RGB,STANDARDIZED
Recyclable/cans_all_type/beer-5215845_1280.jpg,Recyclable,1280,853,RGB,224,224,RGB,STANDARDIZED
Recyclable/cans_all_type/beer-can-scrap.jpg,Recyclable,1024,512,RGB,224,224,RGB,STANDARDIZED
Recyclable/cans_all_type/best-progresso-soup-flavors.jpg,Recyclable,1200,879,RGB,224,224,RGB,STANDARDIZED
Recyclable/cans_all_type/bev-can-by-size.png,Recyclable,1570,1570,P,224,224,RGB,STANDARDIZED
Recyclable/cans_all_type/bev20can.jpg,Recyclable,480,480,RGB,224,224,RGB,STANDARDIZED
Recyclable/cans_all_type/beverage-can-architecture.jpg,Recyclable,400,509,RGB,224,224,RGB,STANDARDIZED
Recyclable/cans_all_type/beverage20drink20cans.jpg,Recyclable,500,331,RGB,224,224,RGB,STANDARDIZED
Recyclable/cans_all_type/big-tin-can-with-copy-space-isolated-on-white-background-HE441H.jpg,Recyclable,1044,1390,RGB,224,224,RGB,STANDARDIZED
Recyclable/cans_all_type/c0469750-800px-wm.jpg,Recyclable,800,533,RGB,224,224,RGB,STANDARDIZED
Recyclable/cans_all_type/can-1957735_1920.jpg,Recyclable,1600,1026,RGB,224,224,RGB,STANDARDIZED
Recyclable/cans_all_type/can-lifecycle.png,Recyclable,1360,500,P,224,224,RGB,STANDARDIZED
Recyclable/cans_all_type/can-shortages.jpg,Recyclable,640,480,RGB,224,224,RGB,STANDARDIZED
Recyclable/cans_all_type/can-sizes.jpg,Recyclable,1000,441,RGB,224,224,RGB,STANDARDIZED
Recyclable/cans_all_type/canned-food-961779-1.jpg,Recyclable,1050,700,RGB,224,224,RGB,STANDARDIZED
Recyclable/cans_all_type/canned-food-fish-1200x628-facebook-1200x628.jpg,Recyclable,1200,628,RGB,224,224,RGB,STANDARDIZED
Recyclable/cans_all_type/canned-food_0.jpg,Recyclable,1000,450,RGB,224,224,RGB,STANDARDIZED
Recyclable/cans_all_type/canned-food_wide-e18ed729392a8ac2763dff282529fe7bc0e834b9-s1400-c100.jpg,Recyclable,1000,561,RGB,224,224,RGB,STANDARDIZED
Recyclable/cans_all_type/canned-pumpkin-can-1296x728-body.jpg,Recyclable,1296,728,RGB,224,224,RGB,STANDARDIZED
Recyclable/cans_all_type/cd28515cb9fbaf5589376da505766a8f.png,Recyclable,1110,350,RGBA,224,224,RGB,STANDARDIZED
Recyclable/cans_all_type/coca-cola-07.jpg,Recyclable,407,308,RGB,224,224,RGB,STANDARDIZED
Recyclable/cans_all_type/collected-tin-cans-vietnam-AF9KEP.jpg,Recyclable,1300,944,RGB,224,224,RGB,STANDARDIZED
Recyclable/cans_all_type/crumpled-aluminum-can-2022-06-02-17-14-48-utc-scaled.jpg,Recyclable,2048,1366,RGB,224,224,RGB,STANDARDIZED
Recyclable/cans_all_type/crumpled-aluminum-can-empty-can-aluminum-can-isolated-white-background_38335-161.jpg,Recyclable,626,417,RGB,224,224,RGB,STANDARDIZED
Recyclable/cans_all_type/crushed-aluminium-drinks-cans-in-a-recycling-basket-2A927XT.jpg,Recyclable,866,1390,RGB,224,224,RGB,STANDARDIZED
Recyclable/cans_all_type/crushed-tin-can-isolated-2BY4XX9.jpg,Recyclable,974,1390,RGB,224,224,RGB,STANDARDIZED
Recyclable/cans_all_type/depositphotos_151711104-stock-photo-canned-food-3d-render.jpg,Recyclable,600,600,RGB,224,224,RGB,STANDARDIZED
Recyclable/cans_all_type/depositphotos_437224758-stock-photo-recycle-empty-cans-tin-food.jpg,Recyclable,600,400,RGB,224,224,RGB,STANDARDIZED
Recyclable/cans_all_type/depositphotos_524542642-stock-photo-tin-can-preserve-food-template.jpg,Recyclable,1524,1700,L,224,224,RGB,STANDARDIZED
Recyclable/cans_all_type/depositphotos_537407962-stock-photo-ukraine-chernivtsi-november-pile-garbage.jpg,Recyclable,600,401,RGB,224,224,RGB,STANDARDIZED
Recyclable/cans_all_type/depositphotos_76684561-stock-photo-ho-chi-minh-city-vietnam.jpg,Recyclable,600,400,RGB,224,224,RGB,STANDARDIZED
Recyclable/cans_all_type/di-steel-2-new-6.png,Recyclable,480,480,RGBA,224,224,RGB,STANDARDIZED
Recyclable/cans_all_type/eaw-thailand-may-empty-recycling-close-up-view-waste-disposal-site-151705209.jpg,Recyclable,1600,1290,RGB,224,224,RGB,STANDARDIZED
Recyclable/cans_all_type/empty-aluminium-drinks-cans-recycling-rostov-don-russia-172776163.jpg,Recyclable,1600,1157,RGB,224,224,RGB,STANDARDIZED
Recyclable/cans_all_type/empty-beverage-cans.jpeg,Recyclable,917,1122,RGB,224,224,RGB,STANDARDIZED
Recyclable/cans_all_type/empty-food-cans-recycling-19652090.jpg,Recyclable,1600,1153,RGB,224,224,RGB,STANDARDIZED
Recyclable/cans_all_type/empty-metal-cans-23939723.jpg,Recyclable,1600,1290,RGB,224,224,RGB,STANDARDIZED
Recyclable/cans_all_type/empty-tin-can-isolated-on-a-white-background-metallic-food-container-2BWM655.jpg,Recyclable,866,1390,RGB,224,224,RGB,STANDARDIZED
Recyclable/cans_all_type/empty-tin-cans-17610861.jpg,Recyclable,600,900,RGB,224,224,RGB,STANDARDIZED
Recyclable/cans_all_type/empty-tin-cans-8572637.jpg,Recyclable,1600,1157,RGB,224,224,RGB,STANDARDIZED
Recyclable/cans_all_type/empty-used-aluminium-cans-ready-recycling-close-up-172409365.jpg,Recyclable,601,900,RGB,224,224,RGB,STANDARDIZED
Recyclable/cans_all_type/evgeny-karchevsky-k1tUxfs8JYY-unsplash-2.jpg,Recyclable,1440,810,RGB,224,224,RGB,STANDARDIZED
Recyclable/cans_all_type/f2682342b94143bdbaac90802452fa81_0_0.jpg,Recyclable,1300,866,RGB,224,224,RGB,STANDARDIZED
Recyclable/cans_all_type/family-size-cans-display-supermarket-company-was-founded-now-sells-157288625.jpg,Recyclable,800,534,RGB,224,224,RGB,STANDARDIZED
Recyclable/cans_all_type/food-can.jpg,Recyclable,600,400,RGB,224,224,RGB,STANDARDIZED
Recyclable/cans_all_type/food-tin-can-on-white-CYBBCA.jpg,Recyclable,975,1390,RGB,224,224,RGB,STANDARDIZED
Recyclable/cans_all_type/food-tin-can_01.jpg,Recyclable,800,600,RGB,224,224,RGB,STANDARDIZED
Recyclable/cans_all_type/fss-empty-cans.jpg,Recyclable,480,640,RGB,224,224,RGB,STANDARDIZED
Recyclable/cans_all_type/g-eco-friendly-concept-recyclable-metal-waste-and-zero-waste-concept-2K0FCNX.jpg,Recyclable,1300,989,RGB,224,224,RGB,STANDARDIZED
Recyclable/cans_all_type/garbage-tin-can-icon-cartoon-style-vector-27372731.jpg,Recyclable,1000,1080,RGB,224,224,RGB,STANDARDIZED
Recyclable/cans_all_type/gh-052720-best-healthy-canned-soups-1590698072.png,Recyclable,2000,1000,RGBA,224,224,RGB,STANDARDIZED
Recyclable/cans_all_type/ghows-PJ-3530caa6-cb6f-4a83-e053-0100007f7d97-e82199ad.jpeg,Recyclable,700,658,RGB,224,224,RGB,STANDARDIZED
Recyclable/cans_all_type/haultail-What-is-the-effect-of-aluminum-beverage-cans-on-the-environment.jpg,Recyclable,500,334,RGB,224,224,RGB,STANDARDIZED
Recyclable/cans_all_type/healthy-canned-soups-amy-s-black-bean.jpg,Recyclable,728,524,RGB,224,224,RGB,STANDARDIZED
Recyclable/cans_all_type/healthy-canned-soups-campbell-s-chunky-heart-healthy-clam-chowder.jpg,Recyclable,728,524,RGB,224,224,RGB,STANDARDIZED
Recyclable/cans_all_type/healthy-canned-soups-campbells-98-percent-fat-free-broccoli-cheese.jpg,Recyclable,728,524,RGB,224,224,RGB,STANDARDIZED
Recyclable/cans_all_type/hed-crushed-discarded-empty-soft-drink-or-soda-aluminum-beverage-cans-R3DYM6.jpg,Recyclable,1300,957,RGB,224,224,RGB,STANDARDIZED
Recyclable/cans_all_type/how-to-recycle-aluminum-cans.png,Recyclable,600,600,RGBA,224,224,RGB,STANDARDIZED
Recyclable/cans_all_type/hpm_0000_0002_0_img0010.jpg,Recyclable,519,423,L,224,224,RGB,STANDARDIZED
Recyclable/cans_all_type/iStock-882176684-recycle-cans.jpg,Recyclable,724,483,RGB,224,224,RGB,STANDARDIZED
Recyclable/cans_all_type/image28.jpg,Recyclable,1200,900,RGB,224,224,RGB,STANDARDIZED
Recyclable/cans_all_type/image29.jpg,Recyclable,670,325,RGB,224,224,RGB,STANDARDIZED
Recyclable/cans_all_type/imageedit_8_7934311890.jpg,Recyclable,1043,552,RGB,224,224,RGB,STANDARDIZED
Recyclable/cans_all_type/img_171534713499.jpg,Recyclable,1365,969,RGB,224,224,RGB,STANDARDIZED
Recyclable/cans_all_type/img_kaitori02.jpg,Recyclable,600,450,RGB,224,224,RGB,STANDARDIZED
Recyclable/cans_all_type/imgbin-beer-recycling-bottle-beverage-can-waste-container-n16Eb9uEgizMUQNdZ2pyKAidT.jpg,Recyclable,728,1044,RGB,224,224,RGB,STANDARDIZED
Recyclable/cans_all_type/ith-water-drops-metallic-cans-for-beer-soda-lemonade-juice-energy-1271352472.jpg,Recyclable,1500,1516,RGB,224,224,RGB,STANDARDIZED
Recyclable/cans_all_type/l-intro-1653069533.jpg,Recyclable,1600,900,RGB,224,224,RGB,STANDARDIZED
Recyclable/cans_all_type/maxres2.jpg,Recyclable,1280,720,RGB,224,224,RGB,STANDARDIZED
Recyclable/cans_all_type/maxresdefault.jpg,Recyclable,1280,720,RGB,224,224,RGB,STANDARDIZED
Recyclable/cans_all_type/maxresdefault2.jpg,Recyclable,1280,720,RGB,224,224,RGB,STANDARDIZED
Recyclable/cans_all_type/mbers_target_to_achieve_70_per_cent_aluminium_can_recycling_rate_by_2030_0_0.png,Recyclable,850,567,RGBA,224,224,RGB,STANDARDIZED
Recyclable/cans_all_type/metal-aluminum-cans-non-biodegradable-600w-2016354857.jpg,Recyclable,600,420,RGB,224,224,RGB,STANDARDIZED
Recyclable/cans_all_type/metal-aluminum-cans-non-biodegradable-600w-2016354890.jpg,Recyclable,600,420,RGB,224,224,RGB,STANDARDIZED
Recyclable/cans_all_type/metal-cans-for-recycling.jpg,Recyclable,1200,630,RGB,224,224,RGB,STANDARDIZED
Recyclable/cans_all_type/metal-tin-can-isolated-food-lying-its-side-composition-over-white-background-74439654.jpg,Recyclable,1600,1690,RGB,224,224,RGB,STANDARDIZED
Recyclable/cans_all_type/ns-to-be-used-for-storage-of-products-are-being-displayed-in-the-expo-RXCE9N.jpg,Recyclable,1300,821,RGB,224,224,RGB,STANDARDIZED
Recyclable/cans_all_type/old-canned-soup.jpg,Recyclable,600,610,RGB,224,224,RGB,STANDARDIZED
Recyclable/cans_all_type/p0c972tq.jpg,Recyclable,1280,720,RGB,224,224,RGB,STANDARDIZED
Recyclable/cans_all_type/paint_cats.png,Recyclable,1378,668,RGBA,224,224,RGB,STANDARDIZED
Recyclable/cans_all_type/pixnio-198357.jpeg,Recyclable,960,412,RGB,224,224,RGB,STANDARDIZED
Recyclable/cans_all_type/plastic-can-c.jpg,Recyclable,845,440,RGB,224,224,RGB,STANDARDIZED
Recyclable/cans_all_type/plastic-waste-and-other-recylable-items-1080x675.jpg,Recyclable,1080,675,RGB,224,224,RGB,STANDARDIZED
Recyclable/cans_all_type/png-clipart-aluminum-can-recycling-bin-rubbish-bins-waste-paper-baskets-others-recycling-waste.png,Recyclable,900,600,P,224,224,RGB,STANDARDIZED
Recyclable/cans_all_type/png-transparent-fizzy-drinks-aluminum-can-sprite-coca-cola-jarritos-sprite-recycling-waste-cola.png,Recyclable,920,698,P,224,224,RGB,STANDARDIZED
Recyclable/cans_all_type/pngtree-aluminum-cans-crushed-for-recycling-waste-reuse-material-photo-image_902933.jpg,Recyclable,960,640,RGB,224,224,RGB,STANDARDIZED
Recyclable/cans_all_type/pouqoxmmx1.jpg,Recyclable,1024,576,RGB,224,224,RGB,STANDARDIZED
Recyclable/cans_all_type/preston-england-close-up-on-crushed-food-cans-drinks-cans-and-sweets-EY997A.jpg,Recyclable,1300,950,RGB,224,224,RGB,STANDARDIZED
Recyclable/cans_all_type/product-roundup_cannedfood.jpg,Recyclable,1280,960,RGB,224,224,RGB,STANDARDIZED
Recyclable/cans_all_type/pty-aluminum-cans-the-concept-of-processed-waste-background-texture-of-piles.jpg,Recyclable,450,298,RGB,224,224,RGB,STANDARDIZED
Recyclable/cans_all_type/qad-blog-aluminum-cans.png,Recyclable,1024,512,RGBA,224,224,RGB,STANDARDIZED
Recyclable/cans_all_type/real.jpg,Recyclable,800,209,RGB,224,224,RGB,STANDARDIZED
Recyclable/cans_all_type/realistic-cans-blue-with-water-drops-for-mock-up-soda-can-mock-up-free-png.png,Recyclable,1152,1920,RGBA,224,224,RGB,STANDARDIZED
Recyclable/cans_all_type/recycle-aluminum-metal-crushed-can-waste-background-photo.jpg,Recyclable,2940,1960,RGB,224,224,RGB,STANDARDIZED
Recyclable/cans_all_type/recycle-aluminum-metal-crushed-can-waste-background-photo2.jpg,Recyclable,1470,980,RGB,224,224,RGB,STANDARDIZED
Recyclable/cans_all_type/recycle-aluminum-metal-crushed-can-waste-background_293060-10750.jpg,Recyclable,626,417,RGB,224,224,RGB,STANDARDIZED
Recyclable/cans_all_type/recycle-aluminum-metal-crushed-can-waste-background_293060-14712.jpg,Recyclable,626,417,RGB,224,224,RGB,STANDARDIZED
Recyclable/cans_all_type/recycle-aluminum-metal-crushed-can-waste-background_293060-5186.jpg,Recyclable,626,417,RGB,224,224,RGB,STANDARDIZED
Recyclable/cans_all_type/recycle-aluminum-metal-crushed-can-waste-background_293060-6927.jpg,Recyclable,626,417,RGB,224,224,RGB,STANDARDIZED
Recyclable/cans_all_type/recycling-21075023.jpg,Recyclable,1600,1153,RGB,224,224,RGB,STANDARDIZED
Recyclable/cans_all_type/recycling-bin-full-of-tin-cans-at-the-recycle-collection-center-in-sitka-alaska-usa-2PF5DKJ.jpg,Recyclable,1300,960,RGB,224,224,RGB,STANDARDIZED
Recyclable/cans_all_type/recycling-process-soda-cans-after-rinse.jpg,Recyclable,600,791,RGB,224,224,RGB,STANDARDIZED
Recyclable/cans_all_type/recycling-symbol-waste-container-tin-can-png-favpng-ASUEjMd8dZew90LXEgfZTWLhh.jpg,Recyclable,820,867,RGB,224,224,RGB,STANDARDIZED
Recyclable/cans_all_type/recycling-used-aluminum-cans-22651321.jpg,Recyclable,1600,1155,RGB,224,224,RGB,STANDARDIZED
Recyclable/cans_all_type/red-aluminium-can-vector-3885470.jpg,Recyclable,1000,1080,RGB,224,224,RGB,STANDARDIZED
Recyclable/cans_all_type/republic-february-26-2017-energy-drinks-cans-from-czech-supermarkets-ostrava.jpg,Recyclable,450,300,RGB,224,224,RGB,STANDARDIZED
Recyclable/cans_all_type/rice-Easy-Operation-Pop-Top-Can-for-Electronic-Industry-Aluminum-Scrap-Metal.jpg,Recyclable,1400,700,RGB,224,224,RGB,STANDARDIZED
Recyclable/cans_all_type/sheet-alu-cans-garbage.jpg,Recyclable,910,683,RGB,224,224,RGB,STANDARDIZED
Recyclable/cans_all_type/shutterstock-dC3A5ser.jpg,Recyclable,900,280,RGB,224,224,RGB,STANDARDIZED
Recyclable/cans_all_type/shutterstock_1059823553-scaled.jpg,Recyclable,2560,1707,RGB,224,224,RGB,STANDARDIZED
Recyclable/cans_all_type/sjb-4359-451.jpg,Recyclable,1050,788,RGB,224,224,RGB,STANDARDIZED
Recyclable/cans_all_type/soda-can-mockup-realistic-transparent-free-png.png,Recyclable,1920,1920,RGBA,224,224,RGB,STANDARDIZED
Recyclable/cans_all_type/soda-can-white-aluminum-2J8MroE-600.jpg,Recyclable,600,600,RGB,224,224,RGB,STANDARDIZED
Recyclable/cans_all_type/soda_can_1500394689-e1501261207105.jpg,Recyclable,1000,666,RGB,224,224,RGB,STANDARDIZED
Recyclable/cans_all_type/soup-can-drawing-1.jpg,Recyclable,500,650,RGB,224,224,RGB,STANDARDIZED
Recyclable/cans_all_type/soup-can-generic-tin-copy-space-isolated-white-background-30738763.jpg,Recyclable,1148,1690,RGB,224,224,RGB,STANDARDIZED
Recyclable/cans_all_type/soup-cans-paintings-campbell-s-andy-warhol-as-seen-museumsquartier-vienna-austria-56224494.jpg,Recyclable,800,534,RGB,224,224,RGB,STANDARDIZED
Recyclable/cans_all_type/steel-can-header-inset.jpg,Recyclable,900,300,RGB,224,224,RGB,STANDARDIZED
Recyclable/cans_all_type/steel-food-cans-3-piece-tinplate-cans-for-food-three-piece.jpg,Recyclable,500,409,RGB,224,224,RGB,STANDARDIZED
Recyclable/cans_all_type/steel-food-tin-can-on-white-background-BEG7A4.jpg,Recyclable,919,1390,RGB,224,224,RGB,STANDARDIZED
Recyclable/cans_all_type/steel-soup-can-opened-CC8AXM.jpg,Recyclable,866,1390,RGB,224,224,RGB,STANDARDIZED
Recyclable/cans_all_type/stock-photo-recycle-aluminum-metal-crushed-can-waste-background-2163017067.jpg,Recyclable,1500,1101,RGB,224,224,RGB,STANDARDIZED
Recyclable/cans_all_type/stocking-up-food-covid19.jpg,Recyclable,1280,720,RGB,224,224,RGB,STANDARDIZED
Recyclable/cans_all_type/sz3rxrno.jpg,Recyclable,1400,1200,RGB,224,224,RGB,STANDARDIZED
Recyclable/cans_all_type/three-aluminum-cans-without-label_1308-40588.jpg,Recyclable,626,354,RGB,224,224,RGB,STANDARDIZED
Recyclable/cans_all_type/three-food-cans-on-white-background-DEENN6.jpg,Recyclable,863,1390,RGB,224,224,RGB,STANDARDIZED
Recyclable/cans_all_type/tin-can-crafts-ft.jpg,Recyclable,1200,800,RGB,224,224,RGB,STANDARDIZED
Recyclable/cans_all_type/tin-can-isolated-on-white-background-food-supplies-2E25PN9.jpg,Recyclable,1300,956,RGB,224,224,RGB,STANDARDIZED
Recyclable/cans_all_type/tin-can-projects.jpg,Recyclable,1000,523,RGB,224,224,RGB,STANDARDIZED
Recyclable/cans_all_type/tin_can_collage.jpg,Recyclable,725,1015,RGB,224,224,RGB,STANDARDIZED
Recyclable/cans_all_type/ubcs.jpg,Recyclable,520,390,RGB,224,224,RGB,STANDARDIZED
Recyclable/cans_all_type/up-photo-such-as-gumbo-soup-green-olives-original-decoration-store-215048708.jpg,Recyclable,1600,1157,RGB,224,224,RGB,STANDARDIZED
Recyclable/cans_all_type/used-aluminum-cans-1510558761-3447499.jpeg,Recyclable,450,341,RGB,224,224,RGB,STANDARDIZED
Recyclable/cans_all_type/used-beverage-cans-aluminum-scrap-ubc--500x500.jpg,Recyclable,500,450,RGB,224,224,RGB,STANDARDIZED
Recyclable/cans_all_type/used-can-scrap-500x500.png,Recyclable,500,500,RGB,224,224,RGB,STANDARDIZED
Recyclable/cans_all_type/used-cans-recycling-klang-malaysia-may-separated-various-drinks-71794871.jpg,Recyclable,1600,1290,RGB,224,224,RGB,STANDARDIZED
Recyclable/cans_all_type/used-food-cans-at-recycling-center-germany-europe-S1TE9M.jpg,Recyclable,1300,1060,RGB,224,224,RGB,STANDARDIZED
Recyclable/cans_all_type/utensil.jpg,Recyclable,787,562,RGB,224,224,RGB,STANDARDIZED
Recyclable/cans_all_type/uuk754zo.jpg,Recyclable,1400,1200,RGB,224,224,RGB,STANDARDIZED
Recyclable/cans_all_type/various-household-metal-waste-cans-600w-1586734066.jpg,Recyclable,600,420,RGB,224,224,RGB,STANDARDIZED
Recyclable/cans_all_type/warhol-campbell-cans-dec-2018-embed01.png,Recyclable,1559,2000,RGBA,224,224,RGB,STANDARDIZED
Recyclable/cans_all_type/website2.0.png,Recyclable,4000,3000,RGBA,224,224,RGB,STANDARDIZED
Recyclable/cans_all_type/white-background-metal-waste-recycling-empty-crumpled-aluminum-can-120063176.jpg,Recyclable,1412,1690,RGB,224,224,RGB,STANDARDIZED
Recyclable/cans_all_type/yiu1pc0sap.jpg,Recyclable,1024,576,RGB,224,224,RGB,STANDARDIZED
Recyclable/glass_containers/-1117Wx1400H-464161823-clear-MODEL.jpg,Recyclable,1117,1400,RGB,224,224,RGB,STANDARDIZED
Recyclable/glass_containers/-grass-recycling-garbage-disposal-environment-ecology-concept-used-237382994.jpg,Recyclable,1600,1120,RGB,224,224,RGB,STANDARDIZED
Recyclable/glass_containers/-home-decor-lights-garden-planters-edging-organizing-DIY-apieceofrainbow-320.jpg,Recyclable,320,320,RGB,224,224,RGB,STANDARDIZED
Recyclable/glass_containers/-jar-transparency-and-translucency-glass-jar-empty-clear-glass-jar-glass-lid.png,Recyclable,900,1012,P,224,224,RGB,STANDARDIZED
Recyclable/glass_containers/-recycle-storage-container-reduce-reuse-recycle-waste-sorting-bin-1549390778.jpg,Recyclable,1500,1038,RGB,224,224,RGB,STANDARDIZED
Recyclable/glass_containers/0025.807V_1.jpg,Recyclable,1500,1500,RGB,224,224,RGB,STANDARDIZED
Recyclable/glass_containers/09706-cover-bottlescxd.jpg,Recyclable,2000,1333,CMYK,224,224,RGB,STANDARDIZED
Recyclable/glass_containers/09928-cover-opener.jpg,Recyclable,2400,1602,RGB,224,224,RGB,STANDARDIZED
Recyclable/glass_containers/1-Glass-Jar-Dry-Goods-Food-Storage-Post-Thumbnail-Copyright-Your-Family-Ark-LLC-950x667.jpg,Recyclable,950,667,RGB,224,224,RGB,STANDARDIZED
Recyclable/glass_containers/1.jpg,Recyclable,1000,1000,RGB,224,224,RGB,STANDARDIZED
Recyclable/glass_containers/1000006360930-1000006360929_01-750-1.jpg,Recyclable,750,750,RGB,224,224,RGB,STANDARDIZED
Recyclable/glass_containers/100ml-clear-acrylic-jar-cap-with-foam-liner-plastic-jars-314.webp,Recyclable,800,800,RGBA,224,224,RGB,STANDARDIZED
Recyclable/glass_containers/18-How-to-Clean-and-Sanitize-Glass-Bottles-For-Reuse-XX-steps-1024x538.jpg,Recyclable,1024,538,RGB,224,224,RGB,STANDARDIZED
Recyclable/glass_containers/19-Innovative-Simple-and-Beautiful-DIY-Glass-Bottle-Decor-Ideas.jpg,Recyclable,600,350,RGB,224,224,RGB,STANDARDIZED
Recyclable/glass_containers/25-25ml-small-mini-glass-bottles-jars-with-cork-stoppers-3pcs-original-imafd49zby3yrj7u.jpeg,Recyclable,850,844,RGB,224,224,RGB,STANDARDIZED
Recyclable/glass_containers/2_2c8ffcc9-71e4-485a-8a6d-413968b9a11e.jpg,Recyclable,1500,1500,RGB,224,224,RGB,STANDARDIZED
Recyclable/glass_containers/30-ml-Lug-Cap-Glass-Jars.jpg,Recyclable,500,500,RGB,224,224,RGB,STANDARDIZED
Recyclable/glass_containers/32.5_19d4770e-dc7a-4951-82bb-bf0030a411f7.jpg,Recyclable,2563,2563,RGB,224,224,RGB,STANDARDIZED
Recyclable/glass_containers/431275_l.jpg,Recyclable,900,1200,RGB,224,224,RGB,STANDARDIZED
Recyclable/glass_containers/44084530822_acb18d4ea4_c-1200x900.jpg,Recyclable,1200,900,RGB,224,224,RGB,STANDARDIZED
Recyclable/glass_containers/48252.jpg,Recyclable,1500,1500,RGB,224,224,RGB,STANDARDIZED
Recyclable/glass_containers/5-5-ml-small-mini-tall-clear-glass-bottles-jars-combo-of-10-pcs-original-imafd3nqa4ss5gbr.jpeg,Recyclable,850,460,RGB,224,224,RGB,STANDARDIZED
Recyclable/glass_containers/500-GM-SQ-FANCY-scaled-e1674476779127.jpg,Recyclable,1708,1824,RGB,224,224,RGB,STANDARDIZED
Recyclable/glass_containers/51Jl-pF7VZL.jpg,Recyclable,1024,1024,RGB,224,224,RGB,STANDARDIZED
Recyclable/glass_containers/51KO9Np8h0L.jpg,Recyclable,1000,1000,RGB,224,224,RGB,STANDARDIZED
Recyclable/glass_containers/51P3TEvdWuL._AC_UF8941000_QL80_.jpg,Recyclable,894,892,RGB,224,224,RGB,STANDARDIZED
Recyclable/glass_containers/61APfOjOwNL.jpg,Recyclable,1500,1500,RGB,224,224,RGB,STANDARDIZED
Recyclable/glass_containers/61UB8QC4wL.jpg,Recyclable,1000,1000,RGB,224,224,RGB,STANDARDIZED
Recyclable/glass_containers/61ft4NGHGL.jpg,Recyclable,1000,1000,RGB,224,224,RGB,STANDARDIZED
Recyclable/glass_containers/61yOCnlgOLL._SL1500_-1.jpg,Recyclable,1250,1250,RGB,224,224,RGB,STANDARDIZED
Recyclable/glass_containers/634e4f17051e7764aa233984-25ml-empty-seal-jars-glass-bottle-with.jpg,Recyclable,771,681,RGB,224,224,RGB,STANDARDIZED
Recyclable/glass_containers/66dafa_2842aed6c4954075bf0d58dcb5ed5cecmv2.jpg,Recyclable,1000,750,RGB,224,224,RGB,STANDARDIZED
Recyclable/glass_containers/71EBQt8XvtL._AC_UF10001000_QL80_.jpg,Recyclable,932,1000,RGB,224,224,RGB,STANDARDIZED
Recyclable/glass_containers/800px-Beer_bottles_2018_G1.jpg,Recyclable,800,600,RGB,224,224,RGB,STANDARDIZED
Recyclable/glass_containers/811bBLcwdXL._SL1500_-1.jpg,Recyclable,1296,1500,RGB,224,224,RGB,STANDARDIZED
Recyclable/glass_containers/81B-xzZbOvL.jpg,Recyclable,1500,1162,RGB,224,224,RGB,STANDARDIZED
Recyclable/glass_containers/81KUXai6eQL._SL1500_.jpg,Recyclable,1500,1039,RGB,224,224,RGB,STANDARDIZED
Recyclable/glass_containers/81ua-8FccoL._SL1500_.jpg,Recyclable,1467,1500,RGB,224,224,RGB,STANDARDIZED
Recyclable/glass_containers/Best-out-of-waste-ideas-to-decorate-your-home.jpg,Recyclable,1200,700,RGB,224,224,RGB,STANDARDIZED
Recyclable/glass_containers/Bottle-9.jpg,Recyclable,400,400,RGB,224,224,RGB,STANDARDIZED
Recyclable/glass_containers/China-Kitchen-Storage-Glass-Mason-Jar-in-Bulk-Amber-Spice-Food-Glass-Jar-with-Lid.webp,Recyclable,800,800,RGB,224,224,RGB,STANDARDIZED
Recyclable/glass_containers/Cocacolacollection.JPG.jpg,Recyclable,1280,960,RGB,224,224,RGB,STANDARDIZED
Recyclable/glass_containers/Containers.jpg,Recyclable,1500,1100,RGB,224,224,RGB,STANDARDIZED
Recyclable/glass_containers/DIYlabeljarszerowastespicesReusableNation.jpg,Recyclable,1072,1608,RGB,224,224,RGB,STANDARDIZED
Recyclable/glass_containers/DSC0662_600x.jpg,Recyclable,600,600,RGB,224,224,RGB,STANDARDIZED
Recyclable/glass_containers/DSC07050.jpg,Recyclable,3517,4096,RGB,224,224,RGB,STANDARDIZED
Recyclable/glass_containers/ESTAL-WILD-GLASS-1024x576.jpg,Recyclable,1024,576,RGB,224,224,RGB,STANDARDIZED
Recyclable/glass_containers/FMCNJR900-02-1.jpg,Recyclable,500,500,RGB,224,224,RGB,STANDARDIZED
Recyclable/glass_containers/Fotografie-2015_10_130287_LR.jpeg,Recyclable,1200,800,RGB,224,224,RGB,STANDARDIZED
Recyclable/glass_containers/GHJ_2005_2400x.jpg,Recyclable,2400,3200,RGB,224,224,RGB,STANDARDIZED
Recyclable/glass_containers/Glass-Bottle-Jars-1.jpg,Recyclable,589,352,RGB,224,224,RGB,STANDARDIZED
Recyclable/glass_containers/Glass-Jars-on-the-Counter.jpg,Recyclable,750,750,RGB,224,224,RGB,STANDARDIZED
Recyclable/glass_containers/Glass-Seed-Jars-Zero-Waste-Chef-1024x436.jpg,Recyclable,1024,436,RGB,224,224,RGB,STANDARDIZED
Recyclable/glass_containers/GlassBottleCandles_LuisVillalobos_BuyNothingReston-700x400.jpg,Recyclable,700,400,RGB,224,224,RGB,STANDARDIZED
Recyclable/glass_containers/HOW-TO-RE-USE-GLASS-JARS-AND-BOTTLES.jpg,Recyclable,1000,1500,RGB,224,224,RGB,STANDARDIZED
Recyclable/glass_containers/Header-Image-1-1200x838.png,Recyclable,1200,838,RGBA,224,224,RGB,STANDARDIZED
Recyclable/glass_containers/Industrial-glass-bottle-and-jar-scheme.png,Recyclable,706,773,RGBA,224,224,RGB,STANDARDIZED
Recyclable/glass_containers/Kavi-Recycled-Vodka-Jars-Set-of-Four-4_800x.jpg,Recyclable,800,800,RGB,224,224,RGB,STANDARDIZED
Recyclable/glass_containers/Kavi-Recycled-Vodka-Jars-Set-of-Four.jpg,Recyclable,800,800,RGB,224,224,RGB,STANDARDIZED
Recyclable/glass_containers/Kavi-Recycled-Vodka-Jars-Set-of-Two-2_800x.jpg,Recyclable,800,800,RGB,224,224,RGB,STANDARDIZED
Recyclable/glass_containers/Kavi-Transparent-Wine-Bottle-Jar-Set-of-Two.jpg,Recyclable,800,800,RGB,224,224,RGB,STANDARDIZED
Recyclable/glass_containers/MHC-C-072-06.jpg,Recyclable,800,800,RGB,224,224,RGB,STANDARDIZED
Recyclable/glass_containers/MP000000008225078_1348Wx2000H_202011202358181.jpeg,Recyclable,1080,1440,RGB,224,224,RGB,STANDARDIZED
Recyclable/glass_containers/Real-Cycled4-1024x678.jpg,Recyclable,1024,678,RGB,224,224,RGB,STANDARDIZED
Recyclable/glass_containers/Screenshot2023-01-22at4.00.14PM.png,Recyclable,1000,1080,RGBA,224,224,RGB,STANDARDIZED
Recyclable/glass_containers/SiONEER_glass_recycling_blog.jpg,Recyclable,5000,3337,RGB,224,224,RGB,STANDARDIZED
Recyclable/glass_containers/Types-of-Packaging-Glass-Bottles-Feature-Image.jpg,Recyclable,1200,628,RGB,224,224,RGB,STANDARDIZED
Recyclable/glass_containers/WG-10026_20_3_800x.jpg,Recyclable,800,1067,RGB,224,224,RGB,STANDARDIZED
Recyclable/glass_containers/Webp.net-gifmaker.gif,Recyclable,1024,768,P,224,224,RGB,STANDARDIZED
Recyclable/glass_containers/XCRn60a5zd9b8KJQ3L2dA0xFNKxXe1Etv4u4o34D.jpeg,Recyclable,3305,3306,RGB,224,224,RGB,STANDARDIZED
Recyclable/glass_containers/YPVkEC63mOKaXzB568IAM1F76mvlZQNocPWa9zjj.jpeg,Recyclable,800,800,RGB,224,224,RGB,STANDARDIZED
Recyclable/glass_containers/abrablast_66e1dfa948.jpg,Recyclable,870,653,RGB,224,224,RGB,STANDARDIZED
Recyclable/glass_containers/ae518d0b2da51b3a5332f05eb5f78517.png,Recyclable,576,1024,RGBA,224,224,RGB,STANDARDIZED
Recyclable/glass_containers/b0c06540025-494V_1.jpg,Recyclable,1200,1200,RGB,224,224,RGB,STANDARDIZED
Recyclable/glass_containers/bff67913df873d7923e53a51e5139edb.webp,Recyclable,1920,1080,RGB,224,224,RGB,STANDARDIZED
Recyclable/glass_containers/can-glass-be-recycled-683x1024.jpg,Recyclable,683,1024,RGB,224,224,RGB,STANDARDIZED
Recyclable/glass_containers/can-you-recycled-glass.jpg,Recyclable,1920,533,RGB,224,224,RGB,STANDARDIZED
Recyclable/glass_containers/clean-glass-jars-for-reuse-or-recycling-HJBJ76.jpg,Recyclable,1300,920,RGB,224,224,RGB,STANDARDIZED
Recyclable/glass_containers/cold-end.jpg,Recyclable,1259,839,RGB,224,224,RGB,STANDARDIZED
Recyclable/glass_containers/ecor-lights-garden-planters-edging-organizing-DIY-apieceofrainbow-1-625x1024.jpg,Recyclable,625,1024,RGB,224,224,RGB,STANDARDIZED
Recyclable/glass_containers/ecor-lights-garden-planters-edging-organizing-DIY-apieceofrainbow-2-546x1024.jpg,Recyclable,546,1024,RGB,224,224,RGB,STANDARDIZED
Recyclable/glass_containers/empty-glass-jar-vector-5062356.jpg,Recyclable,1000,1080,RGB,224,224,RGB,STANDARDIZED
Recyclable/glass_containers/etics-cartoon-style-clip-art-for-mobile-app-isolated-rgb-illustration-vector.jpg,Recyclable,1920,1920,RGB,224,224,RGB,STANDARDIZED
Recyclable/glass_containers/euro-pic.jpg,Recyclable,1246,1410,RGB,224,224,RGB,STANDARDIZED
Recyclable/glass_containers/fdfgfgfgfg-removebg-preview_2.png,Recyclable,1080,1080,RGBA,224,224,RGB,STANDARDIZED
Recyclable/glass_containers/for-zero-waste-shopping-and-storage-on-grey-background-no-plastic-1388959436.jpg,Recyclable,1500,1101,RGB,224,224,RGB,STANDARDIZED
Recyclable/glass_containers/glass-bottle-or-jar.jpg,Recyclable,2734,3545,RGB,224,224,RGB,STANDARDIZED
Recyclable/glass_containers/glass-bottles-and-jars-for-recycling-M3RBBE.jpg,Recyclable,1300,956,RGB,224,224,RGB,STANDARDIZED
Recyclable/glass_containers/glass-jar-uses.jpg,Recyclable,1200,800,RGB,224,224,RGB,STANDARDIZED
Recyclable/glass_containers/glass-recycling-header.jpg,Recyclable,900,300,RGB,224,224,RGB,STANDARDIZED
Recyclable/glass_containers/glass-recycling.jpg,Recyclable,1600,900,RGB,224,224,RGB,STANDARDIZED
Recyclable/glass_containers/glass_bottles_materials_ff.jpg,Recyclable,4815,3613,RGB,224,224,RGB,STANDARDIZED
Recyclable/glass_containers/header-spice-jar-992x556.jpg,Recyclable,992,556,RGB,224,224,RGB,STANDARDIZED
Recyclable/glass_containers/home-glass-packaging-food-beverages-1024x666.jpg,Recyclable,1024,666,RGB,224,224,RGB,STANDARDIZED
Recyclable/glass_containers/home-glass-packaging-material-1024x666.jpg,Recyclable,1024,666,RGB,224,224,RGB,STANDARDIZED
Recyclable/glass_containers/how-to-reuse-glass-bottles-and-jars-og.jpg,Recyclable,1200,630,RGB,224,224,RGB,STANDARDIZED
Recyclable/glass_containers/how-to-reuse-glass-bottles-and-jars.jpg,Recyclable,688,329,RGB,224,224,RGB,STANDARDIZED
Recyclable/glass_containers/il_500x500.4386032401_rgev.jpg,Recyclable,500,500,RGB,224,224,RGB,STANDARDIZED
Recyclable/glass_containers/il_570xN.2449419144_cwa3.jpg,Recyclable,570,580,RGB,224,224,RGB,STANDARDIZED
Recyclable/glass_containers/il_570xN.3673597270_eliu.jpg,Recyclable,570,504,RGB,224,224,RGB,STANDARDIZED
Recyclable/glass_containers/image-removebg-preview_9fe2e65d-5a31-414e-81c5-4401ae93aecb.png,Recyclable,305,500,RGBA,224,224,RGB,STANDARDIZED
Recyclable/glass_containers/india-circus-by-krsnaa-mehta-grey-floral-galore-glass-bottle-24122002sd00156-1.jpg,Recyclable,1200,1083,RGB,224,224,RGB,STANDARDIZED
Recyclable/glass_containers/ing-Glass-Cans-Recycled-Clear-Glass-Jar-for-Honey-Sauce-Jam-Candy-Packaging.webp,Recyclable,750,750,RGB,224,224,RGB,STANDARDIZED
Recyclable/glass_containers/jam-1106592_960_720.jpg,Recyclable,960,639,RGB,224,224,RGB,STANDARDIZED
Recyclable/glass_containers/jar-825x510.jpg,Recyclable,825,510,RGB,224,224,RGB,STANDARDIZED
Recyclable/glass_containers/jar.Cosmeticpetbottle_emptycontainers_acrylicshanjar_acrylicjar_50gmjarglass.jpg,Recyclable,3000,3000,RGB,224,224,RGB,STANDARDIZED
Recyclable/glass_containers/jar2.jpg,Recyclable,500,500,RGB,224,224,RGB,STANDARDIZED
Recyclable/glass_containers/korken-bottle-shaped-jar-with-lid-clear-glass__1152252_pe885219_s5.jpg,Recyclable,1400,1400,RGB,224,224,RGB,STANDARDIZED
Recyclable/glass_containers/korken-bottle-shaped-jar-with-lid-clear-glass__1152258_pe885224_s5.jpg,Recyclable,1400,1400,RGB,224,224,RGB,STANDARDIZED
Recyclable/glass_containers/korken-jar-with-lid-clear-glass__0171898_pe306756_s5.jpg,Recyclable,1400,1400,RGB,224,224,RGB,STANDARDIZED
Recyclable/glass_containers/korken-jar-with-lid-clear-glass__0713739_pe729738_s5.jpg,Recyclable,1400,1400,RGB,224,224,RGB,STANDARDIZED
Recyclable/glass_containers/korken-jar-with-lid-clear-glass__1059754_pe849771_s5.jpg,Recyclable,1400,1400,RGB,224,224,RGB,STANDARDIZED
Recyclable/glass_containers/korken-jar-with-lid-clear-glass__1060982_ph168838_s5.jpg,Recyclable,1400,933,RGB,224,224,RGB,STANDARDIZED
Recyclable/glass_containers/late-illustration-jar-glass-canning-close-container-empty-bottle_80590-11487.jpg,Recyclable,626,503,RGB,224,224,RGB,STANDARDIZED
Recyclable/glass_containers/masonjarbackyard-1627317672.jpg,Recyclable,3264,1581,RGB,224,224,RGB,STANDARDIZED
Recyclable/glass_containers/maxresdefault.jpg,Recyclable,1280,720,RGB,224,224,RGB,STANDARDIZED
Recyclable/glass_containers/maxresdefault2.jpg,Recyclable,1280,720,RGB,224,224,RGB,STANDARDIZED
Recyclable/glass_containers/maxresdefault3.jpg,Recyclable,1280,720,RGB,224,224,RGB,STANDARDIZED
Recyclable/glass_containers/my-borosil-storage-jars-1-2l-x-2-endura-airtight-glass-jar-set-of-2-1-2-l-30021285871754.jpg,Recyclable,1000,1000,RGB,224,224,RGB,STANDARDIZED
Recyclable/glass_containers/my-borosil-storage-jars-12-pc-set-endura-airtight-glass-jar-set-of-12-29569577058442.jpg,Recyclable,1000,1000,RGB,224,224,RGB,STANDARDIZED
Recyclable/glass_containers/my-borosil-storage-jars-600-ml-classic-jar-with-wooden-lid-31556757061770.jpg,Recyclable,1000,1000,RGB,224,224,RGB,STANDARDIZED
Recyclable/glass_containers/my-borosil-storage-jars-750-ml-1l-1-3l-endura-airtight-glass-jar-set-of-3-30021303861386.jpg,Recyclable,1000,1000,RGB,224,224,RGB,STANDARDIZED
Recyclable/glass_containers/pearl_green.jpg,Recyclable,1440,1080,RGB,224,224,RGB,STANDARDIZED
Recyclable/glass_containers/pile-of-glass-bottles-to-be-recycled-MD11M2.jpg,Recyclable,863,1390,RGB,224,224,RGB,STANDARDIZED
Recyclable/glass_containers/pr_473.jpg,Recyclable,2001,2001,RGB,224,224,RGB,STANDARDIZED
Recyclable/glass_containers/pros-and-cons-glass-vs-plastic.png,Recyclable,1000,714,RGB,224,224,RGB,STANDARDIZED
Recyclable/glass_containers/recycled-crafts-decorating-glass-jars.jpg,Recyclable,735,729,RGB,224,224,RGB,STANDARDIZED
Recyclable/glass_containers/recycled-glass-jars-c.jpg,Recyclable,558,501,RGB,224,224,RGB,STANDARDIZED
Recyclable/glass_containers/recycled-glass.jpg,Recyclable,728,489,RGB,224,224,RGB,STANDARDIZED
Recyclable/glass_containers/repurposed-glass-jars-on-a-counter-upcycling.jpg,Recyclable,750,751,RGB,224,224,RGB,STANDARDIZED
Recyclable/glass_containers/rsemptyemptycontainerforcosmeticsemptylipbalmcontainercreamjarsemptycosmetic.jpg,Recyclable,3000,3000,RGB,224,224,RGB,STANDARDIZED
Recyclable/glass_containers/s-glass-jar-watercolor-vector-clipart-set-hand-drawn-illustration_530505-480.jpg,Recyclable,626,626,RGB,224,224,RGB,STANDARDIZED
Recyclable/glass_containers/smetics-in-recycling-glass-bottle-jar-tube-for-skin-care-cleanser-2258699621.jpg,Recyclable,1500,1600,RGB,224,224,RGB,STANDARDIZED
Recyclable/glass_containers/soogo-clear-glass-cube-jar-1-l-set-of-2-product-images-o493624711-p599004984-1-202303030341.jpg,Recyclable,1000,1000,RGB,224,224,RGB,STANDARDIZED
Recyclable/glass_containers/soogo-clear-glass-cube-jar-580-ml-set-of-3-product-images-o492867151-p597681808-1-202301181840.jpg,Recyclable,1000,1000,RGB,224,224,RGB,STANDARDIZED
Recyclable/glass_containers/the-face-it-collection-cropped-1628584986.jpg,Recyclable,1064,665,RGB,224,224,RGB,STANDARDIZED
Recyclable/glass_containers/tles-wooden-grating-laid-meadow-recycled-glass-containers-close-up-158084825.jpg,Recyclable,1200,1690,RGB,224,224,RGB,STANDARDIZED
Recyclable/glass_containers/tles-wooden-grating-laid-meadow-recycled-glass-containers-close-up-158084979.jpg,Recyclable,1600,1290,RGB,224,224,RGB,STANDARDIZED
Recyclable/glass_containers/ttles-and-jars-glass-waste-empty-bottles-isolated-on-white-background-vector.jpg,Recyclable,1920,738,RGB,224,224,RGB,STANDARDIZED
Recyclable/glass_containers/types-glass-you-can-recycle.png,Recyclable,1224,477,P,224,224,RGB,STANDARDIZED
Recyclable/glass_containers/zero-waste-home.jpg.webp,Recyclable,1000,691,RGB,224,224,RGB,STANDARDIZED
Recyclable/paper_products/-an-HSM-baling-press-expands-the-capacity-boundaries-at-Alber-GmbH.--520x293.jpg,Recyclable,520,293,RGB,224,224,RGB,STANDARDIZED
Recyclable/paper_products/-garbage-and-reusable-waste-management-old-paper-products-to-be-reused-waste.jpg,Recyclable,861,1300,RGB,224,224,RGB,STANDARDIZED
Recyclable/paper_products/-paper-garbage-stuff-for-recycle-on-white-background-eco-friendly-2094399346.jpg,Recyclable,1500,1180,RGB,224,224,RGB,STANDARDIZED
Recyclable/paper_products/007490085_1-8e6d461c5712bdb1ad0c6f6948f82b11.png,Recyclable,791,1024,P,224,224,RGB,STANDARDIZED
Recyclable/paper_products/04mag-cardboard-copy-videoSixteenByNine3000-v2.jpg,Recyclable,3000,1688,RGB,224,224,RGB,STANDARDIZED
Recyclable/paper_products/0688695001594027525-kraft-paper-scrap-o.jpeg.webp,Recyclable,640,640,RGB,224,224,RGB,STANDARDIZED
Recyclable/paper_products/1-rule.png,Recyclable,926,424,RGB,224,224,RGB,STANDARDIZED
Recyclable/paper_products/1000_F_253622625_mRkOKr6jfOmiHINdIBQHZWCBNOZhdxsG.jpg,Recyclable,1000,1000,RGB,224,224,RGB,STANDARDIZED
Recyclable/paper_products/1200px-Various_products_made_from_paper.JPG.jpg,Recyclable,1200,900,RGB,224,224,RGB,STANDARDIZED
Recyclable/paper_products/1250ml-kraft-paper-food-box-500x500.jpeg,Recyclable,500,500,RGB,224,224,RGB,STANDARDIZED
Recyclable/paper_products/13.20WEB-IMAGES-Paper-216x216.jpg,Recyclable,900,900,RGB,224,224,RGB,STANDARDIZED
Recyclable/paper_products/1610468941921.jpg,Recyclable,1280,853,RGB,224,224,RGB,STANDARDIZED
Recyclable/paper_products/17d7bd040219620f734f78e70bb24438.jpg,Recyclable,1080,2065,RGB,224,224,RGB,STANDARDIZED
Recyclable/paper_products/18772787060_a6b88b52cb_z.jpg,Recyclable,640,409,RGB,224,224,RGB,STANDARDIZED
Recyclable/paper_products/20200117122035-shopping-bags-4243556.jpeg,Recyclable,2000,1333,RGB,224,224,RGB,STANDARDIZED
Recyclable/paper_products/2021WhereRecycledPaperGoes_logotitle.png,Recyclable,600,600,RGB,224,224,RGB,STANDARDIZED
Recyclable/paper_products/20cardboard20boxes20on20white20background.20each20one20is20shot20separately.jpeg,Recyclable,1000,878,RGB,224,224,RGB,STANDARDIZED
Recyclable/paper_products/251911498.jpg,Recyclable,1500,1620,RGB,224,224,RGB,STANDARDIZED
Recyclable/paper_products/41806500.jpg,Recyclable,450,468,RGB,224,224,RGB,STANDARDIZED
Recyclable/paper_products/45349554-cartons-waiting-to-be-picked-up-by-the-garbage-trucks-recycling-of-waste-paper.jpg,Recyclable,1300,866,RGB,224,224,RGB,STANDARDIZED
Recyclable/paper_products/51DLHKxostL._SR6002C315_PIWhiteStrip2CBottomLeft2C02C35_SCLZZZZZZZ_FMpng_BG2552C2552C255.jpg,Recyclable,600,350,RGB,224,224,RGB,STANDARDIZED
Recyclable/paper_products/51yELALi6L._SL500_.jpg,Recyclable,500,500,RGB,224,224,RGB,STANDARDIZED
Recyclable/paper_products/5cc8f28751a9ad23a663a94e_paper-blog.jpg,Recyclable,800,660,RGB,224,224,RGB,STANDARDIZED
Recyclable/paper_products/800px-Box.agr.jpg,Recyclable,800,632,RGB,224,224,RGB,STANDARDIZED
Recyclable/paper_products/96223146-cardboard-boxes-for-the-waste-paper-collection.jpg,Recyclable,866,1300,RGB,224,224,RGB,STANDARDIZED
Recyclable/paper_products/AccesstoRecyclingSnackable-Icons-60.jpeg,Recyclable,600,300,RGB,224,224,RGB,STANDARDIZED
Recyclable/paper_products/Banner-focused-on-plus-products-eng-2-1024x506-1-1024x506.png,Recyclable,1024,506,P,224,224,RGB,STANDARDIZED
Recyclable/paper_products/Blog_4_28_21.jpg,Recyclable,2113,1309,RGB,224,224,RGB,STANDARDIZED
Recyclable/paper_products/Corrugated20Packaging20Teaser20Image20Complete.jpg,Recyclable,640,640,RGB,224,224,RGB,STANDARDIZED
Recyclable/paper_products/Is-paper-biodegradable-hero-1230x615-c-default.jpg,Recyclable,1230,615,RGB,224,224,RGB,STANDARDIZED
Recyclable/paper_products/Overiew-papermaking-process-lumber-industry.jpg,Recyclable,1920,1080,RGB,224,224,RGB,STANDARDIZED
Recyclable/paper_products/Paper-and-cardboard-recycling-blog-banner.jpg,Recyclable,960,640,RGB,224,224,RGB,STANDARDIZED
Recyclable/paper_products/Paper-scaled.png,Recyclable,2560,1077,RGBA,224,224,RGB,STANDARDIZED
Recyclable/paper_products/Paper_bowl.jpg,Recyclable,900,764,RGB,224,224,RGB,STANDARDIZED
Recyclable/paper_products/Recycled_Paper_Towels_2_600x600.png,Recyclable,600,200,RGBA,224,224,RGB,STANDARDIZED
Recyclable/paper_products/SHEYN-Shipping-Box-04-2.jpg,Recyclable,2048,1365,RGB,224,224,RGB,STANDARDIZED
Recyclable/paper_products/Tech_English_LG_Grade8-term2_p123.png,Recyclable,722,800,RGB,224,224,RGB,STANDARDIZED
Recyclable/paper_products/Tech_English_LG_Grade8-term2_p124.png,Recyclable,719,800,RGB,224,224,RGB,STANDARDIZED
Recyclable/paper_products/Top-Cardboard-Box-Manufacturers.jpg,Recyclable,1000,665,RGB,224,224,RGB,STANDARDIZED
Recyclable/paper_products/Untitled-design-28.png,Recyclable,750,375,P,224,224,RGB,STANDARDIZED
Recyclable/paper_products/WPC26RS_Section20Photo201_Eng.jpg,Recyclable,1187,474,RGB,224,224,RGB,STANDARDIZED
Recyclable/paper_products/WhatPaperProductsRecyclable_greyoverlay.png,Recyclable,500,400,RGBA,224,224,RGB,STANDARDIZED
Recyclable/paper_products/a731cae2796caebdfadd16d9b8454e3b.jpg,Recyclable,1280,720,RGB,224,224,RGB,STANDARDIZED
Recyclable/paper_products/ade-from-recycled-paper-new-life-for-paper-examples-of-used-paper-1802026453.jpg,Recyclable,1500,1600,RGB,224,224,RGB,STANDARDIZED
Recyclable/paper_products/art-attachment-background-boat-40906.jpeg,Recyclable,1280,720,RGB,224,224,RGB,STANDARDIZED
Recyclable/paper_products/best-crafts-using-newspaper.jpg,Recyclable,1200,798,RGB,224,224,RGB,STANDARDIZED
Recyclable/paper_products/bigstock-Recyclable-Materials-A-Select-364185454-1-825x510.jpg,Recyclable,825,510,RGB,224,224,RGB,STANDARDIZED
Recyclable/paper_products/boxed20packed20goods-min.jpg,Recyclable,2880,2000,RGB,224,224,RGB,STANDARDIZED
Recyclable/paper_products/bundles-of-cardboard-and-paper-for-recycling-ANDB1P.jpg,Recyclable,1300,920,RGB,224,224,RGB,STANDARDIZED
Recyclable/paper_products/cardboard-box-packing-peanuts-GettyImages-177495280-MLedit.jpg,Recyclable,2400,1600,RGB,224,224,RGB,STANDARDIZED
Recyclable/paper_products/cardboard-min.jpeg,Recyclable,1920,1276,RGB,224,224,RGB,STANDARDIZED
Recyclable/paper_products/cardboard-recycling-1.jpg,Recyclable,728,489,RGB,224,224,RGB,STANDARDIZED
Recyclable/paper_products/cardboard-to-recycle.jpg,Recyclable,1000,497,RGB,224,224,RGB,STANDARDIZED
Recyclable/paper_products/cardboard-waste-paper-500x500.jpg,Recyclable,500,333,RGB,224,224,RGB,STANDARDIZED
Recyclable/paper_products/cardboard-waste-paper-scrap-645.jpg,Recyclable,500,408,RGB,224,224,RGB,STANDARDIZED
Recyclable/paper_products/cardboard_bales.png,Recyclable,1500,1000,RGB,224,224,RGB,STANDARDIZED
Recyclable/paper_products/cheap-shipping-boxes-1.jpg,Recyclable,1848,782,RGB,224,224,RGB,STANDARDIZED
Recyclable/paper_products/composting-paper.jpg,Recyclable,500,334,RGB,224,224,RGB,STANDARDIZED
Recyclable/paper_products/corrugated-vs-cardboard.jpg,Recyclable,724,483,RGB,224,224,RGB,STANDARDIZED
Recyclable/paper_products/csm_Honig_Grasskarton_KarlKnauer_bd119781e6.jpg,Recyclable,770,434,RGB,224,224,RGB,STANDARDIZED
Recyclable/paper_products/csm_Sperli_Tuetenverpackung_KarlKnauer_5af44b4933.jpg,Recyclable,770,434,RGB,224,224,RGB,STANDARDIZED
Recyclable/paper_products/d820hero20newspaper20-20second20try.png,Recyclable,1280,720,RGBA,224,224,RGB,STANDARDIZED
Recyclable/paper_products/garbage_recycle_recycling_sign-colored-background-top-view_1669975379.jpg,Recyclable,1200,800,RGB,224,224,RGB,STANDARDIZED
Recyclable/paper_products/gift-box-rose-and-pocket-watch-on-brown-old-newspaper-KH0GXK.jpg,Recyclable,1300,953,RGB,224,224,RGB,STANDARDIZED
Recyclable/paper_products/glass-containers-recycling-bin.jpg,Recyclable,1597,1600,RGB,224,224,RGB,STANDARDIZED
Recyclable/paper_products/how-is-paper-recycled-and-reused-in-paper-products-reel-talk-193723_1024x1024.jpg,Recyclable,1000,668,RGB,224,224,RGB,STANDARDIZED
Recyclable/paper_products/how-to-dispose-of-used-cardboard-boxes-01.jpg,Recyclable,5925,2325,RGB,224,224,RGB,STANDARDIZED
Recyclable/paper_products/hq720.jpg,Recyclable,1280,720,RGB,224,224,RGB,STANDARDIZED
Recyclable/paper_products/image29.jpg,Recyclable,1450,664,RGB,224,224,RGB,STANDARDIZED
Recyclable/paper_products/img_5e755845b44fd.jpg,Recyclable,600,900,RGB,224,224,RGB,STANDARDIZED
Recyclable/paper_products/maxresdefault.jpg,Recyclable,1280,720,RGB,224,224,RGB,STANDARDIZED
Recyclable/paper_products/maxresdefault2.jpg,Recyclable,1280,720,RGB,224,224,RGB,STANDARDIZED
Recyclable/paper_products/maxresdefault4.jpg,Recyclable,1280,720,RGB,224,224,RGB,STANDARDIZED
Recyclable/paper_products/media2F14d2F14d799bf-bb7d-4c4f-ab41-23cb516d7c292Fimage.png,Recyclable,700,247,RGB,224,224,RGB,STANDARDIZED
Recyclable/paper_products/media2F31f2F31f4b7e5-1e39-42c4-a183-9d791928ee472FphpAWnYQQ.png,Recyclable,676,744,RGBA,224,224,RGB,STANDARDIZED
Recyclable/paper_products/mixed-paper-waste-cardboard-confidential-documents.jpg,Recyclable,850,380,RGB,224,224,RGB,STANDARDIZED
Recyclable/paper_products/mobile-artwork_1.png,Recyclable,1080,1920,RGB,224,224,RGB,STANDARDIZED
Recyclable/paper_products/newspaper-bundles-for-paper-recycling.jpg,Recyclable,980,654,RGB,224,224,RGB,STANDARDIZED
Recyclable/paper_products/nts-stacks-packs-pile-on-the-desk-in-the-office-waste-paper-paper-2087508244.jpg,Recyclable,1500,1098,RGB,224,224,RGB,STANDARDIZED
Recyclable/paper_products/og-large-recycling-symbol.png,Recyclable,1200,630,P,224,224,RGB,STANDARDIZED
Recyclable/paper_products/old-newspapers-in-cardboard-box-BMD6CC.jpg,Recyclable,1300,956,RGB,224,224,RGB,STANDARDIZED
Recyclable/paper_products/open-box-newspaper-and-cup-inside-BFGY45.jpg,Recyclable,866,1390,RGB,224,224,RGB,STANDARDIZED
Recyclable/paper_products/or-recycling-urban-scene-environmental-conservation-concept-hong-kong-MPHXY8.jpg,Recyclable,1300,956,RGB,224,224,RGB,STANDARDIZED
Recyclable/paper_products/paper-mailers1.jpg,Recyclable,2300,1294,RGB,224,224,RGB,STANDARDIZED
Recyclable/paper_products/paper-recycling-at-plant-600x500.jpg,Recyclable,600,500,RGB,224,224,RGB,STANDARDIZED
Recyclable/paper_products/paper-recycling-business.jpg,Recyclable,960,540,RGB,224,224,RGB,STANDARDIZED
Recyclable/paper_products/paper-recycling-example-20200122.jpg,Recyclable,1200,630,RGB,224,224,RGB,STANDARDIZED
Recyclable/paper_products/paper-recycling-paper-recycling-waste-cardboard-png-favpng-99SFN2yLMarC3zFexdVbAmz2h.jpg,Recyclable,820,547,RGB,224,224,RGB,STANDARDIZED
Recyclable/paper_products/paper_and_paperboard_ff_materials_0.jpg,Recyclable,640,427,RGB,224,224,RGB,STANDARDIZED
Recyclable/paper_products/paper_handout_en_0.jpg,Recyclable,1755,1241,RGB,224,224,RGB,STANDARDIZED
Recyclable/paper_products/personal_waste_diversion-_EXAMPLE__75883.1625001758.jpg,Recyclable,1280,1280,RGB,224,224,RGB,STANDARDIZED
Recyclable/paper_products/perspectives20on20paper20and20forest20products20in202022_1124440215_thumb_1536x1536.jpg,Recyclable,1536,1536,RGB,224,224,RGB,STANDARDIZED
Recyclable/paper_products/pier-altpapier-recycling-kp-1200_2e246d1781_96dc71c25a342a411d0d25f0af585045.jpg,Recyclable,1200,545,RGB,224,224,RGB,STANDARDIZED
Recyclable/paper_products/plus-envelopes-carton-kraft-material403x-1024x682.png,Recyclable,1024,682,P,224,224,RGB,STANDARDIZED
Recyclable/paper_products/recyclablesbecome.jpg,Recyclable,613,762,RGB,224,224,RGB,STANDARDIZED
Recyclable/paper_products/recycling-paper-card-dumpster.jpg,Recyclable,300,400,RGB,224,224,RGB,STANDARDIZED
Recyclable/paper_products/segregated-paper-wastes-ready-to-recycling-DWRB4B.jpg,Recyclable,1300,956,RGB,224,224,RGB,STANDARDIZED
Recyclable/paper_products/shipping-damages.jpeg,Recyclable,1600,900,RGB,224,224,RGB,STANDARDIZED
Recyclable/paper_products/shutterstock_1135406513_600x600.jpg,Recyclable,600,450,RGB,224,224,RGB,STANDARDIZED
Recyclable/paper_products/shutterstock_689934028-min.jpg,Recyclable,1000,444,RGB,224,224,RGB,STANDARDIZED
Recyclable/paper_products/slide_14.jpg,Recyclable,960,720,RGB,224,224,RGB,STANDARDIZED
Recyclable/paper_products/small-business-packaging-ideas.png,Recyclable,1848,782,RGBA,224,224,RGB,STANDARDIZED
Recyclable/paper_products/sourcepaperfinal.jpg,Recyclable,600,387,RGB,224,224,RGB,STANDARDIZED
Recyclable/paper_products/spotify402x.png,Recyclable,720,482,P,224,224,RGB,STANDARDIZED
Recyclable/paper_products/stack-of-newspapers-for-recycling.jpg,Recyclable,728,489,RGB,224,224,RGB,STANDARDIZED
Recyclable/paper_products/stack-of-newspapers-outdoors.jpg,Recyclable,990,660,RGB,224,224,RGB,STANDARDIZED
Recyclable/paper_products/stack-of-paper-and-cardboard-for-recycling-2CRNY2N.jpg,Recyclable,1300,878,RGB,224,224,RGB,STANDARDIZED
Recyclable/paper_products/stock-vector-paper-waste-items-paper-packaging-flat-design-illustrations-2291614661.jpg,Recyclable,1500,1600,RGB,224,224,RGB,STANDARDIZED
Recyclable/paper_products/ted-on-white-background-newspapers-boxes-notebooks-hand-fan-paper-2317157379.jpg,Recyclable,1500,1003,RGB,224,224,RGB,STANDARDIZED
Recyclable/paper_products/the-drive-toward-sustainability-5050-1536x1536.jpg,Recyclable,1536,1536,RGB,224,224,RGB,STANDARDIZED
Recyclable/paper_products/vere-raw-material-shortage-user-industries-voice-concern-over-surging-prices.jpg,Recyclable,1200,900,RGB,224,224,RGB,STANDARDIZED
Recyclable/paper_products/w-newspaper-box-used-for-the-distribution-of-free-circulation-papers-7744258.jpg,Recyclable,1001,1600,RGB,224,224,RGB,STANDARDIZED
Recyclable/paper_products/waste-paper-products-carboard-box-13515875.jpg,Recyclable,1600,1157,RGB,224,224,RGB,STANDARDIZED
Recyclable/paper_products/waste-paper-products-in-cardboard-box-BJ8JDP.jpg,Recyclable,1300,956,RGB,224,224,RGB,STANDARDIZED
Recyclable/paper_products/waste-paper-products-in-cardboard-box-BKEM99.jpg,Recyclable,866,1390,RGB,224,224,RGB,STANDARDIZED
Recyclable/paper_products/waste-paper-recycling-concept-with-cardboard-newspapers-bag-realistic_1284-33137.jpg,Recyclable,581,626,RGB,224,224,RGB,STANDARDIZED
Recyclable/paper_products/waste-paper-skip-half-full-for-recycling-france-S3FCJW.jpg,Recyclable,1300,1390,RGB,224,224,RGB,STANDARDIZED
Recyclable/paper_products/woman-sitting-on-the-floor-throwing-packing-material-in-the-air-ER92W8.jpg,Recyclable,866,1390,RGB,224,224,RGB,STANDARDIZED
Recyclable/plastic_bottles/-1x-1.jpg,Recyclable,2000,1333,RGB,224,224,RGB,STANDARDIZED
Recyclable/plastic_bottles/-drawing-plastic-waste-fresh-soda-drink-liquid-vector-illustration-244100830.jpg,Recyclable,1600,1690,RGB,224,224,RGB,STANDARDIZED
Recyclable/plastic_bottles/01-waterbottlesun_20190719_0023_2x3.jpg,Recyclable,2048,3072,RGB,224,224,RGB,STANDARDIZED
Recyclable/plastic_bottles/01_bottle_mm9070_190418_2400-2_16x9.jpg,Recyclable,3072,1728,RGB,224,224,RGB,STANDARDIZED
Recyclable/plastic_bottles/01_bottle_mm9070_190418_2400-2_2x3.jpg,Recyclable,2048,3072,RGB,224,224,RGB,STANDARDIZED
Recyclable/plastic_bottles/02_bottle_mm9070_190418_2431-1-gif.gif,Recyclable,2113,3072,P,224,224,RGB,STANDARDIZED
Recyclable/plastic_bottles/072822sprite.jpg,Recyclable,1280,720,RGB,224,224,RGB,STANDARDIZED
Recyclable/plastic_bottles/1.5.jpg,Recyclable,600,580,RGB,224,224,RGB,STANDARDIZED
Recyclable/plastic_bottles/102178025-Premium_Platic_Bottles.jpg,Recyclable,3870,2575,RGB,224,224,RGB,STANDARDIZED
Recyclable/plastic_bottles/15537477-three-soda-water-bottles-isolated-on-white-background.jpg,Recyclable,1300,1112,RGB,224,224,RGB,STANDARDIZED
Recyclable/plastic_bottles/1574672891_p_5170256_1028237.jpeg,Recyclable,400,600,RGB,224,224,RGB,STANDARDIZED
Recyclable/plastic_bottles/1600x960_205472-untitled-design-2021-10-26t214840301.jpg,Recyclable,1600,960,RGB,224,224,RGB,STANDARDIZED
Recyclable/plastic_bottles/210205135323-20210205-coca-cola-13-2-ounce.jpg,Recyclable,800,450,RGB,224,224,RGB,STANDARDIZED
Recyclable/plastic_bottles/220728-coke-bottles-mjf-0712-f4d231.jpg,Recyclable,1500,887,RGB,224,224,RGB,STANDARDIZED
Recyclable/plastic_bottles/230316091950-01-plastic-water-bottle-industry-climate.jpg,Recyclable,800,529,RGB,224,224,RGB,STANDARDIZED
Recyclable/plastic_bottles/250ml-soda-pet-bottle.jpg,Recyclable,1000,1000,RGB,224,224,RGB,STANDARDIZED
Recyclable/plastic_bottles/360_F_231374564_5AGJByMj7j82L1BBMkxtTIntwrykx7Ys.jpg,Recyclable,649,360,RGB,224,224,RGB,STANDARDIZED
Recyclable/plastic_bottles/360_F_271992081_U3HO92OxojSCTyZhRnX9op5AyCCz0zYL.jpg,Recyclable,540,360,RGB,224,224,RGB,STANDARDIZED
Recyclable/plastic_bottles/4212d915183728270996d833a9ec3a2d--soda-bottle-crafts-soda-bottles.jpg,Recyclable,735,801,RGB,224,224,RGB,STANDARDIZED
Recyclable/plastic_bottles/51BtdZcVlML._AC_UF10001000_QL80_.jpg,Recyclable,1000,905,RGB,224,224,RGB,STANDARDIZED
Recyclable/plastic_bottles/5Different-types-of-PET-Source_-Hasiru-Dala-Innovations-1024x682.jpeg,Recyclable,1024,682,RGB,224,224,RGB,STANDARDIZED
Recyclable/plastic_bottles/60_ways_to_reuse_plastic_bottles.jpeg,Recyclable,2250,1500,RGB,224,224,RGB,STANDARDIZED
Recyclable/plastic_bottles/61355355.jpg,Recyclable,450,424,RGB,224,224,RGB,STANDARDIZED
Recyclable/plastic_bottles/61vXqdLDGL.jpg,Recyclable,1600,1600,RGB,224,224,RGB,STANDARDIZED
Recyclable/plastic_bottles/7-ways-to-upcycle-plastic-bottles-in-the-garden-pest-traps.jpg,Recyclable,822,500,RGB,224,224,RGB,STANDARDIZED
Recyclable/plastic_bottles/71MgpJ3gFZL.jpg,Recyclable,1656,1500,RGB,224,224,RGB,STANDARDIZED
Recyclable/plastic_bottles/750-soda-extra-punch-plastic-bottle-kinley-original-imafcvvq3gqyzxrf.jpeg,Recyclable,279,1000,RGB,224,224,RGB,STANDARDIZED
Recyclable/plastic_bottles/Aluminium_Plastics_Wood-Mackenzie-1200x675.png,Recyclable,1200,675,RGBA,224,224,RGB,STANDARDIZED
Recyclable/plastic_bottles/Antifreeze.jpg,Recyclable,1024,1280,RGB,224,224,RGB,STANDARDIZED
Recyclable/plastic_bottles/Black_and_white_Coke_Zero.jpg,Recyclable,724,1026,RGB,224,224,RGB,STANDARDIZED
Recyclable/plastic_bottles/Bottled-water-packaging-uses-59-less-PET-plastic-than-other-beverages.jpg,Recyclable,724,483,RGB,224,224,RGB,STANDARDIZED
Recyclable/plastic_bottles/CSD_ogolnie.jpg,Recyclable,2000,1349,RGB,224,224,RGB,STANDARDIZED
Recyclable/plastic_bottles/Dasani_web_3.6303e0c91079d.png,Recyclable,1920,1487,RGBA,224,224,RGB,STANDARDIZED
Recyclable/plastic_bottles/F7GECBQH3Z3V3FE.jpg,Recyclable,640,425,RGB,224,224,RGB,STANDARDIZED
Recyclable/plastic_bottles/Featured-Image-Coca-Cola-Update-e1680790895392.jpg,Recyclable,1440,810,RGB,224,224,RGB,STANDARDIZED
Recyclable/plastic_bottles/GettyImages-1250476314.jpg,Recyclable,2400,1600,RGB,224,224,RGB,STANDARDIZED
Recyclable/plastic_bottles/H9436b5a8afeb4b8685783aec367a9022q.jpg,Recyclable,810,810,RGB,224,224,RGB,STANDARDIZED
Recyclable/plastic_bottles/How-Much-Money-Is-There-In-Plastic-Bottles.png,Recyclable,1004,590,RGBA,224,224,RGB,STANDARDIZED
Recyclable/plastic_bottles/How-To-Make-A-Soda-Bottle-cloche-Garden-Gate-Magazine.jpg,Recyclable,570,750,RGB,224,224,RGB,STANDARDIZED
Recyclable/plastic_bottles/IMG_2192.jpg,Recyclable,2448,3264,RGB,224,224,RGB,STANDARDIZED
Recyclable/plastic_bottles/Numbers_Behind_Water_Bottles2_099693d4-be78-45e8-bc4c-007319ffe0ac_1024x1024.jpg,Recyclable,1024,683,RGB,224,224,RGB,STANDARDIZED
Recyclable/plastic_bottles/PETE-Plastic-Bottle-Food-Storage-Post-Thumbnail-Copyright-Your-Family-Ark-LLC-950x666.jpg,Recyclable,950,666,RGB,224,224,RGB,STANDARDIZED
Recyclable/plastic_bottles/Pic1Waste-sorters-aggregators.jpeg,Recyclable,1232,924,RGB,224,224,RGB,STANDARDIZED
Recyclable/plastic_bottles/Polyethylene-Terephthalate-Water-Bottles.jpg,Recyclable,1000,662,RGB,224,224,RGB,STANDARDIZED
Recyclable/plastic_bottles/Reusable-Bottles-scaled.jpg,Recyclable,2560,1703,RGB,224,224,RGB,STANDARDIZED
Recyclable/plastic_bottles/SKINBOTTLE_P2_570x428.jpg,Recyclable,570,428,CMYK,224,224,RGB,STANDARDIZED
Recyclable/plastic_bottles/Screenshot-2021-11-01-at-22.49.21.png,Recyclable,2048,638,RGBA,224,224,RGB,STANDARDIZED
Recyclable/plastic_bottles/SodaBottle1.jpg,Recyclable,1000,750,RGB,224,224,RGB,STANDARDIZED
Recyclable/plastic_bottles/SodaBottle2.jpg,Recyclable,1000,750,RGB,224,224,RGB,STANDARDIZED
Recyclable/plastic_bottles/The-journey-to-100-recycled-plastic-bottles-rPET-in-the-UK.jpg,Recyclable,1865,1381,RGB,224,224,RGB,STANDARDIZED
Recyclable/plastic_bottles/WEBDasani-Sprite-Fesca-Seagrams--Mello-Yellow.png,Recyclable,1170,626,RGB,224,224,RGB,STANDARDIZED
Recyclable/plastic_bottles/_106025465_gettyimages-997802542.jpg,Recyclable,976,549,RGB,224,224,RGB,STANDARDIZED
Recyclable/plastic_bottles/_116927274_adez_paper_bottle.jpg,Recyclable,976,549,RGB,224,224,RGB,STANDARDIZED
Recyclable/plastic_bottles/a-discarded-old-bottle-of-coca-cola-in-water-closeup-2F3417K.jpg,Recyclable,1300,956,RGB,224,224,RGB,STANDARDIZED
Recyclable/plastic_bottles/aaede33392224d85fc52e77638a88bda.jpg,Recyclable,700,1000,RGB,224,224,RGB,STANDARDIZED
Recyclable/plastic_bottles/botella-plastico.jpg,Recyclable,920,720,RGB,224,224,RGB,STANDARDIZED
Recyclable/plastic_bottles/bottle-1300161_640.png,Recyclable,320,640,RGBA,224,224,RGB,STANDARDIZED
Recyclable/plastic_bottles/bottle-crafts-720x405.jpg,Recyclable,720,405,RGB,224,224,RGB,STANDARDIZED
Recyclable/plastic_bottles/bottleHistory.jpg,Recyclable,2400,1350,RGB,224,224,RGB,STANDARDIZED
Recyclable/plastic_bottles/bottles-to-fabric.jpg,Recyclable,1000,500,RGB,224,224,RGB,STANDARDIZED
Recyclable/plastic_bottles/bottles-with-soft-drink_1339-1839.jpg,Recyclable,626,505,RGB,224,224,RGB,STANDARDIZED
Recyclable/plastic_bottles/bottles3-kEpF--621x414LiveMint.JPG.jpg,Recyclable,621,414,RGB,224,224,RGB,STANDARDIZED
Recyclable/plastic_bottles/cfa2b386ae46a3e284981022398039a2--cola-packaging.jpg,Recyclable,736,389,RGB,224,224,RGB,STANDARDIZED
Recyclable/plastic_bottles/coca-cola-bottles.jpg,Recyclable,1600,900,RGB,224,224,RGB,STANDARDIZED
Recyclable/plastic_bottles/coca-cola-recycled-plastic-news_dezeen_2364_sq.jpg,Recyclable,2364,2364,RGB,224,224,RGB,STANDARDIZED
Recyclable/plastic_bottles/coke-rpet-portfolio-lineup.jpg,Recyclable,1440,480,RGB,224,224,RGB,STANDARDIZED
Recyclable/plastic_bottles/ctor-set-illustration-container-water-bottle-plastic-with-liquid_102902-4326.jpg,Recyclable,626,521,RGB,224,224,RGB,STANDARDIZED
Recyclable/plastic_bottles/d-water-drinks-in-bottles-plastic-beverage-bottles-icon-set-flat-icon-vector.jpg,Recyclable,1920,960,RGB,224,224,RGB,STANDARDIZED
Recyclable/plastic_bottles/ded-sea-waste-environment-contamination-neat-vector-illustration_81894-10608.jpg,Recyclable,626,397,RGB,224,224,RGB,STANDARDIZED
Recyclable/plastic_bottles/depositphotos_17414663-stock-photo-little-bottle-of-soda.jpg,Recyclable,559,1023,RGB,224,224,RGB,STANDARDIZED
Recyclable/plastic_bottles/depositphotos_32383859-stock-photo-set-of-water-bottles.jpg,Recyclable,1023,1023,RGB,224,224,RGB,STANDARDIZED
Recyclable/plastic_bottles/depositphotos_9379122-stock-photo-closeup-asssorted-soda-bottles.jpg,Recyclable,600,398,RGB,224,224,RGB,STANDARDIZED
Recyclable/plastic_bottles/detail-of-empty-water-bottle-collection-R166YG.jpg,Recyclable,1300,957,RGB,224,224,RGB,STANDARDIZED
Recyclable/plastic_bottles/drink-6537028_640.jpg,Recyclable,640,427,RGB,224,224,RGB,STANDARDIZED
Recyclable/plastic_bottles/drinks-cans-plastic-bottles-illustrations-set_74855-16864.jpg,Recyclable,626,626,RGB,224,224,RGB,STANDARDIZED
Recyclable/plastic_bottles/drip-feeder-338x600.jpg,Recyclable,338,600,RGB,224,224,RGB,STANDARDIZED
Recyclable/plastic_bottles/empty-glass-soda-water-bottles-in-crate-anand-charotar-gujarat-india-ET0G95.jpg,Recyclable,866,1390,RGB,224,224,RGB,STANDARDIZED
Recyclable/plastic_bottles/empty-plastic-soda-bottle-200ml.jpeg,Recyclable,1600,1600,RGB,224,224,RGB,STANDARDIZED
Recyclable/plastic_bottles/f4a7287c01c992ec201abd897da29b00.jpg,Recyclable,600,1093,RGB,224,224,RGB,STANDARDIZED
Recyclable/plastic_bottles/facts-about-plastic-bottles1.jpg,Recyclable,550,432,RGB,224,224,RGB,STANDARDIZED
Recyclable/plastic_bottles/facts-about-plastic-bottles2.jpg,Recyclable,550,526,RGB,224,224,RGB,STANDARDIZED
Recyclable/plastic_bottles/ft-grass-environmental-concept-bucharest-romania-coca-cola-plastic-185142975.jpg,Recyclable,800,601,RGB,224,224,RGB,STANDARDIZED
Recyclable/plastic_bottles/ht-p-make-a-soda-shorter.jpg,Recyclable,423,600,RGB,224,224,RGB,STANDARDIZED
Recyclable/plastic_bottles/le-soda-lemon-orange-and-water-drinks-in-bottles-plastic-beverage-1296536842.jpg,Recyclable,1500,1038,RGB,224,224,RGB,STANDARDIZED
Recyclable/plastic_bottles/lemonade-plastic-bottles-citrus-orange-lemon-soda-water_101087-176.jpg,Recyclable,626,626,RGB,224,224,RGB,STANDARDIZED
Recyclable/plastic_bottles/linder-with-tap-and-pump-containers-for-clean-water-and-beverages-2175350909.jpg,Recyclable,1500,1366,RGB,224,224,RGB,STANDARDIZED
Recyclable/plastic_bottles/maxresdefault.jpg,Recyclable,1280,720,RGB,224,224,RGB,STANDARDIZED
Recyclable/plastic_bottles/maxresdefault2.jpg,Recyclable,1280,720,RGB,224,224,RGB,STANDARDIZED
Recyclable/plastic_bottles/maxresdefault3.jpg,Recyclable,1280,720,RGB,224,224,RGB,STANDARDIZED
Recyclable/plastic_bottles/minium-vs-carton-carbon-footprint-p6s8ct2sc0qlo3sipt9k1m2zjocwp37mfzvcpsjmh4.png,Recyclable,1140,500,RGBA,224,224,RGB,STANDARDIZED
Recyclable/plastic_bottles/mysoda-bottle-0.5l-white-2pcs-crop.jpg,Recyclable,800,812,RGB,224,224,RGB,STANDARDIZED
Recyclable/plastic_bottles/pet-bottle-recycling.jpg,Recyclable,660,357,RGB,224,224,RGB,STANDARDIZED
Recyclable/plastic_bottles/pet-plastic-soda-bottles-category.png,Recyclable,800,1000,RGB,224,224,RGB,STANDARDIZED
Recyclable/plastic_bottles/pexels-photo-802221.jpeg,Recyclable,3256,2166,RGB,224,224,RGB,STANDARDIZED
Recyclable/plastic_bottles/plass.jpg,Recyclable,628,628,RGB,224,224,RGB,STANDARDIZED
Recyclable/plastic_bottles/plastic-bottle-ocean-1200x600.jpg,Recyclable,1200,600,RGB,224,224,RGB,STANDARDIZED
Recyclable/plastic_bottles/plastic-bottles-mineral-water-soda-can_101087-305.jpg,Recyclable,626,626,RGB,224,224,RGB,STANDARDIZED
Recyclable/plastic_bottles/plastic-bottles-of-assorted-carbonated-soft-drinks-in-variety-of-colors-MG89G6.jpg,Recyclable,1039,1390,RGB,224,224,RGB,STANDARDIZED
Recyclable/plastic_bottles/plastic-bottles-of-assorted-carbonated-soft-drinks-in-variety-of-colors-T39G53.jpg,Recyclable,1300,809,RGB,224,224,RGB,STANDARDIZED
Recyclable/plastic_bottles/plastic-bottles.jpg,Recyclable,1280,853,RGB,224,224,RGB,STANDARDIZED
Recyclable/plastic_bottles/plastic-soda-bottle.jpg,Recyclable,1500,1539,RGB,224,224,RGB,STANDARDIZED
Recyclable/plastic_bottles/plastic-water-bottles-environmental-impacts.jpg,Recyclable,1920,533,RGB,224,224,RGB,STANDARDIZED
Recyclable/plastic_bottles/plastic-water-bottles-facts.jpg,Recyclable,1000,667,RGB,224,224,RGB,STANDARDIZED
Recyclable/plastic_bottles/ple-soft-drink-bottles-without-and-with-drops-on-white-background-2080245079.jpg,Recyclable,1500,1600,RGB,224,224,RGB,STANDARDIZED
Recyclable/plastic_bottles/png-clipart-plastic-bag-plastic-bottle-water-bottles-water-dam-photography-recycling.png,Recyclable,900,560,P,224,224,RGB,STANDARDIZED
Recyclable/plastic_bottles/roud-empty-plastic-soda-bottle-groud-garbage-pollution-environment-177143555.jpg,Recyclable,1600,1290,RGB,224,224,RGB,STANDARDIZED
Recyclable/plastic_bottles/scenes-in-bottles.png,Recyclable,479,458,RGB,224,224,RGB,STANDARDIZED
Recyclable/plastic_bottles/set-of-plastic-bottle-of-water-and-sweet-soda-cola-vector-21591062.jpg,Recyclable,1000,780,RGB,224,224,RGB,STANDARDIZED
Recyclable/plastic_bottles/shutterstock-large-file.jpg,Recyclable,780,517,RGB,224,224,RGB,STANDARDIZED
Recyclable/plastic_bottles/soda-bottle-2308606.jpg,Recyclable,1200,1690,RGB,224,224,RGB,STANDARDIZED
Recyclable/plastic_bottles/soda-bottle-watering-can.jpg,Recyclable,954,1600,RGB,224,224,RGB,STANDARDIZED
Recyclable/plastic_bottles/soda-drink-bottles-soft-drinks-in-plastic-bottle-vector-30704743.jpg,Recyclable,1000,862,RGB,224,224,RGB,STANDARDIZED
Recyclable/plastic_bottles/soda-plastic-bottle-21860919.jpg,Recyclable,1067,1690,RGB,224,224,RGB,STANDARDIZED
Recyclable/plastic_bottles/sprite_custom-69f1695b46d4430dda05de4503fc55028693fe4c.jpg,Recyclable,4800,2696,RGB,224,224,RGB,STANDARDIZED
Recyclable/plastic_bottles/stock-photo-bottle-empty-isolated-on-white-background-2132182071.jpg,Recyclable,1500,826,RGB,224,224,RGB,STANDARDIZED
Recyclable/plastic_bottles/t-water-fizzy-beverage-illustration-vinnitsa-ukraine-may-17-2022-free-vector.jpg,Recyclable,1920,1280,RGB,224,224,RGB,STANDARDIZED
Recyclable/plastic_bottles/tanvi-sharma--4bD2p5.jpg,Recyclable,1680,1260,RGB,224,224,RGB,STANDARDIZED
Recyclable/plastic_bottles/terrarium-cut-bottle.jpg,Recyclable,4932,3288,RGB,224,224,RGB,STANDARDIZED
Recyclable/plastic_bottles/upcycle-plastic-bottles-in-the-garden-pv2.jpg,Recyclable,822,462,RGB,224,224,RGB,STANDARDIZED
Recyclable/plastic_bottles/veragepepsiplastic-bottlelogopromotion-throwbackmade-with-real-sugar-2J30PJ3.jpg,Recyclable,866,1390,RGB,224,224,RGB,STANDARDIZED
Recyclable/plastic_bottles/water-bottle-reuse-feat.jpg,Recyclable,690,350,RGB,224,224,RGB,STANDARDIZED
Recyclable/plastic_bottles/water-bottles-plastic-bottle-collection-260nw-1953297745.jpg,Recyclable,1040,280,RGB,224,224,RGB,STANDARDIZED
Recyclable/plastic_bottles/zk2uCsZ0-plastic-bottles.jpg,Recyclable,745,500,RGB,224,224,RGB,STANDARDIZED
