relative_path,filename,class,extension,file_size_bytes,status,reason,width,height,mode
Hazardous/Hazardous/batteries/1-s2.0-S0892687521004477-ga1.jpg,1-s2.0-S0892687521004477-ga1.jpg,Hazardous,.jpg,29714,KEEP,,447,200,RGB
Hazardous/Hazardous/batteries/1-s2.0-S2405829720304827-fx1.jpg,1-s2.0-S2405829720304827-fx1.jpg,Hazardous,.jpg,38350,KEEP,,245,245,RGB
Hazardous/Hazardous/batteries/1-s2.0-S2666016421000268-ga1.jpg,1-s2.0-S2666016421000268-ga1.jpg,Hazardous,.jpg,32747,KEEP,,340,200,RGB
Hazardous/Hazardous/batteries/12209_2020_236_Fig1_HTML.png,12209_2020_236_Fig1_HTML.png,Hazardous,.png,417103,KEEP,,685,641,RGB
Hazardous/Hazardous/batteries/12209_2020_236_Fig2_HTML.png,12209_2020_236_Fig2_HTML.png,Hazardous,.png,243214,KEEP,,685,436,RGB
Hazardous/Hazardous/batteries/18650Cell.jpg,18650Cell.jpg,Hazardous,.jpg,240475,KEEP,,750,563,RGB
Hazardous/Hazardous/batteries/19.13.jpg,19.13.jpg,Hazardous,.jpg,229671,KEEP,,2733,1049,RGB
Hazardous/Hazardous/batteries/1_Picture7.png,1_Picture7.png,Hazardous,.png,105763,KEEP,,640,515,RGB
Hazardous/Hazardous/batteries/40422.MN2400B8.jpg,40422.MN2400B8.jpg,Hazardous,.jpg,1715288,KEEP,,1502,1801,CMYK
Hazardous/Hazardous/batteries/41560_2019_368_Fig1_HTML.png,41560_2019_368_Fig1_HTML.png,Hazardous,.png,467929,KEEP,,2119,1359,RGB
Hazardous/Hazardous/batteries/41586_2019_1682_Fig1_HTML.png,41586_2019_1682_Fig1_HTML.png,Hazardous,.png,69191,KEEP,,1690,603,RGB
Hazardous/Hazardous/batteries/41598_2013_Article_BFsrep01946_Fig1_HTML.jpg,41598_2013_Article_BFsrep01946_Fig1_HTML.jpg,Hazardous,.jpg,279656,KEEP,,2097,1346,RGB
Hazardous/Hazardous/batteries/800px-Alkali_battery_5.jpg,800px-Alkali_battery_5.jpg,Hazardous,.jpg,77214,KEEP,,800,600,RGB
Hazardous/Hazardous/batteries/AA_matchstick-1.jpg,AA_matchstick-1.jpg,Hazardous,.jpg,118490,KEEP,,600,762,RGB
Hazardous/Hazardous/batteries/AMP-17_61f252bb2428a.jpg,AMP-17_61f252bb2428a.jpg,Hazardous,.jpg,258129,KEEP,,1200,900,RGB
Hazardous/Hazardous/batteries/AdobeStock_58870390.jpeg,AdobeStock_58870390.jpeg,Hazardous,.jpeg,917076,KEEP,,6500,4500,RGB
Hazardous/Hazardous/batteries/Alkaline-Batteries-What-Battery-Suppliers-Consider-Their-Advantages--e1538514638890.jpg,Alkaline-Batteries-What-Battery-Suppliers-Consider-Their-Advantages--e1538514638890.jpg,Hazardous,.jpg,112988,KEEP,,800,715,RGB
Hazardous/Hazardous/batteries/Alkaline-Battery-vs-Lithium-Battery.jpg,Alkaline-Battery-vs-Lithium-Battery.jpg,Hazardous,.jpg,103151,KEEP,,1200,800,RGB
Hazardous/Hazardous/batteries/Alkaline-batteries.jpg,Alkaline-batteries.jpg,Hazardous,.jpg,227633,KEEP,,800,470,RGB
Hazardous/Hazardous/batteries/Alkaline-vs.-Lithium-Batteries.png,Alkaline-vs.-Lithium-Batteries.png,Hazardous,.png,128347,KEEP,,840,2452,P
Hazardous/Hazardous/batteries/Batteries-.jpg,Batteries-.jpg,Hazardous,.jpg,152332,KEEP,,1920,1080,RGB
Hazardous/Hazardous/batteries/Batteries3.jpg,Batteries3.jpg,Hazardous,.jpg,225229,KEEP,,698,524,RGB
Hazardous/Hazardous/batteries/Batteries_-Lithium-Ion-Battery-and-Lithium-Polymer-Battery-Explained.png,Batteries_-Lithium-Ion-Battery-and-Lithium-Polymer-Battery-Explained.png,Hazardous,.png,246909,KEEP,,2240,1260,P
Hazardous/Hazardous/batteries/Cutaway-view-dioxide-power-cell.jpg,Cutaway-view-dioxide-power-cell.jpg,Hazardous,.jpg,154348,KEEP,,1600,1086,RGB
Hazardous/Hazardous/batteries/Difference-Between-Alkaline-and-Lithium-Batteries-Tabular-Form.jpg,Difference-Between-Alkaline-and-Lithium-Batteries-Tabular-Form.jpg,Hazardous,.jpg,516478,KEEP,,735,1000,RGB
Hazardous/Hazardous/batteries/Different-Types-of-Batteries.jpg,Different-Types-of-Batteries.jpg,Hazardous,.jpg,79658,KEEP,,1200,732,RGB
Hazardous/Hazardous/batteries/EDR-2.jpg,EDR-2.jpg,Hazardous,.jpg,109887,KEEP,,1000,635,RGB
Hazardous/Hazardous/batteries/EG-BA-LR20-01_hires_photo---dea0b151-d0a5-4bac-9036-259aa2110a20.JPG.jpg,EG-BA-LR20-01_hires_photo---dea0b151-d0a5-4bac-9036-259aa2110a20.JPG.jpg,Hazardous,.jpg,5958677,KEEP,,5568,3712,RGB
Hazardous/Hazardous/batteries/Eneloop_6420.jpg,Eneloop_6420.jpg,Hazardous,.jpg,883277,KEEP,,3000,3000,RGB
Hazardous/Hazardous/batteries/Intro-to-batteries-featured.jpg,Intro-to-batteries-featured.jpg,Hazardous,.jpg,64190,KEEP,,770,603,RGB
Hazardous/Hazardous/batteries/Li-Batteries-for-Disposal-or-Recycling-1024x575.png,Li-Batteries-for-Disposal-or-Recycling-1024x575.png,Hazardous,.png,1124676,KEEP,,1024,575,RGBA
Hazardous/Hazardous/batteries/Life-cycle-inventory-of-Li-ion-battery-Ecoinvent-30-Battery-Li-ion-rechargeable.png,Life-cycle-inventory-of-Li-ion-battery-Ecoinvent-30-Battery-Li-ion-rechargeable.png,Hazardous,.png,98143,KEEP,,850,704,P
Hazardous/Hazardous/batteries/Lithium-Batteries-vs-Alkaline-Batteries.jpg,Lithium-Batteries-vs-Alkaline-Batteries.jpg,Hazardous,.jpg,40325,KEEP,,800,400,RGB
Hazardous/Hazardous/batteries/Lithium-Batteries.jpg,Lithium-Batteries.jpg,Hazardous,.jpg,96280,KEEP,,1607,577,RGB
Hazardous/Hazardous/batteries/Lithium-ion-lithium-polymer-superhero-battery-blog-cover-image.jpg,Lithium-ion-lithium-polymer-superhero-battery-blog-cover-image.jpg,Hazardous,.jpg,234821,KEEP,,768,510,RGB
Hazardous/Hazardous/batteries/Lithium-ion_battery.jpg,Lithium-ion_battery.jpg,Hazardous,.jpg,73756,KEEP,,600,600,RGB
Hazardous/Hazardous/batteries/Lithium20batttery20pic.jpg,Lithium20batttery20pic.jpg,Hazardous,.jpg,182918,KEEP,,1858,580,RGB
Hazardous/Hazardous/batteries/Lithium_battery_terminal_image_EN.jpg,Lithium_battery_terminal_image_EN.jpg,Hazardous,.jpg,74234,KEEP,,818,430,RGB
Hazardous/Hazardous/batteries/NAWMA-Safe-Battery-Recycling-content.jpg,NAWMA-Safe-Battery-Recycling-content.jpg,Hazardous,.jpg,340655,KEEP,,1695,1100,RGB
Hazardous/Hazardous/batteries/Nokia_Battery.jpg,Nokia_Battery.jpg,Hazardous,.jpg,1495496,KEEP,,2425,1769,RGB
Hazardous/Hazardous/batteries/Photo-collage-of-different-types-of-batteries-12022022.jpg.webp,Photo-collage-of-different-types-of-batteries-12022022.jpg.webp,Hazardous,.webp,90372,KEEP,,1200,800,RGB
Hazardous/Hazardous/batteries/Primary-battery-types.png,Primary-battery-types.png,Hazardous,.png,32098,KEEP,,960,540,P
Hazardous/Hazardous/batteries/Screen-Shot-2021-07-20-at-10.37.08-AM.png,Screen-Shot-2021-07-20-at-10.37.08-AM.png,Hazardous,.png,90689,KEEP,,1300,386,RGBA
Hazardous/Hazardous/batteries/The_ultimate_comparative_analysis_of_carbon_zinc_battery_vs_alkaline_800x.jpg,The_ultimate_comparative_analysis_of_carbon_zinc_battery_vs_alkaline_800x.jpg,Hazardous,.jpg,55828,KEEP,,800,494,RGB
Hazardous/Hazardous/batteries/Types-of-Batteries-1.jpg,Types-of-Batteries-1.jpg,Hazardous,.jpg,52802,KEEP,,1351,760,RGB
Hazardous/Hazardous/batteries/Types-of-Batteries-Featured-Image.jpg,Types-of-Batteries-Featured-Image.jpg,Hazardous,.jpg,78307,KEEP,,750,421,RGB
Hazardous/Hazardous/batteries/Types-of-Batteries.jpg,Types-of-Batteries.jpg,Hazardous,.jpg,76907,KEEP,,750,432,RGB
Hazardous/Hazardous/batteries/Types-of-BatteriesPrimary-and-Secondary.jpg,Types-of-BatteriesPrimary-and-Secondary.jpg,Hazardous,.jpg,40036,KEEP,,800,450,RGB
Hazardous/Hazardous/batteries/Types-of-rechargeable-batteries-.jpg,Types-of-rechargeable-batteries-.jpg,Hazardous,.jpg,46090,KEEP,,698,564,RGB
Hazardous/Hazardous/batteries/TypesofBatteries.jpg,TypesofBatteries.jpg,Hazardous,.jpg,54411,KEEP,,1000,655,RGB
Hazardous/Hazardous/batteries/What_Batteries_are_Best_for_Flashlights_2991x.jpg,What_Batteries_are_Best_for_Flashlights_2991x.jpg,Hazardous,.jpg,167661,KEEP,,2991,1648,RGB
Hazardous/Hazardous/batteries/aenm202102917-fig-0006-m.jpg,aenm202102917-fig-0006-m.jpg,Hazardous,.jpg,198484,KEEP,,1364,1021,RGB
Hazardous/Hazardous/batteries/alkaline-batteries-for-recyling.jpg,alkaline-batteries-for-recyling.jpg,Hazardous,.jpg,157721,KEEP,,600,387,RGB
Hazardous/Hazardous/batteries/alkaline-battery_en.jpg,alkaline-battery_en.jpg,Hazardous,.jpg,56373,KEEP,,380,380,RGB
Hazardous/Hazardous/batteries/alkaline-zinc-carbon.jpg,alkaline-zinc-carbon.jpg,Hazardous,.jpg,41387,KEEP,,325,217,RGB
Hazardous/Hazardous/batteries/basic-lithium-ion-battery-5-2_en.png,basic-lithium-ion-battery-5-2_en.png,Hazardous,.png,53339,KEEP,,1200,800,RGB
Hazardous/Hazardous/batteries/batterien_seen_fotolia_26510842_m.jpg,batterien_seen_fotolia_26510842_m.jpg,Hazardous,.jpg,732848,KEEP,,1576,1206,RGB
Hazardous/Hazardous/batteries/batteries-04-00007-g002.png,batteries-04-00007-g002.png,Hazardous,.png,2071851,KEEP,,2390,2211,RGB
Hazardous/Hazardous/batteries/batteries-05-00068-g001.png,batteries-05-00068-g001.png,Hazardous,.png,1110623,KEEP,,3721,2222,RGB
Hazardous/Hazardous/batteries/batteries-scaled.jpg,batteries-scaled.jpg,Hazardous,.jpg,1252165,KEEP,,2560,1920,RGB
Hazardous/Hazardous/batteries/batteries2.jpg,batteries2.jpg,Hazardous,.jpg,452311,KEEP,,2716,1810,RGB
Hazardous/Hazardous/batteries/batteries20in20a20pile20WEEE.jpeg,batteries20in20a20pile20WEEE.jpeg,Hazardous,.jpeg,68117,KEEP,,400,300,RGB
Hazardous/Hazardous/batteries/batteries_as_hero.jpg,batteries_as_hero.jpg,Hazardous,.jpg,271014,KEEP,,992,661,RGB
Hazardous/Hazardous/batteries/battery-directive-european-union.jpg,battery-directive-european-union.jpg,Hazardous,.jpg,35393,KEEP,,613,345,RGB
Hazardous/Hazardous/batteries/battery-recycling.jpg,battery-recycling.jpg,Hazardous,.jpg,124133,KEEP,,1024,1024,RGB
Hazardous/Hazardous/batteries/battery-recycling2.jpg,battery-recycling2.jpg,Hazardous,.jpg,37222,KEEP,,728,489,RGB
Hazardous/Hazardous/batteries/battery-types-and-sizes.jpg.webp,battery-types-and-sizes.jpg.webp,Hazardous,.webp,31146,KEEP,,800,600,RGB
Hazardous/Hazardous/batteries/battery_recycling.jpg,battery_recycling.jpg,Hazardous,.jpg,107226,KEEP,,780,520,RGB
Hazardous/Hazardous/batteries/battery_sizing.jpg,battery_sizing.jpg,Hazardous,.jpg,43698,KEEP,,900,560,RGB
Hazardous/Hazardous/batteries/bu-social.jpg,bu-social.jpg,Hazardous,.jpg,244784,KEEP,,1600,821,RGB
Hazardous/Hazardous/batteries/carbon-zinc-battery-vs-alkaline.jpg,carbon-zinc-battery-vs-alkaline.jpg,Hazardous,.jpg,50181,KEEP,,1000,750,RGB
Hazardous/Hazardous/batteries/collected-to-take-to-be-recycled-rather-than-be-dumped-into-landfill-2GDCM0M.jpg,collected-to-take-to-be-recycled-rather-than-be-dumped-into-landfill-2GDCM0M.jpg,Hazardous,.jpg,213803,KEEP,,1300,950,RGB
Hazardous/Hazardous/batteries/common-alkaline-battery-sizes.jpg,common-alkaline-battery-sizes.jpg,Hazardous,.jpg,353393,KEEP,,1246,853,RGB
Hazardous/Hazardous/batteries/creens-LCD-iPhone-panels-laptop-collected-for-disposal-in-plastic-containers.png,creens-LCD-iPhone-panels-laptop-collected-for-disposal-in-plastic-containers.png,Hazardous,.png,628432,KEEP,,1440,792,P
Hazardous/Hazardous/batteries/d1ma00216c-f4_hi-res.gif,d1ma00216c-f4_hi-res.gif,Hazardous,.gif,364936,KEEP,,2000,826,P
Hazardous/Hazardous/batteries/d1ma00216c-f6_hi-res.gif,d1ma00216c-f6_hi-res.gif,Hazardous,.gif,113563,KEEP,,975,1016,P
Hazardous/Hazardous/batteries/ef1c02489_0011.jpeg,ef1c02489_0011.jpeg,Hazardous,.jpeg,173429,KEEP,,1000,713,RGB
Hazardous/Hazardous/batteries/energizer-cold-weather-lithium-aa-battery.jpg,energizer-cold-weather-lithium-aa-battery.jpg,Hazardous,.jpg,29946,KEEP,,800,494,RGB
Hazardous/Hazardous/batteries/fenrg-08-571440-g001.jpg,fenrg-08-571440-g001.jpg,Hazardous,.jpg,183419,KEEP,,1950,1268,RGB
Hazardous/Hazardous/batteries/file-20201020-17-1x28u8s.jpg,file-20201020-17-1x28u8s.jpg,Hazardous,.jpg,360182,KEEP,,1920,1171,RGB
Hazardous/Hazardous/batteries/image-2-716x1024.png,image-2-716x1024.png,Hazardous,.png,921117,KEEP,,716,1024,RGBA
Hazardous/Hazardous/batteries/imageqz6zbg.png,imageqz6zbg.png,Hazardous,.png,59961,KEEP,,388,190,RGB
Hazardous/Hazardous/batteries/imagescxsuu.png,imagescxsuu.png,Hazardous,.png,68823,KEEP,,404,184,RGB
Hazardous/Hazardous/batteries/inf212000-fig-0001-m.jpg,inf212000-fig-0001-m.jpg,Hazardous,.jpg,868129,KEEP,,2128,2161,RGB
Hazardous/Hazardous/batteries/inf212000-fig-0004-m.jpg,inf212000-fig-0004-m.jpg,Hazardous,.jpg,327082,KEEP,,2128,1409,RGB
Hazardous/Hazardous/batteries/know-what-type-of-battery-to-use-in-equipment2.jpg,know-what-type-of-battery-to-use-in-equipment2.jpg,Hazardous,.jpg,317600,KEEP,,1200,922,RGB
Hazardous/Hazardous/batteries/lifecycleimagebatteries.png,lifecycleimagebatteries.png,Hazardous,.png,74762,KEEP,,2200,1700,RGB
Hazardous/Hazardous/batteries/lithium-ion-aa-batteries.jpg,lithium-ion-aa-batteries.jpg,Hazardous,.jpg,72359,KEEP,,1474,1336,RGB
Hazardous/Hazardous/batteries/lithium-ion-batteries3.png,lithium-ion-batteries3.png,Hazardous,.png,288630,KEEP,,702,347,RGB
Hazardous/Hazardous/batteries/lithium-ion-watt-hours-highlighted.jpg,lithium-ion-watt-hours-highlighted.jpg,Hazardous,.jpg,100585,KEEP,,500,500,RGB
Hazardous/Hazardous/batteries/lithium-vs-alkaline-batteries-where-the-differences-and-which-is-better.jpg,lithium-vs-alkaline-batteries-where-the-differences-and-which-is-better.jpg,Hazardous,.jpg,50698,KEEP,,1000,750,RGB
Hazardous/Hazardous/batteries/lithium-vs-alkaline-batteries.png,lithium-vs-alkaline-batteries.png,Hazardous,.png,385090,KEEP,,1435,749,P
Hazardous/Hazardous/batteries/machinedesign_7204_pulse_plus_batteries_promo_0.png,machinedesign_7204_pulse_plus_batteries_promo_0.png,Hazardous,.png,232086,KEEP,,595,446,RGBA
Hazardous/Hazardous/batteries/maxresdefault.jpg,maxresdefault.jpg,Hazardous,.jpg,102740,KEEP,,1280,720,RGB
Hazardous/Hazardous/batteries/non-rechargeable-batteries-product-image_0.png,non-rechargeable-batteries-product-image_0.png,Hazardous,.png,93960,KEEP,,477,294,RGBA
Hazardous/Hazardous/batteries/photo_news_lithium_batteries_1100x500_NEW.jpg,photo_news_lithium_batteries_1100x500_NEW.jpg,Hazardous,.jpg,64085,KEEP,,1100,500,RGB
Hazardous/Hazardous/batteries/power-one-c-size-1-5v-battery-pack-of-2--500x500.jpg,power-one-c-size-1-5v-battery-pack-of-2--500x500.jpg,Hazardous,.jpg,30846,KEEP,,335,500,RGB
Hazardous/Hazardous/batteries/poweron-longlife-power-9v-mrp-265.jpg,poweron-longlife-power-9v-mrp-265.jpg,Hazardous,.jpg,75813,KEEP,,1024,1024,RGB
Hazardous/Hazardous/batteries/rechargeable-battery-2048px-5925.jpg,rechargeable-battery-2048px-5925.jpg,Hazardous,.jpg,155425,KEEP,,2048,1365,RGB
Hazardous/Hazardous/batteries/rechargeable-battery-2048px-5939.jpg,rechargeable-battery-2048px-5939.jpg,Hazardous,.jpg,170266,KEEP,,2048,1365,RGB
Hazardous/Hazardous/batteries/rechargeable-battery-2048px-5963-2x1-1.jpg,rechargeable-battery-2048px-5963-2x1-1.jpg,Hazardous,.jpg,216666,KEEP,,2048,1024,RGB
Hazardous/Hazardous/batteries/sc0c04940_0022.gif,sc0c04940_0022.gif,Hazardous,.gif,61456,KEEP,,500,295,P
Hazardous/Hazardous/batteries/sciadv.abm2422-f1.jpg,sciadv.abm2422-f1.jpg,Hazardous,.jpg,650148,KEEP,,3500,2325,RGB
Hazardous/Hazardous/batteries/smtd202000039-fig-0001-m.jpg,smtd202000039-fig-0001-m.jpg,Hazardous,.jpg,94507,KEEP,,667,513,RGB
Hazardous/Hazardous/batteries/spent-batteries-CNBG3H.jpg,spent-batteries-CNBG3H.jpg,Hazardous,.jpg,326755,KEEP,,1300,958,RGB
Hazardous/Hazardous/batteries/suschem-02-00011-g001.png,suschem-02-00011-g001.png,Hazardous,.png,488719,KEEP,,2497,1395,RGB
Hazardous/Hazardous/batteries/technology-0-1.jpg,technology-0-1.jpg,Hazardous,.jpg,806085,KEEP,,1550,1272,RGB
Hazardous/Hazardous/batteries/thehistoryan.jpg,thehistoryan.jpg,Hazardous,.jpg,58006,KEEP,,500,375,RGB
Hazardous/Hazardous/batteries/typical-lithium-ion-battery.png,typical-lithium-ion-battery.png,Hazardous,.png,141840,KEEP,,435,443,RGB
Hazardous/Hazardous/batteries/un3480.png,un3480.png,Hazardous,.png,239666,KEEP,,640,587,RGBA
Hazardous/Hazardous/batteries/using-alkaline-batteries-in-your-application.jpg,using-alkaline-batteries-in-your-application.jpg,Hazardous,.jpg,72913,KEEP,,650,466,RGB
Hazardous/Hazardous/batteries/van_dragt_102517_0032_how_to_choose_batteries.jpg,van_dragt_102517_0032_how_to_choose_batteries.jpg,Hazardous,.jpg,87118,KEEP,,900,450,RGB
Hazardous/Hazardous/batteries/what-is-a-lithium-ion-battery-what-are-the-types-of-lithium-ion-battery-chemistries.webp,what-is-a-lithium-ion-battery-what-are-the-types-of-lithium-ion-battery-chemistries.webp,Hazardous,.webp,67338,KEEP,,1280,720,RGB
Hazardous/Hazardous/e-waste/-1x-1 - Copy.jpg,-1x-1 - Copy.jpg,Hazardous,.jpg,186732,KEEP,,2000,1332,RGB
Hazardous/Hazardous/e-waste/-1x-1.jpg,-1x-1.jpg,Hazardous,.jpg,186732,KEEP,,2000,1332,RGB
Hazardous/Hazardous/e-waste/-august-heap-of-broken-smartphone-screen-e-waste-electronic-waste-1100705909 - Copy.jpg,-august-heap-of-broken-smartphone-screen-e-waste-electronic-waste-1100705909 - Copy.jpg,Hazardous,.jpg,1785698,KEEP,,1500,1225,RGB
Hazardous/Hazardous/e-waste/-august-heap-of-broken-smartphone-screen-e-waste-electronic-waste-1100705909.jpg,-august-heap-of-broken-smartphone-screen-e-waste-electronic-waste-1100705909.jpg,Hazardous,.jpg,1785698,KEEP,,1500,1225,RGB
Hazardous/Hazardous/e-waste/-garbage-sorting-eco-friendly-sign-for-web-page-app-ui-ux-gui-design-2CPCA8A - Copy.jpg,-garbage-sorting-eco-friendly-sign-for-web-page-app-ui-ux-gui-design-2CPCA8A - Copy.jpg,Hazardous,.jpg,89182,KEEP,,1230,1390,RGB
Hazardous/Hazardous/e-waste/-garbage-sorting-eco-friendly-sign-for-web-page-app-ui-ux-gui-design-2CPCA8A.jpg,-garbage-sorting-eco-friendly-sign-for-web-page-app-ui-ux-gui-design-2CPCA8A.jpg,Hazardous,.jpg,89182,KEEP,,1230,1390,RGB
Hazardous/Hazardous/e-waste/-mixed-electronic-waste-old-broken-computer-parts-and-cell-phones-1545599141 - Copy.jpg,-mixed-electronic-waste-old-broken-computer-parts-and-cell-phones-1545599141 - Copy.jpg,Hazardous,.jpg,1735820,KEEP,,1500,996,RGB
Hazardous/Hazardous/e-waste/-mixed-electronic-waste-old-broken-computer-parts-and-cell-phones-1545599141.jpg,-mixed-electronic-waste-old-broken-computer-parts-and-cell-phones-1545599141.jpg,Hazardous,.jpg,1735820,KEEP,,1500,996,RGB
Hazardous/Hazardous/e-waste/0.40042800_1555498967_e-waste2 - Copy.jpg,0.40042800_1555498967_e-waste2 - Copy.jpg,Hazardous,.jpg,180753,KEEP,,1024,682,RGB
Hazardous/Hazardous/e-waste/0.40042800_1555498967_e-waste2.jpg,0.40042800_1555498967_e-waste2.jpg,Hazardous,.jpg,180753,KEEP,,1024,682,RGB
Hazardous/Hazardous/e-waste/01-e-waste-millions-tons - Copy.jpg,01-e-waste-millions-tons - Copy.jpg,Hazardous,.jpg,1415387,KEEP,,3072,2048,RGB
Hazardous/Hazardous/e-waste/01-e-waste-millions-tons.jpg,01-e-waste-millions-tons.jpg,Hazardous,.jpg,1415387,KEEP,,3072,2048,RGB
Hazardous/Hazardous/e-waste/01-e-waste-millions-tons_square - Copy.jpg,01-e-waste-millions-tons_square - Copy.jpg,Hazardous,.jpg,1742451,KEEP,,3072,3072,RGB
Hazardous/Hazardous/e-waste/01-e-waste-millions-tons_square.jpg,01-e-waste-millions-tons_square.jpg,Hazardous,.jpg,1742451,KEEP,,3072,3072,RGB
Hazardous/Hazardous/e-waste/02bulb-web2-1454343899851-superJumbo - Copy.jpg,02bulb-web2-1454343899851-superJumbo - Copy.jpg,Hazardous,.jpg,162227,KEEP,,1955,2048,RGB
Hazardous/Hazardous/e-waste/02bulb-web2-1454343899851-superJumbo.jpg,02bulb-web2-1454343899851-superJumbo.jpg,Hazardous,.jpg,162227,KEEP,,1955,2048,RGB
Hazardous/Hazardous/e-waste/04801E3UVtxDTDY9ek1ovu0-3..v1618408208 - Copy.jpg,04801E3UVtxDTDY9ek1ovu0-3..v1618408208 - Copy.jpg,Hazardous,.jpg,286948,KEEP,,1920,1319,RGB
Hazardous/Hazardous/e-waste/04801E3UVtxDTDY9ek1ovu0-3..v1618408208.jpg,04801E3UVtxDTDY9ek1ovu0-3..v1618408208.jpg,Hazardous,.jpg,286948,KEEP,,1920,1319,RGB
Hazardous/Hazardous/e-waste/09109-scicon-lightbulbcxd - Copy.jpg,09109-scicon-lightbulbcxd - Copy.jpg,Hazardous,.jpg,108215,KEEP,,423,700,RGB
Hazardous/Hazardous/e-waste/09109-scicon-lightbulbcxd.jpg,09109-scicon-lightbulbcxd.jpg,Hazardous,.jpg,108215,KEEP,,423,700,RGB
Hazardous/Hazardous/e-waste/1-compact-fluorescent-bird-lamp-full-spectrum-lighting-bulb-2-4-original-imag9836wgsrnaev - Copy.jpeg,1-compact-fluorescent-bird-lamp-full-spectrum-lighting-bulb-2-4-original-imag9836wgsrnaev - Copy.jpeg,Hazardous,.jpeg,64401,KEEP,,850,826,RGB
Hazardous/Hazardous/e-waste/1-compact-fluorescent-bird-lamp-full-spectrum-lighting-bulb-2-4-original-imag9836wgsrnaev.jpeg,1-compact-fluorescent-bird-lamp-full-spectrum-lighting-bulb-2-4-original-imag9836wgsrnaev.jpeg,Hazardous,.jpeg,64401,KEEP,,850,826,RGB
Hazardous/Hazardous/e-waste/1-s2.0-S2352186421006970-gr4 - Copy.jpg,1-s2.0-S2352186421006970-gr4 - Copy.jpg,Hazardous,.jpg,31135,KEEP,,376,324,RGB
Hazardous/Hazardous/e-waste/1-s2.0-S2352186421006970-gr4.jpg,1-s2.0-S2352186421006970-gr4.jpg,Hazardous,.jpg,31135,KEEP,,376,324,RGB
Hazardous/Hazardous/e-waste/1000_F_137113944_B7B2w62hhwjr7dWy8R5nYwwlHIwCRu6S - Copy.jpg,1000_F_137113944_B7B2w62hhwjr7dWy8R5nYwwlHIwCRu6S - Copy.jpg,Hazardous,.jpg,103114,KEEP,,1000,1000,RGB
Hazardous/Hazardous/e-waste/1000_F_137113944_B7B2w62hhwjr7dWy8R5nYwwlHIwCRu6S.jpg,1000_F_137113944_B7B2w62hhwjr7dWy8R5nYwwlHIwCRu6S.jpg,Hazardous,.jpg,103114,KEEP,,1000,1000,RGB
Hazardous/Hazardous/e-waste/1200px-Energiesparlampe_01_retouched - Copy.jpg,1200px-Energiesparlampe_01_retouched - Copy.jpg,Hazardous,.jpg,57282,KEEP,,1200,855,RGB
Hazardous/Hazardous/e-waste/1200px-Energiesparlampe_01_retouched.jpg,1200px-Energiesparlampe_01_retouched.jpg,Hazardous,.jpg,57282,KEEP,,1200,855,RGB
Hazardous/Hazardous/e-waste/1200px-Ewaste-pile - Copy.jpg,1200px-Ewaste-pile - Copy.jpg,Hazardous,.jpg,393549,KEEP,,1200,1600,RGB
Hazardous/Hazardous/e-waste/1200px-Ewaste-pile.jpg,1200px-Ewaste-pile.jpg,Hazardous,.jpg,393549,KEEP,,1200,1600,RGB
Hazardous/Hazardous/e-waste/1200px-Handy_schrott_mobile_phone_scrap - Copy.jpg,1200px-Handy_schrott_mobile_phone_scrap - Copy.jpg,Hazardous,.jpg,277415,KEEP,,1200,900,RGB
Hazardous/Hazardous/e-waste/1200px-Handy_schrott_mobile_phone_scrap.jpg,1200px-Handy_schrott_mobile_phone_scrap.jpg,Hazardous,.jpg,277415,KEEP,,1200,900,RGB
Hazardous/Hazardous/e-waste/129249_iStock-636655004---Hero - Copy.jpg,129249_iStock-636655004---Hero - Copy.jpg,Hazardous,.jpg,171143,KEEP,,1600,900,RGB
Hazardous/Hazardous/e-waste/129249_iStock-636655004---Hero.jpg,129249_iStock-636655004---Hero.jpg,Hazardous,.jpg,171143,KEEP,,1600,900,RGB
Hazardous/Hazardous/e-waste/1464951746_U1GPlR_e-waste-IndiaBLO-870 - Copy.jpg,1464951746_U1GPlR_e-waste-IndiaBLO-870 - Copy.jpg,Hazardous,.jpg,119043,KEEP,,870,470,RGB
Hazardous/Hazardous/e-waste/1464951746_U1GPlR_e-waste-IndiaBLO-870.jpg,1464951746_U1GPlR_e-waste-IndiaBLO-870.jpg,Hazardous,.jpg,119043,KEEP,,870,470,RGB
Hazardous/Hazardous/e-waste/1507096064_kRvRf8_e-waste - Copy.jpg,1507096064_kRvRf8_e-waste - Copy.jpg,Hazardous,.jpg,137339,KEEP,,870,470,RGB
Hazardous/Hazardous/e-waste/1507096064_kRvRf8_e-waste.jpg,1507096064_kRvRf8_e-waste.jpg,Hazardous,.jpg,137339,KEEP,,870,470,RGB
Hazardous/Hazardous/e-waste/1521042165621 - Copy.jpg,1521042165621 - Copy.jpg,Hazardous,.jpg,49620,KEEP,,640,426,RGB
Hazardous/Hazardous/e-waste/1521042165621.jpg,1521042165621.jpg,Hazardous,.jpg,49620,KEEP,,640,426,RGB
Hazardous/Hazardous/e-waste/156050-wrdgfxdtvg-1615456453 - Copy.jpg,156050-wrdgfxdtvg-1615456453 - Copy.jpg,Hazardous,.jpg,161358,KEEP,,1200,630,RGB
Hazardous/Hazardous/e-waste/156050-wrdgfxdtvg-1615456453.jpg,156050-wrdgfxdtvg-1615456453.jpg,Hazardous,.jpg,161358,KEEP,,1200,630,RGB
Hazardous/Hazardous/e-waste/17175 - Copy.jpeg,17175 - Copy.jpeg,Hazardous,.jpeg,172236,KEEP,,960,684,RGB
Hazardous/Hazardous/e-waste/17175.jpeg,17175.jpeg,Hazardous,.jpeg,172236,KEEP,,960,684,RGB
Hazardous/Hazardous/e-waste/2020_8largeimg_799107359 - Copy.jpg,2020_8largeimg_799107359 - Copy.jpg,Hazardous,.jpg,870546,KEEP,,711,494,CMYK
Hazardous/Hazardous/e-waste/2020_8largeimg_799107359.jpg,2020_8largeimg_799107359.jpg,Hazardous,.jpg,870546,KEEP,,711,494,CMYK
Hazardous/Hazardous/e-waste/2050_E-Waste_Asian_Outlook_Web_title - Copy.jpg,2050_E-Waste_Asian_Outlook_Web_title - Copy.jpg,Hazardous,.jpg,194514,KEEP,,959,1355,RGB
Hazardous/Hazardous/e-waste/2050_E-Waste_Asian_Outlook_Web_title.jpg,2050_E-Waste_Asian_Outlook_Web_title.jpg,Hazardous,.jpg,194514,KEEP,,959,1355,RGB
Hazardous/Hazardous/e-waste/20_20130315 - Copy.jpg,20_20130315 - Copy.jpg,Hazardous,.jpg,48686,KEEP,,457,432,RGB
Hazardous/Hazardous/e-waste/20_20130315.jpg,20_20130315.jpg,Hazardous,.jpg,48686,KEEP,,457,432,RGB
Hazardous/Hazardous/e-waste/20f1f392-6d51-4fdb-a0a1-b6e0e837a57b.bc4be531fe04703066c45a302f6d7c0e - Copy.jpeg,20f1f392-6d51-4fdb-a0a1-b6e0e837a57b.bc4be531fe04703066c45a302f6d7c0e - Copy.jpeg,Hazardous,.jpeg,50746,KEEP,,1477,1319,RGB
Hazardous/Hazardous/e-waste/20f1f392-6d51-4fdb-a0a1-b6e0e837a57b.bc4be531fe04703066c45a302f6d7c0e.jpeg,20f1f392-6d51-4fdb-a0a1-b6e0e837a57b.bc4be531fe04703066c45a302f6d7c0e.jpeg,Hazardous,.jpeg,50746,KEEP,,1477,1319,RGB
Hazardous/Hazardous/e-waste/25896 - Copy.jpg,25896 - Copy.jpg,Hazardous,.jpg,39670,KEEP,,560,420,RGB
Hazardous/Hazardous/e-waste/25896.jpg,25896.jpg,Hazardous,.jpg,39670,KEEP,,560,420,RGB
Hazardous/Hazardous/e-waste/3283392878_d023c2ef93 - Copy.jpg,3283392878_d023c2ef93 - Copy.jpg,Hazardous,.jpg,44206,KEEP,,500,333,RGB
Hazardous/Hazardous/e-waste/3283392878_d023c2ef93.jpg,3283392878_d023c2ef93.jpg,Hazardous,.jpg,44206,KEEP,,500,333,RGB
Hazardous/Hazardous/e-waste/341a4407444002d51dff14946e857c65 - Copy.jpg,341a4407444002d51dff14946e857c65 - Copy.jpg,Hazardous,.jpg,455061,KEEP,,1581,1529,RGB
Hazardous/Hazardous/e-waste/341a4407444002d51dff14946e857c65.jpg,341a4407444002d51dff14946e857c65.jpg,Hazardous,.jpg,455061,KEEP,,1581,1529,RGB
Hazardous/Hazardous/e-waste/47-e-waste-a-growing-concern - Copy.jpg,47-e-waste-a-growing-concern - Copy.jpg,Hazardous,.jpg,118728,KEEP,,1200,628,RGB
Hazardous/Hazardous/e-waste/47-e-waste-a-growing-concern.jpg,47-e-waste-a-growing-concern.jpg,Hazardous,.jpg,118728,KEEP,,1200,628,RGB
Hazardous/Hazardous/e-waste/516ee9d3b98a42557dc49476674823f0--e-waste-recycling-recycling-programs - Copy.jpg,516ee9d3b98a42557dc49476674823f0--e-waste-recycling-recycling-programs - Copy.jpg,Hazardous,.jpg,117199,KEEP,,736,1040,RGB
Hazardous/Hazardous/e-waste/516ee9d3b98a42557dc49476674823f0--e-waste-recycling-recycling-programs.jpg,516ee9d3b98a42557dc49476674823f0--e-waste-recycling-recycling-programs.jpg,Hazardous,.jpg,117199,KEEP,,736,1040,RGB
Hazardous/Hazardous/e-waste/5927e3e4f1744da1ce90e7a09c175334 - Copy.jpg,5927e3e4f1744da1ce90e7a09c175334 - Copy.jpg,Hazardous,.jpg,258056,KEEP,,1200,800,RGB
Hazardous/Hazardous/e-waste/5927e3e4f1744da1ce90e7a09c175334.jpg,5927e3e4f1744da1ce90e7a09c175334.jpg,Hazardous,.jpg,258056,KEEP,,1200,800,RGB
Hazardous/Hazardous/e-waste/5g-internet-race-huawei-04 - Copy.jpg,5g-internet-race-huawei-04 - Copy.jpg,Hazardous,.jpg,1257943,KEEP,,2400,1600,RGB
Hazardous/Hazardous/e-waste/5g-internet-race-huawei-04.jpg,5g-internet-race-huawei-04.jpg,Hazardous,.jpg,1257943,KEEP,,2400,1600,RGB
Hazardous/Hazardous/e-waste/615c6bf230f40d9decf916ae97e192681b20e27238a8ae30ccbab09630fd0a53 - Copy.jpg,615c6bf230f40d9decf916ae97e192681b20e27238a8ae30ccbab09630fd0a53 - Copy.jpg,Hazardous,.jpg,1803552,KEEP,,1698,1131,RGB
Hazardous/Hazardous/e-waste/615c6bf230f40d9decf916ae97e192681b20e27238a8ae30ccbab09630fd0a53.jpg,615c6bf230f40d9decf916ae97e192681b20e27238a8ae30ccbab09630fd0a53.jpg,Hazardous,.jpg,1803552,KEEP,,1698,1131,RGB
Hazardous/Hazardous/e-waste/6184AcGb9XL - Copy.jpg,6184AcGb9XL - Copy.jpg,Hazardous,.jpg,128007,KEEP,,1702,1600,RGB
Hazardous/Hazardous/e-waste/6184AcGb9XL.jpg,6184AcGb9XL.jpg,Hazardous,.jpg,128007,KEEP,,1702,1600,RGB
Hazardous/Hazardous/e-waste/61DVdFF9f-L - Copy.jpg,61DVdFF9f-L - Copy.jpg,Hazardous,.jpg,67928,KEEP,,1500,1500,RGB
Hazardous/Hazardous/e-waste/61DVdFF9f-L.jpg,61DVdFF9f-L.jpg,Hazardous,.jpg,67928,KEEP,,1500,1500,RGB
Hazardous/Hazardous/e-waste/634ec7fb55fe19788b75085f-18-watt-cfl-light-bulbs-4-pin-g24q-2 - Copy.jpg,634ec7fb55fe19788b75085f-18-watt-cfl-light-bulbs-4-pin-g24q-2 - Copy.jpg,Hazardous,.jpg,58367,KEEP,,1256,1169,RGB
Hazardous/Hazardous/e-waste/634ec7fb55fe19788b75085f-18-watt-cfl-light-bulbs-4-pin-g24q-2.jpg,634ec7fb55fe19788b75085f-18-watt-cfl-light-bulbs-4-pin-g24q-2.jpg,Hazardous,.jpg,58367,KEEP,,1256,1169,RGB
Hazardous/Hazardous/e-waste/640339-50P_PRO - Copy.jpg,640339-50P_PRO - Copy.jpg,Hazardous,.jpg,120807,KEEP,,1720,1720,RGB
Hazardous/Hazardous/e-waste/640339-50P_PRO.jpg,640339-50P_PRO.jpg,Hazardous,.jpg,120807,KEEP,,1720,1720,RGB
Hazardous/Hazardous/e-waste/65481011 - Copy.jpg,65481011 - Copy.jpg,Hazardous,.jpg,50927,KEEP,,600,426,RGB
Hazardous/Hazardous/e-waste/65481011.jpg,65481011.jpg,Hazardous,.jpg,50927,KEEP,,600,426,RGB
Hazardous/Hazardous/e-waste/66016104-inefficient-tungsten-light-bulbs-discarded-in-a-trash-can-green-eco-concept - Copy.jpg,66016104-inefficient-tungsten-light-bulbs-discarded-in-a-trash-can-green-eco-concept - Copy.jpg,Hazardous,.jpg,77866,KEEP,,1300,866,RGB
Hazardous/Hazardous/e-waste/66016104-inefficient-tungsten-light-bulbs-discarded-in-a-trash-can-green-eco-concept.jpg,66016104-inefficient-tungsten-light-bulbs-discarded-in-a-trash-can-green-eco-concept.jpg,Hazardous,.jpg,77866,KEEP,,1300,866,RGB
Hazardous/Hazardous/e-waste/694898-electronic-waste-thinkstock - Copy.jpg,694898-electronic-waste-thinkstock - Copy.jpg,Hazardous,.jpg,63510,KEEP,,1280,720,RGB
Hazardous/Hazardous/e-waste/694898-electronic-waste-thinkstock.jpg,694898-electronic-waste-thinkstock.jpg,Hazardous,.jpg,63510,KEEP,,1280,720,RGB
Hazardous/Hazardous/e-waste/6ft-Fluorescent-Box-Gallery-Image-1 - Copy.jpg,6ft-Fluorescent-Box-Gallery-Image-1 - Copy.jpg,Hazardous,.jpg,65443,KEEP,,523,391,RGB
Hazardous/Hazardous/e-waste/6ft-Fluorescent-Box-Gallery-Image-1.jpg,6ft-Fluorescent-Box-Gallery-Image-1.jpg,Hazardous,.jpg,65443,KEEP,,523,391,RGB
Hazardous/Hazardous/e-waste/74409247-old-cellphones-and-battery-electronic-waste-concept - Copy.jpg,74409247-old-cellphones-and-battery-electronic-waste-concept - Copy.jpg,Hazardous,.jpg,76054,KEEP,,1300,866,RGB
Hazardous/Hazardous/e-waste/74409247-old-cellphones-and-battery-electronic-waste-concept.jpg,74409247-old-cellphones-and-battery-electronic-waste-concept.jpg,Hazardous,.jpg,76054,KEEP,,1300,866,RGB
Hazardous/Hazardous/e-waste/7ade6617-865a-42bf-b8f8-12859169a351.a7819c077ec87ce47606d6942a125eea - Copy.jpeg,7ade6617-865a-42bf-b8f8-12859169a351.a7819c077ec87ce47606d6942a125eea - Copy.jpeg,Hazardous,.jpeg,83876,KEEP,,1001,1001,RGB
Hazardous/Hazardous/e-waste/7ade6617-865a-42bf-b8f8-12859169a351.a7819c077ec87ce47606d6942a125eea.jpeg,7ade6617-865a-42bf-b8f8-12859169a351.a7819c077ec87ce47606d6942a125eea.jpeg,Hazardous,.jpeg,83876,KEEP,,1001,1001,RGB
Hazardous/Hazardous/e-waste/800px-Ewaste-pile - Copy.jpg,800px-Ewaste-pile - Copy.jpg,Hazardous,.jpg,192814,KEEP,,800,1067,RGB
Hazardous/Hazardous/e-waste/800px-Ewaste-pile.jpg,800px-Ewaste-pile.jpg,Hazardous,.jpg,192814,KEEP,,800,1067,RGB
Hazardous/Hazardous/e-waste/8085 - Copy.jpg,8085 - Copy.jpg,Hazardous,.jpg,30482,KEEP,,560,420,RGB
Hazardous/Hazardous/e-waste/8085.jpg,8085.jpg,Hazardous,.jpg,30482,KEEP,,560,420,RGB
Hazardous/Hazardous/e-waste/85a44d0f-d9a2-37b6-93c1-1c21fed330cf - Copy.png,85a44d0f-d9a2-37b6-93c1-1c21fed330cf - Copy.png,Hazardous,.png,296573,KEEP,,700,989,P
Hazardous/Hazardous/e-waste/85a44d0f-d9a2-37b6-93c1-1c21fed330cf.png,85a44d0f-d9a2-37b6-93c1-1c21fed330cf.png,Hazardous,.png,296573,KEEP,,700,989,P
Hazardous/Hazardous/e-waste/8ft-Fluorescent-Box-Gallery-Image-1 - Copy.jpg,8ft-Fluorescent-Box-Gallery-Image-1 - Copy.jpg,Hazardous,.jpg,59213,KEEP,,523,391,RGB
Hazardous/Hazardous/e-waste/8ft-Fluorescent-Box-Gallery-Image-1.jpg,8ft-Fluorescent-Box-Gallery-Image-1.jpg,Hazardous,.jpg,59213,KEEP,,523,391,RGB
Hazardous/Hazardous/e-waste/AdobeStock_271026267 - Copy.jpeg,AdobeStock_271026267 - Copy.jpeg,Hazardous,.jpeg,220479,KEEP,,1200,675,RGB
Hazardous/Hazardous/e-waste/AdobeStock_271026267.jpeg,AdobeStock_271026267.jpeg,Hazardous,.jpeg,220479,KEEP,,1200,675,RGB
Hazardous/Hazardous/e-waste/AdobeStock_365525290 - Copy.jpg,AdobeStock_365525290 - Copy.jpg,Hazardous,.jpg,122707,KEEP,,1200,675,RGB
Hazardous/Hazardous/e-waste/AdobeStock_365525290.jpg,AdobeStock_365525290.jpg,Hazardous,.jpg,122707,KEEP,,1200,675,RGB
Hazardous/Hazardous/e-waste/Alabama_CurtisPalmer - Copy.jpg,Alabama_CurtisPalmer - Copy.jpg,Hazardous,.jpg,971232,KEEP,,2272,1704,RGB
Hazardous/Hazardous/e-waste/Alabama_CurtisPalmer.jpg,Alabama_CurtisPalmer.jpg,Hazardous,.jpg,971232,KEEP,,2272,1704,RGB
Hazardous/Hazardous/e-waste/Avv5bVd22NhcKDUGMWzvNW - Copy.jpg,Avv5bVd22NhcKDUGMWzvNW - Copy.jpg,Hazardous,.jpg,205245,KEEP,,620,946,RGB
Hazardous/Hazardous/e-waste/Avv5bVd22NhcKDUGMWzvNW.jpg,Avv5bVd22NhcKDUGMWzvNW.jpg,Hazardous,.jpg,205245,KEEP,,620,946,RGB
Hazardous/Hazardous/e-waste/BLOG-Which-light-bulbs-need-a-ballast - Copy.jpg,BLOG-Which-light-bulbs-need-a-ballast - Copy.jpg,Hazardous,.jpg,249232,KEEP,,1465,824,RGB
Hazardous/Hazardous/e-waste/BLOG-Which-light-bulbs-need-a-ballast.jpg,BLOG-Which-light-bulbs-need-a-ballast.jpg,Hazardous,.jpg,249232,KEEP,,1465,824,RGB
Hazardous/Hazardous/e-waste/BulbSchematic - Copy.jpg,BulbSchematic - Copy.jpg,Hazardous,.jpg,110417,KEEP,,313,488,CMYK
Hazardous/Hazardous/e-waste/BulbSchematic.jpg,BulbSchematic.jpg,Hazardous,.jpg,110417,KEEP,,313,488,CMYK
Hazardous/Hazardous/e-waste/CFL - Copy.jpg,CFL - Copy.jpg,Hazardous,.jpg,171507,KEEP,,400,400,RGB
Hazardous/Hazardous/e-waste/CFL-1 - Copy.jpg,CFL-1 - Copy.jpg,Hazardous,.jpg,78165,KEEP,,600,450,RGB
Hazardous/Hazardous/e-waste/CFL-1.jpg,CFL-1.jpg,Hazardous,.jpg,78165,KEEP,,600,450,RGB
Hazardous/Hazardous/e-waste/CFL-Broken-Bulb-scaled - Copy.jpeg,CFL-Broken-Bulb-scaled - Copy.jpeg,Hazardous,.jpeg,176204,KEEP,,2048,1366,RGB
Hazardous/Hazardous/e-waste/CFL-Broken-Bulb-scaled.jpeg,CFL-Broken-Bulb-scaled.jpeg,Hazardous,.jpeg,176204,KEEP,,2048,1366,RGB
Hazardous/Hazardous/e-waste/CFL-VS-LED-Lighting - Copy.jpg,CFL-VS-LED-Lighting - Copy.jpg,Hazardous,.jpg,47184,KEEP,,1612,1008,RGB
Hazardous/Hazardous/e-waste/CFL-VS-LED-Lighting.jpg,CFL-VS-LED-Lighting.jpg,Hazardous,.jpg,47184,KEEP,,1612,1008,RGB
Hazardous/Hazardous/e-waste/CFL.jpg,CFL.jpg,Hazardous,.jpg,171507,KEEP,,400,400,RGB
Hazardous/Hazardous/e-waste/Challenges-and-Opportunities-in-Electronic-Waste-Management-in-India-SHAMI - Copy.jpg,Challenges-and-Opportunities-in-Electronic-Waste-Management-in-India-SHAMI - Copy.jpg,Hazardous,.jpg,115064,KEEP,,670,352,RGB
Hazardous/Hazardous/e-waste/Challenges-and-Opportunities-in-Electronic-Waste-Management-in-India-SHAMI.jpg,Challenges-and-Opportunities-in-Electronic-Waste-Management-in-India-SHAMI.jpg,Hazardous,.jpg,115064,KEEP,,670,352,RGB
Hazardous/Hazardous/e-waste/Compact-Flourescent-Lighbulb - Copy.png,Compact-Flourescent-Lighbulb - Copy.png,Hazardous,.png,435992,KEEP,,730,852,P
Hazardous/Hazardous/e-waste/Compact-Flourescent-Lighbulb.png,Compact-Flourescent-Lighbulb.png,Hazardous,.png,435992,KEEP,,730,852,P
Hazardous/Hazardous/e-waste/Compact-fluorescent-lamps - Copy.jpg,Compact-fluorescent-lamps - Copy.jpg,Hazardous,.jpg,151350,KEEP,,1600,1140,RGB
Hazardous/Hazardous/e-waste/Compact-fluorescent-lamps.jpg,Compact-fluorescent-lamps.jpg,Hazardous,.jpg,151350,KEEP,,1600,1140,RGB
Hazardous/Hazardous/e-waste/Compact_fluorescent_light_bulb_with_GU24_connector - Copy.png,Compact_fluorescent_light_bulb_with_GU24_connector - Copy.png,Hazardous,.png,148474,KEEP,,230,374,RGBA
Hazardous/Hazardous/e-waste/Compact_fluorescent_light_bulb_with_GU24_connector.png,Compact_fluorescent_light_bulb_with_GU24_connector.png,Hazardous,.png,148474,KEEP,,230,374,RGBA
Hazardous/Hazardous/e-waste/Dont-Trash-fluorescent-bulbs - Copy.png,Dont-Trash-fluorescent-bulbs - Copy.png,Hazardous,.png,215983,KEEP,,269,341,RGBA
Hazardous/Hazardous/e-waste/Dont-Trash-fluorescent-bulbs.png,Dont-Trash-fluorescent-bulbs.png,Hazardous,.png,215983,KEEP,,269,341,RGBA
Hazardous/Hazardous/e-waste/E-Waste - Copy.jpg,E-Waste - Copy.jpg,Hazardous,.jpg,61580,KEEP,,800,400,RGB
Hazardous/Hazardous/e-waste/E-Waste-Management-in-India - Copy.jpg,E-Waste-Management-in-India - Copy.jpg,Hazardous,.jpg,90451,KEEP,,1200,630,RGB
Hazardous/Hazardous/e-waste/E-Waste-Management-in-India-2016-Rules-Challenges-upsc-ias-essay3-e1559907374322 - Copy.jpg,E-Waste-Management-in-India-2016-Rules-Challenges-upsc-ias-essay3-e1559907374322 - Copy.jpg,Hazardous,.jpg,31091,KEEP,,550,318,RGB
Hazardous/Hazardous/e-waste/E-Waste-Management-in-India-2016-Rules-Challenges-upsc-ias-essay3-e1559907374322.jpg,E-Waste-Management-in-India-2016-Rules-Challenges-upsc-ias-essay3-e1559907374322.jpg,Hazardous,.jpg,31091,KEEP,,550,318,RGB
Hazardous/Hazardous/e-waste/E-Waste-Management-in-India.jpg,E-Waste-Management-in-India.jpg,Hazardous,.jpg,90451,KEEP,,1200,630,RGB
Hazardous/Hazardous/e-waste/E-Waste.jpg,E-Waste.jpg,Hazardous,.jpg,61580,KEEP,,800,400,RGB
Hazardous/Hazardous/e-waste/E-Waste20Wednesday20-20Waste20Reduction20Week202022 - Copy.png,E-Waste20Wednesday20-20Waste20Reduction20Week202022 - Copy.png,Hazardous,.png,919842,KEEP,,1200,400,RGBA
Hazardous/Hazardous/e-waste/E-Waste20Wednesday20-20Waste20Reduction20Week202022.png,E-Waste20Wednesday20-20Waste20Reduction20Week202022.png,Hazardous,.png,919842,KEEP,,1200,400,RGBA
Hazardous/Hazardous/e-waste/E-Waste20types-493414483 - Copy.jpg,E-Waste20types-493414483 - Copy.jpg,Hazardous,.jpg,67910,KEEP,,629,445,RGB
Hazardous/Hazardous/e-waste/E-Waste20types-493414483.jpg,E-Waste20types-493414483.jpg,Hazardous,.jpg,67910,KEEP,,629,445,RGB
Hazardous/Hazardous/e-waste/E-Waste_Landfill - Copy.jpg,E-Waste_Landfill - Copy.jpg,Hazardous,.jpg,481271,KEEP,,1632,1224,RGB
Hazardous/Hazardous/e-waste/E-Waste_Landfill.jpg,E-Waste_Landfill.jpg,Hazardous,.jpg,481271,KEEP,,1632,1224,RGB
Hazardous/Hazardous/e-waste/E-waste - Copy.png,E-waste - Copy.png,Hazardous,.png,230059,KEEP,,497,493,RGBA
Hazardous/Hazardous/e-waste/E-waste.png,E-waste.png,Hazardous,.png,230059,KEEP,,497,493,RGBA
Hazardous/Hazardous/e-waste/Electronic-Waste-E-Waste-WEEE - Copy.jpg,Electronic-Waste-E-Waste-WEEE - Copy.jpg,Hazardous,.jpg,239053,KEEP,,1920,1282,RGB
Hazardous/Hazardous/e-waste/Electronic-Waste-E-Waste-WEEE.jpg,Electronic-Waste-E-Waste-WEEE.jpg,Hazardous,.jpg,239053,KEEP,,1920,1282,RGB
Hazardous/Hazardous/e-waste/Electronic-waste-1 - Copy.png,Electronic-waste-1 - Copy.png,Hazardous,.png,253750,KEEP,,1080,1080,RGBA
Hazardous/Hazardous/e-waste/Electronic-waste-1.png,Electronic-waste-1.png,Hazardous,.png,253750,KEEP,,1080,1080,RGBA
Hazardous/Hazardous/e-waste/Electronic-waste-management - Copy.jpg,Electronic-waste-management - Copy.jpg,Hazardous,.jpg,68606,KEEP,,1200,667,RGB
Hazardous/Hazardous/e-waste/Electronic-waste-management.jpg,Electronic-waste-management.jpg,Hazardous,.jpg,68606,KEEP,,1200,667,RGB
Hazardous/Hazardous/e-waste/Electronic-waste2-scaled - Copy.jpg,Electronic-waste2-scaled - Copy.jpg,Hazardous,.jpg,776371,KEEP,,2560,1544,RGB
Hazardous/Hazardous/e-waste/Electronic-waste2-scaled.jpg,Electronic-waste2-scaled.jpg,Hazardous,.jpg,776371,KEEP,,2560,1544,RGB
Hazardous/Hazardous/e-waste/Electronic_waste_at_Agbogbloshie2C_Ghana - Copy.jpg,Electronic_waste_at_Agbogbloshie2C_Ghana - Copy.jpg,Hazardous,.jpg,7427412,KEEP,,4032,2268,RGB
Hazardous/Hazardous/e-waste/Electronic_waste_at_Agbogbloshie2C_Ghana.jpg,Electronic_waste_at_Agbogbloshie2C_Ghana.jpg,Hazardous,.jpg,7427412,KEEP,,4032,2268,RGB
Hazardous/Hazardous/e-waste/Energiesparlampe_01_retouched - Copy.jpg,Energiesparlampe_01_retouched - Copy.jpg,Hazardous,.jpg,1089458,KEEP,,3745,2667,RGB
Hazardous/Hazardous/e-waste/Energiesparlampe_01_retouched.jpg,Energiesparlampe_01_retouched.jpg,Hazardous,.jpg,1089458,KEEP,,3745,2667,RGB
Hazardous/Hazardous/e-waste/Ewaste - Copy.png,Ewaste - Copy.png,Hazardous,.png,255369,KEEP,,422,281,RGB
Hazardous/Hazardous/e-waste/Ewaste-1602590536972 - Copy.png,Ewaste-1602590536972 - Copy.png,Hazardous,.png,108451,KEEP,,800,400,P
Hazardous/Hazardous/e-waste/Ewaste-1602590536972.png,Ewaste-1602590536972.png,Hazardous,.png,108451,KEEP,,800,400,P
Hazardous/Hazardous/e-waste/Ewaste.png,Ewaste.png,Hazardous,.png,255369,KEEP,,422,281,RGB
Hazardous/Hazardous/e-waste/Example-of-e-waste-in-Category-3-ICT-a-used-mobile-phones-and-b-used-monitors_Q320 - Copy.jpg,Example-of-e-waste-in-Category-3-ICT-a-used-mobile-phones-and-b-used-monitors_Q320 - Copy.jpg,Hazardous,.jpg,33482,KEEP,,320,320,RGB
Hazardous/Hazardous/e-waste/Example-of-e-waste-in-Category-3-ICT-a-used-mobile-phones-and-b-used-monitors_Q320.jpg,Example-of-e-waste-in-Category-3-ICT-a-used-mobile-phones-and-b-used-monitors_Q320.jpg,Hazardous,.jpg,33482,KEEP,,320,320,RGB
Hazardous/Hazardous/e-waste/Featured-pictures-for-webiste11 - Copy.png,Featured-pictures-for-webiste11 - Copy.png,Hazardous,.png,1133219,KEEP,,1024,512,RGBA
Hazardous/Hazardous/e-waste/Featured-pictures-for-webiste11.png,Featured-pictures-for-webiste11.png,Hazardous,.png,1133219,KEEP,,1024,512,RGBA
Hazardous/Hazardous/e-waste/Five-Reasons-Why-E-Waste-Recycling-is-Important-1-1024x517 - Copy.jpg,Five-Reasons-Why-E-Waste-Recycling-is-Important-1-1024x517 - Copy.jpg,Hazardous,.jpg,111058,KEEP,,1024,517,RGB
Hazardous/Hazardous/e-waste/Five-Reasons-Why-E-Waste-Recycling-is-Important-1-1024x517.jpg,Five-Reasons-Why-E-Waste-Recycling-is-Important-1-1024x517.jpg,Hazardous,.jpg,111058,KEEP,,1024,517,RGB
Hazardous/Hazardous/e-waste/Fluorescent-Bulbs-in-Trash-1-1024x683 - Copy.jpg,Fluorescent-Bulbs-in-Trash-1-1024x683 - Copy.jpg,Hazardous,.jpg,43840,KEEP,,1024,683,RGB
Hazardous/Hazardous/e-waste/Fluorescent-Bulbs-in-Trash-1-1024x683.jpg,Fluorescent-Bulbs-in-Trash-1-1024x683.jpg,Hazardous,.jpg,43840,KEEP,,1024,683,RGB
Hazardous/Hazardous/e-waste/Fluorescent-Bulbs-in-Trash-2-e1434205961573 - Copy.jpg,Fluorescent-Bulbs-in-Trash-2-e1434205961573 - Copy.jpg,Hazardous,.jpg,86994,KEEP,,1170,780,RGB
Hazardous/Hazardous/e-waste/Fluorescent-Bulbs-in-Trash-2-e1434205961573.jpg,Fluorescent-Bulbs-in-Trash-2-e1434205961573.jpg,Hazardous,.jpg,86994,KEEP,,1170,780,RGB
Hazardous/Hazardous/e-waste/FluorescentBulbs - Copy.jpg,FluorescentBulbs - Copy.jpg,Hazardous,.jpg,30386,KEEP,,500,500,RGB
Hazardous/Hazardous/e-waste/FluorescentBulbs.jpg,FluorescentBulbs.jpg,Hazardous,.jpg,30386,KEEP,,500,500,RGB
Hazardous/Hazardous/e-waste/Fluorescent_Light_Video - Copy.jpg,Fluorescent_Light_Video - Copy.jpg,Hazardous,.jpg,93200,KEEP,,820,460,RGB
Hazardous/Hazardous/e-waste/Fluorescent_Light_Video.jpg,Fluorescent_Light_Video.jpg,Hazardous,.jpg,93200,KEEP,,820,460,RGB
Hazardous/Hazardous/e-waste/Fluorescent_light_bulb_from_inside_2 - Copy.jpg,Fluorescent_light_bulb_from_inside_2 - Copy.jpg,Hazardous,.jpg,342125,KEEP,,1024,768,RGB
Hazardous/Hazardous/e-waste/Fluorescent_light_bulb_from_inside_2.jpg,Fluorescent_light_bulb_from_inside_2.jpg,Hazardous,.jpg,342125,KEEP,,1024,768,RGB
Hazardous/Hazardous/e-waste/GettyImages-1298365434 - Copy.jpg,GettyImages-1298365434 - Copy.jpg,Hazardous,.jpg,279081,KEEP,,771,452,RGB
Hazardous/Hazardous/e-waste/GettyImages-1298365434.jpg,GettyImages-1298365434.jpg,Hazardous,.jpg,279081,KEEP,,771,452,RGB
Hazardous/Hazardous/e-waste/HHW_Bulbs-updated - Copy.jpg,HHW_Bulbs-updated - Copy.jpg,Hazardous,.jpg,673906,KEEP,,2144,1424,RGB
Hazardous/Hazardous/e-waste/HHW_Bulbs-updated.jpg,HHW_Bulbs-updated.jpg,Hazardous,.jpg,673906,KEEP,,2144,1424,RGB
Hazardous/Hazardous/e-waste/ImageForArticle_8587_16733568303499477 - Copy.jpg,ImageForArticle_8587_16733568303499477 - Copy.jpg,Hazardous,.jpg,256236,KEEP,,1000,667,RGB
Hazardous/Hazardous/e-waste/ImageForArticle_8587_16733568303499477.jpg,ImageForArticle_8587_16733568303499477.jpg,Hazardous,.jpg,256236,KEEP,,1000,667,RGB
Hazardous/Hazardous/e-waste/Incandescent_and_fluorescent_light_bulbs - Copy.png,Incandescent_and_fluorescent_light_bulbs - Copy.png,Hazardous,.png,88813,KEEP,,330,330,RGB
Hazardous/Hazardous/e-waste/Incandescent_and_fluorescent_light_bulbs.png,Incandescent_and_fluorescent_light_bulbs.png,Hazardous,.png,88813,KEEP,,330,330,RGB
Hazardous/Hazardous/e-waste/Intro-to-E-Waste - Copy.jpg,Intro-to-E-Waste - Copy.jpg,Hazardous,.jpg,36268,KEEP,,695,395,RGB
Hazardous/Hazardous/e-waste/Intro-to-E-Waste.jpg,Intro-to-E-Waste.jpg,Hazardous,.jpg,36268,KEEP,,695,395,RGB
Hazardous/Hazardous/e-waste/Is-it-hazardous-waste...flourescent-light-bulbs - Copy.png,Is-it-hazardous-waste...flourescent-light-bulbs - Copy.png,Hazardous,.png,36835,KEEP,,400,400,P
Hazardous/Hazardous/e-waste/Is-it-hazardous-waste...flourescent-light-bulbs.png,Is-it-hazardous-waste...flourescent-light-bulbs.png,Hazardous,.png,36835,KEEP,,400,400,P
Hazardous/Hazardous/e-waste/JunkDevices-607673850 - Copy.jpg,JunkDevices-607673850 - Copy.jpg,Hazardous,.jpg,1416340,KEEP,,2400,1800,RGB
Hazardous/Hazardous/e-waste/JunkDevices-607673850.jpg,JunkDevices-607673850.jpg,Hazardous,.jpg,1416340,KEEP,,2400,1800,RGB
Hazardous/Hazardous/e-waste/LED-CLF-Incandescent-2 - Copy.jpg,LED-CLF-Incandescent-2 - Copy.jpg,Hazardous,.jpg,79077,KEEP,,526,528,RGB
Hazardous/Hazardous/e-waste/LED-CLF-Incandescent-2.jpg,LED-CLF-Incandescent-2.jpg,Hazardous,.jpg,79077,KEEP,,526,528,RGB
Hazardous/Hazardous/e-waste/LED-CLF-Incandescent_1024x1024 - Copy.jpg,LED-CLF-Incandescent_1024x1024 - Copy.jpg,Hazardous,.jpg,81319,KEEP,,1024,621,RGB
Hazardous/Hazardous/e-waste/LED-CLF-Incandescent_1024x1024.jpg,LED-CLF-Incandescent_1024x1024.jpg,Hazardous,.jpg,81319,KEEP,,1024,621,RGB
Hazardous/Hazardous/e-waste/LED-vs-fluorescent-2022-section-1 - Copy.jpg,LED-vs-fluorescent-2022-section-1 - Copy.jpg,Hazardous,.jpg,277446,KEEP,,1025,625,RGB
Hazardous/Hazardous/e-waste/LED-vs-fluorescent-2022-section-1.jpg,LED-vs-fluorescent-2022-section-1.jpg,Hazardous,.jpg,277446,KEEP,,1025,625,RGB
Hazardous/Hazardous/e-waste/LED20vs20Fluorescent20Image20202120Blog20Sized - Copy.png,LED20vs20Fluorescent20Image20202120Blog20Sized - Copy.png,Hazardous,.png,344409,KEEP,,800,533,RGB
Hazardous/Hazardous/e-waste/LED20vs20Fluorescent20Image20202120Blog20Sized.png,LED20vs20Fluorescent20Image20202120Blog20Sized.png,Hazardous,.png,344409,KEEP,,800,533,RGB
Hazardous/Hazardous/e-waste/Led-CFL-And-Incandescent-Bulbs-Wi-6719889-scaled - Copy.jpg,Led-CFL-And-Incandescent-Bulbs-Wi-6719889-scaled - Copy.jpg,Hazardous,.jpg,264539,KEEP,,2560,2048,RGB
Hazardous/Hazardous/e-waste/Led-CFL-And-Incandescent-Bulbs-Wi-6719889-scaled.jpg,Led-CFL-And-Incandescent-Bulbs-Wi-6719889-scaled.jpg,Hazardous,.jpg,264539,KEEP,,2560,2048,RGB
Hazardous/Hazardous/e-waste/Light-Bulb-Recycling - Copy.jpg,Light-Bulb-Recycling - Copy.jpg,Hazardous,.jpg,202017,KEEP,,2022,1162,RGB
Hazardous/Hazardous/e-waste/Light-Bulb-Recycling.jpg,Light-Bulb-Recycling.jpg,Hazardous,.jpg,202017,KEEP,,2022,1162,RGB
Hazardous/Hazardous/e-waste/Light20bulbs.JPG - Copy.jpg,Light20bulbs.JPG - Copy.jpg,Hazardous,.jpg,1212098,KEEP,,2789,2108,RGB
Hazardous/Hazardous/e-waste/Light20bulbs.JPG.jpg,Light20bulbs.JPG.jpg,Hazardous,.jpg,1212098,KEEP,,2789,2108,RGB
Hazardous/Hazardous/e-waste/Lights-Hero - Copy.jpg,Lights-Hero - Copy.jpg,Hazardous,.jpg,142374,KEEP,,2000,700,RGB
Hazardous/Hazardous/e-waste/Lights-Hero.jpg,Lights-Hero.jpg,Hazardous,.jpg,142374,KEEP,,2000,700,RGB
Hazardous/Hazardous/e-waste/Maple-Leaf-Foods-Electronic-Recycling-Program-Photo-Credit-Lya_Cattel - Copy.jpg,Maple-Leaf-Foods-Electronic-Recycling-Program-Photo-Credit-Lya_Cattel - Copy.jpg,Hazardous,.jpg,755604,KEEP,,2222,1622,RGB
Hazardous/Hazardous/e-waste/Maple-Leaf-Foods-Electronic-Recycling-Program-Photo-Credit-Lya_Cattel.jpg,Maple-Leaf-Foods-Electronic-Recycling-Program-Photo-Credit-Lya_Cattel.jpg,Hazardous,.jpg,755604,KEEP,,2222,1622,RGB
Hazardous/Hazardous/e-waste/Mercury-bulb-ban-1024x341 - Copy.png,Mercury-bulb-ban-1024x341 - Copy.png,Hazardous,.png,143196,KEEP,,1024,341,RGBA
Hazardous/Hazardous/e-waste/Mercury-bulb-ban-1024x341.png,Mercury-bulb-ban-1024x341.png,Hazardous,.png,143196,KEEP,,1024,341,RGBA
Hazardous/Hazardous/e-waste/Namo-Blog_Cover-7-1024x536 - Copy.jpg,Namo-Blog_Cover-7-1024x536 - Copy.jpg,Hazardous,.jpg,69296,KEEP,,1024,536,RGB
Hazardous/Hazardous/e-waste/Namo-Blog_Cover-7-1024x536.jpg,Namo-Blog_Cover-7-1024x536.jpg,Hazardous,.jpg,69296,KEEP,,1024,536,RGB
Hazardous/Hazardous/e-waste/New-RepBan_Guide-FluorescentBulbs_2008 - Copy.jpg,New-RepBan_Guide-FluorescentBulbs_2008 - Copy.jpg,Hazardous,.jpg,102683,KEEP,,1280,720,RGB
Hazardous/Hazardous/e-waste/New-RepBan_Guide-FluorescentBulbs_2008.jpg,New-RepBan_Guide-FluorescentBulbs_2008.jpg,Hazardous,.jpg,102683,KEEP,,1280,720,RGB
Hazardous/Hazardous/e-waste/Noteable_ewaste_main-760x378 - Copy.jpg,Noteable_ewaste_main-760x378 - Copy.jpg,Hazardous,.jpg,142940,KEEP,,760,378,RGB
Hazardous/Hazardous/e-waste/Noteable_ewaste_main-760x378.jpg,Noteable_ewaste_main-760x378.jpg,Hazardous,.jpg,142940,KEEP,,760,378,RGB
Hazardous/Hazardous/e-waste/Optimized-ewaste-middle-east - Copy.jpg,Optimized-ewaste-middle-east - Copy.jpg,Hazardous,.jpg,35560,KEEP,,400,266,RGB
Hazardous/Hazardous/e-waste/Optimized-ewaste-middle-east.jpg,Optimized-ewaste-middle-east.jpg,Hazardous,.jpg,35560,KEEP,,400,266,RGB
Hazardous/Hazardous/e-waste/Parts_of_CFL_large - Copy.jpg,Parts_of_CFL_large - Copy.jpg,Hazardous,.jpg,163901,KEEP,,521,982,RGB
Hazardous/Hazardous/e-waste/Parts_of_CFL_large.jpg,Parts_of_CFL_large.jpg,Hazardous,.jpg,163901,KEEP,,521,982,RGB
Hazardous/Hazardous/e-waste/Reciclaje_electronico_categorias_inglC3A9s - Copy.jpg,Reciclaje_electronico_categorias_inglC3A9s - Copy.jpg,Hazardous,.jpg,150961,KEEP,,696,649,RGB
Hazardous/Hazardous/e-waste/Reciclaje_electronico_categorias_inglC3A9s.jpg,Reciclaje_electronico_categorias_inglC3A9s.jpg,Hazardous,.jpg,150961,KEEP,,696,649,RGB
Hazardous/Hazardous/e-waste/S4cyF6X8zyxWbqHjnI83ICAtzm6CgAqDFVIA9UZG95I.JPG - Copy.jpg,S4cyF6X8zyxWbqHjnI83ICAtzm6CgAqDFVIA9UZG95I.JPG - Copy.jpg,Hazardous,.jpg,1749952,KEEP,,3500,2306,RGB
Hazardous/Hazardous/e-waste/S4cyF6X8zyxWbqHjnI83ICAtzm6CgAqDFVIA9UZG95I.JPG.jpg,S4cyF6X8zyxWbqHjnI83ICAtzm6CgAqDFVIA9UZG95I.JPG.jpg,Hazardous,.jpg,1749952,KEEP,,3500,2306,RGB
Hazardous/Hazardous/e-waste/Solutions-to-e-waste-problems1 - Copy.jpg,Solutions-to-e-waste-problems1 - Copy.jpg,Hazardous,.jpg,192467,KEEP,,1000,563,RGB
Hazardous/Hazardous/e-waste/Solutions-to-e-waste-problems1.jpg,Solutions-to-e-waste-problems1.jpg,Hazardous,.jpg,192467,KEEP,,1000,563,RGB
Hazardous/Hazardous/e-waste/WASTE-superJumbo - Copy.jpg,WASTE-superJumbo - Copy.jpg,Hazardous,.jpg,372835,KEEP,,2048,1363,RGB
Hazardous/Hazardous/e-waste/WASTE-superJumbo.jpg,WASTE-superJumbo.jpg,Hazardous,.jpg,372835,KEEP,,2048,1363,RGB
Hazardous/Hazardous/e-waste/What-is-e-waste-Great-Lakes-Electronics-Corporation-collection - Copy.jpg,What-is-e-waste-Great-Lakes-Electronics-Corporation-collection - Copy.jpg,Hazardous,.jpg,94565,KEEP,,800,600,RGB
Hazardous/Hazardous/e-waste/What-is-e-waste-Great-Lakes-Electronics-Corporation-collection.jpg,What-is-e-waste-Great-Lakes-Electronics-Corporation-collection.jpg,Hazardous,.jpg,94565,KEEP,,800,600,RGB
Hazardous/Hazardous/e-waste/What_is_electronic_waste_recycling - Copy.jpg,What_is_electronic_waste_recycling - Copy.jpg,Hazardous,.jpg,951591,KEEP,,1280,780,RGB
Hazardous/Hazardous/e-waste/What_is_electronic_waste_recycling.jpg,What_is_electronic_waste_recycling.jpg,Hazardous,.jpg,951591,KEEP,,1280,780,RGB
Hazardous/Hazardous/e-waste/_108381526_mediaitem108381525 - Copy.jpg,_108381526_mediaitem108381525 - Copy.jpg,Hazardous,.jpg,231948,KEEP,,1536,864,RGB
Hazardous/Hazardous/e-waste/_108381526_mediaitem108381525.jpg,_108381526_mediaitem108381525.jpg,Hazardous,.jpg,231948,KEEP,,1536,864,RGB
Hazardous/Hazardous/e-waste/_elektroschrott_hardware_kp_1200_a97c5f3517_8f5684198f6489c7d84856d3efe3ad10 - Copy.jpg,_elektroschrott_hardware_kp_1200_a97c5f3517_8f5684198f6489c7d84856d3efe3ad10 - Copy.jpg,Hazardous,.jpg,147812,KEEP,,1200,545,RGB
Hazardous/Hazardous/e-waste/_elektroschrott_hardware_kp_1200_a97c5f3517_8f5684198f6489c7d84856d3efe3ad10.jpg,_elektroschrott_hardware_kp_1200_a97c5f3517_8f5684198f6489c7d84856d3efe3ad10.jpg,Hazardous,.jpg,147812,KEEP,,1200,545,RGB
Hazardous/Hazardous/e-waste/abfall-ressourcen_produktverantwortung_elektronikaltgeraete_foto_fernseher-berg - Copy.jpg,abfall-ressourcen_produktverantwortung_elektronikaltgeraete_foto_fernseher-berg - Copy.jpg,Hazardous,.jpg,147394,KEEP,,800,400,RGB
Hazardous/Hazardous/e-waste/abfall-ressourcen_produktverantwortung_elektronikaltgeraete_foto_fernseher-berg.jpg,abfall-ressourcen_produktverantwortung_elektronikaltgeraete_foto_fernseher-berg.jpg,Hazardous,.jpg,147394,KEEP,,800,400,RGB
Hazardous/Hazardous/e-waste/an-electronics-e-waste-recycling-collection-area-the-collection-is-APK6DT - Copy.jpg,an-electronics-e-waste-recycling-collection-area-the-collection-is-APK6DT - Copy.jpg,Hazardous,.jpg,153039,KEEP,,870,1390,RGB
Hazardous/Hazardous/e-waste/an-electronics-e-waste-recycling-collection-area-the-collection-is-APK6DT.jpg,an-electronics-e-waste-recycling-collection-area-the-collection-is-APK6DT.jpg,Hazardous,.jpg,153039,KEEP,,870,1390,RGB
Hazardous/Hazardous/e-waste/archives-ewaste-one_one - Copy.jpg,archives-ewaste-one_one - Copy.jpg,Hazardous,.jpg,402425,KEEP,,1200,1200,RGB
Hazardous/Hazardous/e-waste/archives-ewaste-one_one.jpg,archives-ewaste-one_one.jpg,Hazardous,.jpg,402425,KEEP,,1200,1200,RGB
Hazardous/Hazardous/e-waste/aving-led-and-fluorescent-lightbulbs-infographic-on-a-blue-background-vector - Copy.jpg,aving-led-and-fluorescent-lightbulbs-infographic-on-a-blue-background-vector - Copy.jpg,Hazardous,.jpg,410394,KEEP,,1920,1718,RGB
Hazardous/Hazardous/e-waste/aving-led-and-fluorescent-lightbulbs-infographic-on-a-blue-background-vector.jpg,aving-led-and-fluorescent-lightbulbs-infographic-on-a-blue-background-vector.jpg,Hazardous,.jpg,410394,KEEP,,1920,1718,RGB
Hazardous/Hazardous/e-waste/bbf3173e-a750-4687-97be-50f2a4cd2d2b - Copy.jpg,bbf3173e-a750-4687-97be-50f2a4cd2d2b - Copy.jpg,Hazardous,.jpg,867543,KEEP,,1000,667,RGB
Hazardous/Hazardous/e-waste/bbf3173e-a750-4687-97be-50f2a4cd2d2b.jpg,bbf3173e-a750-4687-97be-50f2a4cd2d2b.jpg,Hazardous,.jpg,867543,KEEP,,1000,667,RGB
Hazardous/Hazardous/e-waste/box1-img - Copy.png,box1-img - Copy.png,Hazardous,.png,182419,KEEP,,668,425,RGBA
Hazardous/Hazardous/e-waste/box1-img.png,box1-img.png,Hazardous,.png,182419,KEEP,,668,425,RGBA
Hazardous/Hazardous/e-waste/bulbs2 - Copy.jpg,bulbs2 - Copy.jpg,Hazardous,.jpg,31763,KEEP,,620,240,RGB
Hazardous/Hazardous/e-waste/bulbs2.jpg,bulbs2.jpg,Hazardous,.jpg,31763,KEEP,,620,240,RGB
Hazardous/Hazardous/e-waste/bulbs_2 - Copy.png,bulbs_2 - Copy.png,Hazardous,.png,193684,KEEP,,1046,604,RGB
Hazardous/Hazardous/e-waste/bulbs_2.png,bulbs_2.png,Hazardous,.png,193684,KEEP,,1046,604,RGB
Hazardous/Hazardous/e-waste/bulbs_lg - Copy.jpg,bulbs_lg - Copy.jpg,Hazardous,.jpg,40360,KEEP,,1120,388,RGB
Hazardous/Hazardous/e-waste/bulbs_lg.jpg,bulbs_lg.jpg,Hazardous,.jpg,40360,KEEP,,1120,388,RGB
Hazardous/Hazardous/e-waste/cfl-product-family - Copy.png,cfl-product-family - Copy.png,Hazardous,.png,170429,KEEP,,720,405,RGBA
Hazardous/Hazardous/e-waste/cfl-product-family.png,cfl-product-family.png,Hazardous,.png,170429,KEEP,,720,405,RGBA
Hazardous/Hazardous/e-waste/cfl-waste-recycling - Copy.gif,cfl-waste-recycling - Copy.gif,Hazardous,.gif,380693,KEEP,,800,600,P
Hazardous/Hazardous/e-waste/cfl-waste-recycling.gif,cfl-waste-recycling.gif,Hazardous,.gif,380693,KEEP,,800,600,P
Hazardous/Hazardous/e-waste/cfl_app - Copy.jpg,cfl_app - Copy.jpg,Hazardous,.jpg,68738,KEEP,,330,350,RGB
Hazardous/Hazardous/e-waste/cfl_app.jpg,cfl_app.jpg,Hazardous,.jpg,68738,KEEP,,330,350,RGB
Hazardous/Hazardous/e-waste/cfl_bulbs - Copy.jpg,cfl_bulbs - Copy.jpg,Hazardous,.jpg,50128,KEEP,,600,397,RGB
Hazardous/Hazardous/e-waste/cfl_bulbs.jpg,cfl_bulbs.jpg,Hazardous,.jpg,50128,KEEP,,600,397,RGB
Hazardous/Hazardous/e-waste/cfllightbulbs - Copy.jpg,cfllightbulbs - Copy.jpg,Hazardous,.jpg,38563,KEEP,,324,299,RGB
Hazardous/Hazardous/e-waste/cfllightbulbs.jpg,cfllightbulbs.jpg,Hazardous,.jpg,38563,KEEP,,324,299,RGB
Hazardous/Hazardous/e-waste/circuit-board-electronic-waste-for-recycling-with-selective-focus-main-board - Copy.jpg,circuit-board-electronic-waste-for-recycling-with-selective-focus-main-board - Copy.jpg,Hazardous,.jpg,60998,KEEP,,450,300,RGB
Hazardous/Hazardous/e-waste/circuit-board-electronic-waste-for-recycling-with-selective-focus-main-board.jpg,circuit-board-electronic-waste-for-recycling-with-selective-focus-main-board.jpg,Hazardous,.jpg,60998,KEEP,,450,300,RGB
Hazardous/Hazardous/e-waste/cling-bin-with-discarded-electrical-and-electronic-devices-such-as-277722974 - Copy.jpg,cling-bin-with-discarded-electrical-and-electronic-devices-such-as-277722974 - Copy.jpg,Hazardous,.jpg,293409,KEEP,,1500,1600,RGB
Hazardous/Hazardous/e-waste/cling-bin-with-discarded-electrical-and-electronic-devices-such-as-277722974.jpg,cling-bin-with-discarded-electrical-and-electronic-devices-such-as-277722974.jpg,Hazardous,.jpg,293409,KEEP,,1500,1600,RGB
Hazardous/Hazardous/e-waste/close-up-shot-of-some-electronic-waste-E88KF4 - Copy.jpg,close-up-shot-of-some-electronic-waste-E88KF4 - Copy.jpg,Hazardous,.jpg,273708,KEEP,,1300,953,RGB
Hazardous/Hazardous/e-waste/close-up-shot-of-some-electronic-waste-E88KF4.jpg,close-up-shot-of-some-electronic-waste-E88KF4.jpg,Hazardous,.jpg,273708,KEEP,,1300,953,RGB
Hazardous/Hazardous/e-waste/compact-fluorescent-light-bulb-vector-3890 - Copy.jpg,compact-fluorescent-light-bulb-vector-3890 - Copy.jpg,Hazardous,.jpg,71068,KEEP,,700,1080,RGB
Hazardous/Hazardous/e-waste/compact-fluorescent-light-bulb-vector-3890.jpg,compact-fluorescent-light-bulb-vector-3890.jpg,Hazardous,.jpg,71068,KEEP,,700,1080,RGB
Hazardous/Hazardous/e-waste/compact-fluorescent-light-bulbs-with-typical-color-temperatures-vector-HGPGPK - Copy.jpg,compact-fluorescent-light-bulbs-with-typical-color-temperatures-vector-HGPGPK - Copy.jpg,Hazardous,.jpg,126876,KEEP,,1300,1390,RGB
Hazardous/Hazardous/e-waste/compact-fluorescent-light-bulbs-with-typical-color-temperatures-vector-HGPGPK.jpg,compact-fluorescent-light-bulbs-with-typical-color-temperatures-vector-HGPGPK.jpg,Hazardous,.jpg,126876,KEEP,,1300,1390,RGB
Hazardous/Hazardous/e-waste/computer-electronic-waste-29637446 - Copy.jpg,computer-electronic-waste-29637446 - Copy.jpg,Hazardous,.jpg,39796,KEEP,,800,676,RGB
Hazardous/Hazardous/e-waste/computer-electronic-waste-29637446.jpg,computer-electronic-waste-29637446.jpg,Hazardous,.jpg,39796,KEEP,,800,676,RGB
Hazardous/Hazardous/e-waste/crompton-bulbs-and-cfls-19-08-2021-975-240174309-zjbfq - Copy.png,crompton-bulbs-and-cfls-19-08-2021-975-240174309-zjbfq - Copy.png,Hazardous,.png,80922,KEEP,,530,530,RGBA
Hazardous/Hazardous/e-waste/crompton-bulbs-and-cfls-19-08-2021-975-240174309-zjbfq.png,crompton-bulbs-and-cfls-19-08-2021-975-240174309-zjbfq.png,Hazardous,.png,80922,KEEP,,530,530,RGBA
Hazardous/Hazardous/e-waste/db4789b29626 - Copy.jpg,db4789b29626 - Copy.jpg,Hazardous,.jpg,51178,KEEP,,792,445,RGB
Hazardous/Hazardous/e-waste/db4789b29626.jpg,db4789b29626.jpg,Hazardous,.jpg,51178,KEEP,,792,445,RGB
Hazardous/Hazardous/e-waste/depositphotos_30453211-stock-photo-modern-electronic-waste - Copy.jpg,depositphotos_30453211-stock-photo-modern-electronic-waste - Copy.jpg,Hazardous,.jpg,138422,KEEP,,1023,682,RGB
Hazardous/Hazardous/e-waste/depositphotos_30453211-stock-photo-modern-electronic-waste.jpg,depositphotos_30453211-stock-photo-modern-electronic-waste.jpg,Hazardous,.jpg,138422,KEEP,,1023,682,RGB
Hazardous/Hazardous/e-waste/depositphotos_38625459-stock-photo-incandescent-compact-fluorescent-halogen-lamps - Copy.jpg,depositphotos_38625459-stock-photo-incandescent-compact-fluorescent-halogen-lamps - Copy.jpg,Hazardous,.jpg,53423,KEEP,,1024,657,RGB
Hazardous/Hazardous/e-waste/depositphotos_38625459-stock-photo-incandescent-compact-fluorescent-halogen-lamps.jpg,depositphotos_38625459-stock-photo-incandescent-compact-fluorescent-halogen-lamps.jpg,Hazardous,.jpg,53423,KEEP,,1024,657,RGB
Hazardous/Hazardous/e-waste/detail_th_lightbulbs_cfl_content.jpg - Copy.jpg,detail_th_lightbulbs_cfl_content.jpg - Copy.jpg,Hazardous,.jpg,61956,KEEP,,1125,393,RGB
Hazardous/Hazardous/e-waste/detail_th_lightbulbs_cfl_content.jpg.jpg,detail_th_lightbulbs_cfl_content.jpg.jpg,Hazardous,.jpg,61956,KEEP,,1125,393,RGB
Hazardous/Hazardous/e-waste/disposing-lightbulbs-batteries - Copy.jpg,disposing-lightbulbs-batteries - Copy.jpg,Hazardous,.jpg,413534,KEEP,,900,450,RGB
Hazardous/Hazardous/e-waste/disposing-lightbulbs-batteries.jpg,disposing-lightbulbs-batteries.jpg,Hazardous,.jpg,413534,KEEP,,900,450,RGB
Hazardous/Hazardous/e-waste/e-inside-green-recycling-symbol-e-waste-concept-illustration-with-1118223065 - Copy.jpg,e-inside-green-recycling-symbol-e-waste-concept-illustration-with-1118223065 - Copy.jpg,Hazardous,.jpg,575996,KEEP,,1500,1600,RGB
Hazardous/Hazardous/e-waste/e-inside-green-recycling-symbol-e-waste-concept-illustration-with-1118223065.jpg,e-inside-green-recycling-symbol-e-waste-concept-illustration-with-1118223065.jpg,Hazardous,.jpg,575996,KEEP,,1500,1600,RGB
Hazardous/Hazardous/e-waste/e-schrott2 - Copy.jpg,e-schrott2 - Copy.jpg,Hazardous,.jpg,107497,KEEP,,1000,650,RGB
Hazardous/Hazardous/e-waste/e-schrott2.jpg,e-schrott2.jpg,Hazardous,.jpg,107497,KEEP,,1000,650,RGB
Hazardous/Hazardous/e-waste/e-waste-2049017_1280 - Copy.jpg,e-waste-2049017_1280 - Copy.jpg,Hazardous,.jpg,356442,KEEP,,1280,851,RGB
Hazardous/Hazardous/e-waste/e-waste-2049017_1280.jpg,e-waste-2049017_1280.jpg,Hazardous,.jpg,356442,KEEP,,1280,851,RGB
Hazardous/Hazardous/e-waste/e-waste-3 - Copy.jpg,e-waste-3 - Copy.jpg,Hazardous,.jpg,62389,KEEP,,735,653,RGB
Hazardous/Hazardous/e-waste/e-waste-3.jpg,e-waste-3.jpg,Hazardous,.jpg,62389,KEEP,,735,653,RGB
Hazardous/Hazardous/e-waste/e-waste-e-waste-old-mobile-phones-battery-isolated-white-background-177536164 - Copy.jpg,e-waste-e-waste-old-mobile-phones-battery-isolated-white-background-177536164 - Copy.jpg,Hazardous,.jpg,41107,KEEP,,800,534,RGB
Hazardous/Hazardous/e-waste/e-waste-e-waste-old-mobile-phones-battery-isolated-white-background-177536164.jpg,e-waste-e-waste-old-mobile-phones-battery-isolated-white-background-177536164.jpg,Hazardous,.jpg,41107,KEEP,,800,534,RGB
Hazardous/Hazardous/e-waste/e-waste-electronic-waste-recycling-and-management - Copy.jpg,e-waste-electronic-waste-recycling-and-management - Copy.jpg,Hazardous,.jpg,328103,KEEP,,2667,1500,RGB
Hazardous/Hazardous/e-waste/e-waste-electronic-waste-recycling-and-management.jpg,e-waste-electronic-waste-recycling-and-management.jpg,Hazardous,.jpg,328103,KEEP,,2667,1500,RGB
Hazardous/Hazardous/e-waste/e-waste-lg-238744418 - Copy.jpg,e-waste-lg-238744418 - Copy.jpg,Hazardous,.jpg,72496,KEEP,,800,532,RGB
Hazardous/Hazardous/e-waste/e-waste-lg-238744418.jpg,e-waste-lg-238744418.jpg,Hazardous,.jpg,72496,KEEP,,800,532,RGB
Hazardous/Hazardous/e-waste/e-waste-policy-recast-to-focus-on-no-of-products-recycled - Copy.jpg,e-waste-policy-recast-to-focus-on-no-of-products-recycled - Copy.jpg,Hazardous,.jpg,148956,KEEP,,1600,660,RGB
Hazardous/Hazardous/e-waste/e-waste-policy-recast-to-focus-on-no-of-products-recycled.jpg,e-waste-policy-recast-to-focus-on-no-of-products-recycled.jpg,Hazardous,.jpg,148956,KEEP,,1600,660,RGB
Hazardous/Hazardous/e-waste/e-waste-process - Copy.jpg,e-waste-process - Copy.jpg,Hazardous,.jpg,110692,KEEP,,2000,832,RGB
Hazardous/Hazardous/e-waste/e-waste-process.jpg,e-waste-process.jpg,Hazardous,.jpg,110692,KEEP,,2000,832,RGB
Hazardous/Hazardous/e-waste/e-waste-recycling-law-1 - Copy.jpg,e-waste-recycling-law-1 - Copy.jpg,Hazardous,.jpg,45167,KEEP,,400,300,RGB
Hazardous/Hazardous/e-waste/e-waste-recycling-law-1.jpg,e-waste-recycling-law-1.jpg,Hazardous,.jpg,45167,KEEP,,400,300,RGB
Hazardous/Hazardous/e-waste/e-waste2 - Copy.jpg,e-waste2 - Copy.jpg,Hazardous,.jpg,310852,KEEP,,940,529,RGB
Hazardous/Hazardous/e-waste/e-waste2.jpg,e-waste2.jpg,Hazardous,.jpg,310852,KEEP,,940,529,RGB
Hazardous/Hazardous/e-waste/e-waste22 - Copy.jpg,e-waste22 - Copy.jpg,Hazardous,.jpg,180753,KEEP,,1024,682,RGB
Hazardous/Hazardous/e-waste/e-waste22.jpg,e-waste22.jpg,Hazardous,.jpg,180753,KEEP,,1024,682,RGB
Hazardous/Hazardous/e-waste/e-waste3 - Copy.jpg,e-waste3 - Copy.jpg,Hazardous,.jpg,123695,KEEP,,793,447,RGB
Hazardous/Hazardous/e-waste/e-waste3.jpg,e-waste3.jpg,Hazardous,.jpg,123695,KEEP,,793,447,RGB
Hazardous/Hazardous/e-waste/e-waste4 - Copy.jpg,e-waste4 - Copy.jpg,Hazardous,.jpg,187054,KEEP,,1200,700,RGB
Hazardous/Hazardous/e-waste/e-waste4.jpg,e-waste4.jpg,Hazardous,.jpg,187054,KEEP,,1200,700,RGB
Hazardous/Hazardous/e-waste/eWaste - Copy.jpg,eWaste - Copy.jpg,Hazardous,.jpg,124693,KEEP,,1000,675,RGB
Hazardous/Hazardous/e-waste/eWaste.jpg,eWaste.jpg,Hazardous,.jpg,124693,KEEP,,1000,675,RGB
Hazardous/Hazardous/e-waste/e_waste_1572334975 - Copy.jpg,e_waste_1572334975 - Copy.jpg,Hazardous,.jpg,63207,KEEP,,604,453,RGB
Hazardous/Hazardous/e-waste/e_waste_1572334975.jpg,e_waste_1572334975.jpg,Hazardous,.jpg,63207,KEEP,,604,453,RGB
Hazardous/Hazardous/e-waste/e_waste_1572344183_725x725 - Copy.jpg,e_waste_1572344183_725x725 - Copy.jpg,Hazardous,.jpg,71390,KEEP,,725,545,RGB
Hazardous/Hazardous/e-waste/e_waste_1572344183_725x725.jpg,e_waste_1572344183_725x725.jpg,Hazardous,.jpg,71390,KEEP,,725,545,RGB
Hazardous/Hazardous/e-waste/e_waste_660_062019115620 - Copy.jpg,e_waste_660_062019115620 - Copy.jpg,Hazardous,.jpg,35710,KEEP,,660,450,RGB
Hazardous/Hazardous/e-waste/e_waste_660_062019115620.jpg,e_waste_660_062019115620.jpg,Hazardous,.jpg,35710,KEEP,,660,450,RGB
Hazardous/Hazardous/e-waste/ectric-lighting-types-incandescent-light-bulb-halogen-lamp-cfl-and-573739525 - Copy.jpg,ectric-lighting-types-incandescent-light-bulb-halogen-lamp-cfl-and-573739525 - Copy.jpg,Hazardous,.jpg,322580,KEEP,,1500,1600,RGB
Hazardous/Hazardous/e-waste/ectric-lighting-types-incandescent-light-bulb-halogen-lamp-cfl-and-573739525.jpg,ectric-lighting-types-incandescent-light-bulb-halogen-lamp-cfl-and-573739525.jpg,Hazardous,.jpg,322580,KEEP,,1500,1600,RGB
Hazardous/Hazardous/e-waste/ectronic-gadgets-devices-on-white-table-e-waste-planned-obsolescence-2KF1CDY - Copy.jpg,ectronic-gadgets-devices-on-white-table-e-waste-planned-obsolescence-2KF1CDY - Copy.jpg,Hazardous,.jpg,80682,KEEP,,1300,956,RGB
Hazardous/Hazardous/e-waste/ectronic-gadgets-devices-on-white-table-e-waste-planned-obsolescence-2KF1CDY.jpg,ectronic-gadgets-devices-on-white-table-e-waste-planned-obsolescence-2KF1CDY.jpg,Hazardous,.jpg,80682,KEEP,,1300,956,RGB
Hazardous/Hazardous/e-waste/electonic-waste - Copy.jpg,electonic-waste - Copy.jpg,Hazardous,.jpg,151282,KEEP,,1200,900,RGB
Hazardous/Hazardous/e-waste/electonic-waste.jpg,electonic-waste.jpg,Hazardous,.jpg,151282,KEEP,,1200,900,RGB
Hazardous/Hazardous/e-waste/electrical-electronic-waste-1 - Copy.jpg,electrical-electronic-waste-1 - Copy.jpg,Hazardous,.jpg,120241,KEEP,,548,693,RGB
Hazardous/Hazardous/e-waste/electrical-electronic-waste-1.jpg,electrical-electronic-waste-1.jpg,Hazardous,.jpg,120241,KEEP,,548,693,RGB
Hazardous/Hazardous/e-waste/electronic-recycling - Copy.jpg,electronic-recycling - Copy.jpg,Hazardous,.jpg,933203,KEEP,,980,653,RGB
Hazardous/Hazardous/e-waste/electronic-recycling.jpg,electronic-recycling.jpg,Hazardous,.jpg,933203,KEEP,,980,653,RGB
Hazardous/Hazardous/e-waste/electronic-waste - Copy.jpg,electronic-waste - Copy.jpg,Hazardous,.jpg,314305,KEEP,,2500,1667,RGB
Hazardous/Hazardous/e-waste/electronic-waste-collection-center-subsequent-recycling-circular-economy_761147-84 - Copy.jpg,electronic-waste-collection-center-subsequent-recycling-circular-economy_761147-84 - Copy.jpg,Hazardous,.jpg,116117,KEEP,,626,470,RGB
Hazardous/Hazardous/e-waste/electronic-waste-collection-center-subsequent-recycling-circular-economy_761147-84.jpg,electronic-waste-collection-center-subsequent-recycling-circular-economy_761147-84.jpg,Hazardous,.jpg,116117,KEEP,,626,470,RGB
Hazardous/Hazardous/e-waste/electronic-waste-disposal - Copy.jpg,electronic-waste-disposal - Copy.jpg,Hazardous,.jpg,274254,KEEP,,850,977,RGB
Hazardous/Hazardous/e-waste/electronic-waste-disposal.jpg,electronic-waste-disposal.jpg,Hazardous,.jpg,274254,KEEP,,850,977,RGB
Hazardous/Hazardous/e-waste/electronic-waste-e-waste - Copy.jpg,electronic-waste-e-waste - Copy.jpg,Hazardous,.jpg,342936,KEEP,,1600,1600,RGB
Hazardous/Hazardous/e-waste/electronic-waste-e-waste-167412842216x9 - Copy.jpg,electronic-waste-e-waste-167412842216x9 - Copy.jpg,Hazardous,.jpg,292102,KEEP,,1600,900,RGB
Hazardous/Hazardous/e-waste/electronic-waste-e-waste-167412842216x9.jpg,electronic-waste-e-waste-167412842216x9.jpg,Hazardous,.jpg,292102,KEEP,,1600,900,RGB
Hazardous/Hazardous/e-waste/electronic-waste-e-waste.jpg,electronic-waste-e-waste.jpg,Hazardous,.jpg,342936,KEEP,,1600,1600,RGB
Hazardous/Hazardous/e-waste/electronic-waste-electronic-waste-old-computers-monitors-other-devices-to-recycle-109977003 - Copy.jpg,electronic-waste-electronic-waste-old-computers-monitors-other-devices-to-recycle-109977003 - Copy.jpg,Hazardous,.jpg,105143,KEEP,,800,534,RGB
Hazardous/Hazardous/e-waste/electronic-waste-electronic-waste-old-computers-monitors-other-devices-to-recycle-109977003.jpg,electronic-waste-electronic-waste-old-computers-monitors-other-devices-to-recycle-109977003.jpg,Hazardous,.jpg,105143,KEEP,,800,534,RGB
Hazardous/Hazardous/e-waste/electronic-waste-hand-dropping-old-damaged-smartphone-bin-e-garbage-152109224 - Copy.jpg,electronic-waste-hand-dropping-old-damaged-smartphone-bin-e-garbage-152109224 - Copy.jpg,Hazardous,.jpg,49451,KEEP,,800,534,RGB
Hazardous/Hazardous/e-waste/electronic-waste-hand-dropping-old-damaged-smartphone-bin-e-garbage-152109224.jpg,electronic-waste-hand-dropping-old-damaged-smartphone-bin-e-garbage-152109224.jpg,Hazardous,.jpg,49451,KEEP,,800,534,RGB
Hazardous/Hazardous/e-waste/electronic-waste-hero - Copy.jpg,electronic-waste-hero - Copy.jpg,Hazardous,.jpg,554396,KEEP,,3000,1170,RGB
Hazardous/Hazardous/e-waste/electronic-waste-hero.jpg,electronic-waste-hero.jpg,Hazardous,.jpg,554396,KEEP,,3000,1170,RGB
Hazardous/Hazardous/e-waste/electronic-waste-ready-for-recycling-isolated-on-white-background-J769FF - Copy.jpg,electronic-waste-ready-for-recycling-isolated-on-white-background-J769FF - Copy.jpg,Hazardous,.jpg,164644,KEEP,,1300,1390,RGB
Hazardous/Hazardous/e-waste/electronic-waste-ready-for-recycling-isolated-on-white-background-J769FF.jpg,electronic-waste-ready-for-recycling-isolated-on-white-background-J769FF.jpg,Hazardous,.jpg,164644,KEEP,,1300,1390,RGB
Hazardous/Hazardous/e-waste/electronic-waste-statistics - Copy.jpg,electronic-waste-statistics - Copy.jpg,Hazardous,.jpg,151304,KEEP,,1000,500,RGB
Hazardous/Hazardous/e-waste/electronic-waste-statistics.jpg,electronic-waste-statistics.jpg,Hazardous,.jpg,151304,KEEP,,1000,500,RGB
Hazardous/Hazardous/e-waste/electronic-waste-stock-photo_csp13003320 - Copy.jpg,electronic-waste-stock-photo_csp13003320 - Copy.jpg,Hazardous,.jpg,95027,KEEP,,600,419,RGB
Hazardous/Hazardous/e-waste/electronic-waste-stock-photo_csp13003320.jpg,electronic-waste-stock-photo_csp13003320.jpg,Hazardous,.jpg,95027,KEEP,,600,419,RGB
Hazardous/Hazardous/e-waste/electronic-waste.jpg,electronic-waste.jpg,Hazardous,.jpg,314305,KEEP,,2500,1667,RGB
Hazardous/Hazardous/e-waste/energy-saving-bulbs-spent-incandescent-halogen-cfi-fluorescent-led-174891292 - Copy.jpg,energy-saving-bulbs-spent-incandescent-halogen-cfi-fluorescent-led-174891292 - Copy.jpg,Hazardous,.jpg,41137,KEEP,,800,534,RGB
Hazardous/Hazardous/e-waste/energy-saving-bulbs-spent-incandescent-halogen-cfi-fluorescent-led-174891292.jpg,energy-saving-bulbs-spent-incandescent-halogen-cfi-fluorescent-led-174891292.jpg,Hazardous,.jpg,41137,KEEP,,800,534,RGB
Hazardous/Hazardous/e-waste/es-2012-02886m_0005 - Copy.gif,es-2012-02886m_0005 - Copy.gif,Hazardous,.gif,153306,KEEP,,500,340,P
Hazardous/Hazardous/e-waste/es-2012-02886m_0005.gif,es-2012-02886m_0005.gif,Hazardous,.gif,153306,KEEP,,500,340,P
Hazardous/Hazardous/e-waste/esy-042966920 - Copy.jpg,esy-042966920 - Copy.jpg,Hazardous,.jpg,153484,KEEP,,1050,699,RGB
Hazardous/Hazardous/e-waste/esy-042966920.jpg,esy-042966920.jpg,Hazardous,.jpg,153484,KEEP,,1050,699,RGB
Hazardous/Hazardous/e-waste/ewaste-3 - Copy.jpg,ewaste-3 - Copy.jpg,Hazardous,.jpg,40639,KEEP,,660,440,RGB
Hazardous/Hazardous/e-waste/ewaste-3.jpg,ewaste-3.jpg,Hazardous,.jpg,40639,KEEP,,660,440,RGB
Hazardous/Hazardous/e-waste/ewaste-aspect-ratio-2000-1200-1024x614 - Copy.jpg,ewaste-aspect-ratio-2000-1200-1024x614 - Copy.jpg,Hazardous,.jpg,171185,KEEP,,1024,614,RGB
Hazardous/Hazardous/e-waste/ewaste-aspect-ratio-2000-1200-1024x614.jpg,ewaste-aspect-ratio-2000-1200-1024x614.jpg,Hazardous,.jpg,171185,KEEP,,1024,614,RGB
Hazardous/Hazardous/e-waste/ewaste-hero-banner - Copy.jpg,ewaste-hero-banner - Copy.jpg,Hazardous,.jpg,341457,KEEP,,960,350,RGB
Hazardous/Hazardous/e-waste/ewaste-hero-banner.jpg,ewaste-hero-banner.jpg,Hazardous,.jpg,341457,KEEP,,960,350,RGB
Hazardous/Hazardous/e-waste/ewaste-recycling - Copy.jpg,ewaste-recycling - Copy.jpg,Hazardous,.jpg,70247,KEEP,,600,400,RGB
Hazardous/Hazardous/e-waste/ewaste-recycling.jpg,ewaste-recycling.jpg,Hazardous,.jpg,70247,KEEP,,600,400,RGB
Hazardous/Hazardous/e-waste/ewaste-type - Copy.png,ewaste-type - Copy.png,Hazardous,.png,262653,KEEP,,1074,1080,RGBA
Hazardous/Hazardous/e-waste/ewaste-type.png,ewaste-type.png,Hazardous,.png,262653,KEEP,,1074,1080,RGBA
Hazardous/Hazardous/e-waste/ey-waste-bin-full-of-e-waste - Copy.jpg,ey-waste-bin-full-of-e-waste - Copy.jpg,Hazardous,.jpg,1022471,KEEP,,3840,2560,RGB
Hazardous/Hazardous/e-waste/ey-waste-bin-full-of-e-waste.jpg,ey-waste-bin-full-of-e-waste.jpg,Hazardous,.jpg,1022471,KEEP,,3840,2560,RGB
Hazardous/Hazardous/e-waste/file-20200709-58-1grgzv5 - Copy.jpg,file-20200709-58-1grgzv5 - Copy.jpg,Hazardous,.jpg,276161,KEEP,,1920,1282,RGB
Hazardous/Hazardous/e-waste/file-20200709-58-1grgzv5.jpg,file-20200709-58-1grgzv5.jpg,Hazardous,.jpg,276161,KEEP,,1920,1282,RGB
Hazardous/Hazardous/e-waste/file-20210216-19-57bzc1 - Copy.jpg,file-20210216-19-57bzc1 - Copy.jpg,Hazardous,.jpg,132168,KEEP,,1920,1186,RGB
Hazardous/Hazardous/e-waste/file-20210216-19-57bzc1.jpg,file-20210216-19-57bzc1.jpg,Hazardous,.jpg,132168,KEEP,,1920,1186,RGB
Hazardous/Hazardous/e-waste/flourescents - Copy.gif,flourescents - Copy.gif,Hazardous,.gif,37782,KEEP,,396,366,P
Hazardous/Hazardous/e-waste/flourescents.gif,flourescents.gif,Hazardous,.gif,37782,KEEP,,396,366,P
Hazardous/Hazardous/e-waste/fluorescent - Copy.jpg,fluorescent - Copy.jpg,Hazardous,.jpg,216366,KEEP,,600,400,RGB
Hazardous/Hazardous/e-waste/fluorescent-lightbulb-abstract-15600002 - Copy.jpg,fluorescent-lightbulb-abstract-15600002 - Copy.jpg,Hazardous,.jpg,45022,KEEP,,622,900,RGB
Hazardous/Hazardous/e-waste/fluorescent-lightbulb-abstract-15600002.jpg,fluorescent-lightbulb-abstract-15600002.jpg,Hazardous,.jpg,45022,KEEP,,622,900,RGB
Hazardous/Hazardous/e-waste/fluorescent.jpg,fluorescent.jpg,Hazardous,.jpg,216366,KEEP,,600,400,RGB
Hazardous/Hazardous/e-waste/fluorescent2 - Copy.jpg,fluorescent2 - Copy.jpg,Hazardous,.jpg,37406,KEEP,,460,295,RGB
Hazardous/Hazardous/e-waste/fluorescent2.jpg,fluorescent2.jpg,Hazardous,.jpg,37406,KEEP,,460,295,RGB
Hazardous/Hazardous/e-waste/fluorescent20lights20hero - Copy.png,fluorescent20lights20hero - Copy.png,Hazardous,.png,1064618,KEEP,,1024,601,RGBA
Hazardous/Hazardous/e-waste/fluorescent20lights20hero.png,fluorescent20lights20hero.png,Hazardous,.png,1064618,KEEP,,1024,601,RGBA
Hazardous/Hazardous/e-waste/fluorescentlights - Copy.png,fluorescentlights - Copy.png,Hazardous,.png,281050,KEEP,,714,294,RGBA
Hazardous/Hazardous/e-waste/fluorescentlights.png,fluorescentlights.png,Hazardous,.png,281050,KEEP,,714,294,RGBA
Hazardous/Hazardous/e-waste/gettyimages-522580785 - Copy.jpg,gettyimages-522580785 - Copy.jpg,Hazardous,.jpg,543905,KEEP,,1800,1358,RGB
Hazardous/Hazardous/e-waste/gettyimages-522580785.jpg,gettyimages-522580785.jpg,Hazardous,.jpg,543905,KEEP,,1800,1358,RGB
Hazardous/Hazardous/e-waste/gettyimages-566436837-1559940280 - Copy.jpg,gettyimages-566436837-1559940280 - Copy.jpg,Hazardous,.jpg,123425,KEEP,,1200,1194,RGB
Hazardous/Hazardous/e-waste/gettyimages-566436837-1559940280.jpg,gettyimages-566436837-1559940280.jpg,Hazardous,.jpg,123425,KEEP,,1200,1194,RGB
Hazardous/Hazardous/e-waste/going-greener-by-recycling-burnt-out-bulbs-1523856076-3781852 - Copy.jpeg,going-greener-by-recycling-burnt-out-bulbs-1523856076-3781852 - Copy.jpeg,Hazardous,.jpeg,157710,KEEP,,500,500,RGB
Hazardous/Hazardous/e-waste/going-greener-by-recycling-burnt-out-bulbs-1523856076-3781852.jpeg,going-greener-by-recycling-burnt-out-bulbs-1523856076-3781852.jpeg,Hazardous,.jpeg,157710,KEEP,,500,500,RGB
Hazardous/Hazardous/e-waste/hazardous-waste-solutions-fluorescent-tubes - Copy.jpg,hazardous-waste-solutions-fluorescent-tubes - Copy.jpg,Hazardous,.jpg,51439,KEEP,,1249,461,RGB
Hazardous/Hazardous/e-waste/hazardous-waste-solutions-fluorescent-tubes.jpg,hazardous-waste-solutions-fluorescent-tubes.jpg,Hazardous,.jpg,51439,KEEP,,1249,461,RGB
Hazardous/Hazardous/e-waste/hazardous-waste-wooden-background-74234943 - Copy.jpg,hazardous-waste-wooden-background-74234943 - Copy.jpg,Hazardous,.jpg,305780,KEEP,,1600,1157,RGB
Hazardous/Hazardous/e-waste/hazardous-waste-wooden-background-74234943.jpg,hazardous-waste-wooden-background-74234943.jpg,Hazardous,.jpg,305780,KEEP,,1600,1157,RGB
Hazardous/Hazardous/e-waste/how-fluorescents-work - Copy.jpg,how-fluorescents-work - Copy.jpg,Hazardous,.jpg,139657,KEEP,,1200,895,RGB
Hazardous/Hazardous/e-waste/how-fluorescents-work.jpg,how-fluorescents-work.jpg,Hazardous,.jpg,139657,KEEP,,1200,895,RGB
Hazardous/Hazardous/e-waste/how-to-dispose-of-fluorescent-light-bulbs - Copy.jpg,how-to-dispose-of-fluorescent-light-bulbs - Copy.jpg,Hazardous,.jpg,58747,KEEP,,900,600,RGB
Hazardous/Hazardous/e-waste/how-to-dispose-of-fluorescent-light-bulbs.jpg,how-to-dispose-of-fluorescent-light-bulbs.jpg,Hazardous,.jpg,58747,KEEP,,900,600,RGB
Hazardous/Hazardous/e-waste/how-to-dispose-of-light-bulbs-section-3 - Copy.jpg,how-to-dispose-of-light-bulbs-section-3 - Copy.jpg,Hazardous,.jpg,232272,KEEP,,1025,625,RGB
Hazardous/Hazardous/e-waste/how-to-dispose-of-light-bulbs-section-3.jpg,how-to-dispose-of-light-bulbs-section-3.jpg,Hazardous,.jpg,232272,KEEP,,1025,625,RGB
Hazardous/Hazardous/e-waste/how-to-dispose-of-light-bulbs-section-4 - Copy.jpg,how-to-dispose-of-light-bulbs-section-4 - Copy.jpg,Hazardous,.jpg,153816,KEEP,,1025,625,RGB
Hazardous/Hazardous/e-waste/how-to-dispose-of-light-bulbs-section-4.jpg,how-to-dispose-of-light-bulbs-section-4.jpg,Hazardous,.jpg,153816,KEEP,,1025,625,RGB
Hazardous/Hazardous/e-waste/how_to_upcycle_ewaste_1573547808 - Copy.jpg,how_to_upcycle_ewaste_1573547808 - Copy.jpg,Hazardous,.jpg,111783,KEEP,,1200,900,RGB
Hazardous/Hazardous/e-waste/how_to_upcycle_ewaste_1573547808.jpg,how_to_upcycle_ewaste_1573547808.jpg,Hazardous,.jpg,111783,KEEP,,1200,900,RGB
Hazardous/Hazardous/e-waste/https3A2F2Fwww.elektormagazine.com2Fassets2Fupload2Fimages2F02Fe-waste4 - Copy.jpg,https3A2F2Fwww.elektormagazine.com2Fassets2Fupload2Fimages2F02Fe-waste4 - Copy.jpg,Hazardous,.jpg,90209,KEEP,,435,250,RGB
Hazardous/Hazardous/e-waste/https3A2F2Fwww.elektormagazine.com2Fassets2Fupload2Fimages2F02Fe-waste4.jpg,https3A2F2Fwww.elektormagazine.com2Fassets2Fupload2Fimages2F02Fe-waste4.jpg,Hazardous,.jpg,90209,KEEP,,435,250,RGB
Hazardous/Hazardous/e-waste/iPleaders-17 - Copy.jpg,iPleaders-17 - Copy.jpg,Hazardous,.jpg,1803420,KEEP,,2000,1000,RGB
Hazardous/Hazardous/e-waste/iPleaders-17.jpg,iPleaders-17.jpg,Hazardous,.jpg,1803420,KEEP,,2000,1000,RGB
Hazardous/Hazardous/e-waste/ic-waste-old-products-china-cyclic-utilization-broken-energy-saving-47934966 - Copy.jpg,ic-waste-old-products-china-cyclic-utilization-broken-energy-saving-47934966 - Copy.jpg,Hazardous,.jpg,160349,KEEP,,1600,1158,RGB
Hazardous/Hazardous/e-waste/ic-waste-old-products-china-cyclic-utilization-broken-energy-saving-47934966.jpg,ic-waste-old-products-china-cyclic-utilization-broken-energy-saving-47934966.jpg,Hazardous,.jpg,160349,KEEP,,1600,1158,RGB
Hazardous/Hazardous/e-waste/icons-led-lamps-types-fluorescent-filament-halogen-diode-and-other-632016899 - Copy.jpg,icons-led-lamps-types-fluorescent-filament-halogen-diode-and-other-632016899 - Copy.jpg,Hazardous,.jpg,330945,KEEP,,1500,1600,RGB
Hazardous/Hazardous/e-waste/icons-led-lamps-types-fluorescent-filament-halogen-diode-and-other-632016899.jpg,icons-led-lamps-types-fluorescent-filament-halogen-diode-and-other-632016899.jpg,Hazardous,.jpg,330945,KEEP,,1500,1600,RGB
Hazardous/Hazardous/e-waste/image31 - Copy.png,image31 - Copy.png,Hazardous,.png,554741,KEEP,,1080,1080,P
Hazardous/Hazardous/e-waste/image31.png,image31.png,Hazardous,.png,554741,KEEP,,1080,1080,P
Hazardous/Hazardous/e-waste/img878241 - Copy.jpg,img878241 - Copy.jpg,Hazardous,.jpg,116376,KEEP,,1024,512,RGB
Hazardous/Hazardous/e-waste/img878241.jpg,img878241.jpg,Hazardous,.jpg,116376,KEEP,,1024,512,RGB
Hazardous/Hazardous/e-waste/impact-of-e-waste-hero1540775416137 - Copy.jpg,impact-of-e-waste-hero1540775416137 - Copy.jpg,Hazardous,.jpg,187010,KEEP,,1250,450,RGB
Hazardous/Hazardous/e-waste/impact-of-e-waste-hero1540775416137.jpg,impact-of-e-waste-hero1540775416137.jpg,Hazardous,.jpg,187010,KEEP,,1250,450,RGB
Hazardous/Hazardous/e-waste/impact-of-e-waste-infographic1541812360135 - Copy.jpg,impact-of-e-waste-infographic1541812360135 - Copy.jpg,Hazardous,.jpg,1223400,KEEP,,1920,6286,RGB
Hazardous/Hazardous/e-waste/impact-of-e-waste-infographic1541812360135.jpg,impact-of-e-waste-infographic1541812360135.jpg,Hazardous,.jpg,1223400,KEEP,,1920,6286,RGB
Hazardous/Hazardous/e-waste/incandescent-led-cfl - Copy.png,incandescent-led-cfl - Copy.png,Hazardous,.png,83209,KEEP,,640,382,RGBA
Hazardous/Hazardous/e-waste/incandescent-led-cfl.png,incandescent-led-cfl.png,Hazardous,.png,83209,KEEP,,640,382,RGBA
Hazardous/Hazardous/e-waste/international-e-waste-day - Copy.jpg,international-e-waste-day - Copy.jpg,Hazardous,.jpg,189187,KEEP,,2340,1170,RGB
Hazardous/Hazardous/e-waste/international-e-waste-day.jpg,international-e-waste-day.jpg,Hazardous,.jpg,189187,KEEP,,2340,1170,RGB
Hazardous/Hazardous/e-waste/lable-black-line-icon-varieties-of-lamps-waste-recycling-garbage-sorting-eco - Copy.jpg,lable-black-line-icon-varieties-of-lamps-waste-recycling-garbage-sorting-eco - Copy.jpg,Hazardous,.jpg,36708,KEEP,,1300,1300,RGB
Hazardous/Hazardous/e-waste/lable-black-line-icon-varieties-of-lamps-waste-recycling-garbage-sorting-eco.jpg,lable-black-line-icon-varieties-of-lamps-waste-recycling-garbage-sorting-eco.jpg,Hazardous,.jpg,36708,KEEP,,1300,1300,RGB
Hazardous/Hazardous/e-waste/lamps - Copy.jpg,lamps - Copy.jpg,Hazardous,.jpg,32392,KEEP,,580,369,RGB
Hazardous/Hazardous/e-waste/lamps.jpg,lamps.jpg,Hazardous,.jpg,32392,KEEP,,580,369,RGB
Hazardous/Hazardous/e-waste/light-bulb-fluorescent - Copy.jpg,light-bulb-fluorescent - Copy.jpg,Hazardous,.jpg,54744,KEEP,,667,1000,RGB
Hazardous/Hazardous/e-waste/light-bulb-fluorescent.jpg,light-bulb-fluorescent.jpg,Hazardous,.jpg,54744,KEEP,,667,1000,RGB
Hazardous/Hazardous/e-waste/light-bulb-recycling-waste-legacy-tungsten-on-white-background-GJ5BDK - Copy.jpg,light-bulb-recycling-waste-legacy-tungsten-on-white-background-GJ5BDK - Copy.jpg,Hazardous,.jpg,75853,KEEP,,1300,955,RGB
Hazardous/Hazardous/e-waste/light-bulb-recycling-waste-legacy-tungsten-on-white-background-GJ5BDK.jpg,light-bulb-recycling-waste-legacy-tungsten-on-white-background-GJ5BDK.jpg,Hazardous,.jpg,75853,KEEP,,1300,955,RGB
Hazardous/Hazardous/e-waste/light-bulbs-and-recycling-bin-for-them-light-bulbs-and-fluorescent-lamps-are - Copy.jpg,light-bulbs-and-recycling-bin-for-them-light-bulbs-and-fluorescent-lamps-are - Copy.jpg,Hazardous,.jpg,55624,KEEP,,1300,1300,RGB
Hazardous/Hazardous/e-waste/light-bulbs-and-recycling-bin-for-them-light-bulbs-and-fluorescent-lamps-are.jpg,light-bulbs-and-recycling-bin-for-them-light-bulbs-and-fluorescent-lamps-are.jpg,Hazardous,.jpg,55624,KEEP,,1300,1300,RGB
Hazardous/Hazardous/e-waste/lightbulb-average-rated-lifetime-hours-1 - Copy.jpg,lightbulb-average-rated-lifetime-hours-1 - Copy.jpg,Hazardous,.jpg,86669,KEEP,,900,450,RGB
Hazardous/Hazardous/e-waste/lightbulb-average-rated-lifetime-hours-1.jpg,lightbulb-average-rated-lifetime-hours-1.jpg,Hazardous,.jpg,86669,KEEP,,900,450,RGB
Hazardous/Hazardous/e-waste/lightbulb-recycling - Copy.jpg,lightbulb-recycling - Copy.jpg,Hazardous,.jpg,39689,KEEP,,300,300,RGB
Hazardous/Hazardous/e-waste/lightbulb-recycling.jpg,lightbulb-recycling.jpg,Hazardous,.jpg,39689,KEEP,,300,300,RGB
Hazardous/Hazardous/e-waste/lightbulbs - Copy.png,lightbulbs - Copy.png,Hazardous,.png,57474,KEEP,,625,449,P
Hazardous/Hazardous/e-waste/lightbulbs.png,lightbulbs.png,Hazardous,.png,57474,KEEP,,625,449,P
Hazardous/Hazardous/e-waste/ling-electronic-waste-electronics-hazardous-waste-recycle-computer-recycling - Copy.png,ling-electronic-waste-electronics-hazardous-waste-recycle-computer-recycling - Copy.png,Hazardous,.png,40177,KEEP,,900,958,P
Hazardous/Hazardous/e-waste/ling-electronic-waste-electronics-hazardous-waste-recycle-computer-recycling.png,ling-electronic-waste-electronics-hazardous-waste-recycle-computer-recycling.png,Hazardous,.png,40177,KEEP,,900,958,P
Hazardous/Hazardous/e-waste/ling-issue-concept-copy-space-text-damaged-held-disposal-challenge-277763587 - Copy.jpg,ling-issue-concept-copy-space-text-damaged-held-disposal-challenge-277763587 - Copy.jpg,Hazardous,.jpg,36153,KEEP,,800,533,RGB
Hazardous/Hazardous/e-waste/ling-issue-concept-copy-space-text-damaged-held-disposal-challenge-277763587.jpg,ling-issue-concept-copy-space-text-damaged-held-disposal-challenge-277763587.jpg,Hazardous,.jpg,36153,KEEP,,800,533,RGB
Hazardous/Hazardous/e-waste/maxresdefault - Copy.jpg,maxresdefault - Copy.jpg,Hazardous,.jpg,142307,KEEP,,1280,720,RGB
Hazardous/Hazardous/e-waste/maxresdefault.jpg,maxresdefault.jpg,Hazardous,.jpg,142307,KEEP,,1280,720,RGB
Hazardous/Hazardous/e-waste/maxresdefault2 - Copy.jpg,maxresdefault2 - Copy.jpg,Hazardous,.jpg,159968,KEEP,,1280,720,RGB
Hazardous/Hazardous/e-waste/maxresdefault2.jpg,maxresdefault2.jpg,Hazardous,.jpg,159968,KEEP,,1280,720,RGB
Hazardous/Hazardous/e-waste/mika-baumeister-oXb5tA61wI-unsplash-scaled-e1651078651490 - Copy.jpg,mika-baumeister-oXb5tA61wI-unsplash-scaled-e1651078651490 - Copy.jpg,Hazardous,.jpg,31794,KEEP,,800,533,RGB
Hazardous/Hazardous/e-waste/mika-baumeister-oXb5tA61wI-unsplash-scaled-e1651078651490.jpg,mika-baumeister-oXb5tA61wI-unsplash-scaled-e1651078651490.jpg,Hazardous,.jpg,31794,KEEP,,800,533,RGB
Hazardous/Hazardous/e-waste/n-edison-fluorescent-and-led-isolated-on-a-transparent-background-1242075553 - Copy.jpg,n-edison-fluorescent-and-led-isolated-on-a-transparent-background-1242075553 - Copy.jpg,Hazardous,.jpg,714069,KEEP,,1500,1171,RGB
Hazardous/Hazardous/e-waste/n-edison-fluorescent-and-led-isolated-on-a-transparent-background-1242075553.jpg,n-edison-fluorescent-and-led-isolated-on-a-transparent-background-1242075553.jpg,Hazardous,.jpg,714069,KEEP,,1500,1171,RGB
Hazardous/Hazardous/e-waste/n1-e1639575580776 - Copy.jpg,n1-e1639575580776 - Copy.jpg,Hazardous,.jpg,152624,KEEP,,1280,853,RGB
Hazardous/Hazardous/e-waste/n1-e1639575580776.jpg,n1-e1639575580776.jpg,Hazardous,.jpg,152624,KEEP,,1280,853,RGB
Hazardous/Hazardous/e-waste/negative-side-of-compact-flourescent-bulbs-cfls - Copy.jpg,negative-side-of-compact-flourescent-bulbs-cfls - Copy.jpg,Hazardous,.jpg,30514,KEEP,,1200,675,RGB
Hazardous/Hazardous/e-waste/negative-side-of-compact-flourescent-bulbs-cfls.jpg,negative-side-of-compact-flourescent-bulbs-cfls.jpg,Hazardous,.jpg,30514,KEEP,,1200,675,RGB
Hazardous/Hazardous/e-waste/nergy-saving-bulbs-tube-spent-incandescent-halogen-cfi-fluorescent-174891297 - Copy.jpg,nergy-saving-bulbs-tube-spent-incandescent-halogen-cfi-fluorescent-174891297 - Copy.jpg,Hazardous,.jpg,46822,KEEP,,800,534,RGB
Hazardous/Hazardous/e-waste/nergy-saving-bulbs-tube-spent-incandescent-halogen-cfi-fluorescent-174891297.jpg,nergy-saving-bulbs-tube-spent-incandescent-halogen-cfi-fluorescent-174891297.jpg,Hazardous,.jpg,46822,KEEP,,800,534,RGB
Hazardous/Hazardous/e-waste/nergy-saving-bulbs-tube-spent-incandescent-halogen-cfi-fluorescent-174891307 - Copy.jpg,nergy-saving-bulbs-tube-spent-incandescent-halogen-cfi-fluorescent-174891307 - Copy.jpg,Hazardous,.jpg,40724,KEEP,,800,534,RGB
Hazardous/Hazardous/e-waste/nergy-saving-bulbs-tube-spent-incandescent-halogen-cfi-fluorescent-174891307.jpg,nergy-saving-bulbs-tube-spent-incandescent-halogen-cfi-fluorescent-174891307.jpg,Hazardous,.jpg,40724,KEEP,,800,534,RGB
Hazardous/Hazardous/e-waste/ng-electronic-waste-electronics-recycle-bin-miscellaneous-computer-recycling - Copy.png,ng-electronic-waste-electronics-recycle-bin-miscellaneous-computer-recycling - Copy.png,Hazardous,.png,78913,KEEP,,920,1076,P
Hazardous/Hazardous/e-waste/ng-electronic-waste-electronics-recycle-bin-miscellaneous-computer-recycling.png,ng-electronic-waste-electronics-recycle-bin-miscellaneous-computer-recycling.png,Hazardous,.png,78913,KEEP,,920,1076,P
Hazardous/Hazardous/e-waste/old-burnt-fluorescent-energy-saving-lamps-hazardous-toxic-electronic-waste-75820716 - Copy.jpg,old-burnt-fluorescent-energy-saving-lamps-hazardous-toxic-electronic-waste-75820716 - Copy.jpg,Hazardous,.jpg,178420,KEEP,,1600,1157,RGB
Hazardous/Hazardous/e-waste/old-burnt-fluorescent-energy-saving-lamps-hazardous-toxic-electronic-waste-75820716.jpg,old-burnt-fluorescent-energy-saving-lamps-hazardous-toxic-electronic-waste-75820716.jpg,Hazardous,.jpg,178420,KEEP,,1600,1157,RGB
Hazardous/Hazardous/e-waste/old-used-led-halogen-bulbs-fluorescent-tubes-different-light-bulbs-collected-recycling-217026394 - Copy.jpg,old-used-led-halogen-bulbs-fluorescent-tubes-different-light-bulbs-collected-recycling-217026394 - Copy.jpg,Hazardous,.jpg,130468,KEEP,,1600,990,RGB
Hazardous/Hazardous/e-waste/old-used-led-halogen-bulbs-fluorescent-tubes-different-light-bulbs-collected-recycling-217026394.jpg,old-used-led-halogen-bulbs-fluorescent-tubes-different-light-bulbs-collected-recycling-217026394.jpg,Hazardous,.jpg,130468,KEEP,,1600,990,RGB
Hazardous/Hazardous/e-waste/omponents-mainboards-pcb-connectors-hardware-electronics-industry-eco-PNX35G - Copy.jpg,omponents-mainboards-pcb-connectors-hardware-electronics-industry-eco-PNX35G - Copy.jpg,Hazardous,.jpg,307139,KEEP,,1300,821,RGB
Hazardous/Hazardous/e-waste/omponents-mainboards-pcb-connectors-hardware-electronics-industry-eco-PNX35G.jpg,omponents-mainboards-pcb-connectors-hardware-electronics-industry-eco-PNX35G.jpg,Hazardous,.jpg,307139,KEEP,,1300,821,RGB
Hazardous/Hazardous/e-waste/onic-waste-on-white-background-reuse-and-recycle-concept-top-view-1011557155 - Copy.jpg,onic-waste-on-white-background-reuse-and-recycle-concept-top-view-1011557155 - Copy.jpg,Hazardous,.jpg,1878646,KEEP,,1500,1101,RGB
Hazardous/Hazardous/e-waste/onic-waste-on-white-background-reuse-and-recycle-concept-top-view-1011557155.jpg,onic-waste-on-white-background-reuse-and-recycle-concept-top-view-1011557155.jpg,Hazardous,.jpg,1878646,KEEP,,1500,1101,RGB
Hazardous/Hazardous/e-waste/outlined-compact-fluorescent-light-bulbs-stock-illustrations_csp49558453 - Copy.jpg,outlined-compact-fluorescent-light-bulbs-stock-illustrations_csp49558453 - Copy.jpg,Hazardous,.jpg,41144,KEEP,,384,519,RGB
Hazardous/Hazardous/e-waste/outlined-compact-fluorescent-light-bulbs-stock-illustrations_csp49558453.jpg,outlined-compact-fluorescent-light-bulbs-stock-illustrations_csp49558453.jpg,Hazardous,.jpg,41144,KEEP,,384,519,RGB
Hazardous/Hazardous/e-waste/page_1 - Copy.jpg,page_1 - Copy.jpg,Hazardous,.jpg,230494,KEEP,,1156,1496,RGB
Hazardous/Hazardous/e-waste/page_1.jpg,page_1.jpg,Hazardous,.jpg,230494,KEEP,,1156,1496,RGB
Hazardous/Hazardous/e-waste/pile-o-light-bulbs-1024x683 - Copy.jpg,pile-o-light-bulbs-1024x683 - Copy.jpg,Hazardous,.jpg,68061,KEEP,,1024,683,RGB
Hazardous/Hazardous/e-waste/pile-o-light-bulbs-1024x683.jpg,pile-o-light-bulbs-1024x683.jpg,Hazardous,.jpg,68061,KEEP,,1024,683,RGB
Hazardous/Hazardous/e-waste/post_lighting_waste - Copy.png,post_lighting_waste - Copy.png,Hazardous,.png,5294435,KEEP,,2240,1260,RGBA
Hazardous/Hazardous/e-waste/post_lighting_waste.png,post_lighting_waste.png,Hazardous,.png,5294435,KEEP,,2240,1260,RGBA
Hazardous/Hazardous/e-waste/r-illustrations-set-different-lightbulb-types-with-various-shapes-2035328045 - Copy.jpg,r-illustrations-set-different-lightbulb-types-with-various-shapes-2035328045 - Copy.jpg,Hazardous,.jpg,106607,KEEP,,1500,700,RGB
Hazardous/Hazardous/e-waste/r-illustrations-set-different-lightbulb-types-with-various-shapes-2035328045.jpg,r-illustrations-set-different-lightbulb-types-with-various-shapes-2035328045.jpg,Hazardous,.jpg,106607,KEEP,,1500,700,RGB
Hazardous/Hazardous/e-waste/rcury-lamps-e-waste-environmental-pollution-crime-dirty-broken-old-128643963 - Copy.jpg,rcury-lamps-e-waste-environmental-pollution-crime-dirty-broken-old-128643963 - Copy.jpg,Hazardous,.jpg,73906,KEEP,,800,534,RGB
Hazardous/Hazardous/e-waste/rcury-lamps-e-waste-environmental-pollution-crime-dirty-broken-old-128643963.jpg,rcury-lamps-e-waste-environmental-pollution-crime-dirty-broken-old-128643963.jpg,Hazardous,.jpg,73906,KEEP,,800,534,RGB
Hazardous/Hazardous/e-waste/reciclaje-industrial-portada - Copy.jpg,reciclaje-industrial-portada - Copy.jpg,Hazardous,.jpg,160751,KEEP,,773,538,RGB
Hazardous/Hazardous/e-waste/reciclaje-industrial-portada.jpg,reciclaje-industrial-portada.jpg,Hazardous,.jpg,160751,KEEP,,773,538,RGB
Hazardous/Hazardous/e-waste/recycle-e-waste-new-aug-22 - Copy.png,recycle-e-waste-new-aug-22 - Copy.png,Hazardous,.png,688196,KEEP,,1600,751,RGBA
Hazardous/Hazardous/e-waste/recycle-e-waste-new-aug-22.png,recycle-e-waste-new-aug-22.png,Hazardous,.png,688196,KEEP,,1600,751,RGBA
Hazardous/Hazardous/e-waste/recycle-old-phones-1617128956 - Copy.png,recycle-old-phones-1617128956 - Copy.png,Hazardous,.png,78041,KEEP,,800,304,P
Hazardous/Hazardous/e-waste/recycle-old-phones-1617128956.png,recycle-old-phones-1617128956.png,Hazardous,.png,78041,KEEP,,800,304,P
Hazardous/Hazardous/e-waste/rk-background-the-concept-of-recycling-and-disposal-of-electronic-2188810405 - Copy.jpg,rk-background-the-concept-of-recycling-and-disposal-of-electronic-2188810405 - Copy.jpg,Hazardous,.jpg,540220,KEEP,,1500,1095,RGB
Hazardous/Hazardous/e-waste/rk-background-the-concept-of-recycling-and-disposal-of-electronic-2188810405.jpg,rk-background-the-concept-of-recycling-and-disposal-of-electronic-2188810405.jpg,Hazardous,.jpg,540220,KEEP,,1500,1095,RGB
Hazardous/Hazardous/e-waste/rk-background-the-concept-of-recycling-and-disposal-of-electronic-2199207751 - Copy.jpg,rk-background-the-concept-of-recycling-and-disposal-of-electronic-2199207751 - Copy.jpg,Hazardous,.jpg,581417,KEEP,,1035,1600,RGB
Hazardous/Hazardous/e-waste/rk-background-the-concept-of-recycling-and-disposal-of-electronic-2199207751.jpg,rk-background-the-concept-of-recycling-and-disposal-of-electronic-2199207751.jpg,Hazardous,.jpg,581417,KEEP,,1035,1600,RGB
Hazardous/Hazardous/e-waste/s-devices-and-used-electronic-components-intended-for-waste-disposal-2F3X0P0 - Copy.jpg,s-devices-and-used-electronic-components-intended-for-waste-disposal-2F3X0P0 - Copy.jpg,Hazardous,.jpg,121949,KEEP,,1300,956,RGB
Hazardous/Hazardous/e-waste/s-devices-and-used-electronic-components-intended-for-waste-disposal-2F3X0P0.jpg,s-devices-and-used-electronic-components-intended-for-waste-disposal-2F3X0P0.jpg,Hazardous,.jpg,121949,KEEP,,1300,956,RGB
Hazardous/Hazardous/e-waste/safe-disposal-any-logos-brand-names-have-been-removed-great-recycle-33215495 - Copy.jpg,safe-disposal-any-logos-brand-names-have-been-removed-great-recycle-33215495 - Copy.jpg,Hazardous,.jpg,74663,KEEP,,800,534,RGB
Hazardous/Hazardous/e-waste/safe-disposal-any-logos-brand-names-have-been-removed-great-recycle-33215495.jpg,safe-disposal-any-logos-brand-names-have-been-removed-great-recycle-33215495.jpg,Hazardous,.jpg,74663,KEEP,,800,534,RGB
Hazardous/Hazardous/e-waste/sddefault - Copy.jpg,sddefault - Copy.jpg,Hazardous,.jpg,38258,KEEP,,640,480,RGB
Hazardous/Hazardous/e-waste/sddefault.jpg,sddefault.jpg,Hazardous,.jpg,38258,KEEP,,640,480,RGB
Hazardous/Hazardous/e-waste/set-different-types-light-bulbs-incandescent-compact-fluorescent-lamp_223337-667 - Copy.jpg,set-different-types-light-bulbs-incandescent-compact-fluorescent-lamp_223337-667 - Copy.jpg,Hazardous,.jpg,31104,KEEP,,418,626,RGB
Hazardous/Hazardous/e-waste/set-different-types-light-bulbs-incandescent-compact-fluorescent-lamp_223337-667.jpg,set-different-types-light-bulbs-incandescent-compact-fluorescent-lamp_223337-667.jpg,Hazardous,.jpg,31104,KEEP,,418,626,RGB
Hazardous/Hazardous/e-waste/shutterstock_101806765-Bulbs - Copy.jpg,shutterstock_101806765-Bulbs - Copy.jpg,Hazardous,.jpg,96614,KEEP,,1200,1200,RGB
Hazardous/Hazardous/e-waste/shutterstock_101806765-Bulbs.jpg,shutterstock_101806765-Bulbs.jpg,Hazardous,.jpg,96614,KEEP,,1200,1200,RGB
Hazardous/Hazardous/e-waste/shutterstock_139275554-1024x600 - Copy.jpg,shutterstock_139275554-1024x600 - Copy.jpg,Hazardous,.jpg,77193,KEEP,,1024,600,RGB
Hazardous/Hazardous/e-waste/shutterstock_139275554-1024x600.jpg,shutterstock_139275554-1024x600.jpg,Hazardous,.jpg,77193,KEEP,,1024,600,RGB
Hazardous/Hazardous/e-waste/shutterstock_29134336 - Copy.jpg,shutterstock_29134336 - Copy.jpg,Hazardous,.jpg,1039956,KEEP,,6016,4000,RGB
Hazardous/Hazardous/e-waste/shutterstock_29134336.jpg,shutterstock_29134336.jpg,Hazardous,.jpg,1039956,KEEP,,6016,4000,RGB
Hazardous/Hazardous/e-waste/spiral-20-23-watt-cfl-bulbs - Copy.jpg,spiral-20-23-watt-cfl-bulbs - Copy.jpg,Hazardous,.jpg,214443,KEEP,,3177,6008,RGB
Hazardous/Hazardous/e-waste/spiral-20-23-watt-cfl-bulbs.jpg,spiral-20-23-watt-cfl-bulbs.jpg,Hazardous,.jpg,214443,KEEP,,3177,6008,RGB
Hazardous/Hazardous/e-waste/stock-photo-electronic-waste-and-garbage-for-recycling-1675112317 - Copy.jpg,stock-photo-electronic-waste-and-garbage-for-recycling-1675112317 - Copy.jpg,Hazardous,.jpg,2303363,KEEP,,1500,1101,RGB
Hazardous/Hazardous/e-waste/stock-photo-electronic-waste-and-garbage-for-recycling-1675112317.jpg,stock-photo-electronic-waste-and-garbage-for-recycling-1675112317.jpg,Hazardous,.jpg,2303363,KEEP,,1500,1101,RGB
Hazardous/Hazardous/e-waste/stock-photo-hazardous-waste-on-a-black-background-681808615 - Copy.jpg,stock-photo-hazardous-waste-on-a-black-background-681808615 - Copy.jpg,Hazardous,.jpg,693526,KEEP,,1500,1101,RGB
Hazardous/Hazardous/e-waste/stock-photo-hazardous-waste-on-a-black-background-681808615.jpg,stock-photo-hazardous-waste-on-a-black-background-681808615.jpg,Hazardous,.jpg,693526,KEEP,,1500,1101,RGB
Hazardous/Hazardous/e-waste/stock-photo-hazardous-waste-on-a-black-background-with-space-for-text-681808597 - Copy.jpg,stock-photo-hazardous-waste-on-a-black-background-with-space-for-text-681808597 - Copy.jpg,Hazardous,.jpg,685324,KEEP,,1500,1101,RGB
Hazardous/Hazardous/e-waste/stock-photo-hazardous-waste-on-a-black-background-with-space-for-text-681808597.jpg,stock-photo-hazardous-waste-on-a-black-background-with-space-for-text-681808597.jpg,Hazardous,.jpg,685324,KEEP,,1500,1101,RGB
Hazardous/Hazardous/e-waste/stock-photo-old-and-dusty-light-incandescent-bulb-isolated-on-white-background-2289784737 - Copy.jpg,stock-photo-old-and-dusty-light-incandescent-bulb-isolated-on-white-background-2289784737 - Copy.jpg,Hazardous,.jpg,149293,KEEP,,1500,1101,RGB
Hazardous/Hazardous/e-waste/stock-photo-old-and-dusty-light-incandescent-bulb-isolated-on-white-background-2289784737.jpg,stock-photo-old-and-dusty-light-incandescent-bulb-isolated-on-white-background-2289784737.jpg,Hazardous,.jpg,149293,KEEP,,1500,1101,RGB
Hazardous/Hazardous/e-waste/stock-photo-old-lamps-and-lightbulbs-collection-in-a-waste-bin-2167268987 - Copy.jpg,stock-photo-old-lamps-and-lightbulbs-collection-in-a-waste-bin-2167268987 - Copy.jpg,Hazardous,.jpg,423969,KEEP,,1500,1177,RGB
Hazardous/Hazardous/e-waste/stock-photo-old-lamps-and-lightbulbs-collection-in-a-waste-bin-2167268987.jpg,stock-photo-old-lamps-and-lightbulbs-collection-in-a-waste-bin-2167268987.jpg,Hazardous,.jpg,423969,KEEP,,1500,1177,RGB
Hazardous/Hazardous/e-waste/stock-photo-pile-of-broken-fluorescent-light-bulb-is-danger-for-health-386850775 - Copy.jpg,stock-photo-pile-of-broken-fluorescent-light-bulb-is-danger-for-health-386850775 - Copy.jpg,Hazardous,.jpg,876484,KEEP,,1500,1225,RGB
Hazardous/Hazardous/e-waste/stock-photo-pile-of-broken-fluorescent-light-bulb-is-danger-for-health-386850775.jpg,stock-photo-pile-of-broken-fluorescent-light-bulb-is-danger-for-health-386850775.jpg,Hazardous,.jpg,876484,KEEP,,1500,1225,RGB
Hazardous/Hazardous/e-waste/stock-photo-pile-of-light-bulbs-energy-saving-diode-glass-etc-recycling-clutter-745555078 - Copy.jpg,stock-photo-pile-of-light-bulbs-energy-saving-diode-glass-etc-recycling-clutter-745555078 - Copy.jpg,Hazardous,.jpg,579379,KEEP,,1500,1101,RGB
Hazardous/Hazardous/e-waste/stock-photo-pile-of-light-bulbs-energy-saving-diode-glass-etc-recycling-clutter-745555078.jpg,stock-photo-pile-of-light-bulbs-energy-saving-diode-glass-etc-recycling-clutter-745555078.jpg,Hazardous,.jpg,579379,KEEP,,1500,1101,RGB
Hazardous/Hazardous/e-waste/stock-photo-spent-fluorescent-lamps-and-energy-saving-bulbs-awaiting-disposal-243014344 - Copy.jpg,stock-photo-spent-fluorescent-lamps-and-energy-saving-bulbs-awaiting-disposal-243014344 - Copy.jpg,Hazardous,.jpg,426766,KEEP,,1500,1101,RGB
Hazardous/Hazardous/e-waste/stock-photo-spent-fluorescent-lamps-and-energy-saving-bulbs-awaiting-disposal-243014344.jpg,stock-photo-spent-fluorescent-lamps-and-energy-saving-bulbs-awaiting-disposal-243014344.jpg,Hazardous,.jpg,426766,KEEP,,1500,1101,RGB
Hazardous/Hazardous/e-waste/stock-vector-led-incandescent-and-energy-saving-light-bulbs-vector-illustration-1898745574 - Copy.jpg,stock-vector-led-incandescent-and-energy-saving-light-bulbs-vector-illustration-1898745574 - Copy.jpg,Hazardous,.jpg,563861,KEEP,,1500,1150,RGB
Hazardous/Hazardous/e-waste/stock-vector-led-incandescent-and-energy-saving-light-bulbs-vector-illustration-1898745574.jpg,stock-vector-led-incandescent-and-energy-saving-light-bulbs-vector-illustration-1898745574.jpg,Hazardous,.jpg,563861,KEEP,,1500,1150,RGB
Hazardous/Hazardous/e-waste/sustainability-15-01837-g001 - Copy.png,sustainability-15-01837-g001 - Copy.png,Hazardous,.png,269025,KEEP,,3266,2000,RGB
Hazardous/Hazardous/e-waste/sustainability-15-01837-g001.png,sustainability-15-01837-g001.png,Hazardous,.png,269025,KEEP,,3266,2000,RGB
Hazardous/Hazardous/e-waste/t-diverse-old-halogen-and-fluorescent-light-bulbs-in-and-around-a-2197969323 - Copy.jpg,t-diverse-old-halogen-and-fluorescent-light-bulbs-in-and-around-a-2197969323 - Copy.jpg,Hazardous,.jpg,301133,KEEP,,1001,1600,RGB
Hazardous/Hazardous/e-waste/t-diverse-old-halogen-and-fluorescent-light-bulbs-in-and-around-a-2197969323.jpg,t-diverse-old-halogen-and-fluorescent-light-bulbs-in-and-around-a-2197969323.jpg,Hazardous,.jpg,301133,KEEP,,1001,1600,RGB
Hazardous/Hazardous/e-waste/t-diverse-old-halogen-and-fluorescent-light-bulbs-in-and-around-a-2197969345 - Copy.jpg,t-diverse-old-halogen-and-fluorescent-light-bulbs-in-and-around-a-2197969345 - Copy.jpg,Hazardous,.jpg,315271,KEEP,,1500,1101,RGB
Hazardous/Hazardous/e-waste/t-diverse-old-halogen-and-fluorescent-light-bulbs-in-and-around-a-2197969345.jpg,t-diverse-old-halogen-and-fluorescent-light-bulbs-in-and-around-a-2197969345.jpg,Hazardous,.jpg,315271,KEEP,,1500,1101,RGB
Hazardous/Hazardous/e-waste/t5-recycling - Copy.jpg,t5-recycling - Copy.jpg,Hazardous,.jpg,355325,KEEP,,799,414,RGB
Hazardous/Hazardous/e-waste/t5-recycling.jpg,t5-recycling.jpg,Hazardous,.jpg,355325,KEEP,,799,414,RGB
Hazardous/Hazardous/e-waste/ulbs-at-recycling-event-old-broken-and-burnt-light-bulbs-waits-to-1593279565 - Copy.jpg,ulbs-at-recycling-event-old-broken-and-burnt-light-bulbs-waits-to-1593279565 - Copy.jpg,Hazardous,.jpg,1224989,KEEP,,1500,1101,RGB
Hazardous/Hazardous/e-waste/ulbs-at-recycling-event-old-broken-and-burnt-light-bulbs-waits-to-1593279565.jpg,ulbs-at-recycling-event-old-broken-and-burnt-light-bulbs-waits-to-1593279565.jpg,Hazardous,.jpg,1224989,KEEP,,1500,1101,RGB
Hazardous/Hazardous/e-waste/uter-gold-as-ingredient-motherboards-e-waste-problem-environmental-279793363 - Copy.jpg,uter-gold-as-ingredient-motherboards-e-waste-problem-environmental-279793363 - Copy.jpg,Hazardous,.jpg,66426,KEEP,,800,511,RGB
Hazardous/Hazardous/e-waste/uter-gold-as-ingredient-motherboards-e-waste-problem-environmental-279793363.jpg,uter-gold-as-ingredient-motherboards-e-waste-problem-environmental-279793363.jpg,Hazardous,.jpg,66426,KEEP,,800,511,RGB
Hazardous/Hazardous/e-waste/waste - Copy.jpg,waste - Copy.jpg,Hazardous,.jpg,79155,KEEP,,500,319,RGB
Hazardous/Hazardous/e-waste/waste.jpg,waste.jpg,Hazardous,.jpg,79155,KEEP,,500,319,RGB
Hazardous/Hazardous/e-waste/what_are_cfl_bulbs_and_where_should_they_be_used - Copy.jpg,what_are_cfl_bulbs_and_where_should_they_be_used - Copy.jpg,Hazardous,.jpg,86985,KEEP,,732,412,RGB
Hazardous/Hazardous/e-waste/what_are_cfl_bulbs_and_where_should_they_be_used.jpg,what_are_cfl_bulbs_and_where_should_they_be_used.jpg,Hazardous,.jpg,86985,KEEP,,732,412,RGB
Hazardous/Hazardous/paints/006827571_1-ee962a21b5d2673a4c1f0ed05d640bb6.png,006827571_1-ee962a21b5d2673a4c1f0ed05d640bb6.png,Hazardous,.png,129842,KEEP,,791,1024,P
Hazardous/Hazardous/paints/1-s2.0-S2589004221010828-fx1.jpg,1-s2.0-S2589004221010828-fx1.jpg,Hazardous,.jpg,38904,KEEP,,375,375,RGB
Hazardous/Hazardous/paints/10-Non-Hazardous-Waste-Disposal-Methods.jpg,10-Non-Hazardous-Waste-Disposal-Methods.jpg,Hazardous,.jpg,100579,KEEP,,901,361,RGB
Hazardous/Hazardous/paints/10123-cover-barrel.jpg,10123-cover-barrel.jpg,Hazardous,.jpg,751571,KEEP,,2400,1600,RGB
Hazardous/Hazardous/paints/13202_2020_865_Fig3_HTML.png,13202_2020_865_Fig3_HTML.png,Hazardous,.png,358552,KEEP,,685,406,RGB
Hazardous/Hazardous/paints/14580596996402728873807_600.jpg,14580596996402728873807_600.jpg,Hazardous,.jpg,149657,KEEP,,600,2207,RGB
Hazardous/Hazardous/paints/15-new.jpg,15-new.jpg,Hazardous,.jpg,95675,KEEP,,458,330,RGB
Hazardous/Hazardous/paints/18109287.jpg,18109287.jpg,Hazardous,.jpg,158753,KEEP,,400,516,RGB
Hazardous/Hazardous/paints/200x177-hazardous-waste-items.jpg,200x177-hazardous-waste-items.jpg,Hazardous,.jpg,61862,KEEP,,200,177,RGB
Hazardous/Hazardous/paints/20141208-02b_tcm100-1373849.jpg,20141208-02b_tcm100-1373849.jpg,Hazardous,.jpg,43617,KEEP,,582,300,RGB
Hazardous/Hazardous/paints/2022-2023-HHW-Flyer-updated2.png,2022-2023-HHW-Flyer-updated2.png,Hazardous,.png,1054840,KEEP,,1545,2000,RGBA
Hazardous/Hazardous/paints/25375296_web1_HHW-jsj-210608_1.jpg,25375296_web1_HHW-jsj-210608_1.jpg,Hazardous,.jpg,161835,KEEP,,1302,868,RGB
Hazardous/Hazardous/paints/3021738.JPG.jpg,3021738.JPG.jpg,Hazardous,.jpg,79569,KEEP,,1024,1024,RGB
Hazardous/Hazardous/paints/32242531531_03d057a31c_o.png,32242531531_03d057a31c_o.png,Hazardous,.png,114047,KEEP,,469,1020,RGB
Hazardous/Hazardous/paints/33-FT0807GageDiagramLG.jpg,33-FT0807GageDiagramLG.jpg,Hazardous,.jpg,47548,KEEP,,547,342,RGB
Hazardous/Hazardous/paints/391w_e-waste-2049017_1280.jpg,391w_e-waste-2049017_1280.jpg,Hazardous,.jpg,36724,KEEP,,391,260,RGB
Hazardous/Hazardous/paints/40494_2020_388_Fig1_HTML.png,40494_2020_388_Fig1_HTML.png,Hazardous,.png,117400,KEEP,,685,266,RGB
Hazardous/Hazardous/paints/41LxYlhuRLL._AC_UF10001000_QL80_.jpg,41LxYlhuRLL._AC_UF10001000_QL80_.jpg,Hazardous,.jpg,54158,KEEP,,683,1000,RGB
Hazardous/Hazardous/paints/5-Hazardous-Waste-Examples-Image-1.jpeg,5-Hazardous-Waste-Examples-Image-1.jpeg,Hazardous,.jpeg,172345,KEEP,,1024,683,RGB
Hazardous/Hazardous/paints/50215931-hazardous-waste-paints-and-varnishes.jpg,50215931-hazardous-waste-paints-and-varnishes.jpg,Hazardous,.jpg,223810,KEEP,,1300,868,RGB
Hazardous/Hazardous/paints/51AhrzGd8gL._AC_UF8941000_QL80_.jpg,51AhrzGd8gL._AC_UF8941000_QL80_.jpg,Hazardous,.jpg,55483,KEEP,,521,1000,RGB
Hazardous/Hazardous/paints/51V5ThxCh2L._AC_SL1035_.jpg,51V5ThxCh2L._AC_SL1035_.jpg,Hazardous,.jpg,45117,KEEP,,571,964,RGB
Hazardous/Hazardous/paints/5350017_image_10_46.jpg,5350017_image_10_46.jpg,Hazardous,.jpg,38467,KEEP,,599,351,RGB
Hazardous/Hazardous/paints/5350017_image_2_46.jpg,5350017_image_2_46.jpg,Hazardous,.jpg,163274,KEEP,,1275,745,RGB
Hazardous/Hazardous/paints/640px-White_spirit.JPG.jpg,640px-White_spirit.JPG.jpg,Hazardous,.jpg,116605,KEEP,,640,956,RGB
Hazardous/Hazardous/paints/712jw2JuLGL.jpg,712jw2JuLGL.jpg,Hazardous,.jpg,252287,KEEP,,1500,1204,RGB
Hazardous/Hazardous/paints/7EA97D7B-0886-4E16-85DB-2F3BBAC680DA.jpeg,7EA97D7B-0886-4E16-85DB-2F3BBAC680DA.jpeg,Hazardous,.jpeg,366179,KEEP,,1536,2048,RGB
Hazardous/Hazardous/paints/8.jpg,8.jpg,Hazardous,.jpg,53271,KEEP,,852,480,RGB
Hazardous/Hazardous/paints/81B8lITyDxL._AC_UF10001000_QL80_.jpg,81B8lITyDxL._AC_UF10001000_QL80_.jpg,Hazardous,.jpg,117919,KEEP,,641,1000,RGB
Hazardous/Hazardous/paints/81YecOeujXL._AC_SL1500_.jpg,81YecOeujXL._AC_SL1500_.jpg,Hazardous,.jpg,122467,KEEP,,842,1500,RGB
Hazardous/Hazardous/paints/8e22955011cf8d6d8ac7d13a1e62a2ee_XL.jpg,8e22955011cf8d6d8ac7d13a1e62a2ee_XL.jpg,Hazardous,.jpg,133753,KEEP,,900,1200,RGB
Hazardous/Hazardous/paints/9769-DS-19-0131_Household-Hazardous-Waste.jpg,9769-DS-19-0131_Household-Hazardous-Waste.jpg,Hazardous,.jpg,118494,KEEP,,1024,267,RGB
Hazardous/Hazardous/paints/984.jpg,984.jpg,Hazardous,.jpg,194632,KEEP,,1200,410,RGB
Hazardous/Hazardous/paints/99-2.1800x1800.png,99-2.1800x1800.png,Hazardous,.png,93389,KEEP,,1800,1800,P
Hazardous/Hazardous/paints/AdobeStock_210581916.jpeg,AdobeStock_210581916.jpeg,Hazardous,.jpeg,5279282,KEEP,,7800,5200,RGB
Hazardous/Hazardous/paints/BX_Lacke-Makros-12_1110px.jpg,BX_Lacke-Makros-12_1110px.jpg,Hazardous,.jpg,86136,KEEP,,1110,740,RGB
Hazardous/Hazardous/paints/CONTGLAS.jpg,CONTGLAS.jpg,Hazardous,.jpg,31365,KEEP,,510,394,RGB
Hazardous/Hazardous/paints/CRL-new-header-pics-14-1024x384.png,CRL-new-header-pics-14-1024x384.png,Hazardous,.png,185901,KEEP,,1024,384,P
Hazardous/Hazardous/paints/Cans-for-solvent-waste.jpg,Cans-for-solvent-waste.jpg,Hazardous,.jpg,403184,KEEP,,640,480,RGB
Hazardous/Hazardous/paints/Chemic7.jpg,Chemic7.jpg,Hazardous,.jpg,2059869,KEEP,,3264,2448,RGB
Hazardous/Hazardous/paints/ChromaGlast-Sub-Solvent-Category.jpg,ChromaGlast-Sub-Solvent-Category.jpg,Hazardous,.jpg,61395,KEEP,,428,270,RGB
Hazardous/Hazardous/paints/CitrusSolvent_Collection_RealMilkPaintCo_Web_2019_b4440ba8-7140-4254-8c06-eb0c61a89993.jpg,CitrusSolvent_Collection_RealMilkPaintCo_Web_2019_b4440ba8-7140-4254-8c06-eb0c61a89993.jpg,Hazardous,.jpg,92372,KEEP,,1000,1000,RGB
Hazardous/Hazardous/paints/Composition-of-Solvent-borne-Paints.png,Composition-of-Solvent-borne-Paints.png,Hazardous,.png,47407,KEEP,,562,943,P
Hazardous/Hazardous/paints/Composition-of-Solvent-borne-Paints_Q320.jpg,Composition-of-Solvent-borne-Paints_Q320.jpg,Hazardous,.jpg,41696,KEEP,,320,320,RGB
Hazardous/Hazardous/paints/EWM_paint_2007.jpg,EWM_paint_2007.jpg,Hazardous,.jpg,472634,KEEP,,3072,2048,RGB
Hazardous/Hazardous/paints/Flow-sheet-for-the-three-stage-paint-stripper-waste-treatment-process.png,Flow-sheet-for-the-three-stage-paint-stripper-waste-treatment-process.png,Hazardous,.png,319463,KEEP,,850,1292,P
Hazardous/Hazardous/paints/HHW-1024x537.png,HHW-1024x537.png,Hazardous,.png,395161,KEEP,,1024,537,RGB
Hazardous/Hazardous/paints/HouseholdHazWaste.jpg,HouseholdHazWaste.jpg,Hazardous,.jpg,296439,KEEP,,1173,834,RGB
Hazardous/Hazardous/paints/How-Water-based-paints-is-better-when-wompared-with-solvent-based-paints-1024x640.jpg,How-Water-based-paints-is-better-when-wompared-with-solvent-based-paints-1024x640.jpg,Hazardous,.jpg,89018,KEEP,,1024,640,RGB
Hazardous/Hazardous/paints/Hydrocarbon-Solvents-used-for-Solvent-Based-Paint-Formulation.png,Hydrocarbon-Solvents-used-for-Solvent-Based-Paint-Formulation.png,Hazardous,.png,33966,KEEP,,850,155,P
Hazardous/Hazardous/paints/IMG_1527-1024x668.jpg,IMG_1527-1024x668.jpg,Hazardous,.jpg,105528,KEEP,,1024,668,RGB
Hazardous/Hazardous/paints/IMG_2666-scaled.jpeg,IMG_2666-scaled.jpeg,Hazardous,.jpeg,691353,KEEP,,1920,2560,RGB
Hazardous/Hazardous/paints/IMG_2667-scaled.jpeg,IMG_2667-scaled.jpeg,Hazardous,.jpeg,688920,KEEP,,2560,1920,RGB
Hazardous/Hazardous/paints/INF6348-Hazardous-Waste-banner-855x380-4-v2__ResizedImageWzg5MCwzOTZd.jpg,INF6348-Hazardous-Waste-banner-855x380-4-v2__ResizedImageWzg5MCwzOTZd.jpg,Hazardous,.jpg,67756,KEEP,,890,396,RGB
Hazardous/Hazardous/paints/Imagen-Ecobiofor.jpg,Imagen-Ecobiofor.jpg,Hazardous,.jpg,120371,KEEP,,1190,521,RGB
Hazardous/Hazardous/paints/JC_Licht_Blog_Water-Based_vs._Solvent-Based_Paints_800x800.png,JC_Licht_Blog_Water-Based_vs._Solvent-Based_Paints_800x800.png,Hazardous,.png,687241,KEEP,,800,544,RGBA
Hazardous/Hazardous/paints/Methylated-rubber2_pdp_Thinners-1.jpg,Methylated-rubber2_pdp_Thinners-1.jpg,Hazardous,.jpg,81214,KEEP,,1200,1200,RGB
Hazardous/Hazardous/paints/Mineral-Spirits-vs.-Paint-Thinner-Mineral-Spirits-are-More-Effective.jpg,Mineral-Spirits-vs.-Paint-Thinner-Mineral-Spirits-are-More-Effective.jpg,Hazardous,.jpg,89661,KEEP,,1200,800,RGB
Hazardous/Hazardous/paints/Mixed_Brand_Solvents_Atmos_2.jpg,Mixed_Brand_Solvents_Atmos_2.jpg,Hazardous,.jpg,876614,KEEP,,5477,3651,RGB
Hazardous/Hazardous/paints/Mixed_Brand_Solvents_Atmos_3.jpg,Mixed_Brand_Solvents_Atmos_3.jpg,Hazardous,.jpg,902309,KEEP,,3875,2583,RGB
Hazardous/Hazardous/paints/NOVDEC18_WEB_Science-Chemicals_AdobeStock_175995879_Creid-makcoud.jpg,NOVDEC18_WEB_Science-Chemicals_AdobeStock_175995879_Creid-makcoud.jpg,Hazardous,.jpg,75506,KEEP,,1535,1024,RGB
Hazardous/Hazardous/paints/North_Seattle_Household_Hazardous_Waste_Collection_Facility_01.jpg,North_Seattle_Household_Hazardous_Waste_Collection_Facility_01.jpg,Hazardous,.jpg,7091913,KEEP,,4288,2848,RGB
Hazardous/Hazardous/paints/Oil-Painting-Mediums_-A-Guide.webp,Oil-Painting-Mediums_-A-Guide.webp,Hazardous,.webp,30408,KEEP,,1024,768,RGB
Hazardous/Hazardous/paints/Oil-Painting-Solvent.jpg,Oil-Painting-Solvent.jpg,Hazardous,.jpg,37041,KEEP,,848,565,RGB
Hazardous/Hazardous/paints/Orange-and-Lavender-group-1.jpg,Orange-and-Lavender-group-1.jpg,Hazardous,.jpg,158440,KEEP,,1200,800,RGB
Hazardous/Hazardous/paints/Paint-Disposal-scaled.jpg,Paint-Disposal-scaled.jpg,Hazardous,.jpg,1029258,KEEP,,2560,1707,RGB
Hazardous/Hazardous/paints/Paint-Solvents-and-Thinners.jpg,Paint-Solvents-and-Thinners.jpg,Hazardous,.jpg,51375,KEEP,,1250,500,RGB
Hazardous/Hazardous/paints/Paint-Thinners.jpg,Paint-Thinners.jpg,Hazardous,.jpg,330826,KEEP,,1908,2540,RGB
Hazardous/Hazardous/paints/PaintSolvents26Thinners.jpg,PaintSolvents26Thinners.jpg,Hazardous,.jpg,152149,KEEP,,1024,768,RGB
Hazardous/Hazardous/paints/Paints-Varnishes-Hero.jpg,Paints-Varnishes-Hero.jpg,Hazardous,.jpg,119338,KEEP,,700,700,RGB
Hazardous/Hazardous/paints/PlasticWaste_topNteaser.jpg,PlasticWaste_topNteaser.jpg,Hazardous,.jpg,97864,KEEP,,900,530,RGB
Hazardous/Hazardous/paints/Recycled_solvent_or_virgin_maratek-881x588.jpg,Recycled_solvent_or_virgin_maratek-881x588.jpg,Hazardous,.jpg,50120,KEEP,,881,588,RGB
Hazardous/Hazardous/paints/Screen-Shot-2022-09-22-at-12.37.23-PM-568x400.png,Screen-Shot-2022-09-22-at-12.37.23-PM-568x400.png,Hazardous,.png,295486,KEEP,,568,400,RGBA
Hazardous/Hazardous/paints/Soho_A4_PaintSolvents__91726__10832.1557412784.jpg,Soho_A4_PaintSolvents__91726__10832.1557412784.jpg,Hazardous,.jpg,62424,KEEP,,492,659,RGB
Hazardous/Hazardous/paints/Solvent-Free-Web-1.jpg,Solvent-Free-Web-1.jpg,Hazardous,.jpg,42068,KEEP,,600,423,RGB
Hazardous/Hazardous/paints/Solvent-based-paints-1024x640.jpg,Solvent-based-paints-1024x640.jpg,Hazardous,.jpg,74514,KEEP,,1024,640,RGB
Hazardous/Hazardous/paints/Solvents.jpg,Solvents.jpg,Hazardous,.jpg,70683,KEEP,,1000,575,RGB
Hazardous/Hazardous/paints/Solvents2.jpg,Solvents2.jpg,Hazardous,.jpg,86382,KEEP,,600,400,RGB
Hazardous/Hazardous/paints/The-oil-painters-guide.jpg,The-oil-painters-guide.jpg,Hazardous,.jpg,131098,KEEP,,1400,1046,RGB
Hazardous/Hazardous/paints/Trex-6.jpg,Trex-6.jpg,Hazardous,.jpg,37427,KEEP,,1024,768,RGB
Hazardous/Hazardous/paints/Untitled_design_51.png,Untitled_design_51.png,Hazardous,.png,2494072,KEEP,,1640,924,RGBA
Hazardous/Hazardous/paints/WASTE-SERVICES-Paints-466x250-480w.jpg,WASTE-SERVICES-Paints-466x250-480w.jpg,Hazardous,.jpg,39536,KEEP,,466,250,RGB
Hazardous/Hazardous/paints/WN_OMV_AWMO_Water_Solvent_03.jpg,WN_OMV_AWMO_Water_Solvent_03.jpg,Hazardous,.jpg,358414,KEEP,,2000,1235,RGB
Hazardous/Hazardous/paints/Water-Based-Paints-vs-Solvent-Based-Paints.jpg,Water-Based-Paints-vs-Solvent-Based-Paints.jpg,Hazardous,.jpg,276528,KEEP,,1920,1080,RGB
Hazardous/Hazardous/paints/Water-based-paints-1024x640.jpg,Water-based-paints-1024x640.jpg,Hazardous,.jpg,198163,KEEP,,1024,640,RGB
Hazardous/Hazardous/paints/White-Spirit-1200x1200px.png,White-Spirit-1200x1200px.png,Hazardous,.png,536470,KEEP,,1200,1200,RGBA
Hazardous/Hazardous/paints/aerosol_170164178_small-250x167.jpg,aerosol_170164178_small-250x167.jpg,Hazardous,.jpg,87267,KEEP,,250,167,RGB
Hazardous/Hazardous/paints/aerosolrecycling.jpg,aerosolrecycling.jpg,Hazardous,.jpg,368450,KEEP,,1600,900,RGB
Hazardous/Hazardous/paints/bottles234.jpg,bottles234.jpg,Hazardous,.jpg,100483,KEEP,,1200,733,RGB
Hazardous/Hazardous/paints/buckets-with-paint-dirty-glass-jars-brushes-spray-gun-solvents-and-other-art-supplies-2R3WH8J.jpg,buckets-with-paint-dirty-glass-jars-brushes-spray-gun-solvents-and-other-art-supplies-2R3WH8J.jpg,Hazardous,.jpg,114127,KEEP,,1300,957,RGB
Hazardous/Hazardous/paints/circle-paint-and-solvents-scaled.jpeg,circle-paint-and-solvents-scaled.jpeg,Hazardous,.jpeg,46056,KEEP,,1200,800,RGB
Hazardous/Hazardous/paints/coschemicalcleanout-222.jpg,coschemicalcleanout-222.jpg,Hazardous,.jpg,472413,KEEP,,2048,1365,RGB
Hazardous/Hazardous/paints/deco-shine-paint-solvent-385994667-b0zph.jpg,deco-shine-paint-solvent-385994667-b0zph.jpg,Hazardous,.jpg,51812,KEEP,,576,1024,RGB
Hazardous/Hazardous/paints/empty-paint-cans-waiting-disposal-los-angeles-california-52298309.jpg,empty-paint-cans-waiting-disposal-los-angeles-california-52298309.jpg,Hazardous,.jpg,206218,KEEP,,1600,1154,RGB
Hazardous/Hazardous/paints/haz.JPG.jpg,haz.JPG.jpg,Hazardous,.jpg,304749,KEEP,,1080,1239,RGB
Hazardous/Hazardous/paints/hazardous-waste-l.jpg,hazardous-waste-l.jpg,Hazardous,.jpg,91828,KEEP,,1024,768,RGB
Hazardous/Hazardous/paints/hazardous2Bhousehold2Bmaterials.jpg,hazardous2Bhousehold2Bmaterials.jpg,Hazardous,.jpg,56886,KEEP,,500,338,RGB
Hazardous/Hazardous/paints/hazardouswaste_paints.jpg,hazardouswaste_paints.jpg,Hazardous,.jpg,34986,KEEP,,400,205,RGB
Hazardous/Hazardous/paints/hhw.jpg,hhw.jpg,Hazardous,.jpg,448998,KEEP,,2500,1406,RGB
Hazardous/Hazardous/paints/household-hazardous-waste.jpg,household-hazardous-waste.jpg,Hazardous,.jpg,32718,KEEP,,300,300,RGB
Hazardous/Hazardous/paints/household-hazardous-wastes.jpg,household-hazardous-wastes.jpg,Hazardous,.jpg,35739,KEEP,,649,403,RGB
Hazardous/Hazardous/paints/household_hazardous_waste_flier.png,household_hazardous_waste_flier.png,Hazardous,.png,375505,KEEP,,562,800,RGBA
Hazardous/Hazardous/paints/how-to-dispose-of-aerosol-cans-safely-header.jpg,how-to-dispose-of-aerosol-cans-safely-header.jpg,Hazardous,.jpg,323385,KEEP,,870,706,RGB
Hazardous/Hazardous/paints/how-to-manage-hazardous-waste-in-auto-body-and-paint-shops.jpg,how-to-manage-hazardous-waste-in-auto-body-and-paint-shops.jpg,Hazardous,.jpg,83415,KEEP,,495,640,RGB
Hazardous/Hazardous/paints/jp33a6-3.jpg,jp33a6-3.jpg,Hazardous,.jpg,433084,KEEP,,800,811,RGB
Hazardous/Hazardous/paints/m4_ss10_fig10.7.jpg,m4_ss10_fig10.7.jpg,Hazardous,.jpg,133548,KEEP,,512,425,RGB
Hazardous/Hazardous/paints/maxresdefault.jpg,maxresdefault.jpg,Hazardous,.jpg,95369,KEEP,,1280,720,RGB
Hazardous/Hazardous/paints/maxresdefault2.jpg,maxresdefault2.jpg,Hazardous,.jpg,114817,KEEP,,1280,720,RGB
Hazardous/Hazardous/paints/maxresdefault3.jpg,maxresdefault3.jpg,Hazardous,.jpg,187064,KEEP,,1280,720,RGB
Hazardous/Hazardous/paints/nexus3-paint-cans.png,nexus3-paint-cans.png,Hazardous,.png,238362,KEEP,,466,480,RGBA
Hazardous/Hazardous/paints/o-PAINTING-570.jpg,o-PAINTING-570.jpg,Hazardous,.jpg,40893,KEEP,,570,427,RGB
Hazardous/Hazardous/paints/oil-painting-without-solvents.jpg,oil-painting-without-solvents.jpg,Hazardous,.jpg,432692,KEEP,,929,1200,RGB
Hazardous/Hazardous/paints/p1dnoa0gj61o916ae19thirg155k6.jpg.optimal.jpg,p1dnoa0gj61o916ae19thirg155k6.jpg.optimal.jpg,Hazardous,.jpg,44279,KEEP,,644,315,RGB
Hazardous/Hazardous/paints/page_1.jpg,page_1.jpg,Hazardous,.jpg,557514,KEEP,,2312,2992,RGB
Hazardous/Hazardous/paints/page_image.jpg,page_image.jpg,Hazardous,.jpg,80153,KEEP,,740,493,RGB
Hazardous/Hazardous/paints/page_image2.jpg,page_image2.jpg,Hazardous,.jpg,68297,KEEP,,740,493,RGB
Hazardous/Hazardous/paints/paint-cans-household-hazardous-waste.jpg,paint-cans-household-hazardous-waste.jpg,Hazardous,.jpg,90251,KEEP,,1000,609,RGB
Hazardous/Hazardous/paints/paint-in-tin_iStock-1100x620px_copyright_janssenkruseproductions_1130426675_200917.jpg,paint-in-tin_iStock-1100x620px_copyright_janssenkruseproductions_1130426675_200917.jpg,Hazardous,.jpg,91086,KEEP,,1100,620,RGB
Hazardous/Hazardous/paints/paint-thinner.jpg,paint-thinner.jpg,Hazardous,.jpg,50025,KEEP,,650,450,RGB
Hazardous/Hazardous/paints/paint-waste-disposal-e1652382599202.png,paint-waste-disposal-e1652382599202.png,Hazardous,.png,97569,KEEP,,300,157,RGBA
Hazardous/Hazardous/paints/paintBuckets.jpg,paintBuckets.jpg,Hazardous,.jpg,74977,KEEP,,331,226,RGB
Hazardous/Hazardous/paints/paint_storage.jpg,paint_storage.jpg,Hazardous,.jpg,6223916,KEEP,,3684,2634,RGB
Hazardous/Hazardous/paints/paintcans_Depositphotos_20131433_s-2019.jpg,paintcans_Depositphotos_20131433_s-2019.jpg,Hazardous,.jpg,303146,KEEP,,1000,664,RGB
Hazardous/Hazardous/paints/paints-1-39fk2i757nrqtbo10u9845vnea4dhzvgtaw3aajb7a97m9zv4.jpg,paints-1-39fk2i757nrqtbo10u9845vnea4dhzvgtaw3aajb7a97m9zv4.jpg,Hazardous,.jpg,141598,KEEP,,736,200,RGB
Hazardous/Hazardous/paints/paints-1134393.jpg,paints-1134393.jpg,Hazardous,.jpg,270887,KEEP,,1600,1157,RGB
Hazardous/Hazardous/paints/paints-solvents.jpg,paints-solvents.jpg,Hazardous,.jpg,286443,KEEP,,1200,650,RGB
Hazardous/Hazardous/paints/paiting-a-wall_iStock-1251274075_1100x620px_200917.jpg,paiting-a-wall_iStock-1251274075_1100x620px_200917.jpg,Hazardous,.jpg,184506,KEEP,,1100,620,RGB
Hazardous/Hazardous/paints/people-mixing-paint.jpg,people-mixing-paint.jpg,Hazardous,.jpg,90473,KEEP,,1200,630,RGB
Hazardous/Hazardous/paints/ppe42a14c4_06.png,ppe42a14c4_06.png,Hazardous,.png,579071,KEEP,,794,312,RGBA
Hazardous/Hazardous/paints/productgrid_solvents_w900-1.jpg,productgrid_solvents_w900-1.jpg,Hazardous,.jpg,37209,KEEP,,900,491,RGB
Hazardous/Hazardous/paints/rulesofoilpainting1-carrielewis.jpg,rulesofoilpainting1-carrielewis.jpg,Hazardous,.jpg,40065,KEEP,,735,707,RGB
Hazardous/Hazardous/paints/sca-journal-05oct2018-fa-hazmat-page-0001.jpg,sca-journal-05oct2018-fa-hazmat-page-0001.jpg,Hazardous,.jpg,1341347,KEEP,,1241,1754,RGB
Hazardous/Hazardous/paints/screenshot-2022-08-03-130744.png,screenshot-2022-08-03-130744.png,Hazardous,.png,1710618,KEEP,,1000,1278,RGBA
Hazardous/Hazardous/paints/shutterstock_40569.jpg,shutterstock_40569.jpg,Hazardous,.jpg,313167,KEEP,,2592,1952,RGB
Hazardous/Hazardous/paints/shutterstock_705650794-scaled-e1651069725819.jpg,shutterstock_705650794-scaled-e1651069725819.jpg,Hazardous,.jpg,73086,KEEP,,785,520,RGB
Hazardous/Hazardous/paints/sia-paint-solvents-1.jpg,sia-paint-solvents-1.jpg,Hazardous,.jpg,230225,KEEP,,720,540,RGB
Hazardous/Hazardous/paints/slide_6.jpg,slide_6.jpg,Hazardous,.jpg,51321,KEEP,,960,720,RGB
Hazardous/Hazardous/paints/slide_62.jpg,slide_62.jpg,Hazardous,.jpg,77674,KEEP,,960,720,RGB
Hazardous/Hazardous/paints/soldier-paints-solvant-thinner-500x500.jpg,soldier-paints-solvant-thinner-500x500.jpg,Hazardous,.jpg,32383,KEEP,,500,500,RGB
Hazardous/Hazardous/paints/soldier-paints-solvent-thinner-paint.jpg,soldier-paints-solvent-thinner-paint.jpg,Hazardous,.jpg,62907,KEEP,,1000,1000,RGB
Hazardous/Hazardous/paints/solvent-recovery-barrels-1024x485.jpg,solvent-recovery-barrels-1024x485.jpg,Hazardous,.jpg,100154,KEEP,,1024,485,RGB
Hazardous/Hazardous/paints/solvent-selection-mix-at-Jacksons.jpg,solvent-selection-mix-at-Jacksons.jpg,Hazardous,.jpg,606001,KEEP,,1200,800,RGB
Hazardous/Hazardous/paints/solvent-waste-container.webp,solvent-waste-container.webp,Hazardous,.webp,76196,KEEP,,1000,700,RGB
Hazardous/Hazardous/paints/solvents-paints-and-adhesives.jpg,solvents-paints-and-adhesives.jpg,Hazardous,.jpg,75507,KEEP,,500,500,RGB
Hazardous/Hazardous/paints/test-tube_iStock-1063777306_1100x620px_200917.jpg,test-tube_iStock-1063777306_1100x620px_200917.jpg,Hazardous,.jpg,96113,KEEP,,1100,620,RGB
Hazardous/Hazardous/paints/thinning-oil-paint-feature-image.jpg,thinning-oil-paint-feature-image.jpg,Hazardous,.jpg,143668,KEEP,,1200,900,RGB
Hazardous/Hazardous/paints/ts-used-for-paint-painting-and-finishing-isolated-on-natural-white-411279802.jpg,ts-used-for-paint-painting-and-finishing-isolated-on-natural-white-411279802.jpg,Hazardous,.jpg,283087,KEEP,,1001,1600,RGB
Hazardous/Hazardous/paints/tubes.jpg,tubes.jpg,Hazardous,.jpg,1614618,KEEP,,1200,947,RGB
Hazardous/Hazardous/paints/uipment-for-Waste-Oil-Solvents-Sludge-Ash-Dust-Iron-Paint-Burning-Treatment.webp,uipment-for-Waste-Oil-Solvents-Sludge-Ash-Dust-Iron-Paint-Burning-Treatment.webp,Hazardous,.webp,105044,KEEP,,596,596,RGB
Hazardous/Hazardous/paints/used_paint_cans.jpg,used_paint_cans.jpg,Hazardous,.jpg,184806,KEEP,,850,567,RGB
Hazardous/Hazardous/paints/various-tins-of-paint-solvents-stirrers-in-a-tidy-collection-on-the-E565YW.jpg,various-tins-of-paint-solvents-stirrers-in-a-tidy-collection-on-the-E565YW.jpg,Hazardous,.jpg,194915,KEEP,,1300,957,RGB
Hazardous/Hazardous/paints/various-used-paint-tins-ready-for-disposal-scaled.jpeg,various-used-paint-tins-ready-for-disposal-scaled.jpeg,Hazardous,.jpeg,1244873,KEEP,,2560,1707,RGB
Hazardous/Hazardous/paints/yellowPaint2.jpg,yellowPaint2.jpg,Hazardous,.jpg,30820,KEEP,,331,226,RGB
Hazardous/Hazardous/pesticides/0.42889600_1581698919_59.jpg,0.42889600_1581698919_59.jpg,Hazardous,.jpg,92630,KEEP,,1024,368,RGB
Hazardous/Hazardous/pesticides/007243897_1-8f559f97b6cf58ab46d35d17e6771d24.png,007243897_1-8f559f97b6cf58ab46d35d17e6771d24.png,Hazardous,.png,103418,KEEP,,725,1024,P
Hazardous/Hazardous/pesticides/007655891_1-545b05bd3c57e9fd46f3f49e371a5673-768x994.png,007655891_1-545b05bd3c57e9fd46f3f49e371a5673-768x994.png,Hazardous,.png,119252,KEEP,,768,994,P
Hazardous/Hazardous/pesticides/08c2d5475f254215f90c5fcde77ec4b4.jpg,08c2d5475f254215f90c5fcde77ec4b4.jpg,Hazardous,.jpg,118413,KEEP,,736,606,RGB
Hazardous/Hazardous/pesticides/1-s2.0-S2352186420313262-gr1.jpg,1-s2.0-S2352186420313262-gr1.jpg,Hazardous,.jpg,74512,KEEP,,643,345,RGB
Hazardous/Hazardous/pesticides/1008x512_2_r_69841.png,1008x512_2_r_69841.png,Hazardous,.png,807441,KEEP,,1008,512,RGB
Hazardous/Hazardous/pesticides/1668775196_Impact-of-agricultural-use-of-pesticides-and-insecticides-on-health.jpg,1668775196_Impact-of-agricultural-use-of-pesticides-and-insecticides-on-health.jpg,Hazardous,.jpg,481184,KEEP,,1300,700,RGB
Hazardous/Hazardous/pesticides/170313-un-pesticides.jpg,170313-un-pesticides.jpg,Hazardous,.jpg,489959,KEEP,,1200,800,RGB
Hazardous/Hazardous/pesticides/2018-Pesticide-Waste-Collection-Flyer-112818.jpg,2018-Pesticide-Waste-Collection-Flyer-112818.jpg,Hazardous,.jpg,315864,KEEP,,1955,1650,RGB
Hazardous/Hazardous/pesticides/209531-dc.jpg,209531-dc.jpg,Hazardous,.jpg,55539,KEEP,,850,478,RGB
Hazardous/Hazardous/pesticides/24168828280_943a25d118_z-640x400.jpg,24168828280_943a25d118_z-640x400.jpg,Hazardous,.jpg,239453,KEEP,,640,400,RGB
Hazardous/Hazardous/pesticides/3-Plants-species-used-for-Insecticides-Pesticides.jpg,3-Plants-species-used-for-Insecticides-Pesticides.jpg,Hazardous,.jpg,144048,KEEP,,601,889,RGB
Hazardous/Hazardous/pesticides/43247_2022_601_Fig1_HTML.png,43247_2022_601_Fig1_HTML.png,Hazardous,.png,288253,KEEP,,1496,624,RGB
Hazardous/Hazardous/pesticides/50-wg-agricultural-pymetrozine-pesticides-500x500.jpeg,50-wg-agricultural-pymetrozine-pesticides-500x500.jpeg,Hazardous,.jpeg,30627,KEEP,,500,281,RGB
Hazardous/Hazardous/pesticides/51v-y8IhbML._AC_UF10001000_QL80_.jpg,51v-y8IhbML._AC_UF10001000_QL80_.jpg,Hazardous,.jpg,89775,KEEP,,654,1000,RGB
Hazardous/Hazardous/pesticides/59_92f2f7e8-b088-4d92-8367-bf806cf10b36_lg.jpg,59_92f2f7e8-b088-4d92-8367-bf806cf10b36_lg.jpg,Hazardous,.jpg,33151,KEEP,,378,377,RGB
Hazardous/Hazardous/pesticides/67f78e9db5cd4cdf3e4e8c84e7ef7e5fIMG_20200923_141824_Copy_.jpg,67f78e9db5cd4cdf3e4e8c84e7ef7e5fIMG_20200923_141824_Copy_.jpg,Hazardous,.jpg,103046,KEEP,,800,600,RGB
Hazardous/Hazardous/pesticides/81Fr9VLIgL._AC_UF10001000_QL80_.jpg,81Fr9VLIgL._AC_UF10001000_QL80_.jpg,Hazardous,.jpg,131032,KEEP,,647,1000,RGB
Hazardous/Hazardous/pesticides/81YuimeaSNL._AC_UF10001000_QL80_.jpg,81YuimeaSNL._AC_UF10001000_QL80_.jpg,Hazardous,.jpg,129229,KEEP,,764,1000,RGB
Hazardous/Hazardous/pesticides/9788193863909__jpg-550x550h.jpg,9788193863909__jpg-550x550h.jpg,Hazardous,.jpg,67760,KEEP,,550,550,RGB
Hazardous/Hazardous/pesticides/9c049d8218f7898c19adcee99354e73422-24-pesticides-lede.rsquare.w1200.jpg,9c049d8218f7898c19adcee99354e73422-24-pesticides-lede.rsquare.w1200.jpg,Hazardous,.jpg,176764,KEEP,,1200,1200,RGB
Hazardous/Hazardous/pesticides/A-landfill-for-disposal-of-pesticide-wastes-45_Q320.jpg,A-landfill-for-disposal-of-pesticide-wastes-45_Q320.jpg,Hazardous,.jpg,32271,KEEP,,309,309,RGB
Hazardous/Hazardous/pesticides/A-schematic-view-of-the-pesticide-cycle-in-an-ecosystem.png,A-schematic-view-of-the-pesticide-cycle-in-an-ecosystem.png,Hazardous,.png,191665,KEEP,,850,592,P
Hazardous/Hazardous/pesticides/AgBusPesticideCollection.jpg,AgBusPesticideCollection.jpg,Hazardous,.jpg,109281,KEEP,,335,254,RGB
Hazardous/Hazardous/pesticides/Are-They-Hazardous-WastesE280A6-Pesticides-and-Herbicides.jpg,Are-They-Hazardous-WastesE280A6-Pesticides-and-Herbicides.jpg,Hazardous,.jpg,56568,KEEP,,500,334,RGB
Hazardous/Hazardous/pesticides/Books-on-Agrochemicals-Pesticides-Insecticides-1.jpg,Books-on-Agrochemicals-Pesticides-Insecticides-1.jpg,Hazardous,.jpg,82208,KEEP,,800,350,RGB
Hazardous/Hazardous/pesticides/Causes_and_effects_of_soil_pollution.jpg,Causes_and_effects_of_soil_pollution.jpg,Hazardous,.jpg,623177,KEEP,,1280,780,RGB
Hazardous/Hazardous/pesticides/Chemical-formulation.jpg,Chemical-formulation.jpg,Hazardous,.jpg,91846,KEEP,,1228,1024,RGB
Hazardous/Hazardous/pesticides/Cropduster_spraying_pesticides.jpg,Cropduster_spraying_pesticides.jpg,Hazardous,.jpg,328813,KEEP,,433,640,RGB
Hazardous/Hazardous/pesticides/Detected-pesticides-divided-into-three-groups-herbicides-insecticides-and-fungicides.png,Detected-pesticides-divided-into-three-groups-herbicides-insecticides-and-fungicides.png,Hazardous,.png,99422,KEEP,,850,836,P
Hazardous/Hazardous/pesticides/Diagram-showing-the-main-impacts-of-pesticides-on-soil-plant-and-arthropod-communities.png,Diagram-showing-the-main-impacts-of-pesticides-on-soil-plant-and-arthropod-communities.png,Hazardous,.png,102350,KEEP,,591,385,RGB
Hazardous/Hazardous/pesticides/EFFECTS-OF-PESTICIDES-AND-INSECTICIDES-ON-ENVIRONMENT-AND-HUMAN-HEALTH-BleedGreen.png,EFFECTS-OF-PESTICIDES-AND-INSECTICIDES-ON-ENVIRONMENT-AND-HUMAN-HEALTH-BleedGreen.png,Hazardous,.png,1117459,KEEP,,1200,628,RGBA
Hazardous/Hazardous/pesticides/FLYING-INSECT-Pesticide-Insecticides.jpg,FLYING-INSECT-Pesticide-Insecticides.jpg,Hazardous,.jpg,59718,KEEP,,453,500,RGB
Hazardous/Hazardous/pesticides/GEF_ChemicalsWaste_2023_04-1.jpg,GEF_ChemicalsWaste_2023_04-1.jpg,Hazardous,.jpg,117103,KEEP,,618,800,RGB
Hazardous/Hazardous/pesticides/HERBICIDES-2.jpg,HERBICIDES-2.jpg,Hazardous,.jpg,46040,KEEP,,750,750,RGB
Hazardous/Hazardous/pesticides/Hazardous-pesticide.jpg,Hazardous-pesticide.jpg,Hazardous,.jpg,87416,KEEP,,639,431,RGB
Hazardous/Hazardous/pesticides/How_to_Start_Manufacturing_Agrochemical_Products_in_India_corpseed.png,How_to_Start_Manufacturing_Agrochemical_Products_in_India_corpseed.png,Hazardous,.png,844333,KEEP,,1200,630,RGBA
Hazardous/Hazardous/pesticides/IMAGE_1651139094.webp,IMAGE_1651139094.webp,Hazardous,.webp,113230,KEEP,,1200,675,RGB
Hazardous/Hazardous/pesticides/Image-5-800x450.jpg,Image-5-800x450.jpg,Hazardous,.jpg,233272,KEEP,,800,450,RGB
Hazardous/Hazardous/pesticides/NThZgLN.jpg,NThZgLN.jpg,Hazardous,.jpg,40635,KEEP,,505,300,RGB
Hazardous/Hazardous/pesticides/PR-Draft1-1024x555.jpg,PR-Draft1-1024x555.jpg,Hazardous,.jpg,121530,KEEP,,1024,555,RGB
Hazardous/Hazardous/pesticides/Pesticide-use-herbicides-insecticides-fungicides-and-others-ie-sulfur-and-oils.png,Pesticide-use-herbicides-insecticides-fungicides-and-others-ie-sulfur-and-oils.png,Hazardous,.png,150291,KEEP,,850,601,P
Hazardous/Hazardous/pesticides/Pesticides-01.png,Pesticides-01.png,Hazardous,.png,102816,KEEP,,750,384,RGB
Hazardous/Hazardous/pesticides/Pesticides-02.png,Pesticides-02.png,Hazardous,.png,55830,KEEP,,750,324,RGB
Hazardous/Hazardous/pesticides/Pesticides-1.jpg,Pesticides-1.jpg,Hazardous,.jpg,137975,KEEP,,700,350,RGB
Hazardous/Hazardous/pesticides/Pesticides-Food_1.jpg,Pesticides-Food_1.jpg,Hazardous,.jpg,93605,KEEP,,1024,570,RGB
Hazardous/Hazardous/pesticides/Pesticides-Pros-Cons-2.jpg,Pesticides-Pros-Cons-2.jpg,Hazardous,.jpg,137771,KEEP,,829,565,RGB
Hazardous/Hazardous/pesticides/Pesticides.png,Pesticides.png,Hazardous,.png,99954,KEEP,,600,400,RGBA
Hazardous/Hazardous/pesticides/Pesticides2.jpg,Pesticides2.jpg,Hazardous,.jpg,393497,KEEP,,770,440,RGB
Hazardous/Hazardous/pesticides/RS3523_UPL-Phoskill-Monocrotophos-02.jpg,RS3523_UPL-Phoskill-Monocrotophos-02.jpg,Hazardous,.jpg,984382,KEEP,,3872,2592,RGB
Hazardous/Hazardous/pesticides/Screen-Shot-2018-05-16-at-7.33.54-PM.png,Screen-Shot-2018-05-16-at-7.33.54-PM.png,Hazardous,.png,549896,KEEP,,701,283,RGBA
Hazardous/Hazardous/pesticides/Types-of-Presticides-1.png,Types-of-Presticides-1.png,Hazardous,.png,546782,KEEP,,800,2000,P
Hazardous/Hazardous/pesticides/United-Chemicals-2.jpg,United-Chemicals-2.jpg,Hazardous,.jpg,103539,KEEP,,1469,734,RGB
Hazardous/Hazardous/pesticides/What-Are-Pesticides-8-Types-of-Pesticides-Used-in-Agriculture.jpg,What-Are-Pesticides-8-Types-of-Pesticides-Used-in-Agriculture.jpg,Hazardous,.jpg,83885,KEEP,,740,414,RGB
Hazardous/Hazardous/pesticides/a-man-spraying-pesticides-into-a-field-of-crops-that-will-be-used-for-food.jpg,a-man-spraying-pesticides-into-a-field-of-crops-that-will-be-used-for-food.jpg,Hazardous,.jpg,108816,KEEP,,1100,618,RGB
Hazardous/Hazardous/pesticides/a-range-of-garden-pesticides-insecticides-found-within-a-household-GKNDHJ.jpg,a-range-of-garden-pesticides-insecticides-found-within-a-household-GKNDHJ.jpg,Hazardous,.jpg,143487,KEEP,,1300,956,RGB
Hazardous/Hazardous/pesticides/act-concept-vector-illustration-stop-herbicide-use-reduce-harmful-2287834549.jpg,act-concept-vector-illustration-stop-herbicide-use-reduce-harmful-2287834549.jpg,Hazardous,.jpg,205211,KEEP,,1500,1198,RGB
Hazardous/Hazardous/pesticides/agriculture-12-00600-g001.png,agriculture-12-00600-g001.png,Hazardous,.png,2210939,KEEP,,2553,2216,RGB
Hazardous/Hazardous/pesticides/agro2Binsecticide2B1.jpg,agro2Binsecticide2B1.jpg,Hazardous,.jpg,281950,KEEP,,1600,1200,RGB
Hazardous/Hazardous/pesticides/aimco-products.jpg,aimco-products.jpg,Hazardous,.jpg,222301,KEEP,,1757,800,RGB
Hazardous/Hazardous/pesticides/b1594insectisidespesticides_1.jpg,b1594insectisidespesticides_1.jpg,Hazardous,.jpg,157631,KEEP,,1920,1080,RGB
Hazardous/Hazardous/pesticides/bioengineering-08-00092-g001.png,bioengineering-08-00092-g001.png,Hazardous,.png,803945,KEEP,,3161,1741,RGB
Hazardous/Hazardous/pesticides/bistar.jpg,bistar.jpg,Hazardous,.jpg,39154,KEEP,,250,220,RGB
Hazardous/Hazardous/pesticides/chlordiazinon1.jpg,chlordiazinon1.jpg,Hazardous,.jpg,40036,KEEP,,368,270,RGB
Hazardous/Hazardous/pesticides/consider-these-tips-on-how-to-safely-dispose-of-pesticides_1646_40117501_0_14045613_500.jpg,consider-these-tips-on-how-to-safely-dispose-of-pesticides_1646_40117501_0_14045613_500.jpg,Hazardous,.jpg,124675,KEEP,,500,334,RGB
Hazardous/Hazardous/pesticides/discarded-pesticide-cartons-cans-beside-fence-of-orange-orchard-in-ABHE97.jpg,discarded-pesticide-cartons-cans-beside-fence-of-orange-orchard-in-ABHE97.jpg,Hazardous,.jpg,286475,KEEP,,1300,948,RGB
Hazardous/Hazardous/pesticides/discarded-pesticide-containers-include-cygon-267-and-dibtom-both-are-CP48BC.jpg,discarded-pesticide-containers-include-cygon-267-and-dibtom-both-are-CP48BC.jpg,Hazardous,.jpg,182192,KEEP,,1300,954,RGB
Hazardous/Hazardous/pesticides/disposalbnr.jpg,disposalbnr.jpg,Hazardous,.jpg,209230,KEEP,,660,330,RGB
Hazardous/Hazardous/pesticides/e-suit-mask-lemon-trees-man-spraying-toxic-pesticides-insecticides-184466768.jpg,e-suit-mask-lemon-trees-man-spraying-toxic-pesticides-insecticides-184466768.jpg,Hazardous,.jpg,52343,KEEP,,800,511,RGB
Hazardous/Hazardous/pesticides/ecticides-chemical-spray-to-get-rid-of-weeds-and-insects-or-plant-1944918877.jpg,ecticides-chemical-spray-to-get-rid-of-weeds-and-insects-or-plant-1944918877.jpg,Hazardous,.jpg,1638759,KEEP,,1500,1101,RGB
Hazardous/Hazardous/pesticides/ecticides-vegetable-garden-man-protective-workwear-gloves-spraying-123408462.jpg,ecticides-vegetable-garden-man-protective-workwear-gloves-spraying-123408462.jpg,Hazardous,.jpg,83490,KEEP,,800,534,RGB
Hazardous/Hazardous/pesticides/eme-man-spraying-toxic-pesticides-or-insecticides-on-corn-growing-1715459710.jpg,eme-man-spraying-toxic-pesticides-or-insecticides-on-corn-growing-1715459710.jpg,Hazardous,.jpg,1657515,KEEP,,1500,1101,RGB
Hazardous/Hazardous/pesticides/es-toxins-insecticides-pesticides-biocides-with-hazard-warning-signs-caution.jpg,es-toxins-insecticides-pesticides-biocides-with-hazard-warning-signs-caution.jpg,Hazardous,.jpg,51476,KEEP,,1300,1300,RGB
Hazardous/Hazardous/pesticides/fa17b98d63c76d6ea77920e330f9d6cf.jpg,fa17b98d63c76d6ea77920e330f9d6cf.jpg,Hazardous,.jpg,106986,KEEP,,1103,500,RGB
Hazardous/Hazardous/pesticides/farmer-sprays-insectides-Japan-rice-paddy.jpg,farmer-sprays-insectides-Japan-rice-paddy.jpg,Hazardous,.jpg,233947,KEEP,,1600,1061,RGB
Hazardous/Hazardous/pesticides/fig13.png,fig13.png,Hazardous,.png,73779,KEEP,,900,877,P
Hazardous/Hazardous/pesticides/fmicb-13-962619-g001.jpg,fmicb-13-962619-g001.jpg,Hazardous,.jpg,410225,KEEP,,4543,2305,RGB
Hazardous/Hazardous/pesticides/food-and-agriculture-organization-fao-locust-control-operation-preparation-F13K2X.jpg,food-and-agriculture-organization-fao-locust-control-operation-preparation-F13K2X.jpg,Hazardous,.jpg,214987,KEEP,,1300,956,RGB
Hazardous/Hazardous/pesticides/foods-09-01468-ag.png,foods-09-01468-ag.png,Hazardous,.png,383271,KEEP,,1840,1019,RGBA
Hazardous/Hazardous/pesticides/garbage.jpg,garbage.jpg,Hazardous,.jpg,116507,KEEP,,682,563,RGB
Hazardous/Hazardous/pesticides/gardener-sprays-pesticides-or-insecticides-vector-36700021.jpg,gardener-sprays-pesticides-or-insecticides-vector-36700021.jpg,Hazardous,.jpg,102800,KEEP,,1000,785,RGB
Hazardous/Hazardous/pesticides/gardening-chemicalsinsecticidespesticides-items-from-a-garden-shed-M3TDW9.jpg,gardening-chemicalsinsecticidespesticides-items-from-a-garden-shed-M3TDW9.jpg,Hazardous,.jpg,188614,KEEP,,1300,956,RGB
Hazardous/Hazardous/pesticides/herbicide-587589_960_720.jpg,herbicide-587589_960_720.jpg,Hazardous,.jpg,155517,KEEP,,960,635,RGB
Hazardous/Hazardous/pesticides/how-mali-is-eliminating-hazardous-pesticides-en-01-780.jpg,how-mali-is-eliminating-hazardous-pesticides-en-01-780.jpg,Hazardous,.jpg,91439,KEEP,,780,551,RGB
Hazardous/Hazardous/pesticides/hpm_0000_0001_0_img0148.jpg,hpm_0000_0001_0_img0148.jpg,Hazardous,.jpg,29797,KEEP,,520,425,L
Hazardous/Hazardous/pesticides/hydro_new2.gif,hydro_new2.gif,Hazardous,.gif,39635,KEEP,,646,399,P
Hazardous/Hazardous/pesticides/iStockpesticidefield1146x452-824x325.png,iStockpesticidefield1146x452-824x325.png,Hazardous,.png,668923,KEEP,,824,325,RGBA
Hazardous/Hazardous/pesticides/icide-spray-lettuce-iceberg-field-sunset-insecticides-agricultural-180035011.jpg,icide-spray-lettuce-iceberg-field-sunset-insecticides-agricultural-180035011.jpg,Hazardous,.jpg,211868,KEEP,,1600,990,RGB
Hazardous/Hazardous/pesticides/icide-sprayers-inappropriate-protection-rice-fields-use-pesticides-127994497.jpg,icide-sprayers-inappropriate-protection-rice-fields-use-pesticides-127994497.jpg,Hazardous,.jpg,62129,KEEP,,800,534,RGB
Hazardous/Hazardous/pesticides/img-pesticides.jpg,img-pesticides.jpg,Hazardous,.jpg,77361,KEEP,,800,500,RGB
Hazardous/Hazardous/pesticides/insecticide-fertilizer-icon_202271-741.jpg,insecticide-fertilizer-icon_202271-741.jpg,Hazardous,.jpg,44544,KEEP,,626,626,RGB
Hazardous/Hazardous/pesticides/insecticide-hero.jpg,insecticide-hero.jpg,Hazardous,.jpg,896617,KEEP,,3000,1170,RGB
Hazardous/Hazardous/pesticides/insecticidebnr.jpg,insecticidebnr.jpg,Hazardous,.jpg,63919,KEEP,,660,330,RGB
Hazardous/Hazardous/pesticides/insecticides-and-pesticides.jpeg,insecticides-and-pesticides.jpeg,Hazardous,.jpeg,60427,KEEP,,1000,1000,RGB
Hazardous/Hazardous/pesticides/jefferson-city-pesticide-collection-2018.jpg,jefferson-city-pesticide-collection-2018.jpg,Hazardous,.jpg,88872,KEEP,,840,600,RGB
Hazardous/Hazardous/pesticides/latest-technical-book-on-insecticides-and-pesticides-hindi-original-imafvq28xeq9mwhd.jpeg,latest-technical-book-on-insecticides-and-pesticides-hindi-original-imafvq28xeq9mwhd.jpeg,Hazardous,.jpeg,220133,KEEP,,645,1000,RGB
Hazardous/Hazardous/pesticides/mer-fumigate-in-protective-suit-and-mask-lemon-trees-man-spraying-1743156359.jpg,mer-fumigate-in-protective-suit-and-mask-lemon-trees-man-spraying-1743156359.jpg,Hazardous,.jpg,1446579,KEEP,,1500,1101,RGB
Hazardous/Hazardous/pesticides/miscellaneous-pesticides-stored-in-old-garden-shed-E672N1.jpg,miscellaneous-pesticides-stored-in-old-garden-shed-E672N1.jpg,Hazardous,.jpg,202044,KEEP,,1300,953,RGB
Hazardous/Hazardous/pesticides/miscellaneous-pesticides-stored-in-old-garden-shed-E672N3.jpg,miscellaneous-pesticides-stored-in-old-garden-shed-E672N3.jpg,Hazardous,.jpg,245531,KEEP,,1300,953,RGB
Hazardous/Hazardous/pesticides/miscellaneous-pesticides-stored-in-old-garden-shed-E672N4.jpg,miscellaneous-pesticides-stored-in-old-garden-shed-E672N4.jpg,Hazardous,.jpg,262757,KEEP,,1300,953,RGB
Hazardous/Hazardous/pesticides/n-spraying-toxic-pesticides-insecticides-corn-growing-plantation_473712-2324.jpg,n-spraying-toxic-pesticides-insecticides-corn-growing-plantation_473712-2324.jpg,Hazardous,.jpg,55587,KEEP,,626,417,RGB
Hazardous/Hazardous/pesticides/n-spraying-toxic-pesticides-insecticides-corn-growing-plantation_473712-3185.jpg,n-spraying-toxic-pesticides-insecticides-corn-growing-plantation_473712-3185.jpg,Hazardous,.jpg,89279,KEEP,,626,417,RGB
Hazardous/Hazardous/pesticides/n-spraying-toxic-pesticides-insecticides-corn-growing-plantation_473712-3189.jpg,n-spraying-toxic-pesticides-insecticides-corn-growing-plantation_473712-3189.jpg,Hazardous,.jpg,81668,KEEP,,626,417,RGB
Hazardous/Hazardous/pesticides/natural-insecticide.jpg,natural-insecticide.jpg,Hazardous,.jpg,41442,KEEP,,700,467,RGB
Hazardous/Hazardous/pesticides/nsecticides-fungicides-molluscicides-plant-protections-in-agriculture-vector.jpg,nsecticides-fungicides-molluscicides-plant-protections-in-agriculture-vector.jpg,Hazardous,.jpg,240711,KEEP,,1920,1280,RGB
Hazardous/Hazardous/pesticides/obsoletes.jpg,obsoletes.jpg,Hazardous,.jpg,62499,KEEP,,500,312,RGB
Hazardous/Hazardous/pesticides/pest-control-tools-bottle-insecticide-disinfection-abstract-concept-graphic-design_133260-4276.jpg,pest-control-tools-bottle-insecticide-disinfection-abstract-concept-graphic-design_133260-4276.jpg,Hazardous,.jpg,38325,KEEP,,626,444,RGB
Hazardous/Hazardous/pesticides/pesticide-jugs-r.jpg,pesticide-jugs-r.jpg,Hazardous,.jpg,55218,KEEP,,960,622,RGB
Hazardous/Hazardous/pesticides/pesticide-l.jpg,pesticide-l.jpg,Hazardous,.jpg,75000,KEEP,,759,422,RGB
Hazardous/Hazardous/pesticides/pesticide-muddle-1_660_032813015033.jpg,pesticide-muddle-1_660_032813015033.jpg,Hazardous,.jpg,95260,KEEP,,660,389,RGB
Hazardous/Hazardous/pesticides/pesticide.jpg,pesticide.jpg,Hazardous,.jpg,203438,KEEP,,665,421,RGB
Hazardous/Hazardous/pesticides/pesticide2.jpg,pesticide2.jpg,Hazardous,.jpg,46231,KEEP,,320,217,RGB
Hazardous/Hazardous/pesticides/pesticideanalysis-180725161324-thumbnail.jpg,pesticideanalysis-180725161324-thumbnail.jpg,Hazardous,.jpg,48867,KEEP,,640,360,RGB
Hazardous/Hazardous/pesticides/pesticides-148331_640.png,pesticides-148331_640.png,Hazardous,.png,76482,KEEP,,363,640,RGBA
Hazardous/Hazardous/pesticides/pesticides-bottles-illustrations-set_82574-2033.jpg,pesticides-bottles-illustrations-set_82574-2033.jpg,Hazardous,.jpg,69548,KEEP,,626,626,RGB
Hazardous/Hazardous/pesticides/pesticides-drawing_csp28269690.jpg,pesticides-drawing_csp28269690.jpg,Hazardous,.jpg,53415,KEEP,,600,476,RGB
Hazardous/Hazardous/pesticides/pesticides-insecticides-using-spraying-hose-nozzle-farmer-spraying-123409059.jpg,pesticides-insecticides-using-spraying-hose-nozzle-farmer-spraying-123409059.jpg,Hazardous,.jpg,105253,KEEP,,800,534,RGB
Hazardous/Hazardous/pesticides/pesticides.jpg,pesticides.jpg,Hazardous,.jpg,82640,KEEP,,1020,608,RGB
Hazardous/Hazardous/pesticides/pesticides2.png,pesticides2.png,Hazardous,.png,2148636,KEEP,,1600,900,RGBA
Hazardous/Hazardous/pesticides/pesticides3.jpg,pesticides3.jpg,Hazardous,.jpg,405994,KEEP,,1600,1067,RGB
Hazardous/Hazardous/pesticides/pesticides4.jpg,pesticides4.jpg,Hazardous,.jpg,116591,KEEP,,259,275,RGB
Hazardous/Hazardous/pesticides/pesticides_og.jpg,pesticides_og.jpg,Hazardous,.jpg,114560,KEEP,,1024,512,RGB
Hazardous/Hazardous/pesticides/phenyl-and-any-keetnashaak-pesticides-insecticides-original-imafjzmxq6gs5bgr.jpeg,phenyl-and-any-keetnashaak-pesticides-insecticides-original-imafjzmxq6gs5bgr.jpeg,Hazardous,.jpeg,136712,KEEP,,850,850,RGB
Hazardous/Hazardous/pesticides/pic2.jpg,pic2.jpg,Hazardous,.jpg,455731,KEEP,,1024,683,RGB
Hazardous/Hazardous/pesticides/reduce-the-need-for-pesticides-and-herbicides-us-environmental-.jpg,reduce-the-need-for-pesticides-and-herbicides-us-environmental-.jpg,Hazardous,.jpg,92147,KEEP,,495,640,RGB
Hazardous/Hazardous/pesticides/rganic-ecological-agriculture-spray-pesticides-pesticide-on-fruit-1512406559.jpg,rganic-ecological-agriculture-spray-pesticides-pesticide-on-fruit-1512406559.jpg,Hazardous,.jpg,2163225,KEEP,,1500,1101,RGB
Hazardous/Hazardous/pesticides/son-sprays-toxic-pesticides-insecticides-plantation-weed-control_544249-1800.jpg,son-sprays-toxic-pesticides-insecticides-plantation-weed-control_544249-1800.jpg,Hazardous,.jpg,107248,KEEP,,626,417,RGB
Hazardous/Hazardous/pesticides/spray-pesticides-farm-worker-spray-pesticide-insecticide-on-fruit-1812642349.jpg,spray-pesticides-farm-worker-spray-pesticide-insecticide-on-fruit-1812642349.jpg,Hazardous,.jpg,2395153,KEEP,,1500,1101,RGB
Hazardous/Hazardous/pesticides/spraying-pesticides-28301470.jpg,spraying-pesticides-28301470.jpg,Hazardous,.jpg,61364,KEEP,,800,532,RGB
Hazardous/Hazardous/pesticides/spraying-pesticides.jpg,spraying-pesticides.jpg,Hazardous,.jpg,46186,KEEP,,600,600,RGB
Hazardous/Hazardous/pesticides/suelo_746x419.jpg,suelo_746x419.jpg,Hazardous,.jpg,105903,KEEP,,746,419,RGB
Hazardous/Hazardous/pesticides/the-complete-technology-book-on-pesticides-insecticides-fungicides-and-herbicides-500x500.jpg,the-complete-technology-book-on-pesticides-insecticides-fungicides-and-herbicides-500x500.jpg,Hazardous,.jpg,66881,KEEP,,500,489,RGB
Hazardous/Hazardous/pesticides/tiny-people-spraying-pesticides-insecticides-vegetables_778687-830.jpg,tiny-people-spraying-pesticides-insecticides-vegetables_778687-830.jpg,Hazardous,.jpg,37119,KEEP,,626,417,RGB
Hazardous/Hazardous/pesticides/toxics-09-00042-ag.png,toxics-09-00042-ag.png,Hazardous,.png,405216,KEEP,,1248,576,RGB
Hazardous/Hazardous/pesticides/toxics-09-00042-g001.png,toxics-09-00042-g001.png,Hazardous,.png,1858863,KEEP,,2382,2510,RGB
Hazardous/Hazardous/pesticides/tractor-spraying-pesticides-soy-bean-field-fields-136713412.jpg,tractor-spraying-pesticides-soy-bean-field-fields-136713412.jpg,Hazardous,.jpg,67972,KEEP,,800,466,RGB
Hazardous/Hazardous/pesticides/using-pesticides-and-insecticides-protected-with-mask-and-special-1424346491.jpg,using-pesticides-and-insecticides-protected-with-mask-and-special-1424346491.jpg,Hazardous,.jpg,2248473,KEEP,,1125,1600,RGB
Hazardous/Hazardous/pesticides/y-herbicides-farmers-spray-insecticides-in-rice-fields-in-vietnam-1827065294.jpg,y-herbicides-farmers-spray-insecticides-in-rice-fields-in-vietnam-1827065294.jpg,Hazardous,.jpg,1947121,KEEP,,1500,1102,RGB
Hazardous/Hazardous/pesticides/ycling-facilities-farmers-are-resorting-to-burning-the-plastic-waste-2BR5N84.jpg,ycling-facilities-farmers-are-resorting-to-burning-the-plastic-waste-2BR5N84.jpg,Hazardous,.jpg,199050,KEEP,,1300,956,RGB
Non-Recyclable/Non-Recyclable/ceramic_product/-bowl-shape-star-bott-bottom-melted-broken-glass-bubbles-air-vessel-85817559.jpg,-bowl-shape-star-bott-bottom-melted-broken-glass-bubbles-air-vessel-85817559.jpg,Non-Recyclable,.jpg,154937,KEEP,,1600,1263,RGB
Non-Recyclable/Non-Recyclable/ceramic_product/-broken-porcelain-vases-within-other-glass-ones-by-bouke-de-vries-sharecover.jpg,-broken-porcelain-vases-within-other-glass-ones-by-bouke-de-vries-sharecover.jpg,Non-Recyclable,.jpg,116088,KEEP,,1200,630,RGB
Non-Recyclable/Non-Recyclable/ceramic_product/09928-cover-opener.jpg,09928-cover-opener.jpg,Non-Recyclable,.jpg,819111,KEEP,,2400,1602,RGB
Non-Recyclable/Non-Recyclable/ceramic_product/1-s2.0-S0959652618312502-egi10VHWB78ZW0.jpg,1-s2.0-S0959652618312502-egi10VHWB78ZW0.jpg,Non-Recyclable,.jpg,30139,KEEP,,500,200,RGB
Non-Recyclable/Non-Recyclable/ceramic_product/1000_F_172501432_IhEVRC2DHxNv7FchR8D5RbTA7f2gWbee.jpg,1000_F_172501432_IhEVRC2DHxNv7FchR8D5RbTA7f2gWbee.jpg,Non-Recyclable,.jpg,261621,KEEP,,1000,1000,RGB
Non-Recyclable/Non-Recyclable/ceramic_product/1000_F_180506836_FCGcDt6J9w5QbR2FrUHHhvjxbdICxNT2.jpg,1000_F_180506836_FCGcDt6J9w5QbR2FrUHHhvjxbdICxNT2.jpg,Non-Recyclable,.jpg,580315,KEEP,,1000,667,RGB
Non-Recyclable/Non-Recyclable/ceramic_product/1000_F_220512221_OCfWwiGHcPm7X37OJvsjbF5poVjBLNgZ.jpg,1000_F_220512221_OCfWwiGHcPm7X37OJvsjbF5poVjBLNgZ.jpg,Non-Recyclable,.jpg,352487,KEEP,,1000,667,RGB
Non-Recyclable/Non-Recyclable/ceramic_product/1200x628-5-1024x536.jpg,1200x628-5-1024x536.jpg,Non-Recyclable,.jpg,95290,KEEP,,1024,536,RGB
Non-Recyclable/Non-Recyclable/ceramic_product/1f962803384fdb322c4df8ad882b6176.jpg,1f962803384fdb322c4df8ad882b6176.jpg,Non-Recyclable,.jpg,700536,KEEP,,3000,2250,RGB
Non-Recyclable/Non-Recyclable/ceramic_product/22222222.jpg,22222222.jpg,Non-Recyclable,.jpg,53622,KEEP,,675,450,RGB
Non-Recyclable/Non-Recyclable/ceramic_product/30322484-clay-pottery-ceramics-in-background-broken-glass-debris-design-wall.jpg,30322484-clay-pottery-ceramics-in-background-broken-glass-debris-design-wall.jpg,Non-Recyclable,.jpg,236792,KEEP,,1093,1300,RGB
Non-Recyclable/Non-Recyclable/ceramic_product/31s3amSRHL._AC_UF8941000_QL80_.jpg,31s3amSRHL._AC_UF8941000_QL80_.jpg,Non-Recyclable,.jpg,33727,KEEP,,747,1000,RGB
Non-Recyclable/Non-Recyclable/ceramic_product/339751732.jpg,339751732.jpg,Non-Recyclable,.jpg,63108,KEEP,,450,470,L
Non-Recyclable/Non-Recyclable/ceramic_product/370177714.jpg,370177714.jpg,Non-Recyclable,.jpg,127379,KEEP,,1500,1130,RGB
Non-Recyclable/Non-Recyclable/ceramic_product/3D5RzKh5xf0shYAlvPrUAnD5Sw3lHKXdYM0BF953.jpeg,3D5RzKh5xf0shYAlvPrUAnD5Sw3lHKXdYM0BF953.jpeg,Non-Recyclable,.jpeg,79315,KEEP,,1280,720,RGB
Non-Recyclable/Non-Recyclable/ceramic_product/3de69e4f-ae11-4b1c-9b81-e2cac38564cf.jpg,3de69e4f-ae11-4b1c-9b81-e2cac38564cf.jpg,Non-Recyclable,.jpg,818617,KEEP,,2400,1350,RGB
Non-Recyclable/Non-Recyclable/ceramic_product/58314b65035fe8c7.jpeg,58314b65035fe8c7.jpeg,Non-Recyclable,.jpeg,842550,KEEP,,1200,806,RGB
Non-Recyclable/Non-Recyclable/ceramic_product/5d6244dbed155216ff0b25ec8a3405f3.jpg,5d6244dbed155216ff0b25ec8a3405f3.jpg,Non-Recyclable,.jpg,81790,KEEP,,600,819,RGB
Non-Recyclable/Non-Recyclable/ceramic_product/5j45j45j-min.jpg,5j45j45j-min.jpg,Non-Recyclable,.jpg,118493,KEEP,,800,421,RGB
Non-Recyclable/Non-Recyclable/ceramic_product/640-close-up-of-ceramics_600x600_crop_center.jpg,640-close-up-of-ceramics_600x600_crop_center.jpg,Non-Recyclable,.jpg,46941,KEEP,,600,400,RGB
Non-Recyclable/Non-Recyclable/ceramic_product/71OXpnqqnYL._AC_UF10001000_QL80_.jpg,71OXpnqqnYL._AC_UF10001000_QL80_.jpg,Non-Recyclable,.jpg,163422,KEEP,,1000,923,RGB
Non-Recyclable/Non-Recyclable/ceramic_product/800px_COLOURBOX5957211.jpg,800px_COLOURBOX5957211.jpg,Non-Recyclable,.jpg,109263,KEEP,,800,533,RGB
Non-Recyclable/Non-Recyclable/ceramic_product/81xHJfbgGS.jpg,81xHJfbgGS.jpg,Non-Recyclable,.jpg,264041,KEEP,,1602,1602,RGB
Non-Recyclable/Non-Recyclable/ceramic_product/9.jpg,9.jpg,Non-Recyclable,.jpg,129224,KEEP,,575,800,RGB
Non-Recyclable/Non-Recyclable/ceramic_product/Beauty-in-Broken-Things-Hero.jpg,Beauty-in-Broken-Things-Hero.jpg,Non-Recyclable,.jpg,157775,KEEP,,1200,800,RGB
Non-Recyclable/Non-Recyclable/ceramic_product/Beer_bottles_2018_G1.jpg,Beer_bottles_2018_G1.jpg,Non-Recyclable,.jpg,3523564,KEEP,,4800,3600,RGB
Non-Recyclable/Non-Recyclable/ceramic_product/Best-Glue-for-Ceramics_Hero_NEW.jpg,Best-Glue-for-Ceramics_Hero_NEW.jpg,Non-Recyclable,.jpg,183669,KEEP,,1640,1095,RGB
Non-Recyclable/Non-Recyclable/ceramic_product/Blog-Images-15.jpg,Blog-Images-15.jpg,Non-Recyclable,.jpg,297171,KEEP,,1920,1080,RGB
Non-Recyclable/Non-Recyclable/ceramic_product/Brock3-1080x810.jpg,Brock3-1080x810.jpg,Non-Recyclable,.jpg,354741,KEEP,,1080,810,RGB
Non-Recyclable/Non-Recyclable/ceramic_product/Broken-Ceramics-Glass-Mirror-Chips.webp,Broken-Ceramics-Glass-Mirror-Chips.webp,Non-Recyclable,.webp,142062,KEEP,,700,700,RGB
Non-Recyclable/Non-Recyclable/ceramic_product/Broken-ceramic-mug-1024x597.jpg,Broken-ceramic-mug-1024x597.jpg,Non-Recyclable,.jpg,64882,KEEP,,1024,597,RGB
Non-Recyclable/Non-Recyclable/ceramic_product/Crushed-ceramic-pots-waste-white-ceramics-24.png,Crushed-ceramic-pots-waste-white-ceramics-24.png,Non-Recyclable,.png,336865,KEEP,,850,479,P
Non-Recyclable/Non-Recyclable/ceramic_product/DsixVthXoAAJ_eE.jpg,DsixVthXoAAJ_eE.jpg,Non-Recyclable,.jpg,116633,KEEP,,1200,676,RGB
Non-Recyclable/Non-Recyclable/ceramic_product/EDII_NMUS_V_2007_289_1-001.jpg,EDII_NMUS_V_2007_289_1-001.jpg,Non-Recyclable,.jpg,96203,KEEP,,1200,855,RGB
Non-Recyclable/Non-Recyclable/ceramic_product/Glass-Before-After.jpg,Glass-Before-After.jpg,Non-Recyclable,.jpg,150635,KEEP,,500,333,RGB
Non-Recyclable/Non-Recyclable/ceramic_product/Glass-Recycling-Process-InContent.png,Glass-Recycling-Process-InContent.png,Non-Recyclable,.png,32781,KEEP,,625,600,P
Non-Recyclable/Non-Recyclable/ceramic_product/Glass-recycling.jpg,Glass-recycling.jpg,Non-Recyclable,.jpg,103454,KEEP,,1280,720,RGB
Non-Recyclable/Non-Recyclable/ceramic_product/Glass.jpg,Glass.jpg,Non-Recyclable,.jpg,989844,KEEP,,2304,1094,RGB
Non-Recyclable/Non-Recyclable/ceramic_product/How-to-Dispose-of-Broken-Glass-Shards.png,How-to-Dispose-of-Broken-Glass-Shards.png,Non-Recyclable,.png,192691,KEEP,,800,400,P
Non-Recyclable/Non-Recyclable/ceramic_product/How-to-dispose-of-broken-glass-Cover.webp,How-to-dispose-of-broken-glass-Cover.webp,Non-Recyclable,.webp,42018,KEEP,,1140,620,RGB
Non-Recyclable/Non-Recyclable/ceramic_product/IMG_3214.JPG.jpg,IMG_3214.JPG.jpg,Non-Recyclable,.jpg,235810,KEEP,,640,640,RGB
Non-Recyclable/Non-Recyclable/ceramic_product/ImageForNews_59851_16615112202202141.jpg,ImageForNews_59851_16615112202202141.jpg,Non-Recyclable,.jpg,281461,KEEP,,1000,667,RGB
Non-Recyclable/Non-Recyclable/ceramic_product/Is-Recycling-Glass-Worth-It.jpg,Is-Recycling-Glass-Worth-It.jpg,Non-Recyclable,.jpg,313918,KEEP,,1920,1208,RGB
Non-Recyclable/Non-Recyclable/ceramic_product/J-152-019-thumb-1600x900---3890.jpg,J-152-019-thumb-1600x900---3890.jpg,Non-Recyclable,.jpg,103414,KEEP,,1600,900,RGB
Non-Recyclable/Non-Recyclable/ceramic_product/Kintsugi-Card.png,Kintsugi-Card.png,Non-Recyclable,.png,583089,KEEP,,800,600,RGBA
Non-Recyclable/Non-Recyclable/ceramic_product/LZSBWTVMZFLHTBPVKNOIAGPNEY.jpg,LZSBWTVMZFLHTBPVKNOIAGPNEY.jpg,Non-Recyclable,.jpg,4630037,KEEP,,5500,3777,RGB
Non-Recyclable/Non-Recyclable/ceramic_product/Photo-Waste-Recycled-glass-lifecycle.png,Photo-Waste-Recycled-glass-lifecycle.png,Non-Recyclable,.png,295533,KEEP,,900,479,P
Non-Recyclable/Non-Recyclable/ceramic_product/Recycle-Disposal.png,Recycle-Disposal.png,Non-Recyclable,.png,41551,KEEP,,1200,618,P
Non-Recyclable/Non-Recyclable/ceramic_product/Recycled-glass-tile.jpg,Recycled-glass-tile.jpg,Non-Recyclable,.jpg,696929,KEEP,,2048,2048,RGB
Non-Recyclable/Non-Recyclable/ceramic_product/Tea-Bowl2-1024x739.jpg,Tea-Bowl2-1024x739.jpg,Non-Recyclable,.jpg,104703,KEEP,,1024,739,RGB
Non-Recyclable/Non-Recyclable/ceramic_product/Turn-a-Broken-Porcelain-Vase-into-an-Art-Piece-with-3D-Printing-Pen_FacFox-1.jpg,Turn-a-Broken-Porcelain-Vase-into-an-Art-Piece-with-3D-Printing-Pen_FacFox-1.jpg,Non-Recyclable,.jpg,525836,KEEP,,1200,900,RGB
Non-Recyclable/Non-Recyclable/ceramic_product/WDPRGPFC001b-Waste-Broken-Glass-n-Ceramic-Pieces-Living-2-scaled.jpg,WDPRGPFC001b-Waste-Broken-Glass-n-Ceramic-Pieces-Living-2-scaled.jpg,Non-Recyclable,.jpg,488830,KEEP,,2560,2003,RGB
Non-Recyclable/Non-Recyclable/ceramic_product/WDPRGPFC001b-Waste-Broken-Glass-n-Ceramic-Pieces-design.jpg,WDPRGPFC001b-Waste-Broken-Glass-n-Ceramic-Pieces-design.jpg,Non-Recyclable,.jpg,639179,KEEP,,2500,1958,RGB
Non-Recyclable/Non-Recyclable/ceramic_product/Your-Complete-Guide-to-Safely-Disposing-of-Broken-Glass-1-y8t9a48ynxihx5k9r33im8.jpg,Your-Complete-Guide-to-Safely-Disposing-of-Broken-Glass-1-y8t9a48ynxihx5k9r33im8.jpg,Non-Recyclable,.jpg,143741,KEEP,,1024,500,RGB
Non-Recyclable/Non-Recyclable/ceramic_product/_118448907_154c85b8-47e0-4a98-8dd6-37e588315d9d.jpg,_118448907_154c85b8-47e0-4a98-8dd6-37e588315d9d.jpg,Non-Recyclable,.jpg,71458,KEEP,,976,549,RGB
Non-Recyclable/Non-Recyclable/ceramic_product/amic-tiles-floor-family-quarrel-irritation-broken-dishes-for-happiness-photo.jpg,amic-tiles-floor-family-quarrel-irritation-broken-dishes-for-happiness-photo.jpg,Non-Recyclable,.jpg,456480,KEEP,,2940,1960,RGB
Non-Recyclable/Non-Recyclable/ceramic_product/arts-crockery-halves-broken-white-cup-disintegration-accident-cut_695181-454.jpg,arts-crockery-halves-broken-white-cup-disintegration-accident-cut_695181-454.jpg,Non-Recyclable,.jpg,40356,KEEP,,626,415,RGB
Non-Recyclable/Non-Recyclable/ceramic_product/bdv-db-05.jpg,bdv-db-05.jpg,Non-Recyclable,.jpg,168562,KEEP,,818,600,RGB
Non-Recyclable/Non-Recyclable/ceramic_product/better-kintsugi-kumai.jpg,better-kintsugi-kumai.jpg,Non-Recyclable,.jpg,84284,KEEP,,1200,630,RGB
Non-Recyclable/Non-Recyclable/ceramic_product/blue-crystalline-kintsugi-vase-2a.jpg,blue-crystalline-kintsugi-vase-2a.jpg,Non-Recyclable,.jpg,31404,KEEP,,525,688,RGB
Non-Recyclable/Non-Recyclable/ceramic_product/blue-vase-badly-broken.jpg,blue-vase-badly-broken.jpg,Non-Recyclable,.jpg,111771,KEEP,,1100,1100,RGB
Non-Recyclable/Non-Recyclable/ceramic_product/bouke-de-vries-broken-ceramics-sculptures-kintsugi-designboom-8.jpg,bouke-de-vries-broken-ceramics-sculptures-kintsugi-designboom-8.jpg,Non-Recyclable,.jpg,168990,KEEP,,818,1211,RGB
Non-Recyclable/Non-Recyclable/ceramic_product/bowl-bottom-broken-glass-w-melted-bubbles-air-vessel-was-lying-flat-85817560.jpg,bowl-bottom-broken-glass-w-melted-bubbles-air-vessel-was-lying-flat-85817560.jpg,Non-Recyclable,.jpg,202762,KEEP,,1600,1240,RGB
Non-Recyclable/Non-Recyclable/ceramic_product/breaking_glass_blog_banner.jpg,breaking_glass_blog_banner.jpg,Non-Recyclable,.jpg,275340,KEEP,,750,250,RGB
Non-Recyclable/Non-Recyclable/ceramic_product/broken-bottles-4-1024x818.jpg,broken-bottles-4-1024x818.jpg,Non-Recyclable,.jpg,192246,KEEP,,1024,818,RGB
Non-Recyclable/Non-Recyclable/ceramic_product/broken-bottles.jpg,broken-bottles.jpg,Non-Recyclable,.jpg,1419096,KEEP,,2304,1728,RGB
Non-Recyclable/Non-Recyclable/ceramic_product/broken-ceramic-glass-which-damaged-260nw-1420943837.jpg,broken-ceramic-glass-which-damaged-260nw-1420943837.jpg,Non-Recyclable,.jpg,35498,KEEP,,462,280,RGB
Non-Recyclable/Non-Recyclable/ceramic_product/broken-chinese-ceramic-vase-on-white-background-CR2H8C.jpg,broken-chinese-ceramic-vase-on-white-background-CR2H8C.jpg,Non-Recyclable,.jpg,78086,KEEP,,866,1390,RGB
Non-Recyclable/Non-Recyclable/ceramic_product/broken-glass-mosaic-tile-decoration-in-park-guell-barcelona-spain-1017069073.jpg,broken-glass-mosaic-tile-decoration-in-park-guell-barcelona-spain-1017069073.jpg,Non-Recyclable,.jpg,2680985,KEEP,,1500,1222,RGB
Non-Recyclable/Non-Recyclable/ceramic_product/broken-glass-mosaic-tiles-bench-as-ceramic-art-in-park-guell-barcelona-spain-2B6HY56.jpg,broken-glass-mosaic-tiles-bench-as-ceramic-art-in-park-guell-barcelona-spain-2B6HY56.jpg,Non-Recyclable,.jpg,224818,KEEP,,866,1390,RGB
Non-Recyclable/Non-Recyclable/ceramic_product/broken-glass-separated-by-color-and-prepared-for-recycling-at-a-glass-CC88DY.jpg,broken-glass-separated-by-color-and-prepared-for-recycling-at-a-glass-CC88DY.jpg,Non-Recyclable,.jpg,326625,KEEP,,1300,955,RGB
Non-Recyclable/Non-Recyclable/ceramic_product/broken-glass-waste-and-disposal-drawing_csp79427295.jpg,broken-glass-waste-and-disposal-drawing_csp79427295.jpg,Non-Recyclable,.jpg,45082,KEEP,,548,519,RGB
Non-Recyclable/Non-Recyclable/ceramic_product/broken-plastic-glass-ceramic-trash-polluting-rocky-shoreline-lake-washington-close-up-166216643.jpg,broken-plastic-glass-ceramic-trash-polluting-rocky-shoreline-lake-washington-close-up-166216643.jpg,Non-Recyclable,.jpg,360599,KEEP,,1600,1290,RGB
Non-Recyclable/Non-Recyclable/ceramic_product/broken20mug.png,broken20mug.png,Non-Recyclable,.png,42156,KEEP,,320,260,RGBA
Non-Recyclable/Non-Recyclable/ceramic_product/c7c78ff954653f5d1aa71fc29f6ed604.jpg,c7c78ff954653f5d1aa71fc29f6ed604.jpg,Non-Recyclable,.jpg,176305,KEEP,,550,1204,RGB
Non-Recyclable/Non-Recyclable/ceramic_product/colored-glass-pieces.jpg,colored-glass-pieces.jpg,Non-Recyclable,.jpg,74877,KEEP,,700,467,RGB
Non-Recyclable/Non-Recyclable/ceramic_product/colorful-broken-glass-pottery-on-260nw-1532128616.jpg,colorful-broken-glass-pottery-on-260nw-1532128616.jpg,Non-Recyclable,.jpg,55085,KEEP,,390,280,RGB
Non-Recyclable/Non-Recyclable/ceramic_product/de-bowl-in-the-shape-of-a-star-at-the-bottom-of-the-bowl-melted-broken-glass.jpg,de-bowl-in-the-shape-of-a-star-at-the-bottom-of-the-bowl-melted-broken-glass.jpg,Non-Recyclable,.jpg,164800,KEEP,,1296,1300,RGB
Non-Recyclable/Non-Recyclable/ceramic_product/depositphotos_234468602-stock-photo-collage-tile-decoration-broken-glass.jpg,depositphotos_234468602-stock-photo-collage-tile-decoration-broken-glass.jpg,Non-Recyclable,.jpg,92886,KEEP,,600,400,RGB
Non-Recyclable/Non-Recyclable/ceramic_product/depositphotos_8204577-stock-photo-broken-bottle.jpg,depositphotos_8204577-stock-photo-broken-bottle.jpg,Non-Recyclable,.jpg,210449,KEEP,,1023,680,RGB
Non-Recyclable/Non-Recyclable/ceramic_product/dishes-not-recyclable.jpg,dishes-not-recyclable.jpg,Non-Recyclable,.jpg,89853,KEEP,,1200,500,RGB
Non-Recyclable/Non-Recyclable/ceramic_product/drop-coffee-by-roar-studio-dubai_dezeen_2364_col_hero1-852x479.jpg,drop-coffee-by-roar-studio-dubai_dezeen_2364_col_hero1-852x479.jpg,Non-Recyclable,.jpg,66301,KEEP,,852,479,RGB
Non-Recyclable/Non-Recyclable/ceramic_product/e-clay-broken-ceramic-jug-waste-handmade-plasticine-isolated-white-163744973.jpg,e-clay-broken-ceramic-jug-waste-handmade-plasticine-isolated-white-163744973.jpg,Non-Recyclable,.jpg,113571,KEEP,,1600,1690,RGB
Non-Recyclable/Non-Recyclable/ceramic_product/e-patterns-isolated-white-background-vector-cartoon-illustration_76964-12318.jpg,e-patterns-isolated-white-background-vector-cartoon-illustration_76964-12318.jpg,Non-Recyclable,.jpg,52466,KEEP,,626,393,RGB
Non-Recyclable/Non-Recyclable/ceramic_product/e-patterns-isolated-white-background-vector-cartoon-illustration_76964-12320.jpg,e-patterns-isolated-white-background-vector-cartoon-illustration_76964-12320.jpg,Non-Recyclable,.jpg,48217,KEEP,,626,389,RGB
Non-Recyclable/Non-Recyclable/ceramic_product/f81b7221c3c8ec31c91a739838b342e1--mosaic-tray-mosaic-tables.jpg,f81b7221c3c8ec31c91a739838b342e1--mosaic-tray-mosaic-tables.jpg,Non-Recyclable,.jpg,91310,KEEP,,735,492,RGB
Non-Recyclable/Non-Recyclable/ceramic_product/fd315fee1ce664f215b7fc517d259bde.jpg,fd315fee1ce664f215b7fc517d259bde.jpg,Non-Recyclable,.jpg,29951,KEEP,,370,636,RGB
Non-Recyclable/Non-Recyclable/ceramic_product/file-20221102-45064-bw9n55.jpg,file-20221102-45064-bw9n55.jpg,Non-Recyclable,.jpg,131991,KEEP,,1920,1276,RGB
Non-Recyclable/Non-Recyclable/ceramic_product/glass-disposal.jpeg,glass-disposal.jpeg,Non-Recyclable,.jpeg,231861,KEEP,,1024,684,RGB
Non-Recyclable/Non-Recyclable/ceramic_product/glass-for-recycling.jpg,glass-for-recycling.jpg,Non-Recyclable,.jpg,72238,KEEP,,1200,630,RGB
Non-Recyclable/Non-Recyclable/ceramic_product/glass-waste-stock-image_csp12318466.jpg,glass-waste-stock-image_csp12318466.jpg,Non-Recyclable,.jpg,143925,KEEP,,600,470,RGB
Non-Recyclable/Non-Recyclable/ceramic_product/granby-workshop-assemble-ceramics-design_dezeen_2364_col_5-852x852.jpg,granby-workshop-assemble-ceramics-design_dezeen_2364_col_5-852x852.jpg,Non-Recyclable,.jpg,132929,KEEP,,852,852,RGB
Non-Recyclable/Non-Recyclable/ceramic_product/granby-workshop-waste-ceramics-design_dezeen_2364_sq-1.jpg,granby-workshop-waste-ceramics-design_dezeen_2364_sq-1.jpg,Non-Recyclable,.jpg,2037158,KEEP,,2364,2363,RGB
Non-Recyclable/Non-Recyclable/ceramic_product/granbyware2.jpg,granbyware2.jpg,Non-Recyclable,.jpg,120903,KEEP,,680,383,RGB
Non-Recyclable/Non-Recyclable/ceramic_product/guide-glass-brokenglass.jpg,guide-glass-brokenglass.jpg,Non-Recyclable,.jpg,57007,KEEP,,600,600,RGB
Non-Recyclable/Non-Recyclable/ceramic_product/handmade-old-clay-pottery-ceramics-picture_csp21200013.jpg,handmade-old-clay-pottery-ceramics-picture_csp21200013.jpg,Non-Recyclable,.jpg,124936,KEEP,,420,519,RGB
Non-Recyclable/Non-Recyclable/ceramic_product/hong-kong-august-01-a-mix-of-broken-glass-shattered-ceramics-building-HKCCMG.jpg,hong-kong-august-01-a-mix-of-broken-glass-shattered-ceramics-building-HKCCMG.jpg,Non-Recyclable,.jpg,338531,KEEP,,1300,956,RGB
Non-Recyclable/Non-Recyclable/ceramic_product/how_to_creatively_use_the_broken_coffee_mugs.jpg,how_to_creatively_use_the_broken_coffee_mugs.jpg,Non-Recyclable,.jpg,48580,KEEP,,1200,800,RGB
Non-Recyclable/Non-Recyclable/ceramic_product/hq720.jpg,hq720.jpg,Non-Recyclable,.jpg,179436,KEEP,,1280,720,RGB
Non-Recyclable/Non-Recyclable/ceramic_product/image-asset.jpeg,image-asset.jpeg,Non-Recyclable,.jpeg,1075441,KEEP,,1734,660,RGB
Non-Recyclable/Non-Recyclable/ceramic_product/kintsugi-art-japanese-broken-pottery.jpeg,kintsugi-art-japanese-broken-pottery.jpeg,Non-Recyclable,.jpeg,83604,KEEP,,1200,628,RGB
Non-Recyclable/Non-Recyclable/ceramic_product/kintsugi-hero.jpg,kintsugi-hero.jpg,Non-Recyclable,.jpg,124451,KEEP,,700,460,RGB
Non-Recyclable/Non-Recyclable/ceramic_product/kintsugi-portata.png,kintsugi-portata.png,Non-Recyclable,.png,118928,KEEP,,750,400,P
Non-Recyclable/Non-Recyclable/ceramic_product/kintsugi_2048x2048.jpg,kintsugi_2048x2048.jpg,Non-Recyclable,.jpg,227848,KEEP,,1597,1150,RGB
Non-Recyclable/Non-Recyclable/ceramic_product/lacey-williams-175638-unsplash-1024x595.jpg,lacey-williams-175638-unsplash-1024x595.jpg,Non-Recyclable,.jpg,130399,KEEP,,1024,595,RGB
Non-Recyclable/Non-Recyclable/ceramic_product/largepreview.png,largepreview.png,Non-Recyclable,.png,201935,KEEP,,850,1100,P
Non-Recyclable/Non-Recyclable/ceramic_product/letsbeclear-glass-jp-dd3_original.jpg,letsbeclear-glass-jp-dd3_original.jpg,Non-Recyclable,.jpg,827971,KEEP,,2000,988,RGB
Non-Recyclable/Non-Recyclable/ceramic_product/maxresdefault.jpg,maxresdefault.jpg,Non-Recyclable,.jpg,100905,KEEP,,1280,720,RGB
Non-Recyclable/Non-Recyclable/ceramic_product/maxresdefault2.jpg,maxresdefault2.jpg,Non-Recyclable,.jpg,167020,KEEP,,1280,720,RGB
Non-Recyclable/Non-Recyclable/ceramic_product/mosaic-china-crafts.jpg,mosaic-china-crafts.jpg,Non-Recyclable,.jpg,274021,KEEP,,1200,628,RGB
Non-Recyclable/Non-Recyclable/ceramic_product/msw-small.jpg,msw-small.jpg,Non-Recyclable,.jpg,944160,KEEP,,2000,1548,RGB
Non-Recyclable/Non-Recyclable/ceramic_product/new_guide_available_for_fractography_of_ceramics_and_glasses.jpg,new_guide_available_for_fractography_of_ceramics_and_glasses.jpg,Non-Recyclable,.jpg,122191,KEEP,,355,246,RGB
Non-Recyclable/Non-Recyclable/ceramic_product/nish-gray_glaze2C_gold_lacquer_-_Ethnological_Museum2C_Berlin_-_DSC02061.JPG.jpg,nish-gray_glaze2C_gold_lacquer_-_Ethnological_Museum2C_Berlin_-_DSC02061.JPG.jpg,Non-Recyclable,.jpg,7001169,KEEP,,4400,3018,RGB
Non-Recyclable/Non-Recyclable/ceramic_product/original.jpg,original.jpg,Non-Recyclable,.jpg,2150919,KEEP,,4288,2848,RGB
Non-Recyclable/Non-Recyclable/ceramic_product/p037kb0l.jpg,p037kb0l.jpg,Non-Recyclable,.jpg,90781,KEEP,,1040,1040,RGB
Non-Recyclable/Non-Recyclable/ceramic_product/plastic_bag_contamination_.gif,plastic_bag_contamination_.gif,Non-Recyclable,.gif,910335,KEEP,,1500,994,P
Non-Recyclable/Non-Recyclable/ceramic_product/plate-blue-broken-cemetery.jpg,plate-blue-broken-cemetery.jpg,Non-Recyclable,.jpg,87524,KEEP,,910,607,RGB
Non-Recyclable/Non-Recyclable/ceramic_product/plate-smashed-blue-glass.jpg,plate-smashed-blue-glass.jpg,Non-Recyclable,.jpg,103126,KEEP,,910,607,RGB
Non-Recyclable/Non-Recyclable/ceramic_product/r-broken-ceramic-vase-green-bottle-dandellions-remains-of-the-paint-old-wood.jpg,r-broken-ceramic-vase-green-bottle-dandellions-remains-of-the-paint-old-wood.jpg,Non-Recyclable,.jpg,91984,KEEP,,800,533,RGB
Non-Recyclable/Non-Recyclable/ceramic_product/recycled-glass-powder-500x500.jpg,recycled-glass-powder-500x500.jpg,Non-Recyclable,.jpg,47092,KEEP,,500,296,RGB
Non-Recyclable/Non-Recyclable/ceramic_product/recycled-glass.jpg,recycled-glass.jpg,Non-Recyclable,.jpg,38495,KEEP,,728,489,RGB
Non-Recyclable/Non-Recyclable/ceramic_product/recycling-06-00026-g001.png,recycling-06-00026-g001.png,Non-Recyclable,.png,1250589,KEEP,,3341,1000,RGB
Non-Recyclable/Non-Recyclable/ceramic_product/recycling-glass.jpg,recycling-glass.jpg,Non-Recyclable,.jpg,135144,KEEP,,800,530,RGB
Non-Recyclable/Non-Recyclable/ceramic_product/repurpose-china.jpg,repurpose-china.jpg,Non-Recyclable,.jpg,123561,KEEP,,1200,1200,RGB
Non-Recyclable/Non-Recyclable/ceramic_product/rritory-india-feb-a-beautiful-pattern-of-bird-made-with-waste-and-2284142049.jpg,rritory-india-feb-a-beautiful-pattern-of-bird-made-with-waste-and-2284142049.jpg,Non-Recyclable,.jpg,478531,KEEP,,1500,1101,RGB
Non-Recyclable/Non-Recyclable/ceramic_product/shards-of-broken-pottery-CFKKAG.jpg,shards-of-broken-pottery-CFKKAG.jpg,Non-Recyclable,.jpg,242955,KEEP,,1300,956,RGB
Non-Recyclable/Non-Recyclable/ceramic_product/shutterstock_1805501278-1.jpg,shutterstock_1805501278-1.jpg,Non-Recyclable,.jpg,56392,KEEP,,1000,667,RGB
Non-Recyclable/Non-Recyclable/ceramic_product/stock-photo-broken-ceramic-glass-which-is-damaged-by-transportation-1425982577.jpg,stock-photo-broken-ceramic-glass-which-is-damaged-by-transportation-1425982577.jpg,Non-Recyclable,.jpg,1764341,KEEP,,1500,1101,RGB
Non-Recyclable/Non-Recyclable/ceramic_product/stock-photo-broken-ceramics-dishes-in-wall-background-stock-images-214036360.jpg,stock-photo-broken-ceramics-dishes-in-wall-background-stock-images-214036360.jpg,Non-Recyclable,.jpg,107035,KEEP,,450,351,RGB
Non-Recyclable/Non-Recyclable/ceramic_product/the-old-broken-glass-cup-D8GBJ9.jpg,the-old-broken-glass-cup-D8GBJ9.jpg,Non-Recyclable,.jpg,80558,KEEP,,1062,1390,RGB
Non-Recyclable/Non-Recyclable/ceramic_product/tion-broken-glass-mosaic-broken-ceramic-tiles-as-crazy-background-for-paving.jpg,tion-broken-glass-mosaic-broken-ceramic-tiles-as-crazy-background-for-paving.jpg,Non-Recyclable,.jpg,343368,KEEP,,1300,866,RGB
Non-Recyclable/Non-Recyclable/ceramic_product/trash17_wide-9ef04671bfc0a0abd41c2950e6652fa098890b95-s1100-c50.jpg,trash17_wide-9ef04671bfc0a0abd41c2950e6652fa098890b95-s1100-c50.jpg,Non-Recyclable,.jpg,81208,KEEP,,1100,618,RGB
Non-Recyclable/Non-Recyclable/ceramic_product/tures-of-broken-porcelain-vases-within-other-glass-ones-by-bouke-de-vries-14.jpg,tures-of-broken-porcelain-vases-within-other-glass-ones-by-bouke-de-vries-14.jpg,Non-Recyclable,.jpg,132042,KEEP,,683,850,RGB
Non-Recyclable/Non-Recyclable/ceramic_product/turn-broken-ceramics-800x800.jpg,turn-broken-ceramics-800x800.jpg,Non-Recyclable,.jpg,61909,KEEP,,600,398,RGB
Non-Recyclable/Non-Recyclable/ceramic_product/ulptures-of-broken-porcelain-vases-within-other-glass-ones-by-bouke-de-vries.jpg,ulptures-of-broken-porcelain-vases-within-other-glass-ones-by-bouke-de-vries.jpg,Non-Recyclable,.jpg,88176,KEEP,,1200,900,RGB
Non-Recyclable/Non-Recyclable/ceramic_product/why-does-ceramic-break-glass.jpg,why-does-ceramic-break-glass.jpg,Non-Recyclable,.jpg,60428,KEEP,,1200,700,RGB
Non-Recyclable/Non-Recyclable/ceramic_product/wl-bottom-broken-glass-w-melted-bubbles-air-vessel-was-placed-front-85817408.jpg,wl-bottom-broken-glass-w-melted-bubbles-air-vessel-was-placed-front-85817408.jpg,Non-Recyclable,.jpg,273455,KEEP,,1600,1628,RGB
Non-Recyclable/Non-Recyclable/ceramic_product/woman-repairing-broken-pottery-kintsugi-royalty-free-image-1680030784.jpg,woman-repairing-broken-pottery-kintsugi-royalty-free-image-1680030784.jpg,Non-Recyclable,.jpg,634905,KEEP,,3840,2160,RGB
Non-Recyclable/Non-Recyclable/ceramic_product/woman_sort_recycle_glass_bin.jpg,woman_sort_recycle_glass_bin.jpg,Non-Recyclable,.jpg,309876,KEEP,,850,1280,RGB
Non-Recyclable/Non-Recyclable/diapers/-baby-nappies-diapers-waste-dirty-diapers-trash-bag-disposing-used-239559297.jpg,-baby-nappies-diapers-waste-dirty-diapers-trash-bag-disposing-used-239559297.jpg,Non-Recyclable,.jpg,147657,KEEP,,1600,1155,RGB
Non-Recyclable/Non-Recyclable/diapers/-garbage-pail-disposing-of-used-baby-nappies-environmental-impact-2084386903.jpg,-garbage-pail-disposing-of-used-baby-nappies-environmental-impact-2084386903.jpg,Non-Recyclable,.jpg,303649,KEEP,,998,1600,RGB
Non-Recyclable/Non-Recyclable/diapers/-shadow-with-clipping-path-plastic-trash-can-overfilled-with-nappies-2B6X2H7.jpg,-shadow-with-clipping-path-plastic-trash-can-overfilled-with-nappies-2B6X2H7.jpg,Non-Recyclable,.jpg,51217,KEEP,,886,1390,RGB
Non-Recyclable/Non-Recyclable/diapers/-table-group-disposable-diapers-arranged-over-white-changing-table-145294479.jpg,-table-group-disposable-diapers-arranged-over-white-changing-table-145294479.jpg,Non-Recyclable,.jpg,183098,KEEP,,1600,1157,RGB
Non-Recyclable/Non-Recyclable/diapers/05_5d6dfe6d-8164-49c4-951c-11cf82c8d19b.jpg,05_5d6dfe6d-8164-49c4-951c-11cf82c8d19b.jpg,Non-Recyclable,.jpg,243257,KEEP,,1184,1476,RGB
Non-Recyclable/Non-Recyclable/diapers/1-s2.0-S0921344919304549-ga1.jpg,1-s2.0-S0921344919304549-ga1.jpg,Non-Recyclable,.jpg,41232,KEEP,,496,200,RGB
Non-Recyclable/Non-Recyclable/diapers/1-uv-fs5l01nzvbxmtbuhwvw.jpeg,1-uv-fs5l01nzvbxmtbuhwvw.jpeg,Non-Recyclable,.jpeg,123046,KEEP,,1000,661,RGB
Non-Recyclable/Non-Recyclable/diapers/1.jpg,1.jpg,Non-Recyclable,.jpg,159493,KEEP,,853,480,RGB
Non-Recyclable/Non-Recyclable/diapers/100-cotton-huggies-advanced-ultra-absorbent-disposable-baby-diapers-pants-103.jpg,100-cotton-huggies-advanced-ultra-absorbent-disposable-baby-diapers-pants-103.jpg,Non-Recyclable,.jpg,54417,KEEP,,403,500,RGB
Non-Recyclable/Non-Recyclable/diapers/100444583_8-pampers-active-baby-diapers-small-3-8-kg.jpg,100444583_8-pampers-active-baby-diapers-small-3-8-kg.jpg,Non-Recyclable,.jpg,37150,KEEP,,500,500,RGB
Non-Recyclable/Non-Recyclable/diapers/10582_1.jpg,10582_1.jpg,Non-Recyclable,.jpg,179723,KEEP,,1000,1000,RGB
Non-Recyclable/Non-Recyclable/diapers/10586_1-Front.jpg,10586_1-Front.jpg,Non-Recyclable,.jpg,162312,KEEP,,1000,1000,RGB
Non-Recyclable/Non-Recyclable/diapers/12.jpg,12.jpg,Non-Recyclable,.jpg,281364,KEEP,,853,480,RGB
Non-Recyclable/Non-Recyclable/diapers/1200px-Disposablediaper.JPG.jpg,1200px-Disposablediaper.JPG.jpg,Non-Recyclable,.jpg,131078,KEEP,,1200,900,RGB
Non-Recyclable/Non-Recyclable/diapers/12B252812529.jpg,12B252812529.jpg,Non-Recyclable,.jpg,199693,KEEP,,720,720,RGB
Non-Recyclable/Non-Recyclable/diapers/13-Best-Baby-Diapers-In-India-In-2023.jpg,13-Best-Baby-Diapers-In-India-In-2023.jpg,Non-Recyclable,.jpg,126080,KEEP,,720,810,RGB
Non-Recyclable/Non-Recyclable/diapers/20003932-2_4-pampers-baby-dry-small-11-diapers.jpg,20003932-2_4-pampers-baby-dry-small-11-diapers.jpg,Non-Recyclable,.jpg,29911,KEEP,,500,500,RGB
Non-Recyclable/Non-Recyclable/diapers/3-Figure3-1.png,3-Figure3-1.png,Non-Recyclable,.png,217678,KEEP,,690,344,RGB
Non-Recyclable/Non-Recyclable/diapers/30487_hd.jpg,30487_hd.jpg,Non-Recyclable,.jpg,41498,KEEP,,562,394,RGB
Non-Recyclable/Non-Recyclable/diapers/37494-500x500.jpg,37494-500x500.jpg,Non-Recyclable,.jpg,65170,KEEP,,500,500,RGB
Non-Recyclable/Non-Recyclable/diapers/392089940-melons_550x550.jpg,392089940-melons_550x550.jpg,Non-Recyclable,.jpg,49362,KEEP,,550,550,RGB
Non-Recyclable/Non-Recyclable/diapers/4-Figure5-1.png,4-Figure5-1.png,Non-Recyclable,.png,315558,KEEP,,678,382,RGB
Non-Recyclable/Non-Recyclable/diapers/40229261_4-pampers-active-baby-diapers-new-born.jpg,40229261_4-pampers-active-baby-diapers-new-born.jpg,Non-Recyclable,.jpg,37701,KEEP,,500,500,RGB
Non-Recyclable/Non-Recyclable/diapers/405434435.jpg,405434435.jpg,Non-Recyclable,.jpg,214762,KEEP,,1500,1087,RGB
Non-Recyclable/Non-Recyclable/diapers/429348994-baby-crawling-away-from-camera-wearing-disposable-diaper.jpg,429348994-baby-crawling-away-from-camera-wearing-disposable-diaper.jpg,Non-Recyclable,.jpg,42150,KEEP,,1000,667,RGB
Non-Recyclable/Non-Recyclable/diapers/474911884-H.webp,474911884-H.webp,Non-Recyclable,.webp,50564,KEEP,,1024,700,RGB
Non-Recyclable/Non-Recyclable/diapers/4e2a79e2666c--baby-bum-music-a04902.png,4e2a79e2666c--baby-bum-music-a04902.png,Non-Recyclable,.png,134701,KEEP,,812,1010,P
Non-Recyclable/Non-Recyclable/diapers/51.jpg,51.jpg,Non-Recyclable,.jpg,32491,KEEP,,720,375,RGB
Non-Recyclable/Non-Recyclable/diapers/51zIAjQaiyL.jpg,51zIAjQaiyL.jpg,Non-Recyclable,.jpg,54795,KEEP,,1500,1500,RGB
Non-Recyclable/Non-Recyclable/diapers/530157_25636_XL.jpg,530157_25636_XL.jpg,Non-Recyclable,.jpg,152718,KEEP,,1024,512,RGB
Non-Recyclable/Non-Recyclable/diapers/61VUeyU0dbL._AC_UF8941000_QL80_.jpg,61VUeyU0dbL._AC_UF8941000_QL80_.jpg,Non-Recyclable,.jpg,43151,KEEP,,716,1000,RGB
Non-Recyclable/Non-Recyclable/diapers/61ZMDwA4xzL._AC_UF8941000_QL80_.jpg,61ZMDwA4xzL._AC_UF8941000_QL80_.jpg,Non-Recyclable,.jpg,81788,KEEP,,894,901,RGB
Non-Recyclable/Non-Recyclable/diapers/61dJIigpYOL.jpg,61dJIigpYOL.jpg,Non-Recyclable,.jpg,129398,KEEP,,1350,1169,RGB
Non-Recyclable/Non-Recyclable/diapers/61h5qokt9sL.jpg,61h5qokt9sL.jpg,Non-Recyclable,.jpg,69076,KEEP,,1000,1000,RGB
Non-Recyclable/Non-Recyclable/diapers/61jiC0ORycL.jpg,61jiC0ORycL.jpg,Non-Recyclable,.jpg,129196,KEEP,,1500,1500,RGB
Non-Recyclable/Non-Recyclable/diapers/634fc803be6fde50b04f6143-diapers-size-3-168-count-pampers.jpg,634fc803be6fde50b04f6143-diapers-size-3-168-count-pampers.jpg,Non-Recyclable,.jpg,217836,KEEP,,1496,1470,RGB
Non-Recyclable/Non-Recyclable/diapers/63bcf2c160a1da17ec6c2e83-ubbi-disposable-diaper-sacks-lavender.jpg,63bcf2c160a1da17ec6c2e83-ubbi-disposable-diaper-sacks-lavender.jpg,Non-Recyclable,.jpg,96578,KEEP,,1500,1292,RGB
Non-Recyclable/Non-Recyclable/diapers/63befce33e92406c3c1dac8a-diapers-size-4-144-count-pampers-pull.jpg,63befce33e92406c3c1dac8a-diapers-size-4-144-count-pampers-pull.jpg,Non-Recyclable,.jpg,153762,KEEP,,1487,1500,RGB
Non-Recyclable/Non-Recyclable/diapers/7.jpg,7.jpg,Non-Recyclable,.jpg,227949,KEEP,,852,480,RGB
Non-Recyclable/Non-Recyclable/diapers/71iSOngBHsL._AC_UF10001000_QL80_.jpg,71iSOngBHsL._AC_UF10001000_QL80_.jpg,Non-Recyclable,.jpg,89286,KEEP,,1000,1000,RGB
Non-Recyclable/Non-Recyclable/diapers/71rjWQFJhL._AC_UF8941000_QL80_.jpg,71rjWQFJhL._AC_UF8941000_QL80_.jpg,Non-Recyclable,.jpg,69172,KEEP,,894,995,RGB
Non-Recyclable/Non-Recyclable/diapers/71vU85MMO7L._AC_UF8941000_QL80_.jpg,71vU85MMO7L._AC_UF8941000_QL80_.jpg,Non-Recyclable,.jpg,100186,KEEP,,894,901,RGB
Non-Recyclable/Non-Recyclable/diapers/74806254.jpg,74806254.jpg,Non-Recyclable,.jpg,67024,KEEP,,600,546,RGB
Non-Recyclable/Non-Recyclable/diapers/78a62dd24472a69bddf67cc48cfdcf31.jpg,78a62dd24472a69bddf67cc48cfdcf31.jpg,Non-Recyclable,.jpg,50959,KEEP,,645,380,RGB
Non-Recyclable/Non-Recyclable/diapers/81b6OBTrb6L.jpg,81b6OBTrb6L.jpg,Non-Recyclable,.jpg,371366,KEEP,,2000,2000,RGB
Non-Recyclable/Non-Recyclable/diapers/8b7d1c_7de73bd317284b49b0872afa1aa3632emv2.png,8b7d1c_7de73bd317284b49b0872afa1aa3632emv2.png,Non-Recyclable,.png,335022,KEEP,,636,954,RGBA
Non-Recyclable/Non-Recyclable/diapers/Baby2BWith2BDisposable2BDiapers.jpg,Baby2BWith2BDisposable2BDiapers.jpg,Non-Recyclable,.jpg,152249,KEEP,,1600,1066,RGB
Non-Recyclable/Non-Recyclable/diapers/Blog-10-internal-img-colourfull-diaper.jpg,Blog-10-internal-img-colourfull-diaper.jpg,Non-Recyclable,.jpg,116478,KEEP,,1080,1080,RGB
Non-Recyclable/Non-Recyclable/diapers/Coterie-diapers-group-shot.jpg,Coterie-diapers-group-shot.jpg,Non-Recyclable,.jpg,155384,KEEP,,1920,1960,RGB
Non-Recyclable/Non-Recyclable/diapers/D_TopBanner_Catalog_IN.png,D_TopBanner_Catalog_IN.png,Non-Recyclable,.png,442142,KEEP,,960,460,RGBA
Non-Recyclable/Non-Recyclable/diapers/Dangers-of-Disposable-Diapers.jpg,Dangers-of-Disposable-Diapers.jpg,Non-Recyclable,.jpg,62392,KEEP,,1600,1066,RGB
Non-Recyclable/Non-Recyclable/diapers/Depositphotos_456124904_S.jpg,Depositphotos_456124904_S.jpg,Non-Recyclable,.jpg,725098,KEEP,,1000,662,RGB
Non-Recyclable/Non-Recyclable/diapers/DiaperNCloth-scaled.jpg,DiaperNCloth-scaled.jpg,Non-Recyclable,.jpg,202857,KEEP,,1500,1000,RGB
Non-Recyclable/Non-Recyclable/diapers/Diapers4-01.png,Diapers4-01.png,Non-Recyclable,.png,1848485,KEEP,,1729,1080,RGBA
Non-Recyclable/Non-Recyclable/diapers/Disposable-Diapers-take-300-years-to-decomposeand-account-for-15-of-landfill-waste..jpg,Disposable-Diapers-take-300-years-to-decomposeand-account-for-15-of-landfill-waste..jpg,Non-Recyclable,.jpg,372659,KEEP,,1200,628,RGB
Non-Recyclable/Non-Recyclable/diapers/Dyper_lifestyle_Jan_2022-128.jpg,Dyper_lifestyle_Jan_2022-128.jpg,Non-Recyclable,.jpg,8610112,KEEP,,6356,4237,RGB
Non-Recyclable/Non-Recyclable/diapers/February-Do-Good.jpg,February-Do-Good.jpg,Non-Recyclable,.jpg,81456,KEEP,,1200,650,RGB
Non-Recyclable/Non-Recyclable/diapers/HNCH4010_Disposal-Diaper-Test-Package.png,HNCH4010_Disposal-Diaper-Test-Package.png,Non-Recyclable,.png,236149,KEEP,,593,675,RGB
Non-Recyclable/Non-Recyclable/diapers/IMG_20180626_083543.jpg,IMG_20180626_083543.jpg,Non-Recyclable,.jpg,2796366,KEEP,,4160,2352,RGB
Non-Recyclable/Non-Recyclable/diapers/IMG_9256.jpg,IMG_9256.jpg,Non-Recyclable,.jpg,1328241,KEEP,,1170,1306,RGB
Non-Recyclable/Non-Recyclable/diapers/IMG_9257.jpg,IMG_9257.jpg,Non-Recyclable,.jpg,1093253,KEEP,,1170,1431,RGB
Non-Recyclable/Non-Recyclable/diapers/Issue43.png,Issue43.png,Non-Recyclable,.png,835062,KEEP,,566,792,RGB
Non-Recyclable/Non-Recyclable/diapers/MHSOLIDDIPRMIXP3-2_600x.jpg,MHSOLIDDIPRMIXP3-2_600x.jpg,Non-Recyclable,.jpg,62785,KEEP,,600,600,RGB
Non-Recyclable/Non-Recyclable/diapers/Pampers-All-round-Protection-Pants-Large-Size-Baby-Diapers-42-Count.jpg,Pampers-All-round-Protection-Pants-Large-Size-Baby-Diapers-42-Count.jpg,Non-Recyclable,.jpg,192661,KEEP,,1200,1200,RGB
Non-Recyclable/Non-Recyclable/diapers/Pampers-All-round-Protection-Pants-Medium-Size-Baby-Diapers-76-Count.jpg,Pampers-All-round-Protection-Pants-Medium-Size-Baby-Diapers-76-Count.jpg,Non-Recyclable,.jpg,231544,KEEP,,1200,1200,RGB
Non-Recyclable/Non-Recyclable/diapers/Percentage-of-diapers-in-urban-solid-waste-in-some-countries-in-North-America-Europe-and.png,Percentage-of-diapers-in-urban-solid-waste-in-some-countries-in-North-America-Europe-and.png,Non-Recyclable,.png,48701,KEEP,,479,312,RGB
Non-Recyclable/Non-Recyclable/diapers/Post_2_large.jpeg,Post_2_large.jpeg,Non-Recyclable,.jpeg,73146,KEEP,,466,480,RGB
Non-Recyclable/Non-Recyclable/diapers/Representational-Image-only-3.jpg,Representational-Image-only-3.jpg,Non-Recyclable,.jpg,97656,KEEP,,1200,628,RGB
Non-Recyclable/Non-Recyclable/diapers/RforRabbitFeatherDiaper_3_d996cd05-0cfb-491e-8c48-d1e98b80e296.jpg,RforRabbitFeatherDiaper_3_d996cd05-0cfb-491e-8c48-d1e98b80e296.jpg,Non-Recyclable,.jpg,56175,KEEP,,800,800,RGB
Non-Recyclable/Non-Recyclable/diapers/Screen-Shot-2017-09-18-at-14.12.32.png,Screen-Shot-2017-09-18-at-14.12.32.png,Non-Recyclable,.png,372307,KEEP,,480,307,RGBA
Non-Recyclable/Non-Recyclable/diapers/Screen_Shot_2023-01-26_at_5.07.55_PM_480x480.png,Screen_Shot_2023-01-26_at_5.07.55_PM_480x480.png,Non-Recyclable,.png,202453,KEEP,,316,480,RGBA
Non-Recyclable/Non-Recyclable/diapers/Starlight_Untitled_1.1.1.jpg,Starlight_Untitled_1.1.1.jpg,Non-Recyclable,.jpg,371618,KEEP,,840,473,RGB
Non-Recyclable/Non-Recyclable/diapers/The-chemistry-of-disposable-nappies.png,The-chemistry-of-disposable-nappies.png,Non-Recyclable,.png,142452,KEEP,,1654,1169,P
Non-Recyclable/Non-Recyclable/diapers/UNDP-SZ-Disposable-Diapers-2021.jpg,UNDP-SZ-Disposable-Diapers-2021.jpg,Non-Recyclable,.jpg,6195881,KEEP,,5312,3984,RGB
Non-Recyclable/Non-Recyclable/diapers/Unguarded-disposal-of-soiled-disposable-diapers-in-land-depressions-26_Q320.jpg,Unguarded-disposal-of-soiled-disposable-diapers-in-land-depressions-26_Q320.jpg,Non-Recyclable,.jpg,34130,KEEP,,320,320,RGB
Non-Recyclable/Non-Recyclable/diapers/Unguarded-disposal-of-soiled-disposable-diapers-in-vacant-plots-27_Q320.jpg,Unguarded-disposal-of-soiled-disposable-diapers-in-vacant-plots-27_Q320.jpg,Non-Recyclable,.jpg,33325,KEEP,,320,320,RGB
Non-Recyclable/Non-Recyclable/diapers/Untitled-5-2.jpg,Untitled-5-2.jpg,Non-Recyclable,.jpg,793569,KEEP,,1405,783,RGB
Non-Recyclable/Non-Recyclable/diapers/Waste_disposal_tvm_422021_1200-compressed.jpg,Waste_disposal_tvm_422021_1200-compressed.jpg,Non-Recyclable,.jpg,140679,KEEP,,1200,800,RGB
Non-Recyclable/Non-Recyclable/diapers/ZbAzUBfb1th1EGMXQqMRogPdjRRfwc8q7VCHQsjz.jpg,ZbAzUBfb1th1EGMXQqMRogPdjRRfwc8q7VCHQsjz.jpg,Non-Recyclable,.jpg,47503,KEEP,,800,500,RGB
Non-Recyclable/Non-Recyclable/diapers/ad1ec850dfe070f294e3e709582ea0f28d-26-diapers-lede.rsquare.w700.jpg,ad1ec850dfe070f294e3e709582ea0f28d-26-diapers-lede.rsquare.w700.jpg,Non-Recyclable,.jpg,51339,KEEP,,700,700,RGB
Non-Recyclable/Non-Recyclable/diapers/baby-diaper.jpg,baby-diaper.jpg,Non-Recyclable,.jpg,39807,KEEP,,600,378,RGB
Non-Recyclable/Non-Recyclable/diapers/baby-diapers2.jpg,baby-diapers2.jpg,Non-Recyclable,.jpg,114892,KEEP,,1600,1200,RGB
Non-Recyclable/Non-Recyclable/diapers/baby_in_diaper_crib-1296x728-header.jpg,baby_in_diaper_crib-1296x728-header.jpg,Non-Recyclable,.jpg,156444,KEEP,,1296,728,RGB
Non-Recyclable/Non-Recyclable/diapers/best-diapers-1553537708.png,best-diapers-1553537708.png,Non-Recyclable,.png,619435,KEEP,,2000,1000,RGB
Non-Recyclable/Non-Recyclable/diapers/bigstock-Group-Of-Disposable-Diapers-Ar-296238739.jpg,bigstock-Group-Of-Disposable-Diapers-Ar-296238739.jpg,Non-Recyclable,.jpg,127353,KEEP,,900,600,RGB
Non-Recyclable/Non-Recyclable/diapers/c21ce9a01fc0343df63f2a52d3e8457b.jpg,c21ce9a01fc0343df63f2a52d3e8457b.jpg,Non-Recyclable,.jpg,48555,KEEP,,481,481,RGB
Non-Recyclable/Non-Recyclable/diapers/cloth-diapers-vs-disposable-2160x1200.jpg,cloth-diapers-vs-disposable-2160x1200.jpg,Non-Recyclable,.jpg,494678,KEEP,,2160,1200,RGB
Non-Recyclable/Non-Recyclable/diapers/cloth-diapers-vs-disposable-diapers-comparison.jpg,cloth-diapers-vs-disposable-diapers-comparison.jpg,Non-Recyclable,.jpg,68243,KEEP,,1199,626,RGB
Non-Recyclable/Non-Recyclable/diapers/cloth-vs-disposable-diaper-top-2x1-lowres1024-.jpg,cloth-vs-disposable-diaper-top-2x1-lowres1024-.jpg,Non-Recyclable,.jpg,74274,KEEP,,1024,512,RGB
Non-Recyclable/Non-Recyclable/diapers/cloth-vs-disposable-diapers-722x406.jpg,cloth-vs-disposable-diapers-722x406.jpg,Non-Recyclable,.jpg,77671,KEEP,,722,406,RGB
Non-Recyclable/Non-Recyclable/diapers/diaper-biodegradable-1567090472295.jpg,diaper-biodegradable-1567090472295.jpg,Non-Recyclable,.jpg,38456,KEEP,,1200,628,RGB
Non-Recyclable/Non-Recyclable/diapers/diaper-composition_orig.png,diaper-composition_orig.png,Non-Recyclable,.png,402239,KEEP,,801,694,RGBA
Non-Recyclable/Non-Recyclable/diapers/diapersshutterstockilife.jpg,diapersshutterstockilife.jpg,Non-Recyclable,.jpg,532710,KEEP,,1000,662,RGB
Non-Recyclable/Non-Recyclable/diapers/dirty-and-soiled-baby-babys-disposable-nappies-discarded-thrown-away-G0KRA6.jpg,dirty-and-soiled-baby-babys-disposable-nappies-discarded-thrown-away-G0KRA6.jpg,Non-Recyclable,.jpg,176420,KEEP,,1300,956,RGB
Non-Recyclable/Non-Recyclable/diapers/dirty-baby-diapers-trash-disposing-footage-180485037_prevstill.jpeg,dirty-baby-diapers-trash-disposing-footage-180485037_prevstill.jpeg,Non-Recyclable,.jpeg,164934,KEEP,,3840,2160,RGB
Non-Recyclable/Non-Recyclable/diapers/disposable-baby-diaper.png,disposable-baby-diaper.png,Non-Recyclable,.png,202495,KEEP,,500,500,RGBA
Non-Recyclable/Non-Recyclable/diapers/disposable-baby-diapers.jpg,disposable-baby-diapers.jpg,Non-Recyclable,.jpg,144715,KEEP,,1566,1392,RGB
Non-Recyclable/Non-Recyclable/diapers/disposable-diaper-1.jpg,disposable-diaper-1.jpg,Non-Recyclable,.jpg,185094,KEEP,,1500,1000,RGB
Non-Recyclable/Non-Recyclable/diapers/disposable-diapers-in-garbage.jpg,disposable-diapers-in-garbage.jpg,Non-Recyclable,.jpg,38985,KEEP,,780,439,RGB
Non-Recyclable/Non-Recyclable/diapers/disposable-diapers-to-take-care-hygiene-babies-168544880.jpg,disposable-diapers-to-take-care-hygiene-babies-168544880.jpg,Non-Recyclable,.jpg,98405,KEEP,,1600,1158,RGB
Non-Recyclable/Non-Recyclable/diapers/e-of-garbage-from-food-waste-cans-and-plastic-bottles-and-plastic-1201361770.jpg,e-of-garbage-from-food-waste-cans-and-plastic-bottles-and-plastic-1201361770.jpg,Non-Recyclable,.jpg,2213570,KEEP,,1500,1101,RGB
Non-Recyclable/Non-Recyclable/diapers/elle.rue.jpg,elle.rue.jpg,Non-Recyclable,.jpg,251135,KEEP,,2000,2000,RGB
Non-Recyclable/Non-Recyclable/diapers/en-img-education-thumb-01-mb.jpg,en-img-education-thumb-01-mb.jpg,Non-Recyclable,.jpg,188729,KEEP,,768,768,RGB
Non-Recyclable/Non-Recyclable/diapers/ental-impact-disposable-diapers-pollution-environment-soil-water_159975-1317.jpg,ental-impact-disposable-diapers-pollution-environment-soil-water_159975-1317.jpg,Non-Recyclable,.jpg,37122,KEEP,,626,416,RGB
Non-Recyclable/Non-Recyclable/diapers/file-20190704-126340-13f38tz.jpg,file-20190704-126340-13f38tz.jpg,Non-Recyclable,.jpg,139883,KEEP,,1920,1249,RGB
Non-Recyclable/Non-Recyclable/diapers/file-20221019-22-gy6i0u.jpg,file-20221019-22-gy6i0u.jpg,Non-Recyclable,.jpg,176090,KEEP,,1920,1280,RGB
Non-Recyclable/Non-Recyclable/diapers/file721vy4ur8j6z726o29i-1539625503.jpg,file721vy4ur8j6z726o29i-1539625503.jpg,Non-Recyclable,.jpg,135154,KEEP,,667,500,RGB
Non-Recyclable/Non-Recyclable/diapers/how-to-keep-disposable-diapers-from-leaking-at-night.jpg,how-to-keep-disposable-diapers-from-leaking-at-night.jpg,Non-Recyclable,.jpg,84113,KEEP,,1200,1200,RGB
Non-Recyclable/Non-Recyclable/diapers/huggies-diapers.jpg,huggies-diapers.jpg,Non-Recyclable,.jpg,47020,KEEP,,640,480,RGB
Non-Recyclable/Non-Recyclable/diapers/image-asset.jpeg,image-asset.jpeg,Non-Recyclable,.jpeg,1492210,KEEP,,2500,1957,CMYK
Non-Recyclable/Non-Recyclable/diapers/image8-1638302456823_1200x.jpg,image8-1638302456823_1200x.jpg,Non-Recyclable,.jpg,144564,KEEP,,1010,720,RGB
Non-Recyclable/Non-Recyclable/diapers/img-20220517-62834aa4b613d.png,img-20220517-62834aa4b613d.png,Non-Recyclable,.png,45795,KEEP,,720,720,RGB
Non-Recyclable/Non-Recyclable/diapers/intresting20fact20about20baby20diapers.jpeg,intresting20fact20about20baby20diapers.jpeg,Non-Recyclable,.jpeg,99716,KEEP,,1151,598,RGB
Non-Recyclable/Non-Recyclable/diapers/jklzz5r5uwCcP-xxlarge.jpg,jklzz5r5uwCcP-xxlarge.jpg,Non-Recyclable,.jpg,39013,KEEP,,800,800,RGB
Non-Recyclable/Non-Recyclable/diapers/lain-dibuang-dipinggiran-sungai-di-Sleman-Jogja.-foto-Tommy-Apriando-768x512.jpg,lain-dibuang-dipinggiran-sungai-di-Sleman-Jogja.-foto-Tommy-Apriando-768x512.jpg,Non-Recyclable,.jpg,117314,KEEP,,768,512,RGB
Non-Recyclable/Non-Recyclable/diapers/less-plastic-nappy-sticker_diapers-v3.jpg,less-plastic-nappy-sticker_diapers-v3.jpg,Non-Recyclable,.jpg,191732,KEEP,,1080,1080,RGB
Non-Recyclable/Non-Recyclable/diapers/maxresdefault.jpg,maxresdefault.jpg,Non-Recyclable,.jpg,201849,KEEP,,1280,720,RGB
Non-Recyclable/Non-Recyclable/diapers/medium-size-baby-diapers-md-76-count-anti-rash-diapers-lotion-original-imafx2hzdcn6zkyb.jpeg,medium-size-baby-diapers-md-76-count-anti-rash-diapers-lotion-original-imafx2hzdcn6zkyb.jpeg,Non-Recyclable,.jpeg,175157,KEEP,,837,1000,RGB
Non-Recyclable/Non-Recyclable/diapers/nappies-environmental-impact-disposable-pollution-environment-soil-230432314.jpg,nappies-environmental-impact-disposable-pollution-environment-soil-230432314.jpg,Non-Recyclable,.jpg,75924,KEEP,,800,533,RGB
Non-Recyclable/Non-Recyclable/diapers/nappies-environmental-impact-disposable-pollution-environment-soil-230573896.jpg,nappies-environmental-impact-disposable-pollution-environment-soil-230573896.jpg,Non-Recyclable,.jpg,192884,KEEP,,1600,1155,RGB
Non-Recyclable/Non-Recyclable/diapers/nappies-pink-background-sustainable-lifestyle-zero-waste-concept_479776-4385.jpg,nappies-pink-background-sustainable-lifestyle-zero-waste-concept_479776-4385.jpg,Non-Recyclable,.jpg,32333,KEEP,,626,417,RGB
Non-Recyclable/Non-Recyclable/diapers/nge-color-background-newborn-diapers-open-and-closed-flat-lay-top-1904719375.jpg,nge-color-background-newborn-diapers-open-and-closed-flat-lay-top-1904719375.jpg,Non-Recyclable,.jpg,1573522,KEEP,,1500,1101,RGB
Non-Recyclable/Non-Recyclable/diapers/oversonlinewith100_disposablehealthynappypads_liners_insertsnearmeatbdiapers.png,oversonlinewith100_disposablehealthynappypads_liners_insertsnearmeatbdiapers.png,Non-Recyclable,.png,307439,KEEP,,1080,1080,P
Non-Recyclable/Non-Recyclable/diapers/p-view-of-used-disposable-diapers-extracted-from-the-parana-river-2306692315.jpg,p-view-of-used-disposable-diapers-extracted-from-the-parana-river-2306692315.jpg,Non-Recyclable,.jpg,408717,KEEP,,1001,1600,RGB
Non-Recyclable/Non-Recyclable/diapers/pampers-disposable-baby-diapers-500x500.jpg,pampers-disposable-baby-diapers-500x500.jpg,Non-Recyclable,.jpg,36787,KEEP,,500,500,RGB
Non-Recyclable/Non-Recyclable/diapers/pampers-new-baby-diaper-size-new-born-packet-of-24-6.1-1669709994.jpg,pampers-new-baby-diaper-size-new-born-packet-of-24-6.1-1669709994.jpg,Non-Recyclable,.jpg,153506,KEEP,,1499,1469,RGB
Non-Recyclable/Non-Recyclable/diapers/pampers-new-baby-diapers-72-2-1632780542.jpg,pampers-new-baby-diapers-72-2-1632780542.jpg,Non-Recyclable,.jpg,92158,KEEP,,1500,1500,RGB
Non-Recyclable/Non-Recyclable/diapers/pies-environmental-impact-disposable-diapers-pollution-environment-235596045.jpg,pies-environmental-impact-disposable-diapers-pollution-environment-235596045.jpg,Non-Recyclable,.jpg,115878,KEEP,,1600,1155,RGB
Non-Recyclable/Non-Recyclable/diapers/pile-discarded-used-baby-diapers-footage-170531202_prevstill.jpeg,pile-discarded-used-baby-diapers-footage-170531202_prevstill.jpeg,Non-Recyclable,.jpeg,389260,KEEP,,3840,2160,RGB
Non-Recyclable/Non-Recyclable/diapers/piles-of-plastic-disposable-nappies-on-funafuti-tuvalu-A6T59N.jpg,piles-of-plastic-disposable-nappies-on-funafuti-tuvalu-A6T59N.jpg,Non-Recyclable,.jpg,182830,KEEP,,864,1390,RGB
Non-Recyclable/Non-Recyclable/diapers/piles-of-plastic-disposable-nappies-on-funafuti-tuvalu-A6T59T.jpg,piles-of-plastic-disposable-nappies-on-funafuti-tuvalu-A6T59T.jpg,Non-Recyclable,.jpg,193783,KEEP,,864,1390,RGB
Non-Recyclable/Non-Recyclable/diapers/piles-of-plastic-disposable-nappies-on-funafuti-tuvalu-A6T59X.jpg,piles-of-plastic-disposable-nappies-on-funafuti-tuvalu-A6T59X.jpg,Non-Recyclable,.jpg,252472,KEEP,,1300,954,RGB
Non-Recyclable/Non-Recyclable/diapers/s-environmental-impact-disposable-pollution-environment-soil-water-235596044.jpg,s-environmental-impact-disposable-pollution-environment-soil-water-235596044.jpg,Non-Recyclable,.jpg,138921,KEEP,,1600,1155,RGB
Non-Recyclable/Non-Recyclable/diapers/s-environmental-impact-disposable-pollution-environment-soil-water-235999995.jpg,s-environmental-impact-disposable-pollution-environment-soil-water-235999995.jpg,Non-Recyclable,.jpg,99686,KEEP,,1600,1155,RGB
Non-Recyclable/Non-Recyclable/diapers/s_Matching_Tees_with_hybrid_cloth_diaper_covers_online_with_100_cotton_fabri.png,s_Matching_Tees_with_hybrid_cloth_diaper_covers_online_with_100_cotton_fabri.png,Non-Recyclable,.png,1125011,KEEP,,1800,1000,P
Non-Recyclable/Non-Recyclable/diapers/sable-Diapers-for-Babies-Toddlers-and-the-Environment-1296x728-Header_ecafa7.jpg,sable-Diapers-for-Babies-Toddlers-and-the-Environment-1296x728-Header_ecafa7.jpg,Non-Recyclable,.jpg,49268,KEEP,,1296,728,RGB
Non-Recyclable/Non-Recyclable/diapers/sed-baby-nappies-environmental-impact-disposable-diapers-pollution-217314562.jpg,sed-baby-nappies-environmental-impact-disposable-diapers-pollution-217314562.jpg,Non-Recyclable,.jpg,119803,KEEP,,1600,1155,RGB
Non-Recyclable/Non-Recyclable/diapers/sevent-generation-sensitive-protection_4x3.jpg,sevent-generation-sensitive-protection_4x3.jpg,Non-Recyclable,.jpg,91567,KEEP,,1026,770,RGB
Non-Recyclable/Non-Recyclable/diapers/sustainability-10-00773-g001.png,sustainability-10-00773-g001.png,Non-Recyclable,.png,1194292,KEEP,,3562,906,RGB
Non-Recyclable/Non-Recyclable/diapers/teddyy-baby-diapers-pants-easy-large-42s-2-1671743450.jpg,teddyy-baby-diapers-pants-easy-large-42s-2-1671743450.jpg,Non-Recyclable,.jpg,84952,KEEP,,853,1499,RGB
Non-Recyclable/Non-Recyclable/diapers/three-nappies-2METKC6.jpg,three-nappies-2METKC6.jpg,Non-Recyclable,.jpg,93032,KEEP,,1300,1390,RGB
Non-Recyclable/Non-Recyclable/diapers/thumb_counties_agonise_ove5e18d060ba572.jpg,thumb_counties_agonise_ove5e18d060ba572.jpg,Non-Recyclable,.jpg,250629,KEEP,,800,500,RGB
Non-Recyclable/Non-Recyclable/diapers/ty-diapers-disposing-of-used-baby-nappies-environmental-impact-of-disposable.jpg,ty-diapers-disposing-of-used-baby-nappies-environmental-impact-of-disposable.jpg,Non-Recyclable,.jpg,35672,KEEP,,1300,865,RGB
Non-Recyclable/Non-Recyclable/diapers/used-disposable-nappies-in-plastic-sacks-fill-a-household-waste-bin-B2EA0R.jpg,used-disposable-nappies-in-plastic-sacks-fill-a-household-waste-bin-B2EA0R.jpg,Non-Recyclable,.jpg,134641,KEEP,,1300,960,RGB
Non-Recyclable/Non-Recyclable/diapers/waste.jpg,waste.jpg,Non-Recyclable,.jpg,120951,KEEP,,680,380,RGB
Non-Recyclable/Non-Recyclable/platics_bags_wrappers/-bags-vegetables-peppers-tomatoes-carrots-onions-from-the-supermarket-RXCRHT.jpg,-bags-vegetables-peppers-tomatoes-carrots-onions-from-the-supermarket-RXCRHT.jpg,Non-Recyclable,.jpg,229441,KEEP,,1300,956,RGB
Non-Recyclable/Non-Recyclable/platics_bags_wrappers/03222022_recycling01_182011.jpg,03222022_recycling01_182011.jpg,Non-Recyclable,.jpg,797887,KEEP,,2400,1600,RGB
Non-Recyclable/Non-Recyclable/platics_bags_wrappers/03222022_tzr_tzr_182048.jpg,03222022_tzr_tzr_182048.jpg,Non-Recyclable,.jpg,299544,KEEP,,1560,1002,RGB
Non-Recyclable/Non-Recyclable/platics_bags_wrappers/102019_Brightside_Co19_Tips_Poster-559x1024.jpg,102019_Brightside_Co19_Tips_Poster-559x1024.jpg,Non-Recyclable,.jpg,128597,KEEP,,559,1024,CMYK
Non-Recyclable/Non-Recyclable/platics_bags_wrappers/1500x900_362559-plastic-waste.jpg,1500x900_362559-plastic-waste.jpg,Non-Recyclable,.jpg,221107,KEEP,,1500,898,RGB
Non-Recyclable/Non-Recyclable/platics_bags_wrappers/1587685798451.jpg,1587685798451.jpg,Non-Recyclable,.jpg,56213,KEEP,,710,399,RGB
Non-Recyclable/Non-Recyclable/platics_bags_wrappers/1y1fa85aTElzQL94rheAIAA.png,1y1fa85aTElzQL94rheAIAA.png,Non-Recyclable,.png,2305316,KEEP,,1200,766,RGBA
Non-Recyclable/Non-Recyclable/platics_bags_wrappers/2-bags-of-morrisons-shopping-discarded-on-the-ground-BMKDN3.jpg,2-bags-of-morrisons-shopping-discarded-on-the-ground-BMKDN3.jpg,Non-Recyclable,.jpg,232856,KEEP,,866,1390,RGB
Non-Recyclable/Non-Recyclable/platics_bags_wrappers/20-Plastic-Bag-Crafts-To-Reuse-And-Recycle.jpg,20-Plastic-Bag-Crafts-To-Reuse-And-Recycle.jpg,Non-Recyclable,.jpg,116798,KEEP,,564,846,RGB
Non-Recyclable/Non-Recyclable/platics_bags_wrappers/200723230749-02-japan-plastic-waste-restricted.jpg,200723230749-02-japan-plastic-waste-restricted.jpg,Non-Recyclable,.jpg,78583,KEEP,,800,534,RGB
Non-Recyclable/Non-Recyclable/platics_bags_wrappers/20200914_140554.jpg,20200914_140554.jpg,Non-Recyclable,.jpg,359508,KEEP,,770,949,RGB
Non-Recyclable/Non-Recyclable/platics_bags_wrappers/20220816130311_9_jsfv_visualimg_2094_1.jpg,20220816130311_9_jsfv_visualimg_2094_1.jpg,Non-Recyclable,.jpg,55729,KEEP,,480,742,RGB
Non-Recyclable/Non-Recyclable/platics_bags_wrappers/21120317-d037f89a-efc0-4769-93a1-56443ed6e12f.jpg,21120317-d037f89a-efc0-4769-93a1-56443ed6e12f.jpg,Non-Recyclable,.jpg,676943,KEEP,,5400,3600,RGB
Non-Recyclable/Non-Recyclable/platics_bags_wrappers/2_ad298a26-6603-4beb-a2d1-4c95cb0aabf5_480x480.png,2_ad298a26-6603-4beb-a2d1-4c95cb0aabf5_480x480.png,Non-Recyclable,.png,420293,KEEP,,480,480,RGBA
Non-Recyclable/Non-Recyclable/platics_bags_wrappers/2j44bec.jpg,2j44bec.jpg,Non-Recyclable,.jpg,47755,KEEP,,450,320,RGB
Non-Recyclable/Non-Recyclable/platics_bags_wrappers/310c3010-b798-41cc-adde-005ca83df37b.png,310c3010-b798-41cc-adde-005ca83df37b.png,Non-Recyclable,.png,462653,KEEP,,635,425,RGB
Non-Recyclable/Non-Recyclable/platics_bags_wrappers/3520_428fd902f4247199467725e7eccf1673.jpg,3520_428fd902f4247199467725e7eccf1673.jpg,Non-Recyclable,.jpg,269234,KEEP,,735,414,RGB
Non-Recyclable/Non-Recyclable/platics_bags_wrappers/362561-plastic-waste.jpg,362561-plastic-waste.jpg,Non-Recyclable,.jpg,106852,KEEP,,800,450,RGB
Non-Recyclable/Non-Recyclable/platics_bags_wrappers/3678_428fd902f4247199467725e7eccf1673.jpg,3678_428fd902f4247199467725e7eccf1673.jpg,Non-Recyclable,.jpg,155870,KEEP,,735,414,RGB
Non-Recyclable/Non-Recyclable/platics_bags_wrappers/375141096_0-5_1628854090260_1660036502201_1660036502201.jpg,375141096_0-5_1628854090260_1660036502201_1660036502201.jpg,Non-Recyclable,.jpg,102138,KEEP,,1600,900,RGB
Non-Recyclable/Non-Recyclable/platics_bags_wrappers/37873163825_1c95fa47b7_z.jpg,37873163825_1c95fa47b7_z.jpg,Non-Recyclable,.jpg,147612,KEEP,,640,640,RGB
Non-Recyclable/Non-Recyclable/platics_bags_wrappers/51xqA8a-wsL._AC_UF10001000_QL80_.jpg,51xqA8a-wsL._AC_UF10001000_QL80_.jpg,Non-Recyclable,.jpg,39667,KEEP,,833,1000,RGB
Non-Recyclable/Non-Recyclable/platics_bags_wrappers/58835349.jpg,58835349.jpg,Non-Recyclable,.jpg,153444,KEEP,,1280,960,RGB
Non-Recyclable/Non-Recyclable/platics_bags_wrappers/60c9935424774f7129485c01_1623823188870.jpg,60c9935424774f7129485c01_1623823188870.jpg,Non-Recyclable,.jpg,63823,KEEP,,614,871,RGB
Non-Recyclable/Non-Recyclable/platics_bags_wrappers/60c9935424774f7129485c04_1623823188876.jpg,60c9935424774f7129485c04_1623823188876.jpg,Non-Recyclable,.jpg,59368,KEEP,,610,656,RGB
Non-Recyclable/Non-Recyclable/platics_bags_wrappers/60c9935424774f7129485c05_1623823188877.jpg,60c9935424774f7129485c05_1623823188877.jpg,Non-Recyclable,.jpg,41656,KEEP,,607,636,RGB
Non-Recyclable/Non-Recyclable/platics_bags_wrappers/61jBBcZxgfL._AC_UF10001000_QL80_.jpg,61jBBcZxgfL._AC_UF10001000_QL80_.jpg,Non-Recyclable,.jpg,82937,KEEP,,1000,902,RGB
Non-Recyclable/Non-Recyclable/platics_bags_wrappers/61oUvhDzMlL.jpg,61oUvhDzMlL.jpg,Non-Recyclable,.jpg,86617,KEEP,,1455,1500,RGB
Non-Recyclable/Non-Recyclable/platics_bags_wrappers/62e7c92eab11b2a6d58c592e_Empty-candy-wrappers.png,62e7c92eab11b2a6d58c592e_Empty-candy-wrappers.png,Non-Recyclable,.png,189522,KEEP,,707,538,P
Non-Recyclable/Non-Recyclable/platics_bags_wrappers/71fY4tE5kxL.jpg,71fY4tE5kxL.jpg,Non-Recyclable,.jpg,145283,KEEP,,1134,1134,RGB
Non-Recyclable/Non-Recyclable/platics_bags_wrappers/85241232.jpg,85241232.jpg,Non-Recyclable,.jpg,246737,KEEP,,1280,960,RGB
Non-Recyclable/Non-Recyclable/platics_bags_wrappers/85286799.jpg,85286799.jpg,Non-Recyclable,.jpg,193623,KEEP,,1280,960,RGB
Non-Recyclable/Non-Recyclable/platics_bags_wrappers/8855e850f3011319a3a36e85d4f5829f.jpg,8855e850f3011319a3a36e85d4f5829f.jpg,Non-Recyclable,.jpg,404545,KEEP,,1730,1289,RGB
Non-Recyclable/Non-Recyclable/platics_bags_wrappers/8a52d84c-90d4-11ec-b3a6-dc86e7882d0e_1645208753032.jpg,8a52d84c-90d4-11ec-b3a6-dc86e7882d0e_1645208753032.jpg,Non-Recyclable,.jpg,123969,KEEP,,1600,900,RGB
Non-Recyclable/Non-Recyclable/platics_bags_wrappers/91t-2KbjSxL._AC_UF8941000_QL80_.jpg,91t-2KbjSxL._AC_UF8941000_QL80_.jpg,Non-Recyclable,.jpg,248482,KEEP,,894,980,RGB
Non-Recyclable/Non-Recyclable/platics_bags_wrappers/91t-2KbjSxL.jpg,91t-2KbjSxL.jpg,Non-Recyclable,.jpg,557125,KEEP,,2000,2000,RGB
Non-Recyclable/Non-Recyclable/platics_bags_wrappers/Addictedtopl_ArsElectronica.jpg,Addictedtopl_ArsElectronica.jpg,Non-Recyclable,.jpg,404166,KEEP,,1024,768,RGB
Non-Recyclable/Non-Recyclable/platics_bags_wrappers/AdobeStock_79900829.jpeg,AdobeStock_79900829.jpeg,Non-Recyclable,.jpeg,186445,KEEP,,1100,733,RGB
Non-Recyclable/Non-Recyclable/platics_bags_wrappers/Amita-Silvassa-Dec-2020_resize_87.jpg,Amita-Silvassa-Dec-2020_resize_87.jpg,Non-Recyclable,.jpg,68589,KEEP,,500,500,RGB
Non-Recyclable/Non-Recyclable/platics_bags_wrappers/BB-Impact_9f7a5d6c-15c4-4c3a-8d10-88ec0796daaa.jpg,BB-Impact_9f7a5d6c-15c4-4c3a-8d10-88ec0796daaa.jpg,Non-Recyclable,.jpg,266674,KEEP,,1600,1600,RGB
Non-Recyclable/Non-Recyclable/platics_bags_wrappers/CBS-Impact_f25a3ca6-4561-4e42-9a9a-4859b381639a.jpg,CBS-Impact_f25a3ca6-4561-4e42-9a9a-4859b381639a.jpg,Non-Recyclable,.jpg,167881,KEEP,,1600,1600,RGB
Non-Recyclable/Non-Recyclable/platics_bags_wrappers/Crisp-packets-800x450.jpg,Crisp-packets-800x450.jpg,Non-Recyclable,.jpg,112027,KEEP,,800,450,RGB
Non-Recyclable/Non-Recyclable/platics_bags_wrappers/Crisp-packets.jpg,Crisp-packets.jpg,Non-Recyclable,.jpg,741227,KEEP,,2646,1488,RGB
Non-Recyclable/Non-Recyclable/platics_bags_wrappers/DSC_2994.jpg,DSC_2994.jpg,Non-Recyclable,.jpg,6267820,KEEP,,5568,3712,RGB
Non-Recyclable/Non-Recyclable/platics_bags_wrappers/Films-home-bread-bags-etc.jpg,Films-home-bread-bags-etc.jpg,Non-Recyclable,.jpg,1650579,KEEP,,1398,1383,RGB
Non-Recyclable/Non-Recyclable/platics_bags_wrappers/IMG_1648.JPG.jpg,IMG_1648.JPG.jpg,Non-Recyclable,.jpg,381048,KEEP,,1600,1066,RGB
Non-Recyclable/Non-Recyclable/platics_bags_wrappers/LG_2021_Page_one.jpg,LG_2021_Page_one.jpg,Non-Recyclable,.jpg,181781,KEEP,,609,843,RGB
Non-Recyclable/Non-Recyclable/platics_bags_wrappers/Laundry_Bag_-_Impact_c7cb83ae-002a-4675-84c9-c14f4cfe1234.jpg,Laundry_Bag_-_Impact_c7cb83ae-002a-4675-84c9-c14f4cfe1234.jpg,Non-Recyclable,.jpg,199855,KEEP,,1600,1600,RGB
Non-Recyclable/Non-Recyclable/platics_bags_wrappers/LillianConnors_EasyWaystoRecyclePlasticBagsToday2.jpg,LillianConnors_EasyWaystoRecyclePlasticBagsToday2.jpg,Non-Recyclable,.jpg,69783,KEEP,,528,665,RGB
Non-Recyclable/Non-Recyclable/platics_bags_wrappers/Most-Plastic-Bags-H2R-checkerboard-SDO-4.png,Most-Plastic-Bags-H2R-checkerboard-SDO-4.png,Non-Recyclable,.png,187417,KEEP,,649,322,RGBA
Non-Recyclable/Non-Recyclable/platics_bags_wrappers/NOBAGS-HEADER.png,NOBAGS-HEADER.png,Non-Recyclable,.png,333308,KEEP,,940,572,RGBA
Non-Recyclable/Non-Recyclable/platics_bags_wrappers/Obaggo-Dave-andPucks-FTR.jpg,Obaggo-Dave-andPucks-FTR.jpg,Non-Recyclable,.jpg,848846,KEEP,,1540,800,RGB
Non-Recyclable/Non-Recyclable/platics_bags_wrappers/Pencil_Pouch_-_Impact_3a6f9193-10f0-47c6-8d24-3ae5d3ee0c2c.jpg,Pencil_Pouch_-_Impact_3a6f9193-10f0-47c6-8d24-3ae5d3ee0c2c.jpg,Non-Recyclable,.jpg,168876,KEEP,,1600,1600,RGB
Non-Recyclable/Non-Recyclable/platics_bags_wrappers/Plastic-Film-Recycling-Image-from-PMIP.jpg,Plastic-Film-Recycling-Image-from-PMIP.jpg,Non-Recyclable,.jpg,33897,KEEP,,650,453,RGB
Non-Recyclable/Non-Recyclable/platics_bags_wrappers/Plastic-Waste.jpg,Plastic-Waste.jpg,Non-Recyclable,.jpg,101118,KEEP,,512,341,RGB
Non-Recyclable/Non-Recyclable/platics_bags_wrappers/Plastic-carrier-bags.jpg,Plastic-carrier-bags.jpg,Non-Recyclable,.jpg,324902,KEEP,,620,413,RGB
Non-Recyclable/Non-Recyclable/platics_bags_wrappers/PlasticBags.png,PlasticBags.png,Non-Recyclable,.png,77432,KEEP,,355,220,RGBA
Non-Recyclable/Non-Recyclable/platics_bags_wrappers/Plastic_bags_and_wrapping_2.png,Plastic_bags_and_wrapping_2.png,Non-Recyclable,.png,491516,KEEP,,1250,458,RGB
Non-Recyclable/Non-Recyclable/platics_bags_wrappers/Plastic_bags_and_wrapping_22.png,Plastic_bags_and_wrapping_22.png,Non-Recyclable,.png,829731,KEEP,,1250,458,RGB
Non-Recyclable/Non-Recyclable/platics_bags_wrappers/Pranjali-Kumbhare-Kolkata--1230x767.jpg,Pranjali-Kumbhare-Kolkata--1230x767.jpg,Non-Recyclable,.jpg,400765,KEEP,,1230,767,RGB
Non-Recyclable/Non-Recyclable/platics_bags_wrappers/Rajiben_Colelction_1550_1080_copy_877a0b7e-5472-4ff3-a659-a60754e5abe3_1080x1080.jpg,Rajiben_Colelction_1550_1080_copy_877a0b7e-5472-4ff3-a659-a60754e5abe3_1080x1080.jpg,Non-Recyclable,.jpg,300801,KEEP,,1080,1080,RGB
Non-Recyclable/Non-Recyclable/platics_bags_wrappers/Ridwell-guy_photo_800.jpg,Ridwell-guy_photo_800.jpg,Non-Recyclable,.jpg,116172,KEEP,,800,450,RGB
Non-Recyclable/Non-Recyclable/platics_bags_wrappers/SDO.png,SDO.png,Non-Recyclable,.png,683414,KEEP,,1200,704,RGBA
Non-Recyclable/Non-Recyclable/platics_bags_wrappers/ShopperTote-Impact_9c760538-e324-4fd4-8e04-48c35caf5152.jpg,ShopperTote-Impact_9c760538-e324-4fd4-8e04-48c35caf5152.jpg,Non-Recyclable,.jpg,194831,KEEP,,1600,1600,RGB
Non-Recyclable/Non-Recyclable/platics_bags_wrappers/Somerset1.jpg,Somerset1.jpg,Non-Recyclable,.jpg,185645,KEEP,,1440,810,RGB
Non-Recyclable/Non-Recyclable/platics_bags_wrappers/Sweet-wrappers-empty-1024x576.jpg,Sweet-wrappers-empty-1024x576.jpg,Non-Recyclable,.jpg,117397,KEEP,,1024,576,RGB
Non-Recyclable/Non-Recyclable/platics_bags_wrappers/Tablet_Sleeve_-_Impact_a2c440a0-18f7-45e1-bfeb-23e7aa1b761c.jpg,Tablet_Sleeve_-_Impact_a2c440a0-18f7-45e1-bfeb-23e7aa1b761c.jpg,Non-Recyclable,.jpg,186472,KEEP,,1600,1600,RGB
Non-Recyclable/Non-Recyclable/platics_bags_wrappers/Trash_bin_in_Paris.jpg,Trash_bin_in_Paris.jpg,Non-Recyclable,.jpg,2473171,KEEP,,2832,3776,RGB
Non-Recyclable/Non-Recyclable/platics_bags_wrappers/Various-empty-1024x576.jpg,Various-empty-1024x576.jpg,Non-Recyclable,.jpg,151696,KEEP,,1024,576,RGB
Non-Recyclable/Non-Recyclable/platics_bags_wrappers/Why-Are-Plastic-Bags-Bad-for-The-Environment.jpg,Why-Are-Plastic-Bags-Bad-for-The-Environment.jpg,Non-Recyclable,.jpg,43821,KEEP,,700,467,RGB
Non-Recyclable/Non-Recyclable/platics_bags_wrappers/Wrist_It_-_Impact_b16a8f3d-be40-41e9-b2a4-667e1f79613c.jpg,Wrist_It_-_Impact_b16a8f3d-be40-41e9-b2a4-667e1f79613c.jpg,Non-Recyclable,.jpg,129137,KEEP,,1600,1600,RGB
Non-Recyclable/Non-Recyclable/platics_bags_wrappers/_117514715_softplasticsimage-002.jpg,_117514715_softplasticsimage-002.jpg,Non-Recyclable,.jpg,82454,KEEP,,976,549,RGB
Non-Recyclable/Non-Recyclable/platics_bags_wrappers/_117581598_gettyimages-957361834_anindianboysearchesforremainfoodinpolythenepacketsatroadside.jpg,_117581598_gettyimages-957361834_anindianboysearchesforremainfoodinpolythenepacketsatroadside.jpg,Non-Recyclable,.jpg,273690,KEEP,,976,549,RGB
Non-Recyclable/Non-Recyclable/platics_bags_wrappers/_23I7370.png,_23I7370.png,Non-Recyclable,.png,1698709,KEEP,,1200,600,RGB
Non-Recyclable/Non-Recyclable/platics_bags_wrappers/a-pile-of-plastic-bags-trash-and-garbage-left-by-travellers-and-holidaymakers-BNMCXE.jpg,a-pile-of-plastic-bags-trash-and-garbage-left-by-travellers-and-holidaymakers-BNMCXE.jpg,Non-Recyclable,.jpg,233094,KEEP,,1300,953,RGB
Non-Recyclable/Non-Recyclable/platics_bags_wrappers/arkets-for-kitchen-waste-household-plastic-waste-single-use-plastics-2E25P06.jpg,arkets-for-kitchen-waste-household-plastic-waste-single-use-plastics-2E25P06.jpg,Non-Recyclable,.jpg,181358,KEEP,,1300,956,RGB
Non-Recyclable/Non-Recyclable/platics_bags_wrappers/arkets-for-kitchen-waste-household-plastic-waste-single-use-plastics-2E25P1B.jpg,arkets-for-kitchen-waste-household-plastic-waste-single-use-plastics-2E25P1B.jpg,Non-Recyclable,.jpg,217903,KEEP,,1300,956,RGB
Non-Recyclable/Non-Recyclable/platics_bags_wrappers/arkets-for-kitchen-waste-household-plastic-waste-single-use-plastics-2E25P1R.jpg,arkets-for-kitchen-waste-household-plastic-waste-single-use-plastics-2E25P1R.jpg,Non-Recyclable,.jpg,196979,KEEP,,866,1390,RGB
Non-Recyclable/Non-Recyclable/platics_bags_wrappers/arkets-for-kitchen-waste-household-plastic-waste-single-use-plastics-2E25P3N.jpg,arkets-for-kitchen-waste-household-plastic-waste-single-use-plastics-2E25P3N.jpg,Non-Recyclable,.jpg,213418,KEEP,,1300,956,RGB
Non-Recyclable/Non-Recyclable/platics_bags_wrappers/bags-and-film-you-can-recycle-in-exeter.jpg,bags-and-film-you-can-recycle-in-exeter.jpg,Non-Recyclable,.jpg,186532,KEEP,,1460,766,RGB
Non-Recyclable/Non-Recyclable/platics_bags_wrappers/cd665f1197fabc2e6c6a4d42461b57d8.jpg,cd665f1197fabc2e6c6a4d42461b57d8.jpg,Non-Recyclable,.jpg,29843,KEEP,,430,325,RGB
Non-Recyclable/Non-Recyclable/platics_bags_wrappers/cenn3ctnls1xawwoaenx.png,cenn3ctnls1xawwoaenx.png,Non-Recyclable,.png,1018667,KEEP,,1316,719,RGBA
Non-Recyclable/Non-Recyclable/platics_bags_wrappers/d5c6c4e209b7b27a34b8d6deaf125c19.jpg,d5c6c4e209b7b27a34b8d6deaf125c19.jpg,Non-Recyclable,.jpg,120665,KEEP,,736,736,RGB
Non-Recyclable/Non-Recyclable/platics_bags_wrappers/earth-globe-plastic-bag-pollution-ecology-environment-planet-global-warming_772720-4773.jpg,earth-globe-plastic-bag-pollution-ecology-environment-planet-global-warming_772720-4773.jpg,Non-Recyclable,.jpg,45302,KEEP,,494,626,RGB
Non-Recyclable/Non-Recyclable/platics_bags_wrappers/eco-friendly-alternatives-110.jpg,eco-friendly-alternatives-110.jpg,Non-Recyclable,.jpg,183046,KEEP,,1360,2040,RGB
Non-Recyclable/Non-Recyclable/platics_bags_wrappers/facebook-gmb-posts-8.png,facebook-gmb-posts-8.png,Non-Recyclable,.png,265693,KEEP,,470,394,RGBA
Non-Recyclable/Non-Recyclable/platics_bags_wrappers/fe12a09c3997999f704e9f6c38890b90.jpg,fe12a09c3997999f704e9f6c38890b90.jpg,Non-Recyclable,.jpg,1026114,KEEP,,2464,3220,RGB
Non-Recyclable/Non-Recyclable/platics_bags_wrappers/film-group-image.jpg,film-group-image.jpg,Non-Recyclable,.jpg,31174,KEEP,,914,562,RGB
Non-Recyclable/Non-Recyclable/platics_bags_wrappers/fruits-in-plastic-bags.jpg,fruits-in-plastic-bags.jpg,Non-Recyclable,.jpg,54836,KEEP,,728,489,RGB
Non-Recyclable/Non-Recyclable/platics_bags_wrappers/garbage-1260833_1280.jpg,garbage-1260833_1280.jpg,Non-Recyclable,.jpg,512518,KEEP,,1280,960,RGB
Non-Recyclable/Non-Recyclable/platics_bags_wrappers/gettyimages-163310627.jpg,gettyimages-163310627.jpg,Non-Recyclable,.jpg,857612,KEEP,,1883,1883,RGB
Non-Recyclable/Non-Recyclable/platics_bags_wrappers/grocery-plastics-9_slide-709f9469bb300475d6ea6c2038892268a68a2bf0.jpg,grocery-plastics-9_slide-709f9469bb300475d6ea6c2038892268a68a2bf0.jpg,Non-Recyclable,.jpg,2067808,KEEP,,1998,1332,RGB
Non-Recyclable/Non-Recyclable/platics_bags_wrappers/hqdefault.jpg,hqdefault.jpg,Non-Recyclable,.jpg,38643,KEEP,,480,360,RGB
Non-Recyclable/Non-Recyclable/platics_bags_wrappers/image29.jpg,image29.jpg,Non-Recyclable,.jpg,219885,KEEP,,800,450,RGB
Non-Recyclable/Non-Recyclable/platics_bags_wrappers/img_20190310_161026544.jpg,img_20190310_161026544.jpg,Non-Recyclable,.jpg,64180,KEEP,,800,600,RGB
Non-Recyclable/Non-Recyclable/platics_bags_wrappers/india-plastic-23_custom-13998d9ff8fe44ed9ab4040afd7381cf716bdaab-s1100-c50.jpg,india-plastic-23_custom-13998d9ff8fe44ed9ab4040afd7381cf716bdaab-s1100-c50.jpg,Non-Recyclable,.jpg,94118,KEEP,,1100,734,RGB
Non-Recyclable/Non-Recyclable/platics_bags_wrappers/infographic-v2.png,infographic-v2.png,Non-Recyclable,.png,353572,KEEP,,2000,2000,RGB
Non-Recyclable/Non-Recyclable/platics_bags_wrappers/lastic-bags-flat-vector-illustration-isolated-on-white-background-1817468831.jpg,lastic-bags-flat-vector-illustration-isolated-on-white-background-1817468831.jpg,Non-Recyclable,.jpg,536647,KEEP,,1500,1254,RGB
Non-Recyclable/Non-Recyclable/platics_bags_wrappers/lawn-in-a-park-concept-of-cleaning-up-and-respecting-the-environment-2J44BER.jpg,lawn-in-a-park-concept-of-cleaning-up-and-respecting-the-environment-2J44BER.jpg,Non-Recyclable,.jpg,168572,KEEP,,1300,956,RGB
Non-Recyclable/Non-Recyclable/platics_bags_wrappers/lawn-in-a-park-concept-of-cleaning-up-and-respecting-the-environment-2J44BFF.jpg,lawn-in-a-park-concept-of-cleaning-up-and-respecting-the-environment-2J44BFF.jpg,Non-Recyclable,.jpg,130542,KEEP,,1300,956,RGB
Non-Recyclable/Non-Recyclable/platics_bags_wrappers/lawn-in-a-park-concept-of-cleaning-up-and-respecting-the-environment-2J44BG3.jpg,lawn-in-a-park-concept-of-cleaning-up-and-respecting-the-environment-2J44BG3.jpg,Non-Recyclable,.jpg,258878,KEEP,,1300,956,RGB
Non-Recyclable/Non-Recyclable/platics_bags_wrappers/lebanon-waste-trash-beach-1.jpg__1600x900_q85_crop_subsampling-2.jpg,lebanon-waste-trash-beach-1.jpg__1600x900_q85_crop_subsampling-2.jpg,Non-Recyclable,.jpg,394882,KEEP,,1600,900,RGB
Non-Recyclable/Non-Recyclable/platics_bags_wrappers/maxresdefault.jpg,maxresdefault.jpg,Non-Recyclable,.jpg,119507,KEEP,,1280,720,RGB
Non-Recyclable/Non-Recyclable/platics_bags_wrappers/maxresdefault2.jpg,maxresdefault2.jpg,Non-Recyclable,.jpg,101490,KEEP,,1280,720,RGB
Non-Recyclable/Non-Recyclable/platics_bags_wrappers/maxresdefault3.jpg,maxresdefault3.jpg,Non-Recyclable,.jpg,111122,KEEP,,1280,720,RGB
Non-Recyclable/Non-Recyclable/platics_bags_wrappers/ndle-disposable-plastic-bag-package-illustration-isolated-on-white-488464864.jpg,ndle-disposable-plastic-bag-package-illustration-isolated-on-white-488464864.jpg,Non-Recyclable,.jpg,193214,KEEP,,1500,1600,RGB
Non-Recyclable/Non-Recyclable/platics_bags_wrappers/non-recyclable-plastic-food-bags-food-wrappers-that-cant-be-recycled-EWE9J4.jpg,non-recyclable-plastic-food-bags-food-wrappers-that-cant-be-recycled-EWE9J4.jpg,Non-Recyclable,.jpg,270536,KEEP,,1300,912,RGB
Non-Recyclable/Non-Recyclable/platics_bags_wrappers/plastic-bag-recycling.jpg,plastic-bag-recycling.jpg,Non-Recyclable,.jpg,90291,KEEP,,980,654,RGB
Non-Recyclable/Non-Recyclable/platics_bags_wrappers/plastic-bag-seller.jpg,plastic-bag-seller.jpg,Non-Recyclable,.jpg,1245359,KEEP,,1600,1065,RGB
Non-Recyclable/Non-Recyclable/platics_bags_wrappers/plastic-bags-scaled.jpg,plastic-bags-scaled.jpg,Non-Recyclable,.jpg,701690,KEEP,,2560,1706,RGB
Non-Recyclable/Non-Recyclable/platics_bags_wrappers/plastic-bags-wraps-different-colors-blue-background-no-concept-high-quality-photo-245039624.jpg,plastic-bags-wraps-different-colors-blue-background-no-concept-high-quality-photo-245039624.jpg,Non-Recyclable,.jpg,55229,KEEP,,800,534,RGB
Non-Recyclable/Non-Recyclable/platics_bags_wrappers/plastic-bags.jpg,plastic-bags.jpg,Non-Recyclable,.jpg,45235,KEEP,,600,400,RGB
Non-Recyclable/Non-Recyclable/platics_bags_wrappers/plastic-film-recycling-1200.png,plastic-film-recycling-1200.png,Non-Recyclable,.png,502815,KEEP,,1200,500,RGB
Non-Recyclable/Non-Recyclable/platics_bags_wrappers/plastic-pollution-crisis-environmental-damage-at-uk-nature-reserve-2HE3RHJ.jpg,plastic-pollution-crisis-environmental-damage-at-uk-nature-reserve-2HE3RHJ.jpg,Non-Recyclable,.jpg,233908,KEEP,,1300,956,RGB
Non-Recyclable/Non-Recyclable/platics_bags_wrappers/plastic-wrappers-and-other-garbage-discarded-down-bank-JXJC8A.jpg,plastic-wrappers-and-other-garbage-discarded-down-bank-JXJC8A.jpg,Non-Recyclable,.jpg,371056,KEEP,,1300,956,RGB
Non-Recyclable/Non-Recyclable/platics_bags_wrappers/plastic_bag_contamination_.gif,plastic_bag_contamination_.gif,Non-Recyclable,.gif,910335,KEEP,,1500,994,P
Non-Recyclable/Non-Recyclable/platics_bags_wrappers/plastic_bags_are_killing_us.jpg,plastic_bags_are_killing_us.jpg,Non-Recyclable,.jpg,151911,KEEP,,1200,800,RGB
Non-Recyclable/Non-Recyclable/platics_bags_wrappers/plastic_wrap_gfx_2.png,plastic_wrap_gfx_2.png,Non-Recyclable,.png,304630,KEEP,,936,936,RGB
Non-Recyclable/Non-Recyclable/platics_bags_wrappers/plasticbags.jpg,plasticbags.jpg,Non-Recyclable,.jpg,221052,KEEP,,571,288,RGB
Non-Recyclable/Non-Recyclable/platics_bags_wrappers/plasticdomestic.png,plasticdomestic.png,Non-Recyclable,.png,1224870,KEEP,,1000,600,RGB
Non-Recyclable/Non-Recyclable/platics_bags_wrappers/plasticwrapped.jpg,plasticwrapped.jpg,Non-Recyclable,.jpg,336527,KEEP,,1500,844,RGB
Non-Recyclable/Non-Recyclable/platics_bags_wrappers/polythene-bags-1558085838-4911553.jpeg,polythene-bags-1558085838-4911553.jpeg,Non-Recyclable,.jpeg,37290,KEEP,,500,500,RGB
Non-Recyclable/Non-Recyclable/platics_bags_wrappers/rappers-green-lawn-park-cleaning-up-respecting-environment-concept-245258516.jpg,rappers-green-lawn-park-cleaning-up-respecting-environment-concept-245258516.jpg,Non-Recyclable,.jpg,306670,KEEP,,1600,1157,RGB
Non-Recyclable/Non-Recyclable/platics_bags_wrappers/rappers-green-lawn-park-concept-cleaning-up-respecting-environment-245277060.jpg,rappers-green-lawn-park-concept-cleaning-up-respecting-environment-245277060.jpg,Non-Recyclable,.jpg,97800,KEEP,,800,450,RGB
Non-Recyclable/Non-Recyclable/platics_bags_wrappers/rechakra-cropped-1618918786.jpg,rechakra-cropped-1618918786.jpg,Non-Recyclable,.jpg,205165,KEEP,,1080,675,RGB
Non-Recyclable/Non-Recyclable/platics_bags_wrappers/recycled-plastic-bags-1558087110-4911635.jpeg,recycled-plastic-bags-1558087110-4911635.jpeg,Non-Recyclable,.jpeg,41402,KEEP,,500,500,RGB
Non-Recyclable/Non-Recyclable/platics_bags_wrappers/reusablekitchen-2x1-4259.jpg,reusablekitchen-2x1-4259.jpg,Non-Recyclable,.jpg,71430,KEEP,,1024,512,RGB
Non-Recyclable/Non-Recyclable/platics_bags_wrappers/singleuseplastic_660_091519033806.jpg,singleuseplastic_660_091519033806.jpg,Non-Recyclable,.jpg,77692,KEEP,,660,450,RGB
Non-Recyclable/Non-Recyclable/platics_bags_wrappers/sinle_use_plastic_660_100219020533.jpg,sinle_use_plastic_660_100219020533.jpg,Non-Recyclable,.jpg,41612,KEEP,,660,450,RGB
Non-Recyclable/Non-Recyclable/platics_bags_wrappers/social.jpg,social.jpg,Non-Recyclable,.jpg,568926,KEEP,,2000,1333,RGB
Non-Recyclable/Non-Recyclable/platics_bags_wrappers/stic-bags-and-wrappers-by-household-in-fresno-ca-usa-for-november-1592647813.jpg,stic-bags-and-wrappers-by-household-in-fresno-ca-usa-for-november-1592647813.jpg,Non-Recyclable,.jpg,1983221,KEEP,,1500,1087,RGB
Non-Recyclable/Non-Recyclable/platics_bags_wrappers/stic-garbage-bag-collection-streets-city-seasonal-cleaning-service-217606056.jpg,stic-garbage-bag-collection-streets-city-seasonal-cleaning-service-217606056.jpg,Non-Recyclable,.jpg,184602,KEEP,,1600,1157,RGB
Non-Recyclable/Non-Recyclable/platics_bags_wrappers/upcycling-amita-deshpande.jpg,upcycling-amita-deshpande.jpg,Non-Recyclable,.jpg,53938,KEEP,,660,333,RGB
Non-Recyclable/Non-Recyclable/platics_bags_wrappers/wasteplastic750px.jpg,wasteplastic750px.jpg,Non-Recyclable,.jpg,238554,KEEP,,750,500,RGB
Non-Recyclable/Non-Recyclable/platics_bags_wrappers/wrapping-luggage-in-plastic-Cover.jpeg,wrapping-luggage-in-plastic-Cover.jpeg,Non-Recyclable,.jpeg,39594,KEEP,,924,700,RGB
Non-Recyclable/Non-Recyclable/sanitary_napkin/-emoji-feminine-hygiene-products-including-zero-waste-wome-women-s-221421344.jpg,-emoji-feminine-hygiene-products-including-zero-waste-wome-women-s-221421344.jpg,Non-Recyclable,.jpg,86532,KEEP,,1600,1690,RGB
Non-Recyclable/Non-Recyclable/sanitary_napkin/-various-feminine-hygiene-products-zero-waste-objects-panties-pads_602734-60.jpg,-various-feminine-hygiene-products-zero-waste-objects-panties-pads_602734-60.jpg,Non-Recyclable,.jpg,70578,KEEP,,626,626,RGB
Non-Recyclable/Non-Recyclable/sanitary_napkin/-waste-ecological-products-menstrual-cup-pads-tampons-menstruation-224096335.jpg,-waste-ecological-products-menstrual-cup-pads-tampons-menstruation-224096335.jpg,Non-Recyclable,.jpg,149336,KEEP,,1600,1174,RGB
Non-Recyclable/Non-Recyclable/sanitary_napkin/0.57118300_1559106463_sanitary_waste_gettyimages-.jpg,0.57118300_1559106463_sanitary_waste_gettyimages-.jpg,Non-Recyclable,.jpg,55467,KEEP,,1024,438,RGB
Non-Recyclable/Non-Recyclable/sanitary_napkin/006965731_1-a906255231db326e1934217ae548db6a.png,006965731_1-a906255231db326e1934217ae548db6a.png,Non-Recyclable,.png,197426,KEEP,,725,1024,P
Non-Recyclable/Non-Recyclable/sanitary_napkin/007481869_1-f6ad30c61ad557672837a415717eec59.png,007481869_1-f6ad30c61ad557672837a415717eec59.png,Non-Recyclable,.png,113509,KEEP,,725,1024,P
Non-Recyclable/Non-Recyclable/sanitary_napkin/007493272_2-ecb03bdf21bfddb1d6366f947f29352d.png,007493272_2-ecb03bdf21bfddb1d6366f947f29352d.png,Non-Recyclable,.png,108614,KEEP,,791,1024,P
Non-Recyclable/Non-Recyclable/sanitary_napkin/096_main.jpg,096_main.jpg,Non-Recyclable,.jpg,34327,KEEP,,740,400,RGB
Non-Recyclable/Non-Recyclable/sanitary_napkin/1-s2.0-S0160412020303494-ga1.jpg,1-s2.0-S0160412020303494-ga1.jpg,Non-Recyclable,.jpg,36595,KEEP,,338,200,RGB
Non-Recyclable/Non-Recyclable/sanitary_napkin/1-s2.0-S2405844022011471-ga1.jpg,1-s2.0-S2405844022011471-ga1.jpg,Non-Recyclable,.jpg,45924,KEEP,,366,200,RGB
Non-Recyclable/Non-Recyclable/sanitary_napkin/1-selection-of-feminine-care-products-such-as-monthly-period-tampons-2E0RKGP.jpg,1-selection-of-feminine-care-products-such-as-monthly-period-tampons-2E0RKGP.jpg,Non-Recyclable,.jpg,335648,KEEP,,1300,1390,RGB
Non-Recyclable/Non-Recyclable/sanitary_napkin/1200px-Gestion_menstrual_tampon_toallitas_menstruaciC3B3n_periodicas_06.jpg,1200px-Gestion_menstrual_tampon_toallitas_menstruaciC3B3n_periodicas_06.jpg,Non-Recyclable,.jpg,156308,KEEP,,1200,800,RGB
Non-Recyclable/Non-Recyclable/sanitary_napkin/1200px-Monthly_Cup_Size_1262.jpg,1200px-Monthly_Cup_Size_1262.jpg,Non-Recyclable,.jpg,213536,KEEP,,1200,800,RGB
Non-Recyclable/Non-Recyclable/sanitary_napkin/1200px-thumbnail.jpg,1200px-thumbnail.jpg,Non-Recyclable,.jpg,356771,KEEP,,1200,441,RGB
Non-Recyclable/Non-Recyclable/sanitary_napkin/15-Best-Feminine-Hygiene-Products.jpg,15-Best-Feminine-Hygiene-Products.jpg,Non-Recyclable,.jpg,332356,KEEP,,720,810,RGB
Non-Recyclable/Non-Recyclable/sanitary_napkin/1730964.fig.002.jpg,1730964.fig.002.jpg,Non-Recyclable,.jpg,117936,KEEP,,660,483,CMYK
Non-Recyclable/Non-Recyclable/sanitary_napkin/3-Figure1-1.png,3-Figure1-1.png,Non-Recyclable,.png,811234,KEEP,,1276,908,RGB
Non-Recyclable/Non-Recyclable/sanitary_napkin/340003-MenstrualHygieneDay_1_1080x1080.jpg,340003-MenstrualHygieneDay_1_1080x1080.jpg,Non-Recyclable,.jpg,132485,KEEP,,1080,1080,RGB
Non-Recyclable/Non-Recyclable/sanitary_napkin/35-Essential-Personal-Hygiene-Products-You-Need-to-Stock.jpeg,35-Essential-Personal-Hygiene-Products-You-Need-to-Stock.jpeg,Non-Recyclable,.jpeg,101602,KEEP,,700,525,RGB
Non-Recyclable/Non-Recyclable/sanitary_napkin/357_main.jpg,357_main.jpg,Non-Recyclable,.jpg,113569,KEEP,,740,400,RGB
Non-Recyclable/Non-Recyclable/sanitary_napkin/360_F_465014210_QB7BenWr9n27w5Tm630XKGzJknSostm8.jpg,360_F_465014210_QB7BenWr9n27w5Tm630XKGzJknSostm8.jpg,Non-Recyclable,.jpg,31433,KEEP,,540,360,RGB
Non-Recyclable/Non-Recyclable/sanitary_napkin/3668-Feminine20hygiene20products.jpg,3668-Feminine20hygiene20products.jpg,Non-Recyclable,.jpg,171260,KEEP,,1200,630,RGB
Non-Recyclable/Non-Recyclable/sanitary_napkin/3669-Feminine20hygiene20products2028329.jpg,3669-Feminine20hygiene20products2028329.jpg,Non-Recyclable,.jpg,48243,KEEP,,1000,687,RGB
Non-Recyclable/Non-Recyclable/sanitary_napkin/5-Ways-To-Use-A-Hygiene-Kit_2.png,5-Ways-To-Use-A-Hygiene-Kit_2.png,Non-Recyclable,.png,141980,KEEP,,320,800,RGB
Non-Recyclable/Non-Recyclable/sanitary_napkin/61oFpMb2mJS._AC_UF8941000_QL80_.jpg,61oFpMb2mJS._AC_UF8941000_QL80_.jpg,Non-Recyclable,.jpg,67043,KEEP,,894,894,RGB
Non-Recyclable/Non-Recyclable/sanitary_napkin/6Risks_MenstrualHygiene.jpg,6Risks_MenstrualHygiene.jpg,Non-Recyclable,.jpg,491185,KEEP,,1920,1351,RGB
Non-Recyclable/Non-Recyclable/sanitary_napkin/71Dw-iUHm4L._AC_UF10001000_QL80_.jpg,71Dw-iUHm4L._AC_UF10001000_QL80_.jpg,Non-Recyclable,.jpg,82110,KEEP,,445,1000,RGB
Non-Recyclable/Non-Recyclable/sanitary_napkin/71Mvg0Tx55L._AC_UF10001000_QL80_.jpg,71Mvg0Tx55L._AC_UF10001000_QL80_.jpg,Non-Recyclable,.jpg,82691,KEEP,,551,1000,RGB
Non-Recyclable/Non-Recyclable/sanitary_napkin/800px-Feminine_Hygiene_Products_in_a_Walmart.png,800px-Feminine_Hygiene_Products_in_a_Walmart.png,Non-Recyclable,.png,894493,KEEP,,800,553,RGBA
Non-Recyclable/Non-Recyclable/sanitary_napkin/8d032ff8-b08d-48cf-b3e2-8dc62c08c30a.jpg,8d032ff8-b08d-48cf-b3e2-8dc62c08c30a.jpg,Non-Recyclable,.jpg,180180,KEEP,,1024,683,RGB
Non-Recyclable/Non-Recyclable/sanitary_napkin/9641z.jpg,9641z.jpg,Non-Recyclable,.jpg,158593,KEEP,,1600,1600,RGB
Non-Recyclable/Non-Recyclable/sanitary_napkin/AHB2013q072679_cropped.jpg,AHB2013q072679_cropped.jpg,Non-Recyclable,.jpg,609835,KEEP,,1964,1480,RGB
Non-Recyclable/Non-Recyclable/sanitary_napkin/AdobeStock_121922416-e1568427026836.jpeg,AdobeStock_121922416-e1568427026836.jpeg,Non-Recyclable,.jpeg,133155,KEEP,,700,366,RGB
Non-Recyclable/Non-Recyclable/sanitary_napkin/BPAC-Blog-post-8-01.jpg,BPAC-Blog-post-8-01.jpg,Non-Recyclable,.jpg,2350547,KEEP,,3750,2083,RGB
Non-Recyclable/Non-Recyclable/sanitary_napkin/Bamboo-Collection-Banner-min_2048x2048.jpg,Bamboo-Collection-Banner-min_2048x2048.jpg,Non-Recyclable,.jpg,93586,KEEP,,1350,750,RGB
Non-Recyclable/Non-Recyclable/sanitary_napkin/Ban-XL-12-1-min_1200x.jpg,Ban-XL-12-1-min_1200x.jpg,Non-Recyclable,.jpg,100668,KEEP,,1200,800,RGB
Non-Recyclable/Non-Recyclable/sanitary_napkin/DT_Banner.png,DT_Banner.png,Non-Recyclable,.png,466539,KEEP,,740,450,RGBA
Non-Recyclable/Non-Recyclable/sanitary_napkin/Different-types-of-waste.jpg,Different-types-of-waste.jpg,Non-Recyclable,.jpg,44754,KEEP,,933,301,RGB
Non-Recyclable/Non-Recyclable/sanitary_napkin/Disposing-of-Your-Hygiene-Products-Safely.jpg,Disposing-of-Your-Hygiene-Products-Safely.jpg,Non-Recyclable,.jpg,88345,KEEP,,1600,900,RGB
Non-Recyclable/Non-Recyclable/sanitary_napkin/EP_Mar_2023_CoverStory_Feature_750.jpg,EP_Mar_2023_CoverStory_Feature_750.jpg,Non-Recyclable,.jpg,40560,KEEP,,750,400,RGB
Non-Recyclable/Non-Recyclable/sanitary_napkin/Eco-friendly-pads.jpg,Eco-friendly-pads.jpg,Non-Recyclable,.jpg,95985,KEEP,,1920,1080,RGB
Non-Recyclable/Non-Recyclable/sanitary_napkin/Feminine-Hygiene-Market-Consumer-Choice.jpeg,Feminine-Hygiene-Market-Consumer-Choice.jpeg,Non-Recyclable,.jpeg,164200,KEEP,,1500,1000,RGB
Non-Recyclable/Non-Recyclable/sanitary_napkin/GettyImages-1168730611_732x549-thumbnail.jpg,GettyImages-1168730611_732x549-thumbnail.jpg,Non-Recyclable,.jpg,35690,KEEP,,732,549,RGB
Non-Recyclable/Non-Recyclable/sanitary_napkin/GettyImages-menstruation-taboo_1200-1.jpg,GettyImages-menstruation-taboo_1200-1.jpg,Non-Recyclable,.jpg,32286,KEEP,,1200,667,RGB
Non-Recyclable/Non-Recyclable/sanitary_napkin/Lining_of_Uterine_Wall.jpg,Lining_of_Uterine_Wall.jpg,Non-Recyclable,.jpg,98745,KEEP,,383,269,RGB
Non-Recyclable/Non-Recyclable/sanitary_napkin/List-of-bathroom-accessories-you-must-have-in-your-home-f.jpg,List-of-bathroom-accessories-you-must-have-in-your-home-f.jpg,Non-Recyclable,.jpg,94680,KEEP,,1200,700,RGB
Non-Recyclable/Non-Recyclable/sanitary_napkin/Mask_Group_1295.png,Mask_Group_1295.png,Non-Recyclable,.png,36005,KEEP,,355,215,RGBA
Non-Recyclable/Non-Recyclable/sanitary_napkin/Medical-Waste-full-width-1600x900.jpg,Medical-Waste-full-width-1600x900.jpg,Non-Recyclable,.jpg,144332,KEEP,,1600,900,RGB
Non-Recyclable/Non-Recyclable/sanitary_napkin/Menstrual-irregularities-1.png,Menstrual-irregularities-1.png,Non-Recyclable,.png,398024,KEEP,,794,1123,RGBA
Non-Recyclable/Non-Recyclable/sanitary_napkin/Natural-Cleaning-Solutions-Range-2000x2000.jpg,Natural-Cleaning-Solutions-Range-2000x2000.jpg,Non-Recyclable,.jpg,331870,KEEP,,2000,2000,RGB
Non-Recyclable/Non-Recyclable/sanitary_napkin/Sanitary-products_cmp-scaled.jpg,Sanitary-products_cmp-scaled.jpg,Non-Recyclable,.jpg,127504,KEEP,,2048,1366,RGB
Non-Recyclable/Non-Recyclable/sanitary_napkin/Types-Of-Bathroom-Accessories-01-0313090001.jpg,Types-Of-Bathroom-Accessories-01-0313090001.jpg,Non-Recyclable,.jpg,463353,KEEP,,1000,800,RGB
Non-Recyclable/Non-Recyclable/sanitary_napkin/Types-of-sanitary-products-used-by-women-during-menstruation-are-a-reusable-cloth-pads.jpg,Types-of-sanitary-products-used-by-women-during-menstruation-are-a-reusable-cloth-pads.jpg,Non-Recyclable,.jpg,68624,KEEP,,660,420,CMYK
Non-Recyclable/Non-Recyclable/sanitary_napkin/Waste.jpg,Waste.jpg,Non-Recyclable,.jpg,36691,KEEP,,800,600,RGB
Non-Recyclable/Non-Recyclable/sanitary_napkin/always-feminine-hygiene-products-on-a-store-shelf-2AB64XC.jpg,always-feminine-hygiene-products-on-a-store-shelf-2AB64XC.jpg,Non-Recyclable,.jpg,180488,KEEP,,1300,1065,RGB
Non-Recyclable/Non-Recyclable/sanitary_napkin/b056a8a06dfc18447b8af6b8f5d805fb.jpg,b056a8a06dfc18447b8af6b8f5d805fb.jpg,Non-Recyclable,.jpg,37163,KEEP,,384,640,RGB
Non-Recyclable/Non-Recyclable/sanitary_napkin/blog.png,blog.png,Non-Recyclable,.png,92790,KEEP,,728,498,P
Non-Recyclable/Non-Recyclable/sanitary_napkin/c0259187-800px-wm.jpg,c0259187-800px-wm.jpg,Non-Recyclable,.jpg,88936,KEEP,,800,535,RGB
Non-Recyclable/Non-Recyclable/sanitary_napkin/different-angle-view-d-render-blank-soft-cleaner-tissue-cellulose-2250374381.jpg,different-angle-view-d-render-blank-soft-cleaner-tissue-cellulose-2250374381.jpg,Non-Recyclable,.jpg,121273,KEEP,,1500,850,RGB
Non-Recyclable/Non-Recyclable/sanitary_napkin/ds-tampons-pills-on-pink-background-womens-health-concept-copy-space-2JCJ7FF.jpg,ds-tampons-pills-on-pink-background-womens-health-concept-copy-space-2JCJ7FF.jpg,Non-Recyclable,.jpg,67649,KEEP,,1300,956,RGB
Non-Recyclable/Non-Recyclable/sanitary_napkin/female-hygiene-and-daily-health-care-products-vector-28402112.jpg,female-hygiene-and-daily-health-care-products-vector-28402112.jpg,Non-Recyclable,.jpg,155535,KEEP,,1000,1080,RGB
Non-Recyclable/Non-Recyclable/sanitary_napkin/feminine-hygiene-items-vector-32004349.jpg,feminine-hygiene-items-vector-32004349.jpg,Non-Recyclable,.jpg,119463,KEEP,,1000,898,RGB
Non-Recyclable/Non-Recyclable/sanitary_napkin/feminine-hygiene-products-concept_23-2148642495.jpg,feminine-hygiene-products-concept_23-2148642495.jpg,Non-Recyclable,.jpg,69251,KEEP,,626,626,RGB
Non-Recyclable/Non-Recyclable/sanitary_napkin/feminine-hygiene-products-concept_23-2148660550.jpg,feminine-hygiene-products-concept_23-2148660550.jpg,Non-Recyclable,.jpg,38999,KEEP,,626,626,RGB
Non-Recyclable/Non-Recyclable/sanitary_napkin/feminine-hygiene-products-in-a-shop-2BJWRFF.jpg,feminine-hygiene-products-in-a-shop-2BJWRFF.jpg,Non-Recyclable,.jpg,238155,KEEP,,1300,956,RGB
Non-Recyclable/Non-Recyclable/sanitary_napkin/feminine-hygiene-products.jpg,feminine-hygiene-products.jpg,Non-Recyclable,.jpg,175117,KEEP,,630,380,RGB
Non-Recyclable/Non-Recyclable/sanitary_napkin/flat-lay-spa-composition-with-personal-hygiene-items-bath-accessories-string-bag_169016-11414.jpg,flat-lay-spa-composition-with-personal-hygiene-items-bath-accessories-string-bag_169016-11414.jpg,Non-Recyclable,.jpg,39037,KEEP,,626,386,RGB
Non-Recyclable/Non-Recyclable/sanitary_napkin/frph-04-920461-t001.jpg,frph-04-920461-t001.jpg,Non-Recyclable,.jpg,274679,KEEP,,1089,574,RGB
Non-Recyclable/Non-Recyclable/sanitary_napkin/gh-060520-ghi-best-feminine-wipes-1591385649.png,gh-060520-ghi-best-feminine-wipes-1591385649.png,Non-Recyclable,.png,471410,KEEP,,2000,1300,RGBA
Non-Recyclable/Non-Recyclable/sanitary_napkin/girl-preparing-to-spring-clean-royalty-free-image-1643238913.jpg,girl-preparing-to-spring-clean-royalty-free-image-1643238913.jpg,Non-Recyclable,.jpg,231368,KEEP,,1947,1540,RGB
Non-Recyclable/Non-Recyclable/sanitary_napkin/homegrown2Fimport2Fimg2Fbook2Fqqipdhbhkz-1492594351.PNG.jpg,homegrown2Fimport2Fimg2Fbook2Fqqipdhbhkz-1492594351.PNG.jpg,Non-Recyclable,.jpg,40978,KEEP,,800,438,RGB
Non-Recyclable/Non-Recyclable/sanitary_napkin/hospitalwaste2013-151112203752-lva1-app6892-thumbnail.jpg,hospitalwaste2013-151112203752-lva1-app6892-thumbnail.jpg,Non-Recyclable,.jpg,36907,KEEP,,640,480,RGB
Non-Recyclable/Non-Recyclable/sanitary_napkin/how_is_Biomedical_Waste_Disposed_Corpseed.png,how_is_Biomedical_Waste_Disposed_Corpseed.png,Non-Recyclable,.png,197547,KEEP,,1200,630,RGBA
Non-Recyclable/Non-Recyclable/sanitary_napkin/https3A2F2Fcdn.cnn.com2Fcnnnext2Fdam2Fassets2F180914085541-01-as-equals-uk-period-poverty.jpg,https3A2F2Fcdn.cnn.com2Fcnnnext2Fdam2Fassets2F180914085541-01-as-equals-uk-period-poverty.jpg,Non-Recyclable,.jpg,74950,KEEP,,1200,675,RGB
Non-Recyclable/Non-Recyclable/sanitary_napkin/hygiene-products-soft-and-fresh-sanitary-items-vector-32560436.jpg,hygiene-products-soft-and-fresh-sanitary-items-vector-32560436.jpg,Non-Recyclable,.jpg,128348,KEEP,,1000,780,RGB
Non-Recyclable/Non-Recyclable/sanitary_napkin/ijerph-15-02562-g001-550.jpg,ijerph-15-02562-g001-550.jpg,Non-Recyclable,.jpg,71957,KEEP,,550,323,L
Non-Recyclable/Non-Recyclable/sanitary_napkin/infectious-waste-disposal.jpg,infectious-waste-disposal.jpg,Non-Recyclable,.jpg,30272,KEEP,,685,295,RGB
Non-Recyclable/Non-Recyclable/sanitary_napkin/intimate-feminine-hygiene-pads-tampons-feminine-hygiene-items-212893871.jpg,intimate-feminine-hygiene-pads-tampons-feminine-hygiene-items-212893871.jpg,Non-Recyclable,.jpg,69013,KEEP,,600,900,RGB
Non-Recyclable/Non-Recyclable/sanitary_napkin/main_initial-washroom-supplies-banner.jpg,main_initial-washroom-supplies-banner.jpg,Non-Recyclable,.jpg,87721,KEEP,,1200,400,RGB
Non-Recyclable/Non-Recyclable/sanitary_napkin/menstrual-hygiene-products.jpg,menstrual-hygiene-products.jpg,Non-Recyclable,.jpg,35797,KEEP,,1100,736,RGB
Non-Recyclable/Non-Recyclable/sanitary_napkin/menstrual-pad-with-pink-glitter-on-pastel-royalty-free-image-920307028-1559531564.jpg,menstrual-pad-with-pink-glitter-on-pastel-royalty-free-image-920307028-1559531564.jpg,Non-Recyclable,.jpg,735449,KEEP,,4777,3185,RGB
Non-Recyclable/Non-Recyclable/sanitary_napkin/metics-feminine-sanitary-supplies-soap-miscellaneous-food-cleaning-thumbnail.png,metics-feminine-sanitary-supplies-soap-miscellaneous-food-cleaning-thumbnail.png,Non-Recyclable,.png,42296,KEEP,,360,360,P
Non-Recyclable/Non-Recyclable/sanitary_napkin/nstrual-hygiene-management-at-school-can-prevent-adverse-health-consequences.jpg,nstrual-hygiene-management-at-school-can-prevent-adverse-health-consequences.jpg,Non-Recyclable,.jpg,414575,KEEP,,1921,1081,RGB
Non-Recyclable/Non-Recyclable/sanitary_napkin/objects-feminine-hygiene-brown-background-75317550.jpg,objects-feminine-hygiene-brown-background-75317550.jpg,Non-Recyclable,.jpg,46206,KEEP,,800,490,RGB
Non-Recyclable/Non-Recyclable/sanitary_napkin/pads-1024x573-1.jpg,pads-1024x573-1.jpg,Non-Recyclable,.jpg,134147,KEEP,,1024,573,RGB
Non-Recyclable/Non-Recyclable/sanitary_napkin/personal-care.png,personal-care.png,Non-Recyclable,.png,118370,KEEP,,1200,628,P
Non-Recyclable/Non-Recyclable/sanitary_napkin/pile-period-products.png,pile-period-products.png,Non-Recyclable,.png,740290,KEEP,,1920,1080,P
Non-Recyclable/Non-Recyclable/sanitary_napkin/pngtree-pink-cartoon-feminine-hygiene-products-elements-png-image_2362850.jpg,pngtree-pink-cartoon-feminine-hygiene-products-elements-png-image_2362850.jpg,Non-Recyclable,.jpg,94694,KEEP,,640,640,RGB
Non-Recyclable/Non-Recyclable/sanitary_napkin/polymers-14-05519-g001.png,polymers-14-05519-g001.png,Non-Recyclable,.png,3245439,KEEP,,3036,4205,RGB
Non-Recyclable/Non-Recyclable/sanitary_napkin/pons-on-pink-background-feminine-hygiene-products-menstrual-cycle-2167680291.jpg,pons-on-pink-background-feminine-hygiene-products-menstrual-cycle-2167680291.jpg,Non-Recyclable,.jpg,355361,KEEP,,1500,1101,RGB
Non-Recyclable/Non-Recyclable/sanitary_napkin/r-illustrations-menstruation-cup-cycle-feminine-uterus-zero-waste-2292968321.jpg,r-illustrations-menstruation-cup-cycle-feminine-uterus-zero-waste-2292968321.jpg,Non-Recyclable,.jpg,200866,KEEP,,1500,1161,RGB
Non-Recyclable/Non-Recyclable/sanitary_napkin/riendly-feminine-hygiene-reuse-concept-reusable-sanitary-pads-and-2164651545.jpg,riendly-feminine-hygiene-reuse-concept-reusable-sanitary-pads-and-2164651545.jpg,Non-Recyclable,.jpg,327056,KEEP,,1500,1101,RGB
Non-Recyclable/Non-Recyclable/sanitary_napkin/safe-alternatives-to-pads-and-tampons.jpg,safe-alternatives-to-pads-and-tampons.jpg,Non-Recyclable,.jpg,112524,KEEP,,900,600,RGB
Non-Recyclable/Non-Recyclable/sanitary_napkin/sanitary-napkins.jpg,sanitary-napkins.jpg,Non-Recyclable,.jpg,32357,KEEP,,550,387,RGB
Non-Recyclable/Non-Recyclable/sanitary_napkin/sanitary_1669126812106_1669126820530_1669126820530.jpeg,sanitary_1669126812106_1669126820530_1669126820530.jpeg,Non-Recyclable,.jpeg,58909,KEEP,,1599,900,RGB
Non-Recyclable/Non-Recyclable/sanitary_napkin/sanitarywastedisposal-170109141454-thumbnail.jpg,sanitarywastedisposal-170109141454-thumbnail.jpg,Non-Recyclable,.jpg,54111,KEEP,,640,480,RGB
Non-Recyclable/Non-Recyclable/sanitary_napkin/sq_overview.png,sq_overview.png,Non-Recyclable,.png,302200,KEEP,,1040,780,RGB
Non-Recyclable/Non-Recyclable/sanitary_napkin/stock-photo-women-s-pads-pattern-feminine-hygiene-items-2269418989.jpg,stock-photo-women-s-pads-pattern-feminine-hygiene-items-2269418989.jpg,Non-Recyclable,.jpg,213659,KEEP,,1500,850,RGB
Non-Recyclable/Non-Recyclable/sanitary_napkin/sustainability-10-04146-g001-550.jpg,sustainability-10-04146-g001-550.jpg,Non-Recyclable,.jpg,34012,KEEP,,550,187,RGB
Non-Recyclable/Non-Recyclable/sanitary_napkin/sustainability-10-04146-g001.png,sustainability-10-04146-g001.png,Non-Recyclable,.png,115009,KEEP,,2128,723,RGB
Non-Recyclable/Non-Recyclable/sanitary_napkin/t-menstruation-personal-care-woman-conception-photo-soft-ten-tender-99697853.jpg,t-menstruation-personal-care-woman-conception-photo-soft-ten-tender-99697853.jpg,Non-Recyclable,.jpg,92286,KEEP,,1600,1157,RGB
Non-Recyclable/Non-Recyclable/sanitary_napkin/toilet-bathroom-cleaning-productsbleach-toilet-duct-in-asda-supermarket-uk-R0GWFY.jpg,toilet-bathroom-cleaning-productsbleach-toilet-duct-in-asda-supermarket-uk-R0GWFY.jpg,Non-Recyclable,.jpg,316098,KEEP,,1300,1017,RGB
Non-Recyclable/Non-Recyclable/sanitary_napkin/toilet-sign-allowed-throw-napkin-paper-pads-towel-in-waste-basket-2156580309.jpg,toilet-sign-allowed-throw-napkin-paper-pads-towel-in-waste-basket-2156580309.jpg,Non-Recyclable,.jpg,176758,KEEP,,1500,1000,RGB
Non-Recyclable/Non-Recyclable/sanitary_napkin/tor-illustration-isolated-on-transparent-background-menstrual-cup-1546366844.jpg,tor-illustration-isolated-on-transparent-background-menstrual-cup-1546366844.jpg,Non-Recyclable,.jpg,1246245,KEEP,,1500,1600,RGB
Non-Recyclable/Non-Recyclable/sanitary_napkin/trual-pads-on-shelving-unit-in-bathroom-feminine-hygiene-products-2063416142.jpg,trual-pads-on-shelving-unit-in-bathroom-feminine-hygiene-products-2063416142.jpg,Non-Recyclable,.jpg,274424,KEEP,,1500,1101,RGB
Non-Recyclable/Non-Recyclable/sanitary_napkin/und-feminine-hygiene-products-menstruation-and-womens-health-concept-2JCJ7KM.jpg,und-feminine-hygiene-products-menstruation-and-womens-health-concept-2JCJ7KM.jpg,Non-Recyclable,.jpg,44714,KEEP,,1300,956,RGB
Non-Recyclable/Non-Recyclable/sanitary_napkin/vagina-vulva-1200x628-facebook-1200x628.jpg,vagina-vulva-1200x628-facebook-1200x628.jpg,Non-Recyclable,.jpg,43341,KEEP,,1200,628,RGB
Non-Recyclable/Non-Recyclable/sanitary_napkin/vagina-vulva-1296x728-header.jpg,vagina-vulva-1296x728-header.jpg,Non-Recyclable,.jpg,53150,KEEP,,1296,728,RGB
Non-Recyclable/Non-Recyclable/sanitary_napkin/what-methods-can-be-used-for-the-disposal-of-infectious-waste.jpg,what-methods-can-be-used-for-the-disposal-of-infectious-waste.jpg,Non-Recyclable,.jpg,70004,KEEP,,2100,650,RGB
Non-Recyclable/Non-Recyclable/sanitary_napkin/wosp-overview-1920x1080.jpg,wosp-overview-1920x1080.jpg,Non-Recyclable,.jpg,160171,KEEP,,1440,810,RGB
Non-Recyclable/Non-Recyclable/stroform_product/-out-plastic-bag-styrofoam-paper-foam-miscellaneous-rectangle-food-packaging.png,-out-plastic-bag-styrofoam-paper-foam-miscellaneous-rectangle-food-packaging.png,Non-Recyclable,.png,61597,KEEP,,920,756,P
Non-Recyclable/Non-Recyclable/stroform_product/006599702_1-6aa3222b5bef71610d70bc6e3bad3255-768x994.png,006599702_1-6aa3222b5bef71610d70bc6e3bad3255-768x994.png,Non-Recyclable,.png,156785,KEEP,,768,994,P
Non-Recyclable/Non-Recyclable/stroform_product/1-s2.0-S0959652618336230-fx1.jpg,1-s2.0-S0959652618336230-fx1.jpg,Non-Recyclable,.jpg,55688,KEEP,,400,200,RGB
Non-Recyclable/Non-Recyclable/stroform_product/101-recycling-different-packaging-materials-thumbnail.jpg,101-recycling-different-packaging-materials-thumbnail.jpg,Non-Recyclable,.jpg,48875,KEEP,,1000,500,RGB
Non-Recyclable/Non-Recyclable/stroform_product/16-Companies-Rethinking-Packaging.jpg,16-Companies-Rethinking-Packaging.jpg,Non-Recyclable,.jpg,171229,KEEP,,1500,899,RGB
Non-Recyclable/Non-Recyclable/stroform_product/1608802952plasticfoodpackaging.jpg,1608802952plasticfoodpackaging.jpg,Non-Recyclable,.jpg,268091,KEEP,,1024,683,RGB
Non-Recyclable/Non-Recyclable/stroform_product/1919463.jpg,1919463.jpg,Non-Recyclable,.jpg,72922,KEEP,,600,600,RGB
Non-Recyclable/Non-Recyclable/stroform_product/1cd-600x600.png,1cd-600x600.png,Non-Recyclable,.png,205573,KEEP,,600,600,RGBA
Non-Recyclable/Non-Recyclable/stroform_product/200114-compostable-packaging-cups-utensils-plates.pla-plastic-waste-pollution-3-salad.jpg,200114-compostable-packaging-cups-utensils-plates.pla-plastic-waste-pollution-3-salad.jpg,Non-Recyclable,.jpg,648573,KEEP,,1200,801,RGB
Non-Recyclable/Non-Recyclable/stroform_product/2018-09-Chanalytics-iStock-reduce20foam20packaging20chainalytics_75ps.jpg,2018-09-Chanalytics-iStock-reduce20foam20packaging20chainalytics_75ps.jpg,Non-Recyclable,.jpg,155652,KEEP,,2000,1333,RGB
Non-Recyclable/Non-Recyclable/stroform_product/2018_blog_EcoFriendlyRestaurants_600x400.jpg,2018_blog_EcoFriendlyRestaurants_600x400.jpg,Non-Recyclable,.jpg,170359,KEEP,,600,400,RGB
Non-Recyclable/Non-Recyclable/stroform_product/250783690442929992.jpg,250783690442929992.jpg,Non-Recyclable,.jpg,30494,KEEP,,560,400,RGB
Non-Recyclable/Non-Recyclable/stroform_product/330843799_885703332699899_5678677257182402870_n.jpg,330843799_885703332699899_5678677257182402870_n.jpg,Non-Recyclable,.jpg,38691,KEEP,,526,526,RGB
Non-Recyclable/Non-Recyclable/stroform_product/3_5152_Original_Hot-Food-Packaging-for-Takeaway-Meals-and-Fast-Food_d07f42.jpg,3_5152_Original_Hot-Food-Packaging-for-Takeaway-Meals-and-Fast-Food_d07f42.jpg,Non-Recyclable,.jpg,35999,KEEP,,700,250,RGB
Non-Recyclable/Non-Recyclable/stroform_product/77279c_8d2d3bb39b7e4ee5bb26c1a83e6b5669mv2.png,77279c_8d2d3bb39b7e4ee5bb26c1a83e6b5669mv2.png,Non-Recyclable,.png,501520,KEEP,,640,364,RGB
Non-Recyclable/Non-Recyclable/stroform_product/7AOOT_12_KXFOOD_02.jpg,7AOOT_12_KXFOOD_02.jpg,Non-Recyclable,.jpg,52089,KEEP,,600,467,RGB
Non-Recyclable/Non-Recyclable/stroform_product/800px-Yummp_hk_lunchbox.jpg,800px-Yummp_hk_lunchbox.jpg,Non-Recyclable,.jpg,94791,KEEP,,800,533,RGB
Non-Recyclable/Non-Recyclable/stroform_product/819KB-FEqfL._AC_UF10001000_QL80_.jpg,819KB-FEqfL._AC_UF10001000_QL80_.jpg,Non-Recyclable,.jpg,178816,KEEP,,1000,1000,RGB
Non-Recyclable/Non-Recyclable/stroform_product/87badfbfd09864be43a29dfc7a906b9b.jpg,87badfbfd09864be43a29dfc7a906b9b.jpg,Non-Recyclable,.jpg,63832,KEEP,,375,240,RGB
Non-Recyclable/Non-Recyclable/stroform_product/8f4dfec62271432d866768b7f62c88b4.jpg,8f4dfec62271432d866768b7f62c88b4.jpg,Non-Recyclable,.jpg,11106873,KEEP,,6000,4000,RGB
Non-Recyclable/Non-Recyclable/stroform_product/AMP-58_62348a9647c53.jpg,AMP-58_62348a9647c53.jpg,Non-Recyclable,.jpg,86130,KEEP,,1200,900,RGB
Non-Recyclable/Non-Recyclable/stroform_product/All_About_the_Features_and_Benefits_of_Bagasse_Material.jpg,All_About_the_Features_and_Benefits_of_Bagasse_Material.jpg,Non-Recyclable,.jpg,97228,KEEP,,850,508,RGB
Non-Recyclable/Non-Recyclable/stroform_product/BagasseContainers-pg9c7yp7i7al8c7b1cr5t240eval1iwbtyh0yvfhxs.png,BagasseContainers-pg9c7yp7i7al8c7b1cr5t240eval1iwbtyh0yvfhxs.png,Non-Recyclable,.png,100837,KEEP,,400,296,RGBA
Non-Recyclable/Non-Recyclable/stroform_product/Best-eco-friendly-paper-food-packaging-containers-brands-in-Nigeria-1-1.jpeg,Best-eco-friendly-paper-food-packaging-containers-brands-in-Nigeria-1-1.jpeg,Non-Recyclable,.jpeg,176145,KEEP,,1813,1295,RGB
Non-Recyclable/Non-Recyclable/stroform_product/Carryout-Pkg-AdobeStock_249951953-20New-Africa-FTR.jpg,Carryout-Pkg-AdobeStock_249951953-20New-Africa-FTR.jpg,Non-Recyclable,.jpg,651678,KEEP,,1540,800,RGB
Non-Recyclable/Non-Recyclable/stroform_product/Copy-of-Style-shot-3.jpg,Copy-of-Style-shot-3.jpg,Non-Recyclable,.jpg,129102,KEEP,,1500,1001,RGB
Non-Recyclable/Non-Recyclable/stroform_product/Custom-Clamshell-Container-3b.png,Custom-Clamshell-Container-3b.png,Non-Recyclable,.png,600631,KEEP,,1200,1200,RGBA
Non-Recyclable/Non-Recyclable/stroform_product/Designed4Trash_2.png,Designed4Trash_2.png,Non-Recyclable,.png,517856,KEEP,,1060,700,RGBA
Non-Recyclable/Non-Recyclable/stroform_product/EPS-for-recycling-scaled.jpg,EPS-for-recycling-scaled.jpg,Non-Recyclable,.jpg,52582,KEEP,,1654,924,RGB
Non-Recyclable/Non-Recyclable/stroform_product/Eco-Friendly-Packaging-Alternatives.jpg,Eco-Friendly-Packaging-Alternatives.jpg,Non-Recyclable,.jpg,77792,KEEP,,748,467,RGB
Non-Recyclable/Non-Recyclable/stroform_product/Eco-friendly-Packaging-scaled.jpg,Eco-friendly-Packaging-scaled.jpg,Non-Recyclable,.jpg,530159,KEEP,,2560,1802,RGB
Non-Recyclable/Non-Recyclable/stroform_product/English-quick-summary_2021-11-16-014257_agwg.jpg,English-quick-summary_2021-11-16-014257_agwg.jpg,Non-Recyclable,.jpg,83169,KEEP,,670,627,RGB
Non-Recyclable/Non-Recyclable/stroform_product/Foam20Clam20Shell.jpg,Foam20Clam20Shell.jpg,Non-Recyclable,.jpg,5984535,KEEP,,5000,5001,CMYK
Non-Recyclable/Non-Recyclable/stroform_product/FoldedTakeout_PSD_1.jpg,FoldedTakeout_PSD_1.jpg,Non-Recyclable,.jpg,102199,KEEP,,1369,1200,RGB
Non-Recyclable/Non-Recyclable/stroform_product/Food-Packaging-Waste-Statistics-Understanding-the-Rise-of-Food-Packaging-Waste-Feature-Images.jpg,Food-Packaging-Waste-Statistics-Understanding-the-Rise-of-Food-Packaging-Waste-Feature-Images.jpg,Non-Recyclable,.jpg,767542,KEEP,,1920,1280,RGB
Non-Recyclable/Non-Recyclable/stroform_product/Image-by-RODNAY-Productions-Pexels-Canva-Pro.jpg,Image-by-RODNAY-Productions-Pexels-Canva-Pro.jpg,Non-Recyclable,.jpg,39610,KEEP,,1000,1500,RGB
Non-Recyclable/Non-Recyclable/stroform_product/MaterialsBackground.jpg,MaterialsBackground.jpg,Non-Recyclable,.jpg,91384,KEEP,,2044,993,RGB
Non-Recyclable/Non-Recyclable/stroform_product/MaterialsInset-pg995s2adcgk9w92fq5jiv2tkudmqth20lfzr6svbk.png,MaterialsInset-pg995s2adcgk9w92fq5jiv2tkudmqth20lfzr6svbk.png,Non-Recyclable,.png,126830,KEEP,,400,296,RGBA
Non-Recyclable/Non-Recyclable/stroform_product/McDonalds_Molded_Pulp_Drink_Tray_Top.jpg,McDonalds_Molded_Pulp_Drink_Tray_Top.jpg,Non-Recyclable,.jpg,970815,KEEP,,1600,1200,RGB
Non-Recyclable/Non-Recyclable/stroform_product/New-Natural-Coloured-Bagasse-plates-and-burger-boxes-copy-1.png,New-Natural-Coloured-Bagasse-plates-and-burger-boxes-copy-1.png,Non-Recyclable,.png,2188082,KEEP,,1500,1000,RGB
Non-Recyclable/Non-Recyclable/stroform_product/Packaging_waste_v4.png,Packaging_waste_v4.png,Non-Recyclable,.png,344711,KEEP,,1772,1289,P
Non-Recyclable/Non-Recyclable/stroform_product/Reusable-Containers-Arent-Always-Better-For-The-Environment-Than-Disposable-Ones-New-Research.jpg,Reusable-Containers-Arent-Always-Better-For-The-Environment-Than-Disposable-Ones-New-Research.jpg,Non-Recyclable,.jpg,219331,KEEP,,1024,768,RGB
Non-Recyclable/Non-Recyclable/stroform_product/Reuse-Container-by-Forest-Whale-edible-packaging.jpg,Reuse-Container-by-Forest-Whale-edible-packaging.jpg,Non-Recyclable,.jpg,36292,KEEP,,1080,700,RGB
Non-Recyclable/Non-Recyclable/stroform_product/SS-KH_ShippingGuideTypesOfProtectivePackaging_KH-HRO.jpg,SS-KH_ShippingGuideTypesOfProtectivePackaging_KH-HRO.jpg,Non-Recyclable,.jpg,348207,KEEP,,5194,3463,RGB
Non-Recyclable/Non-Recyclable/stroform_product/Styrofoam-packaging-peauts-200221.jpg,Styrofoam-packaging-peauts-200221.jpg,Non-Recyclable,.jpg,77762,KEEP,,560,400,RGB
Non-Recyclable/Non-Recyclable/stroform_product/StyrofoamContainers.jpg,StyrofoamContainers.jpg,Non-Recyclable,.jpg,36802,KEEP,,500,500,RGB
Non-Recyclable/Non-Recyclable/stroform_product/Styrolution_Polystyrene_Yogurt_Pack.5556431b08b331afb8caff3e2378a101.jpg,Styrolution_Polystyrene_Yogurt_Pack.5556431b08b331afb8caff3e2378a101.jpg,Non-Recyclable,.jpg,45327,KEEP,,1200,675,RGB
Non-Recyclable/Non-Recyclable/stroform_product/TYPES-OF-FOOD-PACKAGING.png,TYPES-OF-FOOD-PACKAGING.png,Non-Recyclable,.png,231252,KEEP,,560,315,RGB
Non-Recyclable/Non-Recyclable/stroform_product/Thermoplastics-and-their-used-in-food-packaging.png,Thermoplastics-and-their-used-in-food-packaging.png,Non-Recyclable,.png,65558,KEEP,,850,664,P
Non-Recyclable/Non-Recyclable/stroform_product/Types-of-food-containers-considered-in-the-study-A-Aluminium-takeaway-container-B.jpg,Types-of-food-containers-considered-in-the-study-A-Aluminium-takeaway-container-B.jpg,Non-Recyclable,.jpg,137161,KEEP,,850,614,RGB
Non-Recyclable/Non-Recyclable/stroform_product/Untitled-1024-C397-768px-16-1200x900.jpg,Untitled-1024-C397-768px-16-1200x900.jpg,Non-Recyclable,.jpg,106846,KEEP,,1200,900,RGB
Non-Recyclable/Non-Recyclable/stroform_product/Untitled-1024-C397-768px-16.jpg,Untitled-1024-C397-768px-16.jpg,Non-Recyclable,.jpg,57556,KEEP,,1024,768,RGB
Non-Recyclable/Non-Recyclable/stroform_product/Yummp_hk_lunchbox.jpg,Yummp_hk_lunchbox.jpg,Non-Recyclable,.jpg,292443,KEEP,,1024,682,RGB
Non-Recyclable/Non-Recyclable/stroform_product/____whereyouare.co--1-.jpg,____whereyouare.co--1-.jpg,Non-Recyclable,.jpg,205843,KEEP,,1080,1080,RGB
Non-Recyclable/Non-Recyclable/stroform_product/bbdcdabfab359104e5e0d6d62b2b1bb0-e1604602972745.png,bbdcdabfab359104e5e0d6d62b2b1bb0-e1604602972745.png,Non-Recyclable,.png,121748,KEEP,,523,427,P
Non-Recyclable/Non-Recyclable/stroform_product/blog-containers.jpg,blog-containers.jpg,Non-Recyclable,.jpg,324456,KEEP,,1200,627,RGB
Non-Recyclable/Non-Recyclable/stroform_product/blog-takeout-header.jpg,blog-takeout-header.jpg,Non-Recyclable,.jpg,84000,KEEP,,1280,500,RGB
Non-Recyclable/Non-Recyclable/stroform_product/box-packed-with-styrofoam.jpg,box-packed-with-styrofoam.jpg,Non-Recyclable,.jpg,31089,KEEP,,610,407,RGB
Non-Recyclable/Non-Recyclable/stroform_product/burgers-2.jpg,burgers-2.jpg,Non-Recyclable,.jpg,133732,KEEP,,1080,737,RGB
Non-Recyclable/Non-Recyclable/stroform_product/containers_and_packaging_picture.jpg,containers_and_packaging_picture.jpg,Non-Recyclable,.jpg,86341,KEEP,,570,342,RGB
Non-Recyclable/Non-Recyclable/stroform_product/e3ea5ac8147d2274b0e1f61b09fbedc2.jpg,e3ea5ac8147d2274b0e1f61b09fbedc2.jpg,Non-Recyclable,.jpg,36085,KEEP,,800,534,RGB
Non-Recyclable/Non-Recyclable/stroform_product/eco-friendly-food-packaging_feature.jpg,eco-friendly-food-packaging_feature.jpg,Non-Recyclable,.jpg,110534,KEEP,,768,545,RGB
Non-Recyclable/Non-Recyclable/stroform_product/eco-friendly-food-packaging_header.jpg,eco-friendly-food-packaging_header.jpg,Non-Recyclable,.jpg,97818,KEEP,,1280,501,RGB
Non-Recyclable/Non-Recyclable/stroform_product/eom212107-gra-0001-m.jpg,eom212107-gra-0001-m.jpg,Non-Recyclable,.jpg,234522,KEEP,,1176,978,RGB
Non-Recyclable/Non-Recyclable/stroform_product/eom212107-toc-0001-m.jpg,eom212107-toc-0001-m.jpg,Non-Recyclable,.jpg,247793,KEEP,,1176,978,RGB
Non-Recyclable/Non-Recyclable/stroform_product/expanded-polystyrene.jpg,expanded-polystyrene.jpg,Non-Recyclable,.jpg,836628,KEEP,,2560,1920,RGB
Non-Recyclable/Non-Recyclable/stroform_product/file-20210908-13-1rlm677.png,file-20210908-13-1rlm677.png,Non-Recyclable,.png,3367136,KEEP,,1920,1382,RGB
Non-Recyclable/Non-Recyclable/stroform_product/foam-alternative-packaging.jpg,foam-alternative-packaging.jpg,Non-Recyclable,.jpg,71885,KEEP,,1200,431,RGB
Non-Recyclable/Non-Recyclable/stroform_product/foam-packaging-waste.jpg,foam-packaging-waste.jpg,Non-Recyclable,.jpg,40521,KEEP,,650,432,RGB
Non-Recyclable/Non-Recyclable/stroform_product/foam-plastic-no6.png,foam-plastic-no6.png,Non-Recyclable,.png,36669,KEEP,,300,300,RGBA
Non-Recyclable/Non-Recyclable/stroform_product/foam20containers.jpg,foam20containers.jpg,Non-Recyclable,.jpg,66972,KEEP,,560,400,RGB
Non-Recyclable/Non-Recyclable/stroform_product/food-packaging-1.jpg,food-packaging-1.jpg,Non-Recyclable,.jpg,136012,KEEP,,750,450,RGB
Non-Recyclable/Non-Recyclable/stroform_product/food-packaging-containers-bamboo-glass-eco-1296x728-header.jpg,food-packaging-containers-bamboo-glass-eco-1296x728-header.jpg,Non-Recyclable,.jpg,133018,KEEP,,1296,728,RGB
Non-Recyclable/Non-Recyclable/stroform_product/food-packaging-regulations-fi-1.jpg,food-packaging-regulations-fi-1.jpg,Non-Recyclable,.jpg,103974,KEEP,,2100,650,RGB
Non-Recyclable/Non-Recyclable/stroform_product/food-packaging-report.jpg,food-packaging-report.jpg,Non-Recyclable,.jpg,357685,KEEP,,1920,1282,RGB
Non-Recyclable/Non-Recyclable/stroform_product/food-packaging-reports-examples.jpg,food-packaging-reports-examples.jpg,Non-Recyclable,.jpg,56473,KEEP,,780,408,RGB
Non-Recyclable/Non-Recyclable/stroform_product/food-packaging-tip-sheet.jpg,food-packaging-tip-sheet.jpg,Non-Recyclable,.jpg,187948,KEEP,,780,997,RGB
Non-Recyclable/Non-Recyclable/stroform_product/food-packaging_0.jpg,food-packaging_0.jpg,Non-Recyclable,.jpg,90982,KEEP,,1024,570,RGB
Non-Recyclable/Non-Recyclable/stroform_product/food_packaging_i8860_20180911_093_3x2.jpg,food_packaging_i8860_20180911_093_3x2.jpg,Non-Recyclable,.jpg,1103788,KEEP,,3072,2048,RGB
Non-Recyclable/Non-Recyclable/stroform_product/foods-12-01057-g001.png,foods-12-01057-g001.png,Non-Recyclable,.png,41669,KEEP,,3225,2200,P
Non-Recyclable/Non-Recyclable/stroform_product/four-types-of-packaging-materials-used-in-the-food-industry.jpg,four-types-of-packaging-materials-used-in-the-food-industry.jpg,Non-Recyclable,.jpg,110197,KEEP,,1000,550,RGB
Non-Recyclable/Non-Recyclable/stroform_product/garbage-1260833_1280.jpg,garbage-1260833_1280.jpg,Non-Recyclable,.jpg,512518,KEEP,,1280,960,RGB
Non-Recyclable/Non-Recyclable/stroform_product/harmful-chemicals-food-packaging.jpg,harmful-chemicals-food-packaging.jpg,Non-Recyclable,.jpg,308089,KEEP,,1200,1200,RGB
Non-Recyclable/Non-Recyclable/stroform_product/image32.jpg,image32.jpg,Non-Recyclable,.jpg,369809,KEEP,,2880,960,RGB
Non-Recyclable/Non-Recyclable/stroform_product/ing-takeaway-foam-lunch-boxes-single-use-food-containers-close-up-1792562215.jpg,ing-takeaway-foam-lunch-boxes-single-use-food-containers-close-up-1792562215.jpg,Non-Recyclable,.jpg,1475434,KEEP,,1500,1101,RGB
Non-Recyclable/Non-Recyclable/stroform_product/lam-dung-hop-xop-1.jpg,lam-dung-hop-xop-1.jpg,Non-Recyclable,.jpg,80806,KEEP,,800,600,RGB
Non-Recyclable/Non-Recyclable/stroform_product/open-styrofoam-boxes-stack-white-background-31184617.jpg,open-styrofoam-boxes-stack-white-background-31184617.jpg,Non-Recyclable,.jpg,52830,KEEP,,1600,1157,RGB
Non-Recyclable/Non-Recyclable/stroform_product/p06cz75l.jpg,p06cz75l.jpg,Non-Recyclable,.jpg,222880,KEEP,,1280,720,RGB
Non-Recyclable/Non-Recyclable/stroform_product/plastic-foam-food-packaging-ban-usa.jpg,plastic-foam-food-packaging-ban-usa.jpg,Non-Recyclable,.jpg,190806,KEEP,,800,534,RGB
Non-Recyclable/Non-Recyclable/stroform_product/plastic_food_containers.png,plastic_food_containers.png,Non-Recyclable,.png,218835,KEEP,,600,600,RGBA
Non-Recyclable/Non-Recyclable/stroform_product/polystyrene-food-boxes-9535739.jpg,polystyrene-food-boxes-9535739.jpg,Non-Recyclable,.jpg,69842,KEEP,,1600,1157,RGB
Non-Recyclable/Non-Recyclable/stroform_product/polystyrene-or-styrofoam-protective-packaging-beads-M964HY.jpg,polystyrene-or-styrofoam-protective-packaging-beads-M964HY.jpg,Non-Recyclable,.jpg,100005,KEEP,,1300,956,RGB
Non-Recyclable/Non-Recyclable/stroform_product/ps-foam-containers_20220124_Minh-Mi-Goi_shutterstock_1580179006-web.jpg,ps-foam-containers_20220124_Minh-Mi-Goi_shutterstock_1580179006-web.jpg,Non-Recyclable,.jpg,52076,KEEP,,1200,800,RGB
Non-Recyclable/Non-Recyclable/stroform_product/recycling-05-00030-g001.png,recycling-05-00030-g001.png,Non-Recyclable,.png,214262,KEEP,,3068,2308,RGBA
Non-Recyclable/Non-Recyclable/stroform_product/secondary-packaging-examples.jpg,secondary-packaging-examples.jpg,Non-Recyclable,.jpg,80522,KEEP,,610,491,RGB
Non-Recyclable/Non-Recyclable/stroform_product/sfe_zw_slider_styrofoam.jpg,sfe_zw_slider_styrofoam.jpg,Non-Recyclable,.jpg,32550,KEEP,,514,226,RGB
Non-Recyclable/Non-Recyclable/stroform_product/shutterstock_1027804891-scaled-1.jpg,shutterstock_1027804891-scaled-1.jpg,Non-Recyclable,.jpg,265647,KEEP,,2560,1709,RGB
Non-Recyclable/Non-Recyclable/stroform_product/slide_2.jpg,slide_2.jpg,Non-Recyclable,.jpg,284006,KEEP,,1365,1024,RGB
Non-Recyclable/Non-Recyclable/stroform_product/social.jpg,social.jpg,Non-Recyclable,.jpg,568926,KEEP,,2000,1333,RGB
Non-Recyclable/Non-Recyclable/stroform_product/square-paper-bowl-e1641526056341.jpg,square-paper-bowl-e1641526056341.jpg,Non-Recyclable,.jpg,46962,KEEP,,750,606,RGB
Non-Recyclable/Non-Recyclable/stroform_product/stock-photo-different-types-of-food-box-made-of-foam-paper-plastic-564220360.jpg,stock-photo-different-types-of-food-box-made-of-foam-paper-plastic-564220360.jpg,Non-Recyclable,.jpg,653892,KEEP,,1500,1083,RGB
Non-Recyclable/Non-Recyclable/stroform_product/strawberry-packaging_.png,strawberry-packaging_.png,Non-Recyclable,.png,393267,KEEP,,929,720,P
Non-Recyclable/Non-Recyclable/stroform_product/styro-food-packaging-near-me_orig.jpg,styro-food-packaging-near-me_orig.jpg,Non-Recyclable,.jpg,38036,KEEP,,500,337,RGB
Non-Recyclable/Non-Recyclable/stroform_product/styrofoam-box-on-white-background-food-container-MXTH80.jpg,styrofoam-box-on-white-background-food-container-MXTH80.jpg,Non-Recyclable,.jpg,34929,KEEP,,1300,980,RGB
Non-Recyclable/Non-Recyclable/stroform_product/styrofoam-facts.jpg,styrofoam-facts.jpg,Non-Recyclable,.jpg,67978,KEEP,,1500,844,RGB
Non-Recyclable/Non-Recyclable/stroform_product/styrofoam-garbage1-1.jpg,styrofoam-garbage1-1.jpg,Non-Recyclable,.jpg,32567,KEEP,,640,320,RGB
Non-Recyclable/Non-Recyclable/stroform_product/styrofoam-packaging-materials-CFF552.jpg,styrofoam-packaging-materials-CFF552.jpg,Non-Recyclable,.jpg,91201,KEEP,,1300,953,RGB
Non-Recyclable/Non-Recyclable/stroform_product/styrofoam-packaging-peanuts-DM6D71.jpg,styrofoam-packaging-peanuts-DM6D71.jpg,Non-Recyclable,.jpg,132861,KEEP,,1300,956,RGB
Non-Recyclable/Non-Recyclable/stroform_product/styrofoam-packing-peanutes-alternative-header.jpg,styrofoam-packing-peanutes-alternative-header.jpg,Non-Recyclable,.jpg,71539,KEEP,,1600,750,RGB
Non-Recyclable/Non-Recyclable/stroform_product/styrofoam-takeout-containers-food-1200x628-facebook.jpg,styrofoam-takeout-containers-food-1200x628-facebook.jpg,Non-Recyclable,.jpg,107273,KEEP,,1200,628,RGB
Non-Recyclable/Non-Recyclable/stroform_product/styrofoam.jpg,styrofoam.jpg,Non-Recyclable,.jpg,2722032,KEEP,,1600,1075,RGB
Non-Recyclable/Non-Recyclable/stroform_product/styrofoam2.jpg,styrofoam2.jpg,Non-Recyclable,.jpg,39287,KEEP,,665,443,RGB
Non-Recyclable/Non-Recyclable/stroform_product/styrofoam20container.jpeg,styrofoam20container.jpeg,Non-Recyclable,.jpeg,3979954,KEEP,,5114,3385,RGB
Non-Recyclable/Non-Recyclable/stroform_product/styrofoam_waste_1050x700.jpg,styrofoam_waste_1050x700.jpg,Non-Recyclable,.jpg,129602,KEEP,,1050,700,RGB
Non-Recyclable/Non-Recyclable/stroform_product/tapioca20meal20box02.jpg,tapioca20meal20box02.jpg,Non-Recyclable,.jpg,234452,KEEP,,2128,1419,RGB
Non-Recyclable/Non-Recyclable/stroform_product/the-drive-toward-sustainability-5050-1536x1536.jpg,the-drive-toward-sustainability-5050-1536x1536.jpg,Non-Recyclable,.jpg,82147,KEEP,,1536,1536,RGB
Non-Recyclable/Non-Recyclable/stroform_product/types-of-sustainable-packaging-fb.jpg,types-of-sustainable-packaging-fb.jpg,Non-Recyclable,.jpg,64178,KEEP,,1200,628,RGB
Non-Recyclable/Non-Recyclable/stroform_product/w_takeout_trash_wk1003mike_shutterstock_422191876.c86d3627.jpg,w_takeout_trash_wk1003mike_shutterstock_422191876.c86d3627.jpg,Non-Recyclable,.jpg,154501,KEEP,,1600,900,RGB
Organic/Organic/coffee_tea_bags/-to-dark-roasted-250-gm-product-images-orvj9xukmzh-p594973306-0-202211022012.jpg,-to-dark-roasted-250-gm-product-images-orvj9xukmzh-p594973306-0-202211022012.jpg,Organic,.jpg,234419,KEEP,,1426,1500,RGB
Organic/Organic/coffee_tea_bags/00-staple-free-tea-bags-product-images-orvuii2bcls-p591403149-0-202205171557.jpg,00-staple-free-tea-bags-product-images-orvuii2bcls-p591403149-0-202205171557.jpg,Organic,.jpg,94753,KEEP,,1000,1000,RGB
Organic/Organic/coffee_tea_bags/016_2a2d9b08-8e22-428e-be37-585f08a246dc_2700x.jpg,016_2a2d9b08-8e22-428e-be37-585f08a246dc_2700x.jpg,Organic,.jpg,813931,KEEP,,2700,2700,RGB
Organic/Organic/coffee_tea_bags/1-Coffee1BC-6.jpg,1-Coffee1BC-6.jpg,Organic,.jpg,121076,KEEP,,630,420,RGB
Organic/Organic/coffee_tea_bags/1-elaichi-tea-blended-with-100-natural-ground-1kg-1-pouch-original-imagpgyq39ssnd4s.jpeg,1-elaichi-tea-blended-with-100-natural-ground-1kg-1-pouch-original-imagpgyq39ssnd4s.jpeg,Organic,.jpeg,129576,KEEP,,770,1000,RGB
Organic/Organic/coffee_tea_bags/100-drip-coffee-bags-with-100-pure-arabica-coffee-powder-roast-original-imagbanvzakf9tcq.jpeg,100-drip-coffee-bags-with-100-pure-arabica-coffee-powder-roast-original-imagbanvzakf9tcq.jpeg,Organic,.jpeg,86751,KEEP,,850,566,RGB
Organic/Organic/coffee_tea_bags/100-garcinia-cinnamon-arabica-green-coffee-coffee-beans-box-original-imagfyuvbhn6jghf.jpeg,100-garcinia-cinnamon-arabica-green-coffee-coffee-beans-box-original-imagfyuvbhn6jghf.jpeg,Organic,.jpeg,120646,KEEP,,850,598,RGB
Organic/Organic/coffee_tea_bags/1000_F_303302310_FaotLOxeKozxXv11SZlhdiP30DhhTOIZ.jpg,1000_F_303302310_FaotLOxeKozxXv11SZlhdiP30DhhTOIZ.jpg,Organic,.jpg,223223,KEEP,,667,1000,RGB
Organic/Organic/coffee_tea_bags/1000_F_607272060_auiUJOv4BIAP91ux7qJz74i3JAKbLegc.jpg,1000_F_607272060_auiUJOv4BIAP91ux7qJz74i3JAKbLegc.jpg,Organic,.jpg,158571,KEEP,,822,1000,RGB
Organic/Organic/coffee_tea_bags/11856-01-Roasted-Chicory-Root-Powder-250g-1.jpg,11856-01-Roasted-Chicory-Root-Powder-250g-1.jpg,Organic,.jpg,1615160,KEEP,,2000,2000,RGB
Organic/Organic/coffee_tea_bags/1200px-Latte_and_dark_coffee.jpg,1200px-Latte_and_dark_coffee.jpg,Organic,.jpg,292039,KEEP,,1200,750,RGB
Organic/Organic/coffee_tea_bags/13-Best-Coffee-Powders-In-India-2021.jpg,13-Best-Coffee-Powders-In-India-2021.jpg,Organic,.jpg,130443,KEEP,,1200,1350,RGB
Organic/Organic/coffee_tea_bags/154947875.wildland.packaging.png,154947875.wildland.packaging.png,Organic,.png,274551,KEEP,,1280,1280,RGBA
Organic/Organic/coffee_tea_bags/1JqctqHKmoMeugSMxsSKhpg.png,1JqctqHKmoMeugSMxsSKhpg.png,Organic,.png,897297,KEEP,,720,1080,RGBA
Organic/Organic/coffee_tea_bags/1_3__2.jpg,1_3__2.jpg,Organic,.jpg,966773,KEEP,,1200,1200,RGB
Organic/Organic/coffee_tea_bags/2013-03-05-08.51.26.png,2013-03-05-08.51.26.png,Organic,.png,1426373,KEEP,,960,1280,RGB
Organic/Organic/coffee_tea_bags/225-green-coffee-beans-powder-225-g-with-lemongrass-ginger-green-original-imafbh9ygzhgqh82.jpeg,225-green-coffee-beans-powder-225-g-with-lemongrass-ginger-green-original-imafbh9ygzhgqh82.jpeg,Organic,.jpeg,174160,KEEP,,850,839,RGB
Organic/Organic/coffee_tea_bags/239869-coffee.webp,239869-coffee.webp,Organic,.webp,38740,KEEP,,1000,600,RGB
Organic/Organic/coffee_tea_bags/23_1200x1200.jpg,23_1200x1200.jpg,Organic,.jpg,221659,KEEP,,1200,1200,RGB
Organic/Organic/coffee_tea_bags/250-kerala-fresh-coffee-beans-powder-blended-with-chicory-80-20-original-imag9rfchctuww9g.jpeg,250-kerala-fresh-coffee-beans-powder-blended-with-chicory-80-20-original-imag9rfchctuww9g.jpeg,Organic,.jpeg,127678,KEEP,,849,1000,RGB
Organic/Organic/coffee_tea_bags/27r-used-coffee-grounds-1024x600.webp,27r-used-coffee-grounds-1024x600.webp,Organic,.webp,41616,KEEP,,1024,600,RGB
Organic/Organic/coffee_tea_bags/3_b1846eaf-f53b-47b7-aec2-e163cf50171f_480x480.png,3_b1846eaf-f53b-47b7-aec2-e163cf50171f_480x480.png,Organic,.png,219022,KEEP,,480,305,RGBA
Organic/Organic/coffee_tea_bags/3_d72a8c69-d0f8-4ace-9ca1-792ed274da2e_1024x.png,3_d72a8c69-d0f8-4ace-9ca1-792ed274da2e_1024x.png,Organic,.png,982606,KEEP,,1024,1024,RGBA
Organic/Organic/coffee_tea_bags/41F0KiwPjPL._AC_UF10001000_QL80_.jpg,41F0KiwPjPL._AC_UF10001000_QL80_.jpg,Organic,.jpg,68690,KEEP,,945,1000,RGB
Organic/Organic/coffee_tea_bags/440-jaggery-hot-coffee-440gm-box-box-1-coffee-beans-foodia-original-imagmqtcjstu7ngm.jpeg,440-jaggery-hot-coffee-440gm-box-box-1-coffee-beans-foodia-original-imagmqtcjstu7ngm.jpeg,Organic,.jpeg,263044,KEEP,,820,1000,RGB
Organic/Organic/coffee_tea_bags/4x12-Coffee-Sampler-LG_1024x1024.jpg,4x12-Coffee-Sampler-LG_1024x1024.jpg,Organic,.jpg,222262,KEEP,,1024,683,RGB
Organic/Organic/coffee_tea_bags/5_327d531b-bc9d-43a7-b3b9-2db3c568ae2a_480x480.png,5_327d531b-bc9d-43a7-b3b9-2db3c568ae2a_480x480.png,Organic,.png,225395,KEEP,,480,305,RGBA
Organic/Organic/coffee_tea_bags/61N5Zw-CwkL._AC_UF10001000_QL80_.jpg,61N5Zw-CwkL._AC_UF10001000_QL80_.jpg,Organic,.jpg,62824,KEEP,,1000,763,RGB
Organic/Organic/coffee_tea_bags/634e56bb6131e628c47a9d26-coffee-tea-bags-single-serve-premium.jpg,634e56bb6131e628c47a9d26-coffee-tea-bags-single-serve-premium.jpg,Organic,.jpg,68720,KEEP,,1000,1000,RGB
Organic/Organic/coffee_tea_bags/640px-TEDxAMS2011_044.JPG.jpg,640px-TEDxAMS2011_044.JPG.jpg,Organic,.jpg,60154,KEEP,,640,480,RGB
Organic/Organic/coffee_tea_bags/6431022e1d17017586242883-sumdirect-disposable-tea-filter-bags.jpg,6431022e1d17017586242883-sumdirect-disposable-tea-filter-bags.jpg,Organic,.jpg,274288,KEEP,,1460,1374,RGB
Organic/Organic/coffee_tea_bags/64401cc749bcb9512376a828-colonial-coffee-packets-pre-ground.jpg,64401cc749bcb9512376a828-colonial-coffee-packets-pre-ground.jpg,Organic,.jpg,207152,KEEP,,1500,1500,RGB
Organic/Organic/coffee_tea_bags/68345197.jpg,68345197.jpg,Organic,.jpg,112332,KEEP,,1280,960,RGB
Organic/Organic/coffee_tea_bags/6_e1bf33f9-cb52-45ad-a2e4-8ff8b2f6dd6d_1800x.jpg,6_e1bf33f9-cb52-45ad-a2e4-8ff8b2f6dd6d_1800x.jpg,Organic,.jpg,164420,KEEP,,1800,1800,RGB
Organic/Organic/coffee_tea_bags/71KmHGsjAQL._AC_UF10001000_QL80_.jpg,71KmHGsjAQL._AC_UF10001000_QL80_.jpg,Organic,.jpg,106094,KEEP,,788,1000,RGB
Organic/Organic/coffee_tea_bags/71KmHGsjAQL.jpg,71KmHGsjAQL.jpg,Organic,.jpg,196915,KEEP,,1401,1401,RGB
Organic/Organic/coffee_tea_bags/71RkAXGxqL._AC_UF10001000_QL80_.jpg,71RkAXGxqL._AC_UF10001000_QL80_.jpg,Organic,.jpg,74100,KEEP,,848,1000,RGB
Organic/Organic/coffee_tea_bags/71VjiXtBQ4L._AC_UF8941000_QL80_.jpg,71VjiXtBQ4L._AC_UF8941000_QL80_.jpg,Organic,.jpg,94235,KEEP,,894,894,RGB
Organic/Organic/coffee_tea_bags/71zKEKtQfL.jpg,71zKEKtQfL.jpg,Organic,.jpg,150764,KEEP,,2181,1365,RGB
Organic/Organic/coffee_tea_bags/7ef3ae48cc20439dbee2d1326eb6b417.jpg,7ef3ae48cc20439dbee2d1326eb6b417.jpg,Organic,.jpg,157669,KEEP,,690,700,P
Organic/Organic/coffee_tea_bags/81T4CniZrgL._AC_UF10001000_QL80_.jpg,81T4CniZrgL._AC_UF10001000_QL80_.jpg,Organic,.jpg,103479,KEEP,,703,1000,RGB
Organic/Organic/coffee_tea_bags/8906088701667_2_533x.png,8906088701667_2_533x.png,Organic,.png,175032,KEEP,,533,533,RGB
Organic/Organic/coffee_tea_bags/CA4A5068_1000x1000.jpg,CA4A5068_1000x1000.jpg,Organic,.jpg,245340,KEEP,,1000,1000,RGB
Organic/Organic/coffee_tea_bags/CA4A5069b_300x.jpg,CA4A5069b_300x.jpg,Organic,.jpg,31312,KEEP,,300,300,RGB
Organic/Organic/coffee_tea_bags/CCC-PDP-GrabBag-CoffeeAndTea--White_1400x.jpg,CCC-PDP-GrabBag-CoffeeAndTea--White_1400x.jpg,Organic,.jpg,183714,KEEP,,1400,1400,RGB
Organic/Organic/coffee_tea_bags/Cinnamon_4_1080x.jpg,Cinnamon_4_1080x.jpg,Organic,.jpg,165711,KEEP,,1080,1207,RGB
Organic/Organic/coffee_tea_bags/Coffee-and-tea-bags_Shutterstock_Jouke-van-Keulen.jpg,Coffee-and-tea-bags_Shutterstock_Jouke-van-Keulen.jpg,Organic,.jpg,45324,KEEP,,735,513,RGB
Organic/Organic/coffee_tea_bags/CoffeeBeans_1024x.jpg,CoffeeBeans_1024x.jpg,Organic,.jpg,128765,KEEP,,1024,1024,RGB
Organic/Organic/coffee_tea_bags/Coffee_TeaBags_RGB_2.jpg,Coffee_TeaBags_RGB_2.jpg,Organic,.jpg,289285,KEEP,,2982,1988,RGB
Organic/Organic/coffee_tea_bags/Cool20facts20about20Tea2028629.jpg,Cool20facts20about20Tea2028629.jpg,Organic,.jpg,55007,KEEP,,650,395,RGB
Organic/Organic/coffee_tea_bags/Dip-Bag-01-600x600.png,Dip-Bag-01-600x600.png,Organic,.png,515676,KEEP,,600,600,RGBA
Organic/Organic/coffee_tea_bags/EwRibzWW8AMwyeP.jpg,EwRibzWW8AMwyeP.jpg,Organic,.jpg,36182,KEEP,,506,254,RGB
Organic/Organic/coffee_tea_bags/FUR.TEA.107739981_1672739541471.webp,FUR.TEA.107739981_1672739541471.webp,Organic,.webp,46394,KEEP,,1500,1500,RGB
Organic/Organic/coffee_tea_bags/FUR.TEA.27739890_1672739478453.webp,FUR.TEA.27739890_1672739478453.webp,Organic,.webp,32462,KEEP,,1000,1000,RGB
Organic/Organic/coffee_tea_bags/FUR.TEA.27739890_1672739479680.webp,FUR.TEA.27739890_1672739479680.webp,Organic,.webp,53504,KEEP,,1500,1500,RGB
Organic/Organic/coffee_tea_bags/FUR.TEA.47739945_1672739470040.webp,FUR.TEA.47739945_1672739470040.webp,Organic,.webp,99014,KEEP,,1500,1500,RGB
Organic/Organic/coffee_tea_bags/FUR.TEA.97739955_1672739528138.webp,FUR.TEA.97739955_1672739528138.webp,Organic,.webp,115540,KEEP,,1500,1500,RGB
Organic/Organic/coffee_tea_bags/GlobalSeriesLiquidCoffeeBrews-ArabicCardamom-TrialImage_1200x1200.jpg,GlobalSeriesLiquidCoffeeBrews-ArabicCardamom-TrialImage_1200x1200.jpg,Organic,.jpg,207367,KEEP,,1200,801,RGB
Organic/Organic/coffee_tea_bags/Green-Beans-Coffee-2.png,Green-Beans-Coffee-2.png,Organic,.png,1017529,KEEP,,1600,1600,P
Organic/Organic/coffee_tea_bags/Green-Coffee-Bags.jpg,Green-Coffee-Bags.jpg,Organic,.jpg,82919,KEEP,,1080,1080,RGB
Organic/Organic/coffee_tea_bags/Green-Coffee-Green-Tea-Bags-SDL352859297-1-9e4d7.png,Green-Coffee-Green-Tea-Bags-SDL352859297-1-9e4d7.png,Organic,.png,605300,KEEP,,850,995,RGB
Organic/Organic/coffee_tea_bags/Green-Coffee.jpg,Green-Coffee.jpg,Organic,.jpg,257402,KEEP,,1600,1600,RGB
Organic/Organic/coffee_tea_bags/Green-Zipper-15-Tea-Bags-500x500.png,Green-Zipper-15-Tea-Bags-500x500.png,Organic,.png,42393,KEEP,,500,500,P
Organic/Organic/coffee_tea_bags/Hugo-Coffee-Tea-bags.jpeg,Hugo-Coffee-Tea-bags.jpeg,Organic,.jpeg,68558,KEEP,,1024,683,RGB
Organic/Organic/coffee_tea_bags/IMG_20210615_140202_1_99c77e7f-6033-43bd-b5d6-bac37c2cb86b_1024x.jpg,IMG_20210615_140202_1_99c77e7f-6033-43bd-b5d6-bac37c2cb86b_1024x.jpg,Organic,.jpg,142751,KEEP,,1024,1024,RGB
Organic/Organic/coffee_tea_bags/IMG_7701.JPG.jpg,IMG_7701.JPG.jpg,Organic,.jpg,851261,KEEP,,2500,1875,RGB
Organic/Organic/coffee_tea_bags/IMG_7747.JPG.jpg,IMG_7747.JPG.jpg,Organic,.jpg,755874,KEEP,,2500,1875,RGB
Organic/Organic/coffee_tea_bags/Indian_coffee_beans.jpg,Indian_coffee_beans.jpg,Organic,.jpg,3927096,KEEP,,3648,2736,RGB
Organic/Organic/coffee_tea_bags/Kilimanjaro-Tanzania-Roasted-Coffee-Beans-_2_1200x.jpg,Kilimanjaro-Tanzania-Roasted-Coffee-Beans-_2_1200x.jpg,Organic,.jpg,324659,KEEP,,1200,1200,RGB
Organic/Organic/coffee_tea_bags/LaurenElliePhoto-04001_06e128bc-2494-45da-8b95-d58055a1b85d_600x.jpg,LaurenElliePhoto-04001_06e128bc-2494-45da-8b95-d58055a1b85d_600x.jpg,Organic,.jpg,97170,KEEP,,600,900,RGB
Organic/Organic/coffee_tea_bags/MP000000016744408_658Wx734H_202303032000391.jpeg,MP000000016744408_658Wx734H_202303032000391.jpeg,Organic,.jpeg,94264,KEEP,,658,734,RGB
Organic/Organic/coffee_tea_bags/Maplenut-Large.png,Maplenut-Large.png,Organic,.png,3895483,KEEP,,1920,1920,RGB
Organic/Organic/coffee_tea_bags/Masala-Chai-Tin-Can-_200gm.jpg,Masala-Chai-Tin-Can-_200gm.jpg,Organic,.jpg,36949,KEEP,,500,500,RGB
Organic/Organic/coffee_tea_bags/Naivo-Craft-Coffee-With-Coffee-Brewing-Equipment.jpg,Naivo-Craft-Coffee-With-Coffee-Brewing-Equipment.jpg,Organic,.jpg,121792,KEEP,,1000,667,RGB
Organic/Organic/coffee_tea_bags/PS_ImmunityBoost_Pack-MockUp-with-Teabag_FRONT_600x.png,PS_ImmunityBoost_Pack-MockUp-with-Teabag_FRONT_600x.png,Organic,.png,207631,KEEP,,600,600,RGBA
Organic/Organic/coffee_tea_bags/Progetto-senza-titolo.jpg,Progetto-senza-titolo.jpg,Organic,.jpg,108727,KEEP,,1200,628,RGB
Organic/Organic/coffee_tea_bags/RealCoffeeBag-2-1024x768.jpg,RealCoffeeBag-2-1024x768.jpg,Organic,.jpg,101972,KEEP,,1024,768,RGB
Organic/Organic/coffee_tea_bags/S7e1e604f3d034f399a52858e8be639dfQ.jpg,S7e1e604f3d034f399a52858e8be639dfQ.jpg,Organic,.jpg,230986,KEEP,,2000,2000,RGB
Organic/Organic/coffee_tea_bags/Steeped-Coffee-01-hero-sub-1170x780.jpg,Steeped-Coffee-01-hero-sub-1170x780.jpg,Organic,.jpg,184110,KEEP,,1170,780,RGB
Organic/Organic/coffee_tea_bags/TRYOURFLAVOURSslides_0_1badd587-e728-4880-af9d-0751df69b9f4_1500x.jpg,TRYOURFLAVOURSslides_0_1badd587-e728-4880-af9d-0751df69b9f4_1500x.jpg,Organic,.jpg,375642,KEEP,,1500,2120,RGB
Organic/Organic/coffee_tea_bags/Tassyam-Ground-Coffee-150-gm-SDL893659180-1-dc5dd.jpg,Tassyam-Ground-Coffee-150-gm-SDL893659180-1-dc5dd.jpg,Organic,.jpg,65294,KEEP,,850,995,RGB
Organic/Organic/coffee_tea_bags/Teabags-and-coffee-grounds.jpg,Teabags-and-coffee-grounds.jpg,Organic,.jpg,145149,KEEP,,688,688,RGB
Organic/Organic/coffee_tea_bags/Teabags20and20coffee20filter20with20ground20coffee.jpeg,Teabags20and20coffee20filter20with20ground20coffee.jpeg,Organic,.jpeg,272864,KEEP,,1980,1080,RGB
Organic/Organic/coffee_tea_bags/Top-5-Coffee-Producing-States-In-India.png,Top-5-Coffee-Producing-States-In-India.png,Organic,.png,691593,KEEP,,800,445,RGBA
Organic/Organic/coffee_tea_bags/Tropical_1800x.jpg,Tropical_1800x.jpg,Organic,.jpg,179088,KEEP,,1800,1800,RGB
Organic/Organic/coffee_tea_bags/Types-Of-Coffee-Packaging.jpg,Types-Of-Coffee-Packaging.jpg,Organic,.jpg,76060,KEEP,,1920,1080,RGB
Organic/Organic/coffee_tea_bags/VOTHxV2Bgg.jpg,VOTHxV2Bgg.jpg,Organic,.jpg,59583,KEEP,,800,800,RGB
Organic/Organic/coffee_tea_bags/VksIbFlMs_orig_1080x1440_crop_center.jpg,VksIbFlMs_orig_1080x1440_crop_center.jpg,Organic,.jpg,236887,KEEP,,1080,1440,RGB
Organic/Organic/coffee_tea_bags/White-Chocolate-Covered-Cappuccino-Coffee-Beans-2.jpg,White-Chocolate-Covered-Cappuccino-Coffee-Beans-2.jpg,Organic,.jpg,226440,KEEP,,1600,1600,RGB
Organic/Organic/coffee_tea_bags/WildlandCoffee-2.jpg,WildlandCoffee-2.jpg,Organic,.jpg,45163,KEEP,,750,562,RGB
Organic/Organic/coffee_tea_bags/Woman-Cooking-Onions-478x308.jpg,Woman-Cooking-Onions-478x308.jpg,Organic,.jpg,34232,KEEP,,478,308,RGB
Organic/Organic/coffee_tea_bags/a82ae4de-f25b-45c9-a0dd-5a32a4de43af_425x425.jpg,a82ae4de-f25b-45c9-a0dd-5a32a4de43af_425x425.jpg,Organic,.jpg,32355,KEEP,,425,425,RGB
Organic/Organic/coffee_tea_bags/apple-tea.png,apple-tea.png,Organic,.png,103330,KEEP,,533,632,P
Organic/Organic/coffee_tea_bags/arabica-green-coffee-beans-500x500.jpg,arabica-green-coffee-beans-500x500.jpg,Organic,.jpg,56827,KEEP,,500,499,RGB
Organic/Organic/coffee_tea_bags/beans.png,beans.png,Organic,.png,846852,KEEP,,1920,437,RGBA
Organic/Organic/coffee_tea_bags/benefits-for-the-body.png,benefits-for-the-body.png,Organic,.png,210019,KEEP,,830,1166,RGBA
Organic/Organic/coffee_tea_bags/big_coffee_indian_style_instant_coffee-16457.jpg,big_coffee_indian_style_instant_coffee-16457.jpg,Organic,.jpg,101061,KEEP,,696,905,RGB
Organic/Organic/coffee_tea_bags/coffe-1.jpg.webp,coffe-1.jpg.webp,Organic,.webp,71732,KEEP,,1200,675,RGB
Organic/Organic/coffee_tea_bags/coffe-hyper-Are-there-Coffee-Bags-Like-Tea-Bags.png,coffe-hyper-Are-there-Coffee-Bags-Like-Tea-Bags.png,Organic,.png,670838,KEEP,,1500,925,P
Organic/Organic/coffee_tea_bags/coffee-620_620x350_51476691798.jpg,coffee-620_620x350_51476691798.jpg,Organic,.jpg,43752,KEEP,,620,350,RGB
Organic/Organic/coffee_tea_bags/coffee-and-tea-picture_csp1572201.jpg,coffee-and-tea-picture_csp1572201.jpg,Organic,.jpg,45837,KEEP,,600,419,RGB
Organic/Organic/coffee_tea_bags/coffee-beans-leaf-tea-packed-paper-bag-storage-mockup-white-tag-logo_616001-3365.jpg,coffee-beans-leaf-tea-packed-paper-bag-storage-mockup-white-tag-logo_616001-3365.jpg,Organic,.jpg,63537,KEEP,,626,417,RGB
Organic/Organic/coffee_tea_bags/coffee-beans-near-sack-tea-set-box-sugar-sackcloth_23-2148180210.jpg,coffee-beans-near-sack-tea-set-box-sugar-sackcloth_23-2148180210.jpg,Organic,.jpg,107983,KEEP,,626,417,RGB
Organic/Organic/coffee_tea_bags/coffee-beans-tea-leaves-storage-beans.jpg,coffee-beans-tea-leaves-storage-beans.jpg,Organic,.jpg,67041,KEEP,,1200,1090,RGB
Organic/Organic/coffee_tea_bags/coffee-dip-bag.jpeg,coffee-dip-bag.jpeg,Organic,.jpeg,412004,KEEP,,2000,1262,RGB
Organic/Organic/coffee_tea_bags/coffee-grounds-and-tea-bags.png,coffee-grounds-and-tea-bags.png,Organic,.png,181508,KEEP,,439,447,RGBA
Organic/Organic/coffee_tea_bags/coffee-grounds.jpg,coffee-grounds.jpg,Organic,.jpg,1646981,KEEP,,2121,1414,RGB
Organic/Organic/coffee_tea_bags/coffee-tea-bags.jpg,coffee-tea-bags.jpg,Organic,.jpg,59983,KEEP,,1200,800,RGB
Organic/Organic/coffee_tea_bags/coffee_beans_and_tea_bag_1429728262.jpg,coffee_beans_and_tea_bag_1429728262.jpg,Organic,.jpg,141684,KEEP,,1200,800,RGB
Organic/Organic/coffee_tea_bags/coffee_tea_bags.jpg,coffee_tea_bags.jpg,Organic,.jpg,85190,KEEP,,900,516,RGB
Organic/Organic/coffee_tea_bags/composting-teabag.jpg,composting-teabag.jpg,Organic,.jpg,306015,KEEP,,1600,1200,RGB
Organic/Organic/coffee_tea_bags/creme-brulee-coffee-12oz-ground_900x.jpg,creme-brulee-coffee-12oz-ground_900x.jpg,Organic,.jpg,74039,KEEP,,900,900,RGB
Organic/Organic/coffee_tea_bags/cup-coffee-coffee-beans_164008-356.jpg,cup-coffee-coffee-beans_164008-356.jpg,Organic,.jpg,69821,KEEP,,626,462,RGB
Organic/Organic/coffee_tea_bags/depositphotos_6522878-stock-photo-coffee-beans-pads-and-tea.jpg,depositphotos_6522878-stock-photo-coffee-beans-pads-and-tea.jpg,Organic,.jpg,77154,KEEP,,1024,760,RGB
Organic/Organic/coffee_tea_bags/e-beans-freshly-roasted-product-images-orvzzb1wjpv-p596853334-0-202307051943.jpg,e-beans-freshly-roasted-product-images-orvzzb1wjpv-p596853334-0-202307051943.jpg,Organic,.jpg,193703,KEEP,,1500,1500,RGB
Organic/Organic/coffee_tea_bags/e0061fc43da23a9fd481dd16aa2bbdda.jpg,e0061fc43da23a9fd481dd16aa2bbdda.jpg,Organic,.jpg,49667,KEEP,,736,736,RGB
Organic/Organic/coffee_tea_bags/e775f7fd372e414b924fcad3a829dd08.jpg,e775f7fd372e414b924fcad3a829dd08.jpg,Organic,.jpg,89329,KEEP,,352,480,P
Organic/Organic/coffee_tea_bags/easy-disposable-drip-bag-coffee-tea-bags-ground-173299325.jpg,easy-disposable-drip-bag-coffee-tea-bags-ground-173299325.jpg,Organic,.jpg,117700,KEEP,,1600,1157,RGB
Organic/Organic/coffee_tea_bags/easy-disposable-drip-bag-coffee-tea-bags-ground-173299335.jpg,easy-disposable-drip-bag-coffee-tea-bags-ground-173299335.jpg,Organic,.jpg,157302,KEEP,,1600,1157,RGB
Organic/Organic/coffee_tea_bags/ee-beans-turkish-coffee-pot-cartoon-illustrations-set-for-coffee-shop-vector.jpg,ee-beans-turkish-coffee-pot-cartoon-illustrations-set-for-coffee-shop-vector.jpg,Organic,.jpg,455972,KEEP,,1902,1920,RGB
Organic/Organic/coffee_tea_bags/ee38ee68adac618a6aa7dd4be54ce525.jpg,ee38ee68adac618a6aa7dd4be54ce525.jpg,Organic,.jpg,38544,KEEP,,570,760,RGB
Organic/Organic/coffee_tea_bags/gardening_website_350x2x.jpg,gardening_website_350x2x.jpg,Organic,.jpg,64358,KEEP,,700,394,RGB
Organic/Organic/coffee_tea_bags/green-bin-coffee-tea-bags-1500x1917px.jpg,green-bin-coffee-tea-bags-1500x1917px.jpg,Organic,.jpg,785937,KEEP,,1500,1917,RGB
Organic/Organic/coffee_tea_bags/green-tea-for-weight-loss-8.jpg,green-tea-for-weight-loss-8.jpg,Organic,.jpg,723243,KEEP,,1080,1080,RGB
Organic/Organic/coffee_tea_bags/ground-coffee-tea-bag-isolated-white-background-33941609.jpg,ground-coffee-tea-bag-isolated-white-background-33941609.jpg,Organic,.jpg,68043,KEEP,,1600,1178,RGB
Organic/Organic/coffee_tea_bags/group2F7162Fmenu2F111220_1.jpg,group2F7162Fmenu2F111220_1.jpg,Organic,.jpg,146894,KEEP,,1080,1476,RGB
Organic/Organic/coffee_tea_bags/hd_panduranga_coffee_900x_afac79ed-a644-49e3-8145-f6b8f7caf3ad.jpg,hd_panduranga_coffee_900x_afac79ed-a644-49e3-8145-f6b8f7caf3ad.jpg,Organic,.jpg,68278,KEEP,,720,720,RGB
Organic/Organic/coffee_tea_bags/il_570xN.2192109093_s5rf.jpg,il_570xN.2192109093_s5rf.jpg,Organic,.jpg,149456,KEEP,,570,760,RGB
Organic/Organic/coffee_tea_bags/l-against-white-background-concept-composting-eco-friendly-recycling-2BEXG0J.jpg,l-against-white-background-concept-composting-eco-friendly-recycling-2BEXG0J.jpg,Organic,.jpg,131422,KEEP,,1300,957,RGB
Organic/Organic/coffee_tea_bags/main-qimg-54e341d2fe11ce073c93be5f450cee44.webp,main-qimg-54e341d2fe11ce073c93be5f450cee44.webp,Organic,.webp,37528,KEEP,,600,600,RGB
Organic/Organic/coffee_tea_bags/moringa-dip-bags-500x500.jpg,moringa-dip-bags-500x500.jpg,Organic,.jpg,46156,KEEP,,500,333,RGB
Organic/Organic/coffee_tea_bags/mysore-nuggets-405586_595x.jpg,mysore-nuggets-405586_595x.jpg,Organic,.jpg,73372,KEEP,,595,595,RGB
Organic/Organic/coffee_tea_bags/open-bags-and-collect-tea-leaves-for-composting.jpg,open-bags-and-collect-tea-leaves-for-composting.jpg,Organic,.jpg,59968,KEEP,,730,387,RGB
Organic/Organic/coffee_tea_bags/p-glass-jars-with-tea-bags-and-paper-bags-with-coffee-beans-on-shelves-toned.jpg,p-glass-jars-with-tea-bags-and-paper-bags-with-coffee-beans-on-shelves-toned.jpg,Organic,.jpg,77684,KEEP,,1300,866,RGB
Organic/Organic/coffee_tea_bags/pices-in-glass-armudu-with-coffee-beans-and-sugar-on-dark-background-2EW6TH7.jpg,pices-in-glass-armudu-with-coffee-beans-and-sugar-on-dark-background-2EW6TH7.jpg,Organic,.jpg,97447,KEEP,,867,1390,RGB
Organic/Organic/coffee_tea_bags/png-transparent-instant-coffee-espresso-coffee-bag-tea-bag-coffee-food-tea-coffee.png,png-transparent-instant-coffee-espresso-coffee-bag-tea-bag-coffee-food-tea-coffee.png,Organic,.png,153735,KEEP,,920,1185,P
Organic/Organic/coffee_tea_bags/post-everything-bread-tea-bags-coffee-grounds-i-even-dump-out-my-old-quote-1.jpg,post-everything-bread-tea-bags-coffee-grounds-i-even-dump-out-my-old-quote-1.jpg,Organic,.jpg,67046,KEEP,,620,800,RGB
Organic/Organic/coffee_tea_bags/premiumcoffe.jpg,premiumcoffe.jpg,Organic,.jpg,31998,KEEP,,1348,1348,RGB
Organic/Organic/coffee_tea_bags/product-jpeg-500x500.jpg,product-jpeg-500x500.jpg,Organic,.jpg,32281,KEEP,,281,500,RGB
Organic/Organic/coffee_tea_bags/set-cup-of-tea-with-bag-bag-coffee-beans-coffee-vector-46052070.jpg,set-cup-of-tea-with-bag-bag-coffee-beans-coffee-vector-46052070.jpg,Organic,.jpg,90485,KEEP,,1000,1080,RGB
Organic/Organic/coffee_tea_bags/set-isometric-line-coffee-beans-cup-tea-with-bag-vector-46606594.jpg,set-isometric-line-coffee-beans-cup-tea-with-bag-vector-46606594.jpg,Organic,.jpg,68735,KEEP,,1000,780,RGB
Organic/Organic/coffee_tea_bags/shutterstock_1976758055.jpg,shutterstock_1976758055.jpg,Organic,.jpg,885211,KEEP,,1000,667,RGB
Organic/Organic/coffee_tea_bags/slider_25.png,slider_25.png,Organic,.png,2253206,KEEP,,2393,1049,RGBA
Organic/Organic/coffee_tea_bags/south-indian-filter-coffee-served-traditional-tumbler-cup-roasted-raw-beans_466689-88216.jpg,south-indian-filter-coffee-served-traditional-tumbler-cup-roasted-raw-beans_466689-88216.jpg,Organic,.jpg,44618,KEEP,,626,418,RGB
Organic/Organic/coffee_tea_bags/sted-Coffee-Bean-Tea-Bags-for-400g-500g-1kg-Stand-up-Mylar-Zip-Lock-Pouches.webp,sted-Coffee-Bean-Tea-Bags-for-400g-500g-1kg-Stand-up-Mylar-Zip-Lock-Pouches.webp,Organic,.webp,344750,KEEP,,1500,1500,RGB
Organic/Organic/coffee_tea_bags/stock-photo-three-tea-bags-lie-on-a-background-of-coffee-beans-2135663021.jpg,stock-photo-three-tea-bags-lie-on-a-background-of-coffee-beans-2135663021.jpg,Organic,.jpg,619282,KEEP,,1500,1101,RGB
Organic/Organic/coffee_tea_bags/tea-5174668_1280-e1619903116935.jpg,tea-5174668_1280-e1619903116935.jpg,Organic,.jpg,59997,KEEP,,1200,675,RGB
Organic/Organic/coffee_tea_bags/tea-bag-recycling.jpg,tea-bag-recycling.jpg,Organic,.jpg,128611,KEEP,,300,400,RGB
Organic/Organic/coffee_tea_bags/tea-bags-and-coffee-beans-DE0A54.jpg,tea-bags-and-coffee-beans-DE0A54.jpg,Organic,.jpg,87218,KEEP,,866,1390,RGB
Organic/Organic/coffee_tea_bags/tea-bags-ready-for-despatch-india-AR828D.jpg,tea-bags-ready-for-despatch-india-AR828D.jpg,Organic,.jpg,253250,KEEP,,1300,963,RGB
Organic/Organic/coffee_tea_bags/tea-morning-green-yellow.jpg,tea-morning-green-yellow.jpg,Organic,.jpg,58311,KEEP,,910,607,RGB
Organic/Organic/coffee_tea_bags/tea-vector-line-icons-contains-such-icons-as-cup-of-tea-teabags-coffee-beans.jpg,tea-vector-line-icons-contains-such-icons-as-cup-of-tea-teabags-coffee-beans.jpg,Organic,.jpg,31176,KEEP,,1300,824,RGB
Organic/Organic/coffee_tea_bags/teabag.jpg,teabag.jpg,Organic,.jpg,74773,KEEP,,640,480,RGB
Organic/Organic/coffee_tea_bags/ted-ground-coffee-beans-product-images-orvj6ewaogu-p602294106-1-202306100653.jpg,ted-ground-coffee-beans-product-images-orvj6ewaogu-p602294106-1-202306100653.jpg,Organic,.jpg,365091,KEEP,,1500,1500,RGB
Organic/Organic/coffee_tea_bags/th-coffee-beans-top-view-with-shadow-isolated-on-white-background-1839213553.jpg,th-coffee-beans-top-view-with-shadow-isolated-on-white-background-1839213553.jpg,Organic,.jpg,1107429,KEEP,,1500,1101,RGB
Organic/Organic/coffee_tea_bags/used_teabags_garden_featured.png,used_teabags_garden_featured.png,Organic,.png,471809,KEEP,,1200,630,P
Organic/Organic/coffee_tea_bags/zindagi_green_coffee_beans_400_gm_0.jpg,zindagi_green_coffee_beans_400_gm_0.jpg,Organic,.jpg,31461,KEEP,,600,600,RGB
Organic/Organic/egg_shells/-as-calcium-supplement-popular-asia-india-powder-ground-egg-shells-119970282.jpg,-as-calcium-supplement-popular-asia-india-powder-ground-egg-shells-119970282.jpg,Organic,.jpg,46659,KEEP,,800,534,RGB
Organic/Organic/egg_shells/-of-the-indian-and-pacific-oceans-an-endangered-species-they-travel-t-M9AFPW.jpg,-of-the-indian-and-pacific-oceans-an-endangered-species-they-travel-t-M9AFPW.jpg,Organic,.jpg,280071,KEEP,,1300,957,RGB
Organic/Organic/egg_shells/-shells-with-warm-water-used-as-a-calcium-supplement-and-popular-in-asia-and.jpg,-shells-with-warm-water-used-as-a-calcium-supplement-and-popular-in-asia-and.jpg,Organic,.jpg,87118,KEEP,,1300,866,RGB
Organic/Organic/egg_shells/001_486_IMG_broken-brown-eggshell-marble-surface.jpg,001_486_IMG_broken-brown-eggshell-marble-surface.jpg,Organic,.jpg,65272,KEEP,,1080,790,RGB
Organic/Organic/egg_shells/1-s2.0-S0950061822018086-ga1.jpg,1-s2.0-S0950061822018086-ga1.jpg,Organic,.jpg,34122,KEEP,,500,128,RGB
Organic/Organic/egg_shells/10-Cool-Things-to-Do-With-Eggshells.png,10-Cool-Things-to-Do-With-Eggshells.png,Organic,.png,559793,KEEP,,875,1556,P
Organic/Organic/egg_shells/1000_F_211028023_4K207bEPU7N2cJyvk92D4Ik0TKD93rzy.jpg,1000_F_211028023_4K207bEPU7N2cJyvk92D4Ik0TKD93rzy.jpg,Organic,.jpg,279249,KEEP,,1000,667,RGB
Organic/Organic/egg_shells/1000_F_523577764_HniZM09ls0H3vw7i0DXikSEzdasvzmoy.jpg,1000_F_523577764_HniZM09ls0H3vw7i0DXikSEzdasvzmoy.jpg,Organic,.jpg,416308,KEEP,,1000,720,RGB
Organic/Organic/egg_shells/1_872_600.jpg,1_872_600.jpg,Organic,.jpg,93509,KEEP,,600,511,RGB
Organic/Organic/egg_shells/2020_04_lead_eggshells-on-table_shutterstock_201335783.jpg,2020_04_lead_eggshells-on-table_shutterstock_201335783.jpg,Organic,.jpg,455569,KEEP,,1596,830,RGB
Organic/Organic/egg_shells/51kXtLk8BSL.jpg,51kXtLk8BSL.jpg,Organic,.jpg,45670,KEEP,,1000,1000,RGB
Organic/Organic/egg_shells/5908_egg_shells2.jpg,5908_egg_shells2.jpg,Organic,.jpg,71183,KEEP,,1200,800,RGB
Organic/Organic/egg_shells/5f421e3164a4ed8a454c7b20c1e3ebe5--eggshell-mosaic-tutorial-diy - Copy.jpg,5f421e3164a4ed8a454c7b20c1e3ebe5--eggshell-mosaic-tutorial-diy - Copy.jpg,Organic,.jpg,128830,KEEP,,736,776,RGB
Organic/Organic/egg_shells/698107-hatched-open-poultry-chicks-egg-shells-shell-706502.jpg,698107-hatched-open-poultry-chicks-egg-shells-shell-706502.jpg,Organic,.jpg,50987,KEEP,,1280,720,RGB
Organic/Organic/egg_shells/81E5gnm5CnL._AC_UF10001000_QL80_.jpg,81E5gnm5CnL._AC_UF10001000_QL80_.jpg,Organic,.jpg,98541,KEEP,,1000,983,RGB
Organic/Organic/egg_shells/8d25mv_ncpmpairindiafoodeggshells_625x300_08_October_19.jpg,8d25mv_ncpmpairindiafoodeggshells_625x300_08_October_19.jpg,Organic,.jpg,44846,KEEP,,650,400,RGB
Organic/Organic/egg_shells/AdobeStock_479886517-scaled-e1674774370139.jpeg,AdobeStock_479886517-scaled-e1674774370139.jpeg,Organic,.jpeg,383884,KEEP,,1800,1200,RGB
Organic/Organic/egg_shells/BeachBag_IndiaInk_Egg-DSC_1902-1200_800x.jpg,BeachBag_IndiaInk_Egg-DSC_1902-1200_800x.jpg,Organic,.jpg,222419,KEEP,,800,800,RGB
Organic/Organic/egg_shells/BeachBag_IndiaInk_egg-DSC_2400-1200_800x.jpg,BeachBag_IndiaInk_egg-DSC_2400-1200_800x.jpg,Organic,.jpg,159288,KEEP,,800,800,RGB
Organic/Organic/egg_shells/Chicken-eggshell-membrane-upcycled-for-bakery-Eggbrane-alleviates-joint-stiffness-and-pain.jpg,Chicken-eggshell-membrane-upcycled-for-bakery-Eggbrane-alleviates-joint-stiffness-and-pain.jpg,Organic,.jpg,111912,KEEP,,750,500,RGB
Organic/Organic/egg_shells/Egg-rmh.jpg,Egg-rmh.jpg,Organic,.jpg,156034,KEEP,,1000,750,RGB
Organic/Organic/egg_shells/Eggshell_001.jpg,Eggshell_001.jpg,Organic,.jpg,1356047,KEEP,,2304,1728,RGB
Organic/Organic/egg_shells/Eggshell_THUMBNAIL.jpg,Eggshell_THUMBNAIL.jpg,Organic,.jpg,46167,KEEP,,800,800,RGB
Organic/Organic/egg_shells/Eggshells-Lying-on-the-Ground.jpg,Eggshells-Lying-on-the-Ground.jpg,Organic,.jpg,81749,KEEP,,800,533,RGB
Organic/Organic/egg_shells/Eggshells-and-Other-Food-Waste-on-Compost-Pile.jpg,Eggshells-and-Other-Food-Waste-on-Compost-Pile.jpg,Organic,.jpg,73137,KEEP,,800,533,RGB
Organic/Organic/egg_shells/Eggshells-scaled.jpg,Eggshells-scaled.jpg,Organic,.jpg,386526,KEEP,,2560,1707,RGB
Organic/Organic/egg_shells/Eggshells.jpg,Eggshells.jpg,Organic,.jpg,61198,KEEP,,800,533,RGB
Organic/Organic/egg_shells/EggshellsGardening-3.jpg,EggshellsGardening-3.jpg,Organic,.jpg,1274868,KEEP,,1667,2500,RGB
Organic/Organic/egg_shells/Emu_Egg_shell_painting_world_record-1.jpg,Emu_Egg_shell_painting_world_record-1.jpg,Organic,.jpg,139582,KEEP,,800,533,RGB
Organic/Organic/egg_shells/Engraved-ostrich-eggshell-fragment-Upper-Palaeolithic-Patne-India.png,Engraved-ostrich-eggshell-fragment-Upper-Palaeolithic-Patne-India.png,Organic,.png,217412,KEEP,,765,531,P
Organic/Organic/egg_shells/Engravings-on-ostrich-eggshell-fragment-Patne-western-India-early-Upper-Palaeolithic.png,Engravings-on-ostrich-eggshell-fragment-Patne-western-India-early-Upper-Palaeolithic.png,Organic,.png,71714,KEEP,,467,319,RGB
Organic/Organic/egg_shells/FB-eggshells-for-the-garden.jpg,FB-eggshells-for-the-garden.jpg,Organic,.jpg,40098,KEEP,,1200,630,RGB
Organic/Organic/egg_shells/FB_IMG_1604548763726.jpg,FB_IMG_1604548763726.jpg,Organic,.jpg,59941,KEEP,,640,480,RGB
Organic/Organic/egg_shells/GettyImages-1136556806.jpg,GettyImages-1136556806.jpg,Organic,.jpg,234718,KEEP,,2121,1414,RGB
Organic/Organic/egg_shells/GettyImages-1288209464-e1680536099894.jpg,GettyImages-1288209464-e1680536099894.jpg,Organic,.jpg,453847,KEEP,,2011,1342,RGB
Organic/Organic/egg_shells/HowtoGrindEggshellsforPlants_f6ebf5dc8c7ff2ee2d9fb6778a9bf612_2000.jpeg,HowtoGrindEggshellsforPlants_f6ebf5dc8c7ff2ee2d9fb6778a9bf612_2000.jpeg,Organic,.jpeg,229658,KEEP,,1200,900,RGB
Organic/Organic/egg_shells/IMG_eggshellwaste-848x551.jpg,IMG_eggshellwaste-848x551.jpg,Organic,.jpg,86525,KEEP,,848,551,RGB
Organic/Organic/egg_shells/Image_eggshells.jpg,Image_eggshells.jpg,Organic,.jpg,40414,KEEP,,640,426,RGB
Organic/Organic/egg_shells/MG_0288-2000x1333-2.jpg,MG_0288-2000x1333-2.jpg,Organic,.jpg,283465,KEEP,,2000,1333,RGB
Organic/Organic/egg_shells/MV5BM2M1NzZjNTQtNzliYi00NTA5LWI4NDktY2Q5NDFkMTAxYzk2XkEyXkFqcGdeQXVyMjQwMjk0NjI._V1_.jpg,MV5BM2M1NzZjNTQtNzliYi00NTA5LWI4NDktY2Q5NDFkMTAxYzk2XkEyXkFqcGdeQXVyMjQwMjk0NjI._V1_.jpg,Organic,.jpg,129969,KEEP,,420,652,RGB
Organic/Organic/egg_shells/Ostrich-kaiH--621x414LiveMint.JPG.jpg,Ostrich-kaiH--621x414LiveMint.JPG.jpg,Organic,.jpg,32464,KEEP,,621,414,RGB
Organic/Organic/egg_shells/Powder-preparation-steps-of-calcined-eggshells-a-Eggshell-b-Sun-drying-c.jpg,Powder-preparation-steps-of-calcined-eggshells-a-Eggshell-b-Sun-drying-c.jpg,Organic,.jpg,81296,KEEP,,600,412,RGB
Organic/Organic/egg_shells/Reusing2520Eggshells25201.png,Reusing2520Eggshells25201.png,Organic,.png,577383,KEEP,,515,700,RGB
Organic/Organic/egg_shells/Singapore20Eggshell20Coaster20Making20Workshop20by20Eco20Rangers20Pte20Ltd.jpg,Singapore20Eggshell20Coaster20Making20Workshop20by20Eco20Rangers20Pte20Ltd.jpg,Organic,.jpg,169317,KEEP,,1200,630,RGB
Organic/Organic/egg_shells/The-color-and-pigment-patterns-of-eggshells-vary-greatly-across-avian-lineages-We.png,The-color-and-pigment-patterns-of-eggshells-vary-greatly-across-avian-lineages-We.png,Organic,.png,1337542,KEEP,,850,842,RGBA
Organic/Organic/egg_shells/Things-to-do-with-eggshells-so-they-dont-go-to-waste-on-chemistry-cachet.png,Things-to-do-with-eggshells-so-they-dont-go-to-waste-on-chemistry-cachet.png,Organic,.png,537412,KEEP,,820,450,RGB
Organic/Organic/egg_shells/Used-coffee-grounds-and-eggshells_Juver_shutterstock.jpg,Used-coffee-grounds-and-eggshells_Juver_shutterstock.jpg,Organic,.jpg,122133,KEEP,,810,540,RGB
Organic/Organic/egg_shells/Uses-Eggshells-Tips-A138778491.jpg,Uses-Eggshells-Tips-A138778491.jpg,Organic,.jpg,190001,KEEP,,1880,1000,RGB
Organic/Organic/egg_shells/Walking-on-eggshells-blog-graphics_Facebook.png,Walking-on-eggshells-blog-graphics_Facebook.png,Organic,.png,128646,KEEP,,2500,1313,RGB
Organic/Organic/egg_shells/Waste-Management-Ambikapur-hopes-to-generate-Rs-10000-a-month-from-the-eggshell-initiative1.jpg,Waste-Management-Ambikapur-hopes-to-generate-Rs-10000-a-month-from-the-eggshell-initiative1.jpg,Organic,.jpg,63441,KEEP,,650,450,RGB
Organic/Organic/egg_shells/White-Eggshells-On-a-Wooden-Surface.jpg,White-Eggshells-On-a-Wooden-Surface.jpg,Organic,.jpg,62113,KEEP,,800,533,RGB
Organic/Organic/egg_shells/animist-donyi-polo-shrine-made-from-bamboo-feathers-and-eggshells-E4A21E.jpg,animist-donyi-polo-shrine-made-from-bamboo-feathers-and-eggshells-E4A21E.jpg,Organic,.jpg,265209,KEEP,,1300,955,RGB
Organic/Organic/egg_shells/bowl-containing-eggshells.jpg,bowl-containing-eggshells.jpg,Organic,.jpg,67826,KEEP,,1100,734,RGB
Organic/Organic/egg_shells/broken-egg-shells.jpg,broken-egg-shells.jpg,Organic,.jpg,44746,KEEP,,728,484,RGB
Organic/Organic/egg_shells/broken-eggs-1711144_1920.jpg,broken-eggs-1711144_1920.jpg,Organic,.jpg,296726,KEEP,,1920,1280,RGB
Organic/Organic/egg_shells/broken-eggs-eggshells-carton-mc-2x1-220718.jpg,broken-eggs-eggshells-carton-mc-2x1-220718.jpg,Organic,.jpg,1653596,KEEP,,2400,1200,RGB
Organic/Organic/egg_shells/broken-eggshells-carolsandra-cc.jpg,broken-eggshells-carolsandra-cc.jpg,Organic,.jpg,531997,KEEP,,1000,785,RGB
Organic/Organic/egg_shells/broken-eggshells.jpg,broken-eggshells.jpg,Organic,.jpg,76255,KEEP,,2121,1414,RGB
Organic/Organic/egg_shells/brown-crushed-egg-shell.jpg,brown-crushed-egg-shell.jpg,Organic,.jpg,198532,KEEP,,1000,1667,RGB
Organic/Organic/egg_shells/catalysts-12-00246-ag.png,catalysts-12-00246-ag.png,Organic,.png,279692,KEEP,,1100,560,RGB
Organic/Organic/egg_shells/cc8b3c.jpg,cc8b3c.jpg,Organic,.jpg,85428,KEEP,,1200,803,RGB
Organic/Organic/egg_shells/chicken-of-eggshells.jpg,chicken-of-eggshells.jpg,Organic,.jpg,150477,KEEP,,954,1055,RGB
Organic/Organic/egg_shells/composting-eggshells.jpg,composting-eggshells.jpg,Organic,.jpg,63030,KEEP,,1200,900,RGB
Organic/Organic/egg_shells/crushed-eggshells-for-chickens.jpg,crushed-eggshells-for-chickens.jpg,Organic,.jpg,74251,KEEP,,772,630,RGB
Organic/Organic/egg_shells/crushing-eggshells.jpg.webp,crushing-eggshells.jpg.webp,Organic,.webp,69524,KEEP,,1000,667,RGB
Organic/Organic/egg_shells/depositphotos_40630785-stock-photo-pile-of-broken-eggshells.jpg,depositphotos_40630785-stock-photo-pile-of-broken-eggshells.jpg,Organic,.jpg,54624,KEEP,,600,400,RGB
Organic/Organic/egg_shells/depositphotos_42000011-stock-photo-broken-chicken-eggshells.jpg,depositphotos_42000011-stock-photo-broken-chicken-eggshells.jpg,Organic,.jpg,47268,KEEP,,600,400,RGB
Organic/Organic/egg_shells/egg-shell-1.jpg,egg-shell-1.jpg,Organic,.jpg,42356,KEEP,,1000,1000,RGB
Organic/Organic/egg_shells/egg-shell-1668237416-6621619.jpeg,egg-shell-1668237416-6621619.jpeg,Organic,.jpeg,30594,KEEP,,600,396,RGB
Organic/Organic/egg_shells/egg-shell-header.jpg,egg-shell-header.jpg,Organic,.jpg,81383,KEEP,,860,460,RGB
Organic/Organic/egg_shells/egg-shells-1622966061-5849297.jpeg,egg-shells-1622966061-5849297.jpeg,Organic,.jpeg,62113,KEEP,,800,533,RGB
Organic/Organic/egg_shells/egg-shells.jpg,egg-shells.jpg,Organic,.jpg,241306,KEEP,,1500,1000,RGB
Organic/Organic/egg_shells/egg-shells2.jpg,egg-shells2.jpg,Organic,.jpg,212808,KEEP,,1000,667,RGB
Organic/Organic/egg_shells/eggshell-fertilizer.jpg,eggshell-fertilizer.jpg,Organic,.jpg,55526,KEEP,,1000,667,RGB
Organic/Organic/egg_shells/eggshell20powder-800x800.jpg,eggshell20powder-800x800.jpg,Organic,.jpg,55815,KEEP,,800,800,RGB
Organic/Organic/egg_shells/eggshell9.png,eggshell9.png,Organic,.png,4575730,KEEP,,2000,2000,RGBA
Organic/Organic/egg_shells/eggshellpinfbready.png,eggshellpinfbready.png,Organic,.png,116206,KEEP,,800,419,P
Organic/Organic/egg_shells/eggshells-.png,eggshells-.png,Organic,.png,275543,KEEP,,1200,800,P
Organic/Organic/egg_shells/eggshells-bucket-cropped.jpg,eggshells-bucket-cropped.jpg,Organic,.jpg,322977,KEEP,,1200,956,RGB
Organic/Organic/egg_shells/eggshells-in-bowl-1296x728.jpg,eggshells-in-bowl-1296x728.jpg,Organic,.jpg,44003,KEEP,,1296,728,RGB
Organic/Organic/egg_shells/eggshells-in-garden.jpg,eggshells-in-garden.jpg,Organic,.jpg,613121,KEEP,,849,565,RGB
Organic/Organic/egg_shells/eggshells-in-the-garden.jpg,eggshells-in-the-garden.jpg,Organic,.jpg,64150,KEEP,,500,384,RGB
Organic/Organic/egg_shells/eggshells-slugs-2x.jpg,eggshells-slugs-2x.jpg,Organic,.jpg,129296,KEEP,,450,575,RGB
Organic/Organic/egg_shells/eggshells1.jpg,eggshells1.jpg,Organic,.jpg,34961,KEEP,,590,422,RGB
Organic/Organic/egg_shells/eggshells2.jpg,eggshells2.jpg,Organic,.jpg,646588,KEEP,,866,577,RGB
Organic/Organic/egg_shells/eggshells_759.jpg,eggshells_759.jpg,Organic,.jpg,33055,KEEP,,759,422,RGB
Organic/Organic/egg_shells/eggshells_uses_759.jpg,eggshells_uses_759.jpg,Organic,.jpg,49172,KEEP,,759,422,RGB
Organic/Organic/egg_shells/eggshells_uses_incopy.jpg,eggshells_uses_incopy.jpg,Organic,.jpg,30961,KEEP,,759,500,RGB
Organic/Organic/egg_shells/elisa-sheehan-kintsugi-eggshells-1.jpg,elisa-sheehan-kintsugi-eggshells-1.jpg,Organic,.jpg,126867,KEEP,,1100,1396,RGB
Organic/Organic/egg_shells/ew-group-of-broken-eggshells-stacked-on-white-background-flat-lay-2071149671.jpg,ew-group-of-broken-eggshells-stacked-on-white-background-flat-lay-2071149671.jpg,Organic,.jpg,313281,KEEP,,1500,1521,RGB
Organic/Organic/egg_shells/ew-group-of-broken-eggshells-stacked-on-white-background-flat-lay-2078296249.jpg,ew-group-of-broken-eggshells-stacked-on-white-background-flat-lay-2078296249.jpg,Organic,.jpg,196982,KEEP,,1500,1101,RGB
Organic/Organic/egg_shells/featured-eggshells-in-the-garden.jpg,featured-eggshells-in-the-garden.jpg,Organic,.jpg,56246,KEEP,,1200,1200,RGB
Organic/Organic/egg_shells/feed-chickens-eggshells-calcium-feature-2-1140x912.jpg,feed-chickens-eggshells-calcium-feature-2-1140x912.jpg,Organic,.jpg,110629,KEEP,,1140,912,RGB
Organic/Organic/egg_shells/gettyimages-115783266.jpg,gettyimages-115783266.jpg,Organic,.jpg,32497,KEEP,,1200,800,RGB
Organic/Organic/egg_shells/grinding-eggshells-2x.jpg,grinding-eggshells-2x.jpg,Organic,.jpg,89411,KEEP,,750,350,RGB
Organic/Organic/egg_shells/how-to-use-egg-shells-in-your-beauty-and-skincare-routine-500x300-piccontent.jpg,how-to-use-egg-shells-in-your-beauty-and-skincare-routine-500x300-piccontent.jpg,Organic,.jpg,30772,KEEP,,500,300,RGB
Organic/Organic/egg_shells/how-to-use-eggshells-in-garden.jpg,how-to-use-eggshells-in-garden.jpg,Organic,.jpg,77323,KEEP,,1200,628,RGB
Organic/Organic/egg_shells/iStock_000003656044XSmall_egg-shells.jpg,iStock_000003656044XSmall_egg-shells.jpg,Organic,.jpg,69344,KEEP,,433,277,RGB
Organic/Organic/egg_shells/idiom-walk-on-eggshells.png,idiom-walk-on-eggshells.png,Organic,.png,133058,KEEP,,1000,1500,P
Organic/Organic/egg_shells/il_300x300.4958894282_bt9k.jpg,il_300x300.4958894282_bt9k.jpg,Organic,.jpg,45109,KEEP,,300,300,RGB
Organic/Organic/egg_shells/il_fullxfull.991265431_jqg5.jpg,il_fullxfull.991265431_jqg5.jpg,Organic,.jpg,185843,KEEP,,1125,1125,RGB
Organic/Organic/egg_shells/india-s-fssai-grants-approval-for-nem-2.jpg,india-s-fssai-grants-approval-for-nem-2.jpg,Organic,.jpg,39993,KEEP,,800,450,RGB
Organic/Organic/egg_shells/kvjhnutlxx2zrto2or8j.png,kvjhnutlxx2zrto2or8j.png,Organic,.png,71507,KEEP,,349,480,P
Organic/Organic/egg_shells/l-intro-1680523821.jpg,l-intro-1680523821.jpg,Organic,.jpg,267997,KEEP,,1600,901,RGB
Organic/Organic/egg_shells/making-faces-on-eggshell.jpg,making-faces-on-eggshell.jpg,Organic,.jpg,56311,KEEP,,500,375,RGB
Organic/Organic/egg_shells/maxresdefault.jpg,maxresdefault.jpg,Organic,.jpg,147149,KEEP,,1280,720,RGB
Organic/Organic/egg_shells/maxresdefault2.jpg,maxresdefault2.jpg,Organic,.jpg,171412,KEEP,,1280,720,RGB
Organic/Organic/egg_shells/pexels-antony-trivet-12626269-scaled.jpg,pexels-antony-trivet-12626269-scaled.jpg,Organic,.jpg,768668,KEEP,,2560,1707,RGB
Organic/Organic/egg_shells/powder-ground-egg-shells-warm-water-used-as-calcium-supplement-popular-asia-india-119971114.jpg,powder-ground-egg-shells-warm-water-used-as-calcium-supplement-popular-asia-india-119971114.jpg,Organic,.jpg,51135,KEEP,,800,534,RGB
Organic/Organic/egg_shells/rbzywo5dfoy.jpg,rbzywo5dfoy.jpg,Organic,.jpg,230177,KEEP,,1600,1067,RGB
Organic/Organic/egg_shells/rinsing-eggshells-with-water-before-drying-and-crushing.jpg,rinsing-eggshells-with-water-before-drying-and-crushing.jpg,Organic,.jpg,30617,KEEP,,640,422,RGB
Organic/Organic/egg_shells/robin-eggshells-e1531519300984.jpg,robin-eggshells-e1531519300984.jpg,Organic,.jpg,84147,KEEP,,700,467,RGB
Organic/Organic/egg_shells/ruCCMI2J-eggshells.png,ruCCMI2J-eggshells.png,Organic,.png,169796,KEEP,,745,491,P
Organic/Organic/egg_shells/seedling-growth-in-eggshells.jpg,seedling-growth-in-eggshells.jpg,Organic,.jpg,156639,KEEP,,1600,1200,RGB
Organic/Organic/egg_shells/shutterstock_64124065.jpg,shutterstock_64124065.jpg,Organic,.jpg,75295,KEEP,,1528,800,RGB
Organic/Organic/egg_shells/sprinkling-eggshells-in-garden.jpg,sprinkling-eggshells-in-garden.jpg,Organic,.jpg,106236,KEEP,,1500,1000,RGB
Organic/Organic/egg_shells/stock-photo-eggshell-shell-of-eggs-on-wooden-kitchen-table-1626806662.jpg,stock-photo-eggshell-shell-of-eggs-on-wooden-kitchen-table-1626806662.jpg,Organic,.jpg,1394662,KEEP,,1500,1101,RGB
Organic/Organic/egg_shells/succulents1.jpg,succulents1.jpg,Organic,.jpg,126878,KEEP,,1500,1000,RGB
Organic/Organic/egg_shells/titanosaur-eggs-india-1-1024x705.jpg,titanosaur-eggs-india-1-1024x705.jpg,Organic,.jpg,191312,KEEP,,1024,705,RGB
Organic/Organic/egg_shells/top-view-trash-cooking-concept_1_700x.jpg,top-view-trash-cooking-concept_1_700x.jpg,Organic,.jpg,31112,KEEP,,700,392,RGB
Organic/Organic/egg_shells/upcycled-eggshells_Personal-Creations.jpg,upcycled-eggshells_Personal-Creations.jpg,Organic,.jpg,51992,KEEP,,800,462,RGB
Organic/Organic/egg_shells/walking_on_egg_shells_800_wht.jpg,walking_on_egg_shells_800_wht.jpg,Organic,.jpg,32540,KEEP,,800,800,RGB
Organic/Organic/egg_shells/ways-to-reuse-eggshells-1614120054.jpg,ways-to-reuse-eggshells-1614120054.jpg,Organic,.jpg,219531,KEEP,,2124,1411,RGB
Organic/Organic/egg_shells/ways-to-use-eggshells.jpeg,ways-to-use-eggshells.jpeg,Organic,.jpeg,96037,KEEP,,1200,800,RGB
Organic/Organic/egg_shells/white-egg-shell-granules.jpg,white-egg-shell-granules.jpg,Organic,.jpg,113681,KEEP,,1000,1333,RGB
Organic/Organic/food_scraps/-bread-organic-waste-isolated-shite-background-flat-illustration_74855-14373.jpg,-bread-organic-waste-isolated-shite-background-flat-illustration_74855-14373.jpg,Organic,.jpg,35240,KEEP,,626,398,RGB
Organic/Organic/food_scraps/0.07700600_1571147766_14.jpg,0.07700600_1571147766_14.jpg,Organic,.jpg,132525,KEEP,,1024,458,RGB
Organic/Organic/food_scraps/0.32790600_1489483849_food-loss.jpg,0.32790600_1489483849_food-loss.jpg,Organic,.jpg,72344,KEEP,,1024,681,RGB
Organic/Organic/food_scraps/001_41_IMG_WEB_191204228_Loop-848x565.jpg,001_41_IMG_WEB_191204228_Loop-848x565.jpg,Organic,.jpg,154765,KEEP,,848,565,RGB
Organic/Organic/food_scraps/00vid-skorea-waste-21719-cover-superJumbo.jpg,00vid-skorea-waste-21719-cover-superJumbo.jpg,Organic,.jpg,177870,KEEP,,1920,1080,RGB
Organic/Organic/food_scraps/1024px-Household_food_trash_NY.jpg,1024px-Household_food_trash_NY.jpg,Organic,.jpg,171400,KEEP,,1024,768,RGB
Organic/Organic/food_scraps/14220kg-foodscrapstrial-45.jpg,14220kg-foodscrapstrial-45.jpg,Organic,.jpg,1937119,KEEP,,2048,1366,RGB
Organic/Organic/food_scraps/1503810939_3XUEDx_Food_Wastage.jpg,1503810939_3XUEDx_Food_Wastage.jpg,Organic,.jpg,95019,KEEP,,703,470,RGB
Organic/Organic/food_scraps/1600x960_804605-food-waste.jpg,1600x960_804605-food-waste.jpg,Organic,.jpg,61895,KEEP,,1600,960,RGB
Organic/Organic/food_scraps/190726-compost-al-1416.jpg,190726-compost-al-1416.jpg,Organic,.jpg,2566904,KEEP,,2500,1667,RGB
Organic/Organic/food_scraps/20120223174847-1_0.jpg,20120223174847-1_0.jpg,Organic,.jpg,462305,KEEP,,900,506,RGB
Organic/Organic/food_scraps/3141b180-d58c-11ed-86ff-b93329756f4a.cf.jpg,3141b180-d58c-11ed-86ff-b93329756f4a.cf.jpg,Organic,.jpg,101115,KEEP,,875,525,RGB
Organic/Organic/food_scraps/4-Easy-Methods-to-Repurpose-Food-Scraps-Through-Kitchen-Composting.jpg,4-Easy-Methods-to-Repurpose-Food-Scraps-Through-Kitchen-Composting.jpg,Organic,.jpg,88619,KEEP,,1200,630,RGB
Organic/Organic/food_scraps/42f8fcd0-2ddc-4d55-bb9f-ed434d_1200x768.jpeg,42f8fcd0-2ddc-4d55-bb9f-ed434d_1200x768.jpeg,Organic,.jpeg,43228,KEEP,,773,435,RGB
Organic/Organic/food_scraps/5.png,5.png,Organic,.png,1431149,KEEP,,1200,675,RGBA
Organic/Organic/food_scraps/585639-indiafood-poverty.jpg,585639-indiafood-poverty.jpg,Organic,.jpg,30610,KEEP,,700,400,RGB
Organic/Organic/food_scraps/6106-05977845a_2400x1600.jpg.jpg,6106-05977845a_2400x1600.jpg.jpg,Organic,.jpg,203234,KEEP,,1536,864,RGB
Organic/Organic/food_scraps/7056505-untitled-design-2022-09-22t165643215.png,7056505-untitled-design-2022-09-22t165643215.png,Organic,.png,65806,KEEP,,940,545,RGB
Organic/Organic/food_scraps/81333635.jpg,81333635.jpg,Organic,.jpg,79150,KEEP,,1200,900,RGB
Organic/Organic/food_scraps/828950-52136-ryfqandgvd-1487872329.jpg,828950-52136-ryfqandgvd-1487872329.jpg,Organic,.jpg,90235,KEEP,,1200,630,RGB
Organic/Organic/food_scraps/9122rFZCfiL._AC_UF10001000_QL80_.jpg,9122rFZCfiL._AC_UF10001000_QL80_.jpg,Organic,.jpg,240217,KEEP,,800,1000,RGB
Organic/Organic/food_scraps/97085579.jpg,97085579.jpg,Organic,.jpg,55706,KEEP,,1200,900,RGB
Organic/Organic/food_scraps/A1MBvKpOlxL._AC_UF10001000_QL80_.jpg,A1MBvKpOlxL._AC_UF10001000_QL80_.jpg,Organic,.jpg,188567,KEEP,,823,1000,RGB
Organic/Organic/food_scraps/AdobeStock_539756104_e836ab76d05c8bfad90ac05325f1c4bf.jpeg,AdobeStock_539756104_e836ab76d05c8bfad90ac05325f1c4bf.jpeg,Organic,.jpeg,38121,KEEP,,640,360,RGB
Organic/Organic/food_scraps/AdobeStock_550660149_428fd902f4247199467725e7eccf1673.jpeg,AdobeStock_550660149_428fd902f4247199467725e7eccf1673.jpeg,Organic,.jpeg,77710,KEEP,,735,414,RGB
Organic/Organic/food_scraps/Are_landfills_in_India_overloaded_from_Food_wastes.jpg,Are_landfills_in_India_overloaded_from_Food_wastes.jpg,Organic,.jpg,591953,KEEP,,1280,780,RGB
Organic/Organic/food_scraps/Bobby-Berk_Veggie-Scraps_Sustainable_3.jpg,Bobby-Berk_Veggie-Scraps_Sustainable_3.jpg,Organic,.jpg,315485,KEEP,,2012,1340,RGB
Organic/Organic/food_scraps/Composting-1.jpg,Composting-1.jpg,Organic,.jpg,80961,KEEP,,1280,474,RGB
Organic/Organic/food_scraps/Composting-1024x341-1.jpeg,Composting-1024x341-1.jpeg,Organic,.jpeg,93828,KEEP,,1024,341,RGB
Organic/Organic/food_scraps/Composting-Food-Waste.jpg,Composting-Food-Waste.jpg,Organic,.jpg,82588,KEEP,,601,400,RGB
Organic/Organic/food_scraps/Composting-Matt-Vasilogambros.jpeg,Composting-Matt-Vasilogambros.jpeg,Organic,.jpeg,283592,KEEP,,1500,1125,RGB
Organic/Organic/food_scraps/Cooking-With-Food-Scraps.jpg,Cooking-With-Food-Scraps.jpg,Organic,.jpg,894102,KEEP,,880,560,RGB
Organic/Organic/food_scraps/Crafts-from-Food-Scraps.jpg,Crafts-from-Food-Scraps.jpg,Organic,.jpg,185563,KEEP,,1000,1500,RGB
Organic/Organic/food_scraps/DSC_0543.jpg,DSC_0543.jpg,Organic,.jpg,2548747,KEEP,,2048,2048,RGB
Organic/Organic/food_scraps/Eliminating-Food-Wastage-to-Eradicate-Hunger.png,Eliminating-Food-Wastage-to-Eradicate-Hunger.png,Organic,.png,867483,KEEP,,1280,350,RGB
Organic/Organic/food_scraps/Food-Scraps-for-Your-Garden.jpg,Food-Scraps-for-Your-Garden.jpg,Organic,.jpg,189644,KEEP,,600,902,RGB
Organic/Organic/food_scraps/Food-Wastage.jpg,Food-Wastage.jpg,Organic,.jpg,217789,KEEP,,1500,999,RGB
Organic/Organic/food_scraps/Food-scraps-and-waste.jpg,Food-scraps-and-waste.jpg,Organic,.jpg,49027,KEEP,,666,374,RGB
Organic/Organic/food_scraps/Food-waste-Indian-weddings.jpeg,Food-waste-Indian-weddings.jpeg,Organic,.jpeg,321074,KEEP,,1500,900,RGB
Organic/Organic/food_scraps/Food20scraps20into20green20cart.jpg,Food20scraps20into20green20cart.jpg,Organic,.jpg,1577327,KEEP,,2758,1684,RGB
Organic/Organic/food_scraps/FoodScraps_667731404_Feature.jpg,FoodScraps_667731404_Feature.jpg,Organic,.jpg,800953,KEEP,,2400,1350,RGB
Organic/Organic/food_scraps/FoodWaste.jpg,FoodWaste.jpg,Organic,.jpg,893402,KEEP,,1500,899,RGB
Organic/Organic/food_scraps/Food_Scraps_and_Yard_Debris_Collection_in_Portland_2010_by_Tim_Jewett.JPG.jpg,Food_Scraps_and_Yard_Debris_Collection_in_Portland_2010_by_Tim_Jewett.JPG.jpg,Organic,.jpg,4057650,KEEP,,2000,3000,RGB
Organic/Organic/food_scraps/Food_Tank_Reduce_Food_Waste.jpg,Food_Tank_Reduce_Food_Waste.jpg,Organic,.jpg,169186,KEEP,,1500,900,RGB
Organic/Organic/food_scraps/HOW-CAN-WE-HELP-1.jpg,HOW-CAN-WE-HELP-1.jpg,Organic,.jpg,221263,KEEP,,700,495,RGB
Organic/Organic/food_scraps/Hunger.jpg,Hunger.jpg,Organic,.jpg,633850,KEEP,,2500,1500,RGB
Organic/Organic/food_scraps/IMG_1992.jpg,IMG_1992.jpg,Organic,.jpg,2936267,KEEP,,4032,3024,RGB
Organic/Organic/food_scraps/IMG_8177-2B-25282-2529.jpg,IMG_8177-2B-25282-2529.jpg,Organic,.jpg,106729,KEEP,,1024,835,RGB
Organic/Organic/food_scraps/MIT-Food-Scraps.jpg,MIT-Food-Scraps.jpg,Organic,.jpg,137194,KEEP,,842,561,RGB
Organic/Organic/food_scraps/Organic-food-waste-scaled-1.jpeg,Organic-food-waste-scaled-1.jpeg,Organic,.jpeg,519300,KEEP,,2560,1709,RGB
Organic/Organic/food_scraps/Organic-waste-to-wealth.jpg,Organic-waste-to-wealth.jpg,Organic,.jpg,932325,KEEP,,1200,911,RGB
Organic/Organic/food_scraps/Samad-lede.jpg,Samad-lede.jpg,Organic,.jpg,1093907,KEEP,,2560,1440,RGB
Organic/Organic/food_scraps/Sustainability-clearcuts-foodscraps-lrg.jpg,Sustainability-clearcuts-foodscraps-lrg.jpg,Organic,.jpg,328024,KEEP,,1400,934,RGB
Organic/Organic/food_scraps/TasteofTelangana_BlogPhotos_30052021_1200.jpg,TasteofTelangana_BlogPhotos_30052021_1200.jpg,Organic,.jpg,58564,KEEP,,750,500,RGB
Organic/Organic/food_scraps/Trashed_vegetables_in_Luxembourg.jpeg,Trashed_vegetables_in_Luxembourg.jpeg,Organic,.jpeg,784985,KEEP,,2048,1536,RGB
Organic/Organic/food_scraps/Typical_North_India_Food_Prepared_for_Rongmei_Naga.jpg,Typical_North_India_Food_Prepared_for_Rongmei_Naga.jpg,Organic,.jpg,88108,KEEP,,703,694,RGB
Organic/Organic/food_scraps/Waste-food_bg.jpg,Waste-food_bg.jpg,Organic,.jpg,53263,KEEP,,900,600,RGB
Organic/Organic/food_scraps/Waste-segregation-04.jpg,Waste-segregation-04.jpg,Organic,.jpg,61687,KEEP,,628,338,RGB
Organic/Organic/food_scraps/Website-Thumbnail-food-india-junk-food-eating.jpg,Website-Thumbnail-food-india-junk-food-eating.jpg,Organic,.jpg,256802,KEEP,,600,600,RGB
Organic/Organic/food_scraps/What-is-Food-Waste.png,What-is-Food-Waste.png,Organic,.png,809698,KEEP,,1280,720,RGBA
Organic/Organic/food_scraps/What_are_the_advantages_of_proper_food_waste_management.jpg,What_are_the_advantages_of_proper_food_waste_management.jpg,Organic,.jpg,771647,KEEP,,1280,780,RGB
Organic/Organic/food_scraps/ZWM-compost-scaled.jpg,ZWM-compost-scaled.jpg,Organic,.jpg,465639,KEEP,,2560,1709,RGB
Organic/Organic/food_scraps/aa-Cover-74rf5oelkbaeo8j1kmiamu31v7-20171227011258.Medi.jpeg,aa-Cover-74rf5oelkbaeo8j1kmiamu31v7-20171227011258.Medi.jpeg,Organic,.jpeg,97535,KEEP,,800,448,RGB
Organic/Organic/food_scraps/ac_food_scraps_fairy_shot_3_1686.jpg,ac_food_scraps_fairy_shot_3_1686.jpg,Organic,.jpg,460080,KEEP,,1600,1067,RGB
Organic/Organic/food_scraps/apples.png,apples.png,Organic,.png,715842,KEEP,,925,521,RGB
Organic/Organic/food_scraps/arina20cooking20with20scraps.jpg,arina20cooking20with20scraps.jpg,Organic,.jpg,244965,KEEP,,1200,1600,RGB
Organic/Organic/food_scraps/b24fb5ba50e1c08c306afdb2ff49b1ac8a1ecd03.jpeg,b24fb5ba50e1c08c306afdb2ff49b1ac8a1ecd03.jpeg,Organic,.jpeg,3008427,KEEP,,3000,2000,RGB
Organic/Organic/food_scraps/bc914a33536d6cc8f833b89843d63a9c.jpg,bc914a33536d6cc8f833b89843d63a9c.jpg,Organic,.jpg,180860,KEEP,,1200,675,RGB
Organic/Organic/food_scraps/broth-from-scraps.jpeg,broth-from-scraps.jpeg,Organic,.jpeg,228314,KEEP,,865,865,RGB
Organic/Organic/food_scraps/collecting-food-scraps-4-compost-640s.jpg,collecting-food-scraps-4-compost-640s.jpg,Organic,.jpg,155311,KEEP,,640,640,RGB
Organic/Organic/food_scraps/composition-compost-made-rotten-food_23-2149073812.jpg,composition-compost-made-rotten-food_23-2149073812.jpg,Organic,.jpg,56488,KEEP,,626,418,RGB
Organic/Organic/food_scraps/compost-them-1644793139.jpg,compost-them-1644793139.jpg,Organic,.jpg,146730,KEEP,,780,438,RGB
Organic/Organic/food_scraps/composting-methods.jpg,composting-methods.jpg,Organic,.jpg,303363,KEEP,,1807,1200,RGB
Organic/Organic/food_scraps/content13101.jpg,content13101.jpg,Organic,.jpg,300157,KEEP,,1000,562,RGB
Organic/Organic/food_scraps/cover-1-24.jpg,cover-1-24.jpg,Organic,.jpg,126367,KEEP,,750,485,RGB
Organic/Organic/food_scraps/cristiano-pinto-2lWGQ02DGL8-un_1_x.jpeg,cristiano-pinto-2lWGQ02DGL8-un_1_x.jpeg,Organic,.jpeg,678945,KEEP,,2438,2438,RGB
Organic/Organic/food_scraps/csm_Header_Food_Waste_1_7eb721ff62.jpg,csm_Header_Food_Waste_1_7eb721ff62.jpg,Organic,.jpg,245842,KEEP,,2000,1047,RGB
Organic/Organic/food_scraps/dc-Cover-cgac7t839uh8gjfhkmi1avj642-20190223024739.Medi.jpeg,dc-Cover-cgac7t839uh8gjfhkmi1avj642-20190223024739.Medi.jpeg,Organic,.jpeg,77819,KEEP,,800,448,RGB
Organic/Organic/food_scraps/depositphotos_320625516-stock-photo-domestic-food-waste-compost-fruits.jpg,depositphotos_320625516-stock-photo-domestic-food-waste-compost-fruits.jpg,Organic,.jpg,260304,KEEP,,1600,1168,RGB
Organic/Organic/food_scraps/depositphotos_68423525-stock-photo-a-pile-of-food-waste.jpg,depositphotos_68423525-stock-photo-a-pile-of-food-waste.jpg,Organic,.jpg,95746,KEEP,,1024,680,RGB
Organic/Organic/food_scraps/domestic-food-waste-compost-fruits-vegetables-white-background-compostable-scraps-164425010.jpg,domestic-food-waste-compost-fruits-vegetables-white-background-compostable-scraps-164425010.jpg,Organic,.jpg,93973,KEEP,,800,534,RGB
Organic/Organic/food_scraps/egetables-and-fruits-in-a-huge-container-in-a-rubbish-bin-heap-of-2203815095.jpg,egetables-and-fruits-in-a-huge-container-in-a-rubbish-bin-heap-of-2203815095.jpg,Organic,.jpg,533263,KEEP,,1500,1099,RGB
Organic/Organic/food_scraps/fight-food-waste-1533137513976-1533137515977.jpg,fight-food-waste-1533137513976-1533137515977.jpg,Organic,.jpg,97082,KEEP,,1200,628,RGB
Organic/Organic/food_scraps/file-20230601-15-v2l0pv.jpg,file-20230601-15-v2l0pv.jpg,Organic,.jpg,290172,KEEP,,1920,864,RGB
Organic/Organic/food_scraps/file7g1gomxjw28p61iggbn-993894-1622829644.jpg,file7g1gomxjw28p61iggbn-993894-1622829644.jpg,Organic,.jpg,197152,KEEP,,1200,800,RGB
Organic/Organic/food_scraps/food-ngo_bbdf8874-4643-11e6-8e05-c384b245cd95.jpg,food-ngo_bbdf8874-4643-11e6-8e05-c384b245cd95.jpg,Organic,.jpg,57008,KEEP,,640,480,RGB
Organic/Organic/food_scraps/food-scraps-flyer-1-1.png,food-scraps-flyer-1-1.png,Organic,.png,3050594,KEEP,,3600,4800,P
Organic/Organic/food_scraps/food-scraps-recipes.jpg,food-scraps-recipes.jpg,Organic,.jpg,108534,KEEP,,1500,1000,RGB
Organic/Organic/food_scraps/food-scraps-shutterstock-c.jpg,food-scraps-shutterstock-c.jpg,Organic,.jpg,792597,KEEP,,1600,900,RGB
Organic/Organic/food_scraps/food-wastage-ap.jpg,food-wastage-ap.jpg,Organic,.jpg,61926,KEEP,,660,440,RGB
Organic/Organic/food_scraps/food-waste-14654962.jpg,food-waste-14654962.jpg,Organic,.jpg,37410,KEEP,,800,532,RGB
Organic/Organic/food_scraps/food-waste-adobe.jpg,food-waste-adobe.jpg,Organic,.jpg,2771568,KEEP,,2000,1333,RGB
Organic/Organic/food_scraps/food-waste-at-home-independence-day-special.jpg,food-waste-at-home-independence-day-special.jpg,Organic,.jpg,69474,KEEP,,660,330,RGB
Organic/Organic/food_scraps/food-waste-in-america1.jpg,food-waste-in-america1.jpg,Organic,.jpg,1045297,KEEP,,980,654,RGB
Organic/Organic/food_scraps/food-waste-problem.jpg,food-waste-problem.jpg,Organic,.jpg,527095,KEEP,,1920,1276,RGB
Organic/Organic/food_scraps/food-waste.jpg,food-waste.jpg,Organic,.jpg,85073,KEEP,,1200,669,RGB
Organic/Organic/food_scraps/food-wate.jpg,food-wate.jpg,Organic,.jpg,104519,KEEP,,500,332,RGB
Organic/Organic/food_scraps/food.jpeg,food.jpeg,Organic,.jpeg,154064,KEEP,,922,690,RGB
Organic/Organic/food_scraps/food20scraps20MR1540.jpg,food20scraps20MR1540.jpg,Organic,.jpg,856787,KEEP,,1540,800,RGB
Organic/Organic/food_scraps/food_scraps_pile.jpg,food_scraps_pile.jpg,Organic,.jpg,186400,KEEP,,850,638,RGB
Organic/Organic/food_scraps/foodwaste3.jpg,foodwaste3.jpg,Organic,.jpg,149299,KEEP,,1000,600,RGB
Organic/Organic/food_scraps/fpiikgio_food-waste-istock-650_650x400_05_March_21.jpg,fpiikgio_food-waste-istock-650_650x400_05_March_21.jpg,Organic,.jpg,49122,KEEP,,650,400,RGB
Organic/Organic/food_scraps/getty-inedible-food-scraps-Jenny-Dettrick.jpg,getty-inedible-food-scraps-Jenny-Dettrick.jpg,Organic,.jpg,701963,KEEP,,1170,769,RGB
Organic/Organic/food_scraps/gfx4-x1280.jpeg,gfx4-x1280.jpeg,Organic,.jpeg,185331,KEEP,,843,1280,RGB
Organic/Organic/food_scraps/girl20edible20vegetables20food20DH-1562441019.jpg,girl20edible20vegetables20food20DH-1562441019.jpg,Organic,.jpg,320698,KEEP,,1200,890,RGB
Organic/Organic/food_scraps/healthy-food-eating-groceries-1296x728-header-1.jpg,healthy-food-eating-groceries-1296x728-header-1.jpg,Organic,.jpg,136507,KEEP,,1296,728,RGB
Organic/Organic/food_scraps/home-composter-with-food-scraps-and-vegetable-waste-BN3YRY.jpg,home-composter-with-food-scraps-and-vegetable-waste-BN3YRY.jpg,Organic,.jpg,259953,KEEP,,1300,954,RGB
Organic/Organic/food_scraps/household-food-waste-for-compositing-BE06K7.jpg,household-food-waste-for-compositing-BE06K7.jpg,Organic,.jpg,182061,KEEP,,1300,960,RGB
Organic/Organic/food_scraps/how-to-stop-food-waste-1620830827.jpg,how-to-stop-food-waste-1620830827.jpg,Organic,.jpg,228559,KEEP,,2119,1415,RGB
Organic/Organic/food_scraps/iStock-1216122354.jpg,iStock-1216122354.jpg,Organic,.jpg,665890,KEEP,,1200,800,RGB
Organic/Organic/food_scraps/iStock-1225253924_resized.jpg,iStock-1225253924_resized.jpg,Organic,.jpg,474405,KEEP,,900,600,RGB
Organic/Organic/food_scraps/iStock-1281092545-1.jpg,iStock-1281092545-1.jpg,Organic,.jpg,171575,KEEP,,1920,1080,RGB
Organic/Organic/food_scraps/iStock-1310811753.jpg,iStock-1310811753.jpg,Organic,.jpg,414682,KEEP,,1253,836,RGB
Organic/Organic/food_scraps/iStock-172481514.jpg,iStock-172481514.jpg,Organic,.jpg,801498,KEEP,,2048,1536,RGB
Organic/Organic/food_scraps/img_156025_foodwasteindex.jpg,img_156025_foodwasteindex.jpg,Organic,.jpg,257050,KEEP,,1333,1867,RGB
Organic/Organic/food_scraps/img_156027_foodwasteindex2.jpg,img_156027_foodwasteindex2.jpg,Organic,.jpg,275606,KEEP,,1333,1867,RGB
Organic/Organic/food_scraps/innovationsustainabilitya-home-bin-turning-food-scraps-into-farm-feed.png,innovationsustainabilitya-home-bin-turning-food-scraps-into-farm-feed.png,Organic,.png,542118,KEEP,,1500,698,P
Organic/Organic/food_scraps/kisspng-drawing-tree-apple-clip-art-food-scraps-5b1a04b3888213.1340075715284317955592.jpg,kisspng-drawing-tree-apple-clip-art-food-scraps-5b1a04b3888213.1340075715284317955592.jpg,Organic,.jpg,244051,KEEP,,900,1040,RGB
Organic/Organic/food_scraps/kitchen-waste.jpg,kitchen-waste.jpg,Organic,.jpg,96721,KEEP,,1000,667,RGB
Organic/Organic/food_scraps/l-intro-1644823869.jpg,l-intro-1644823869.jpg,Organic,.jpg,384074,KEEP,,1600,899,RGB
Organic/Organic/food_scraps/l-intro-1669916430.jpg,l-intro-1669916430.jpg,Organic,.jpg,356236,KEEP,,1600,900,RGB
Organic/Organic/food_scraps/maxresdefault.jpg,maxresdefault.jpg,Organic,.jpg,118618,KEEP,,1280,720,RGB
Organic/Organic/food_scraps/maxresdefault2.jpg,maxresdefault2.jpg,Organic,.jpg,179092,KEEP,,1280,720,RGB
Organic/Organic/food_scraps/maxresdefault3.jpg,maxresdefault3.jpg,Organic,.jpg,232654,KEEP,,1280,720,RGB
Organic/Organic/food_scraps/msYOpyieqtTMURt-800x450-noPad.jpg,msYOpyieqtTMURt-800x450-noPad.jpg,Organic,.jpg,70389,KEEP,,750,421,RGB
Organic/Organic/food_scraps/np_file_233459.jpeg,np_file_233459.jpeg,Organic,.jpeg,243704,KEEP,,2000,1333,RGB
Organic/Organic/food_scraps/rbage-thrown-open-ground-food-waste-polythene-bags-dump-yard-scrap-228828546.jpg,rbage-thrown-open-ground-food-waste-polythene-bags-dump-yard-scrap-228828546.jpg,Organic,.jpg,294803,KEEP,,1600,1157,RGB
Organic/Organic/food_scraps/reusing-kitchen-scraps-FB.jpg,reusing-kitchen-scraps-FB.jpg,Organic,.jpg,97921,KEEP,,1200,630,RGB
Organic/Organic/food_scraps/rotten-7362269_1170x658.jpg,rotten-7362269_1170x658.jpg,Organic,.jpg,205080,KEEP,,1170,658,RGB
Organic/Organic/food_scraps/shutterstock_1194695191-scaled.jpg,shutterstock_1194695191-scaled.jpg,Organic,.jpg,978513,KEEP,,2560,1707,RGB
Organic/Organic/food_scraps/shutterstock_344303585.jpeg,shutterstock_344303585.jpeg,Organic,.jpeg,355668,KEEP,,1400,630,RGB
Organic/Organic/food_scraps/shutterstock_649541308-1-16410171154x3.jpg,shutterstock_649541308-1-16410171154x3.jpg,Organic,.jpg,508734,KEEP,,1600,1200,RGB
Organic/Organic/food_scraps/stock-photo-compost-pile-hill-of-kitchen-scraps-isolated-on-white-background-170960243.jpg,stock-photo-compost-pile-hill-of-kitchen-scraps-isolated-on-white-background-170960243.jpg,Organic,.jpg,803856,KEEP,,1500,1600,RGB
Organic/Organic/food_scraps/stock-photo-organic-waste-food-and-home-waste-used-to-make-compost-619780853.jpg,stock-photo-organic-waste-food-and-home-waste-used-to-make-compost-619780853.jpg,Organic,.jpg,510275,KEEP,,1500,1101,RGB
Organic/Organic/food_scraps/stock-photo-vegetable-food-scraps-1895608405.jpg,stock-photo-vegetable-food-scraps-1895608405.jpg,Organic,.jpg,1738784,KEEP,,1002,1600,RGB
Organic/Organic/food_scraps/sustainability-waste-reducing-food-loss-article-header-fw.jpg,sustainability-waste-reducing-food-loss-article-header-fw.jpg,Organic,.jpg,133571,KEEP,,1920,600,RGB
Organic/Organic/food_scraps/t-and-egg-waste-collected-in-a-bin-for-home-composting-and-gardening-2BTFMN4.jpg,t-and-egg-waste-collected-in-a-bin-for-home-composting-and-gardening-2BTFMN4.jpg,Organic,.jpg,154805,KEEP,,1300,1129,RGB
Organic/Organic/food_scraps/tamil-nadu-india-february-15-2018-food-waste-2B14J71.jpg,tamil-nadu-india-february-15-2018-food-waste-2B14J71.jpg,Organic,.jpg,70324,KEEP,,1300,955,RGB
Organic/Organic/food_scraps/top-view-trash-cooking-concept_23-2149056484.jpg,top-view-trash-cooking-concept_23-2149056484.jpg,Organic,.jpg,101202,KEEP,,626,418,RGB
Organic/Organic/food_scraps/top-view-trash-cooking-concept_23-2149056487.jpg,top-view-trash-cooking-concept_23-2149056487.jpg,Organic,.jpg,69853,KEEP,,626,418,RGB
Organic/Organic/food_scraps/trash-talk-5-food-scraps-you-should-not-be-throwing-away.1280x600.jpg,trash-talk-5-food-scraps-you-should-not-be-throwing-away.1280x600.jpg,Organic,.jpg,262627,KEEP,,1280,600,RGB
Organic/Organic/food_scraps/un-food-waste-2013-feature_1474021852.jpg,un-food-waste-2013-feature_1474021852.jpg,Organic,.jpg,121503,KEEP,,725,398,RGB
Organic/Organic/food_scraps/unavoidable-waste.jpg,unavoidable-waste.jpg,Organic,.jpg,55254,KEEP,,1000,665,RGB
Organic/Organic/food_scraps/vegetable-scraps-1-768x587-1.jpg,vegetable-scraps-1-768x587-1.jpg,Organic,.jpg,46175,KEEP,,768,587,RGB
Organic/Organic/food_scraps/wasted-food2.png,wasted-food2.png,Organic,.png,449534,KEEP,,600,401,RGB
Organic/Organic/food_scraps/watermelon-rind-rinds-1296x728-header.jpg,watermelon-rind-rinds-1296x728-header.jpg,Organic,.jpg,190662,KEEP,,1296,728,RGB
Organic/Organic/food_scraps/zero-waste-26.jpg,zero-waste-26.jpg,Organic,.jpg,65153,KEEP,,800,800,RGB
Organic/Organic/kitchen_waste/0503070015-01-Kitchen-Waste-Compost.jpg,0503070015-01-Kitchen-Waste-Compost.jpg,Organic,.jpg,79133,KEEP,,1000,664,RGB
Organic/Organic/kitchen_waste/1-s2.0-S2666833521000526-gr1.jpg,1-s2.0-S2666833521000526-gr1.jpg,Organic,.jpg,43192,KEEP,,621,390,RGB
Organic/Organic/kitchen_waste/11062b_3e2f304708c04f77b4a2eb0de9a532e1mv2.jpg,11062b_3e2f304708c04f77b4a2eb0de9a532e1mv2.jpg,Organic,.jpg,103548,KEEP,,980,653,RGB
Organic/Organic/kitchen_waste/1200px-Trashed_vegetables_in_Luxembourg.jpeg,1200px-Trashed_vegetables_in_Luxembourg.jpeg,Organic,.jpeg,269886,KEEP,,1200,900,RGB
Organic/Organic/kitchen_waste/13399_2022_2473_Fig1_HTML.png,13399_2022_2473_Fig1_HTML.png,Organic,.png,337601,KEEP,,685,420,RGB
Organic/Organic/kitchen_waste/1595698103_herbs-in-pots-istock-456025839.gif,1595698103_herbs-in-pots-istock-456025839.gif,Organic,.gif,294516,KEEP,,787,437,P
Organic/Organic/kitchen_waste/1622878634889.png,1622878634889.png,Organic,.png,182684,KEEP,,800,400,P
Organic/Organic/kitchen_waste/190726-compost-al-1416.jpg,190726-compost-al-1416.jpg,Organic,.jpg,102375,KEEP,,760,507,RGB
Organic/Organic/kitchen_waste/3-Figure1-1.png,3-Figure1-1.png,Organic,.png,275928,KEEP,,1400,684,RGB
Organic/Organic/kitchen_waste/3-s2.0-B978012818353300016X-f16-01-9780128183533.jpg,3-s2.0-B978012818353300016X-f16-01-9780128183533.jpg,Organic,.jpg,90664,KEEP,,489,471,RGB
Organic/Organic/kitchen_waste/6106-05977845a_2400x1600.jpg.jpg,6106-05977845a_2400x1600.jpg.jpg,Organic,.jpg,203234,KEEP,,1536,864,RGB
Organic/Organic/kitchen_waste/643178-1550857201.jpg,643178-1550857201.jpg,Organic,.jpg,48789,KEEP,,700,394,RGB
Organic/Organic/kitchen_waste/768-Glad-C2A9-Salty-Dingo-2021-2846-Frame-1.png,768-Glad-C2A9-Salty-Dingo-2021-2846-Frame-1.png,Organic,.png,988206,KEEP,,768,768,RGBA
Organic/Organic/kitchen_waste/78753608.jpg,78753608.jpg,Organic,.jpg,209908,KEEP,,1280,960,RGB
Organic/Organic/kitchen_waste/796520-The-9-Best-Plant-Based-Meal-Delivery-Services-1296x728-Header-f5d7d3.jpg,796520-The-9-Best-Plant-Based-Meal-Delivery-Services-1296x728-Header-f5d7d3.jpg,Organic,.jpg,134507,KEEP,,1296,728,RGB
Organic/Organic/kitchen_waste/81OnCprqnuL._AC_UF10001000_QL80_.jpg,81OnCprqnuL._AC_UF10001000_QL80_.jpg,Organic,.jpg,120024,KEEP,,775,1000,RGB
Organic/Organic/kitchen_waste/81bpgkUi5qL._AC_UF8941000_QL80_.jpg,81bpgkUi5qL._AC_UF8941000_QL80_.jpg,Organic,.jpg,129935,KEEP,,894,859,RGB
Organic/Organic/kitchen_waste/87076af8a4cad8874f37b27d9c86b325.jpg,87076af8a4cad8874f37b27d9c86b325.jpg,Organic,.jpg,90352,KEEP,,736,1104,RGB
Organic/Organic/kitchen_waste/91CyPH9P6NL._AC_UF10001000_QL80_.jpg,91CyPH9P6NL._AC_UF10001000_QL80_.jpg,Organic,.jpg,237690,KEEP,,819,1000,RGB
Organic/Organic/kitchen_waste/9f869208aab05e7a_800x800ar.jpg,9f869208aab05e7a_800x800ar.jpg,Organic,.jpg,66281,KEEP,,800,599,RGB
Organic/Organic/kitchen_waste/Articleheader_Dora.jpg,Articleheader_Dora.jpg,Organic,.jpg,1703317,KEEP,,2000,1600,RGB
Organic/Organic/kitchen_waste/Blue-Tribe-and-Myprotein-Join-Hands-for-Plant-Based-Breakfast-Recipes.jpg,Blue-Tribe-and-Myprotein-Join-Hands-for-Plant-Based-Breakfast-Recipes.jpg,Organic,.jpg,179199,KEEP,,770,515,RGB
Organic/Organic/kitchen_waste/COMPOSTING-gif.gif,COMPOSTING-gif.gif,Organic,.gif,915450,KEEP,,1052,526,P
Organic/Organic/kitchen_waste/Comparison-of-the-food-waste-estimated-using-the-MFA-approach-for-different-food-groups.png,Comparison-of-the-food-waste-estimated-using-the-MFA-approach-for-different-food-groups.png,Organic,.png,175246,KEEP,,850,1047,P
Organic/Organic/kitchen_waste/D9CA7F37-D4DB-4B38-B024-B08AC53C49DC_623963a3e690a.jpg,D9CA7F37-D4DB-4B38-B024-B08AC53C49DC_623963a3e690a.jpg,Organic,.jpg,1311734,KEEP,,2763,2127,RGB
Organic/Organic/kitchen_waste/DemHuJ-W0AAARkM.jpg,DemHuJ-W0AAARkM.jpg,Organic,.jpg,256299,KEEP,,1200,1200,RGB
Organic/Organic/kitchen_waste/DuPont-s-clean-label-food-waste-innovation-for-plant-based-products.jpg,DuPont-s-clean-label-food-waste-innovation-for-plant-based-products.jpg,Organic,.jpg,108319,KEEP,,1000,664,RGB
Organic/Organic/kitchen_waste/Eco_friendly_bulk_food_shopping_bags_940x.jpg,Eco_friendly_bulk_food_shopping_bags_940x.jpg,Organic,.jpg,153628,KEEP,,940,788,RGB
Organic/Organic/kitchen_waste/Feat_Image-Kitchen_garden_1024x1024.jpg,Feat_Image-Kitchen_garden_1024x1024.jpg,Organic,.jpg,57702,KEEP,,640,427,RGB
Organic/Organic/kitchen_waste/Food-Waste-Management--scaled.jpg,Food-Waste-Management--scaled.jpg,Organic,.jpg,643795,KEEP,,2560,1920,RGB
Organic/Organic/kitchen_waste/Food-Waste-based-Bio-gas-Plant-1.png,Food-Waste-based-Bio-gas-Plant-1.png,Organic,.png,82844,KEEP,,500,350,P
Organic/Organic/kitchen_waste/Food20Waste.jpg,Food20Waste.jpg,Organic,.jpg,137585,KEEP,,1470,980,RGB
Organic/Organic/kitchen_waste/FoodWasteComposting_800x800_01.png,FoodWasteComposting_800x800_01.png,Organic,.png,1068662,KEEP,,800,800,RGB
Organic/Organic/kitchen_waste/Health-benefits-of-plant-based-diet.jpg,Health-benefits-of-plant-based-diet.jpg,Organic,.jpg,199805,KEEP,,1280,720,RGB
Organic/Organic/kitchen_waste/IF1902feature.jpg,IF1902feature.jpg,Organic,.jpg,100370,KEEP,,800,600,RGB
Organic/Organic/kitchen_waste/IMG_2699.jpg,IMG_2699.jpg,Organic,.jpg,63759,KEEP,,560,428,RGB
Organic/Organic/kitchen_waste/ImageForArticle_1068_15838554769721277.png,ImageForArticle_1068_15838554769721277.png,Organic,.png,1019453,KEEP,,950,638,RGBA
Organic/Organic/kitchen_waste/New_Food_Diagram_Image3130.jpg,New_Food_Diagram_Image3130.jpg,Organic,.jpg,302447,KEEP,,1000,739,RGB
Organic/Organic/kitchen_waste/Organic-waste-to-wealth.jpg,Organic-waste-to-wealth.jpg,Organic,.jpg,932325,KEEP,,1200,911,RGB
Organic/Organic/kitchen_waste/PepsiCo-India-pilots-plant-based-packaging-to-address-plastic-waste.jpg,PepsiCo-India-pilots-plant-based-packaging-to-address-plastic-waste.jpg,Organic,.jpg,311991,KEEP,,980,649,RGB
Organic/Organic/kitchen_waste/Pic2-7.jpg,Pic2-7.jpg,Organic,.jpg,81236,KEEP,,983,975,RGB
Organic/Organic/kitchen_waste/Plant-based-functional-food-ingredients-scrutinised-in-Pro-Enrich-project.jpg,Plant-based-functional-food-ingredients-scrutinised-in-Pro-Enrich-project.jpg,Organic,.jpg,105162,KEEP,,750,487,RGB
Organic/Organic/kitchen_waste/Plant-based-nuggets-1024x536.jpg,Plant-based-nuggets-1024x536.jpg,Organic,.jpg,67938,KEEP,,1024,536,RGB
Organic/Organic/kitchen_waste/Screen_Shot_2022-11-07_at_11.19.24_PM_480x480.png,Screen_Shot_2022-11-07_at_11.19.24_PM_480x480.png,Organic,.png,483068,KEEP,,480,478,RGBA
Organic/Organic/kitchen_waste/Start-up-upcycles-liquid-food-waste-into-plant-based-cheese.jpg,Start-up-upcycles-liquid-food-waste-into-plant-based-cheese.jpg,Organic,.jpg,203846,KEEP,,750,500,RGB
Organic/Organic/kitchen_waste/Trashed_vegetables_in_Luxembourg.jpeg,Trashed_vegetables_in_Luxembourg.jpeg,Organic,.jpeg,784985,KEEP,,2048,1536,RGB
Organic/Organic/kitchen_waste/Untitled-design-5-2-770x433.jpg,Untitled-design-5-2-770x433.jpg,Organic,.jpg,49190,KEEP,,770,433,RGB
Organic/Organic/kitchen_waste/YMXAVDT77NLGDJWI7GD4ZTHA6E.jpg,YMXAVDT77NLGDJWI7GD4ZTHA6E.jpg,Organic,.jpg,6034220,KEEP,,5472,3648,RGB
Organic/Organic/kitchen_waste/Zero-Waste-Dishes_825_432_int.png,Zero-Waste-Dishes_825_432_int.png,Organic,.png,733447,KEEP,,825,432,RGBA
Organic/Organic/kitchen_waste/anina-green-queen.jpg,anina-green-queen.jpg,Organic,.jpg,161767,KEEP,,1024,768,RGB
Organic/Organic/kitchen_waste/archives-ewaste-one_one.jpg,archives-ewaste-one_one.jpg,Organic,.jpg,402425,KEEP,,1200,1200,RGB
Organic/Organic/kitchen_waste/bddbe14e-8b47-4719-914b-e0a4a0eb3c71_22028229.jpg,bddbe14e-8b47-4719-914b-e0a4a0eb3c71_22028229.jpg,Organic,.jpg,244349,KEEP,,800,533,RGB
Organic/Organic/kitchen_waste/caec53fd447ffe42bd17749e343aaf51.jpg,caec53fd447ffe42bd17749e343aaf51.jpg,Organic,.jpg,84227,KEEP,,735,616,RGB
Organic/Organic/kitchen_waste/chennai-3bin-set-up-home-compost-PADMAJAJ-Jul-2022.jpeg,chennai-3bin-set-up-home-compost-PADMAJAJ-Jul-2022.jpeg,Organic,.jpeg,91247,KEEP,,1235,924,RGB
Organic/Organic/kitchen_waste/chennai-geetha-home-compost-ready-PADMAJAJ-Jul-2022.jpeg,chennai-geetha-home-compost-ready-PADMAJAJ-Jul-2022.jpeg,Organic,.jpeg,84875,KEEP,,1231,924,RGB
Organic/Organic/kitchen_waste/chennai-geetha-terrace-garden-PADMAJAJ-Jul-2022.jpeg,chennai-geetha-terrace-garden-PADMAJAJ-Jul-2022.jpeg,Organic,.jpeg,113938,KEEP,,1235,924,RGB
Organic/Organic/kitchen_waste/compost-food-waste-1200x628-facebook.jpg,compost-food-waste-1200x628-facebook.jpg,Organic,.jpg,125758,KEEP,,1200,628,RGB
Organic/Organic/kitchen_waste/compost-food-waste-732x549-thumbnail.jpg,compost-food-waste-732x549-thumbnail.jpg,Organic,.jpg,76373,KEEP,,732,549,RGB
Organic/Organic/kitchen_waste/compost-food-waste.jpg,compost-food-waste.jpg,Organic,.jpg,259018,KEEP,,1024,512,RGB
Organic/Organic/kitchen_waste/composting-kitchen-waste.jpg,composting-kitchen-waste.jpg,Organic,.jpg,82939,KEEP,,730,387,RGB
Organic/Organic/kitchen_waste/contaminated-plastic-food-packaging.jpg,contaminated-plastic-food-packaging.jpg,Organic,.jpg,142857,KEEP,,800,525,RGB
Organic/Organic/kitchen_waste/content13101.jpg,content13101.jpg,Organic,.jpg,300157,KEEP,,1000,562,RGB
Organic/Organic/kitchen_waste/d-prepared-with-tomatoes-cucumber-paper-bowl-zero-waste-dishware_118631-3969.jpg,d-prepared-with-tomatoes-cucumber-paper-bowl-zero-waste-dishware_118631-3969.jpg,Organic,.jpg,57158,KEEP,,417,626,RGB
Organic/Organic/kitchen_waste/dfh17may072-2-shutterstock_277774175.jpg,dfh17may072-2-shutterstock_277774175.jpg,Organic,.jpg,267204,KEEP,,1200,1200,RGB
Organic/Organic/kitchen_waste/environmental-impacts-of-a-year-of-wasted-food_0.png,environmental-impacts-of-a-year-of-wasted-food_0.png,Organic,.png,230429,KEEP,,1600,900,RGBA
Organic/Organic/kitchen_waste/food-waste-shutterstock.jpg,food-waste-shutterstock.jpg,Organic,.jpg,114213,KEEP,,1024,768,RGB
Organic/Organic/kitchen_waste/food-webinar-1-1024x558.jpeg,food-webinar-1-1024x558.jpeg,Organic,.jpeg,104381,KEEP,,1024,558,RGB
Organic/Organic/kitchen_waste/food_waste_750.jpg,food_waste_750.jpg,Organic,.jpg,188737,KEEP,,750,468,RGB
Organic/Organic/kitchen_waste/foodwaste-683x1024.jpg,foodwaste-683x1024.jpg,Organic,.jpg,95960,KEEP,,683,1024,RGB
Organic/Organic/kitchen_waste/foodwaste_custom-419d4cfb36e0fc8ed48fe293b8c1d2bb6aba670d.jpg,foodwaste_custom-419d4cfb36e0fc8ed48fe293b8c1d2bb6aba670d.jpg,Organic,.jpg,1844290,KEEP,,2000,1353,RGB
Organic/Organic/kitchen_waste/garbage-crisis-swachh-india.jpg,garbage-crisis-swachh-india.jpg,Organic,.jpg,39258,KEEP,,1052,526,RGB
Organic/Organic/kitchen_waste/garbage-hero.png,garbage-hero.png,Organic,.png,1078021,KEEP,,3000,1935,P
Organic/Organic/kitchen_waste/growing-your-own-herbs.jpg,growing-your-own-herbs.jpg,Organic,.jpg,43160,KEEP,,480,360,RGB
Organic/Organic/kitchen_waste/healthy-food-eating-groceries-1200x628-facebook.jpg,healthy-food-eating-groceries-1200x628-facebook.jpg,Organic,.jpg,96806,KEEP,,1200,628,RGB
Organic/Organic/kitchen_waste/home-composting-of-kitchen-waste.jpg,home-composting-of-kitchen-waste.jpg,Organic,.jpg,67878,KEEP,,640,480,RGB
Organic/Organic/kitchen_waste/how-to-compost-at-home.jpg,how-to-compost-at-home.jpg,Organic,.jpg,153065,KEEP,,1200,628,RGB
Organic/Organic/kitchen_waste/hq720.jpg,hq720.jpg,Organic,.jpg,130770,KEEP,,1280,720,RGB
Organic/Organic/kitchen_waste/iStock-1179964582.jpg,iStock-1179964582.jpg,Organic,.jpg,6728239,KEEP,,5546,4160,RGB
Organic/Organic/kitchen_waste/img_5e753bd9d6549-1.jpg,img_5e753bd9d6549-1.jpg,Organic,.jpg,160027,KEEP,,1000,1500,RGB
Organic/Organic/kitchen_waste/intro-1644823869.jpg,intro-1644823869.jpg,Organic,.jpg,128063,KEEP,,780,438,RGB
Organic/Organic/kitchen_waste/jf1c07104_0002.gif,jf1c07104_0002.gif,Organic,.gif,46747,KEEP,,500,209,P
Organic/Organic/kitchen_waste/johnny-mcclung-702726-unsplash.jpg,johnny-mcclung-702726-unsplash.jpg,Organic,.jpg,3328269,KEEP,,5760,3840,RGB
Organic/Organic/kitchen_waste/jovitaaranha_bluru_cooking_gas_from_waste.jpg,jovitaaranha_bluru_cooking_gas_from_waste.jpg,Organic,.jpg,223923,KEEP,,1152,864,RGB
Organic/Organic/kitchen_waste/kitchen-compost.jpg,kitchen-compost.jpg,Organic,.jpg,260098,KEEP,,1640,1171,RGB
Organic/Organic/kitchen_waste/large-6wJiZ2axa3SGf0D7REkk.jpg,large-6wJiZ2axa3SGf0D7REkk.jpg,Organic,.jpg,92841,KEEP,,1280,670,RGB
Organic/Organic/kitchen_waste/making-organic-fertilizer-from-kitchen-waste-and-vegetable-waste-2C8427C.jpg,making-organic-fertilizer-from-kitchen-waste-and-vegetable-waste-2C8427C.jpg,Organic,.jpg,236259,KEEP,,1300,1065,RGB
Organic/Organic/kitchen_waste/maxresdefault.jpg,maxresdefault.jpg,Organic,.jpg,82841,KEEP,,1280,720,RGB
Organic/Organic/kitchen_waste/maxresdefault2.jpg,maxresdefault2.jpg,Organic,.jpg,93868,KEEP,,1280,720,RGB
Organic/Organic/kitchen_waste/maxresdefault3.jpg,maxresdefault3.jpg,Organic,.jpg,135708,KEEP,,1280,720,RGB
Organic/Organic/kitchen_waste/maxresdefault4.jpg,maxresdefault4.jpg,Organic,.jpg,202310,KEEP,,1280,720,RGB
Organic/Organic/kitchen_waste/maxresdefault5.jpg,maxresdefault5.jpg,Organic,.jpg,254789,KEEP,,1280,720,RGB
Organic/Organic/kitchen_waste/organic-garden-fertilizer-biodegradable-kitchen-waste-composting-food-leftovers-banner-2FN46K6.jpg,organic-garden-fertilizer-biodegradable-kitchen-waste-composting-food-leftovers-banner-2FN46K6.jpg,Organic,.jpg,170934,KEEP,,1300,669,RGB
Organic/Organic/kitchen_waste/p084qtwc.jpg,p084qtwc.jpg,Organic,.jpg,135707,KEEP,,976,549,RGB
Organic/Organic/kitchen_waste/p0dq9blh.jpg,p0dq9blh.jpg,Organic,.jpg,163206,KEEP,,976,549,RGB
Organic/Organic/kitchen_waste/p0dq9c0j.jpg,p0dq9c0j.jpg,Organic,.jpg,284096,KEEP,,1280,720,RGB
Organic/Organic/kitchen_waste/pests-to-pets-the-future-of-food-and-feed-may-depend-on-insects.jpg,pests-to-pets-the-future-of-food-and-feed-may-depend-on-insects.jpg,Organic,.jpg,293394,KEEP,,1200,900,RGB
Organic/Organic/kitchen_waste/pit-composting-kitchen-scraps.jpg,pit-composting-kitchen-scraps.jpg,Organic,.jpg,187076,KEEP,,730,500,RGB
Organic/Organic/kitchen_waste/plantbased-ingredient.jpeg,plantbased-ingredient.jpeg,Organic,.jpeg,59237,KEEP,,750,424,RGB
Organic/Organic/kitchen_waste/ro-waste-packaging-fresh-raw-food-seasonal-vegetables-home-kitchen-176733986.jpg,ro-waste-packaging-fresh-raw-food-seasonal-vegetables-home-kitchen-176733986.jpg,Organic,.jpg,125718,KEEP,,1600,1157,RGB
Organic/Organic/kitchen_waste/ro-waste-packaging-fresh-raw-food-seasonal-vegetables-home-kitchen-176734460.jpg,ro-waste-packaging-fresh-raw-food-seasonal-vegetables-home-kitchen-176734460.jpg,Organic,.jpg,43727,KEEP,,800,534,RGB
Organic/Organic/kitchen_waste/scandinavian-kitchen.jpg,scandinavian-kitchen.jpg,Organic,.jpg,99871,KEEP,,640,456,RGB
Organic/Organic/kitchen_waste/science-stories-27b.png,science-stories-27b.png,Organic,.png,193861,KEEP,,458,422,RGB
Organic/Organic/kitchen_waste/shutterstock_1140138707.png,shutterstock_1140138707.png,Organic,.png,425753,KEEP,,1200,627,P
Organic/Organic/kitchen_waste/shutterstock_574145911-2.png,shutterstock_574145911-2.png,Organic,.png,833495,KEEP,,800,450,RGBA
Organic/Organic/kitchen_waste/sustainability-12-01976-g001.png,sustainability-12-01976-g001.png,Organic,.png,53046,KEEP,,3745,2252,P
Organic/Organic/kitchen_waste/sustainability-waste-reducing-food-loss-article-header-fw.jpg,sustainability-waste-reducing-food-loss-article-header-fw.jpg,Organic,.jpg,131541,KEEP,,1920,600,RGB
Organic/Organic/kitchen_waste/te-Vegan-Meal-Plan-Digital-Recipe-Book-Plant-based-recipes-zero-waste-living.png,te-Vegan-Meal-Plan-Digital-Recipe-Book-Plant-based-recipes-zero-waste-living.png,Organic,.png,1012325,KEEP,,1200,628,RGBA
Organic/Organic/kitchen_waste/vegan-plant-based-news-food-waste-livekindly.jpeg,vegan-plant-based-news-food-waste-livekindly.jpeg,Organic,.jpeg,161076,KEEP,,1000,562,RGB
Organic/Organic/kitchen_waste/vegan-plant-based-protein-food-waste-solution-header.png,vegan-plant-based-protein-food-waste-solution-header.png,Organic,.png,742783,KEEP,,1500,786,RGBA
Organic/Organic/kitchen_waste/vegan20books20indybest20copy.jpg,vegan20books20indybest20copy.jpg,Organic,.jpg,765847,KEEP,,2048,1536,RGB
Organic/Organic/kitchen_waste/vegetable-waste-infographics.jpg,vegetable-waste-infographics.jpg,Organic,.jpg,287412,KEEP,,900,1273,RGB
Organic/Organic/kitchen_waste/vermicomposting-1536x1028-1.jpg,vermicomposting-1536x1028-1.jpg,Organic,.jpg,439242,KEEP,,1536,1028,RGB
Organic/Organic/kitchen_waste/vg2c00050_0006.jpeg,vg2c00050_0006.jpeg,Organic,.jpeg,128158,KEEP,,996,548,RGB
Organic/Organic/kitchen_waste/waste-machine-759.jpg,waste-machine-759.jpg,Organic,.jpg,54998,KEEP,,759,422,RGB
Organic/Organic/kitchen_waste/waste-segregation.jpg,waste-segregation.jpg,Organic,.jpg,37120,KEEP,,640,480,RGB
Organic/Organic/kitchen_waste/waste20ryc.png,waste20ryc.png,Organic,.png,570817,KEEP,,584,417,RGBA
Organic/Organic/kitchen_waste/which-diet-least-food-waste-lead-image.jpg,which-diet-least-food-waste-lead-image.jpg,Organic,.jpg,103965,KEEP,,1024,768,RGB
Organic/Organic/yard_trimmings/1651988918799_a-gardener-collecting-garden-waste.jpg,1651988918799_a-gardener-collecting-garden-waste.jpg,Organic,.jpg,168548,KEEP,,1200,675,RGB
Organic/Organic/yard_trimmings/20a.jpg,20a.jpg,Organic,.jpg,105654,KEEP,,1000,295,RGB
Organic/Organic/yard_trimmings/21234793-standard.jpg,21234793-standard.jpg,Organic,.jpg,165140,KEEP,,665,498,RGB
Organic/Organic/yard_trimmings/5ef29252e080f.image.jpg,5ef29252e080f.image.jpg,Organic,.jpg,478538,KEEP,,1767,1173,RGB
Organic/Organic/yard_trimmings/633feb24edb9f162ad4fae10-leaf-bag-garden-lawn-yard-waste-grass.jpg,633feb24edb9f162ad4fae10-leaf-bag-garden-lawn-yard-waste-grass.jpg,Organic,.jpg,475294,KEEP,,1307,1500,RGB
Organic/Organic/yard_trimmings/6397f71debd6337c8620d1f6-30-gallon-kraft-lawn-and-leaf-bags-10.jpg,6397f71debd6337c8620d1f6-30-gallon-kraft-lawn-and-leaf-bags-10.jpg,Organic,.jpg,278880,KEEP,,1261,1500,RGB
Organic/Organic/yard_trimmings/81N-ONuWifL._AC_UF10001000_QL80_.jpg,81N-ONuWifL._AC_UF10001000_QL80_.jpg,Organic,.jpg,112155,KEEP,,1000,968,RGB
Organic/Organic/yard_trimmings/81Qdib204pL._AC_UF8941000_QL80_.jpg,81Qdib204pL._AC_UF8941000_QL80_.jpg,Organic,.jpg,204470,KEEP,,894,889,RGB
Organic/Organic/yard_trimmings/82eaad00-a41b-4dd1-b948-b5b096341d04-012489.jpg,82eaad00-a41b-4dd1-b948-b5b096341d04-012489.jpg,Organic,.jpg,582038,KEEP,,3129,2086,RGB
Organic/Organic/yard_trimmings/A1IUzTG2TJL._AC_UF8941000_QL80_.jpg,A1IUzTG2TJL._AC_UF8941000_QL80_.jpg,Organic,.jpg,259154,KEEP,,894,797,RGB
Organic/Organic/yard_trimmings/AdobeStock_316707406_adobespark-1024x623.jpeg,AdobeStock_316707406_adobespark-1024x623.jpeg,Organic,.jpeg,160800,KEEP,,1024,623,RGB
Organic/Organic/yard_trimmings/Banner_YardWaste.jpg,Banner_YardWaste.jpg,Organic,.jpg,602043,KEEP,,1088,332,RGB
Organic/Organic/yard_trimmings/Bring-yard-waste-containr-to-curb2-scaled.jpeg,Bring-yard-waste-containr-to-curb2-scaled.jpeg,Organic,.jpeg,1350139,KEEP,,2560,2118,RGB
Organic/Organic/yard_trimmings/Can-You-Put-Yard-Waste-In-Trash.jpg,Can-You-Put-Yard-Waste-In-Trash.jpg,Organic,.jpg,183346,KEEP,,1080,1080,RGB
Organic/Organic/yard_trimmings/Carson-City-Green-Waste-Composting-Yes-and-No-Materials.png,Carson-City-Green-Waste-Composting-Yes-and-No-Materials.png,Organic,.png,619064,KEEP,,812,1462,RGBA
Organic/Organic/yard_trimmings/Compost-bin.shutterstock_156179246.jpg,Compost-bin.shutterstock_156179246.jpg,Organic,.jpg,8902534,KEEP,,3888,2592,RGB
Organic/Organic/yard_trimmings/Composted-Mixed-Yard-Waste-Organic-Garden-Mulch.jpg,Composted-Mixed-Yard-Waste-Organic-Garden-Mulch.jpg,Organic,.jpg,135814,KEEP,,1000,719,RGB
Organic/Organic/yard_trimmings/Dispose-of-Yard-Waste.jpg,Dispose-of-Yard-Waste.jpg,Organic,.jpg,159037,KEEP,,1300,1000,RGB
Organic/Organic/yard_trimmings/Dont-trash-natural-areas-2.png,Dont-trash-natural-areas-2.png,Organic,.png,1108753,KEEP,,940,788,RGBA
Organic/Organic/yard_trimmings/FI-58.jpg.webp,FI-58.jpg.webp,Organic,.webp,92876,KEEP,,1200,500,RGB
Organic/Organic/yard_trimmings/FUF5hW_XsAAriOa.jpg,FUF5hW_XsAAriOa.jpg,Organic,.jpg,112289,KEEP,,1024,512,RGB
Organic/Organic/yard_trimmings/Grass-clippings.jpg,Grass-clippings.jpg,Organic,.jpg,73690,KEEP,,722,433,RGB
Organic/Organic/yard_trimmings/Grasscycling_545px5B35D.jpg,Grasscycling_545px5B35D.jpg,Organic,.jpg,399787,KEEP,,545,363,RGB
Organic/Organic/yard_trimmings/How-To-Dispose-of-Yard-Waste-6.jpg,How-To-Dispose-of-Yard-Waste-6.jpg,Organic,.jpg,2742607,KEEP,,1125,1500,RGB
Organic/Organic/yard_trimmings/How-To-Dispose-of-Yard-Waste-9.jpg,How-To-Dispose-of-Yard-Waste-9.jpg,Organic,.jpg,3373002,KEEP,,1125,1500,RGB
Organic/Organic/yard_trimmings/IMG_4398.jpg,IMG_4398.jpg,Organic,.jpg,143073,KEEP,,800,533,RGB
Organic/Organic/yard_trimmings/Kraft-Paper-Lawn-and-Leaf-Bag-Collect-Leaves-and-Yard-Waste.webp,Kraft-Paper-Lawn-and-Leaf-Bag-Collect-Leaves-and-Yard-Waste.webp,Organic,.webp,86592,KEEP,,550,550,RGB
Organic/Organic/yard_trimmings/LYWSmall.jpg,LYWSmall.jpg,Organic,.jpg,121873,KEEP,,618,480,RGB
Organic/Organic/yard_trimmings/Lawn-Trimming-Edging-Differneces.jpg,Lawn-Trimming-Edging-Differneces.jpg,Organic,.jpg,271439,KEEP,,780,393,RGB
Organic/Organic/yard_trimmings/Leaf-Bags.jpg,Leaf-Bags.jpg,Organic,.jpg,658221,KEEP,,900,598,RGB
Organic/Organic/yard_trimmings/Leaf-pile-2-e1509567633308.jpg,Leaf-pile-2-e1509567633308.jpg,Organic,.jpg,259528,KEEP,,1995,1075,RGB
Organic/Organic/yard_trimmings/MMRecycleYardLeavesAsMulch900x450min.jpg,MMRecycleYardLeavesAsMulch900x450min.jpg,Organic,.jpg,88568,KEEP,,900,450,RGB
Organic/Organic/yard_trimmings/MMRecycleYardWattleFence900x450min.jpg,MMRecycleYardWattleFence900x450min.jpg,Organic,.jpg,80060,KEEP,,900,450,RGB
Organic/Organic/yard_trimmings/No20YW20in20Plastic20Postcard.png,No20YW20in20Plastic20Postcard.png,Organic,.png,613783,KEEP,,1198,564,RGBA
Organic/Organic/yard_trimmings/Ryan-and-Model-at-compost-b.jpg,Ryan-and-Model-at-compost-b.jpg,Organic,.jpg,144400,KEEP,,300,321,RGB
Organic/Organic/yard_trimmings/STORM-DRAIN_WOMAN-SWEEPING.jpg,STORM-DRAIN_WOMAN-SWEEPING.jpg,Organic,.jpg,5845404,KEEP,,4000,3000,RGB
Organic/Organic/yard_trimmings/Trimming-hedges-AdobeStock_70569449-600x399.jpg,Trimming-hedges-AdobeStock_70569449-600x399.jpg,Organic,.jpg,56594,KEEP,,600,399,RGB
Organic/Organic/yard_trimmings/Urban-plants-yard-waste.jpg,Urban-plants-yard-waste.jpg,Organic,.jpg,78150,KEEP,,638,481,RGB
Organic/Organic/yard_trimmings/Yard-Waste-101.jpg,Yard-Waste-101.jpg,Organic,.jpg,5556695,KEEP,,4795,3720,RGB
Organic/Organic/yard_trimmings/Yard-Waste-GettyImages-171242694.jpg,Yard-Waste-GettyImages-171242694.jpg,Organic,.jpg,141214,KEEP,,1200,1200,RGB
Organic/Organic/yard_trimmings/Yard-waste-1024x532.png,Yard-waste-1024x532.png,Organic,.png,1345128,KEEP,,1024,532,RGBA
Organic/Organic/yard_trimmings/Yard20Waste202.jpg,Yard20Waste202.jpg,Organic,.jpg,98839,KEEP,,800,534,RGB
Organic/Organic/yard_trimmings/YardWaste.JPG.jpg,YardWaste.JPG.jpg,Organic,.jpg,1474078,KEEP,,2048,1536,RGB
Organic/Organic/yard_trimmings/YardWasteHeaderImage.jpg,YardWasteHeaderImage.jpg,Organic,.jpg,1179628,KEEP,,2340,900,RGB
Organic/Organic/yard_trimmings/Yard_Waste_1.jpg,Yard_Waste_1.jpg,Organic,.jpg,355966,KEEP,,999,600,RGB
Organic/Organic/yard_trimmings/Yard_Waste_Collection_begins_2022_1200x1200_0.jpg,Yard_Waste_Collection_begins_2022_1200x1200_0.jpg,Organic,.jpg,839494,KEEP,,1200,1200,RGB
Organic/Organic/yard_trimmings/Yard_and_garden_waste.JPG.jpg,Yard_and_garden_waste.JPG.jpg,Organic,.jpg,169849,KEEP,,1273,710,RGB
Organic/Organic/yard_trimmings/Yardwaste-Recycling-1024x683.jpg,Yardwaste-Recycling-1024x683.jpg,Organic,.jpg,305262,KEEP,,1024,683,RGB
Organic/Organic/yard_trimmings/accectable-bags.webp,accectable-bags.webp,Organic,.webp,54210,KEEP,,850,668,RGB
Organic/Organic/yard_trimmings/adding_leaves_to_compost_bin.jpg,adding_leaves_to_compost_bin.jpg,Organic,.jpg,60667,KEEP,,250,337,RGB
Organic/Organic/yard_trimmings/adult-male-hand-holding-compost-consisting-household-waste-dry-leaves-grass-clippings-224470893.jpg,adult-male-hand-holding-compost-consisting-household-waste-dry-leaves-grass-clippings-224470893.jpg,Organic,.jpg,333206,KEEP,,1600,1290,RGB
Organic/Organic/yard_trimmings/bag-of-leaves.jpg,bag-of-leaves.jpg,Organic,.jpg,119373,KEEP,,1200,629,RGB
Organic/Organic/yard_trimmings/bmw1dcc842511.jpg,bmw1dcc842511.jpg,Organic,.jpg,1013405,KEEP,,3024,4032,RGB
Organic/Organic/yard_trimmings/compost-yard-waste-featured.jpg,compost-yard-waste-featured.jpg,Organic,.jpg,205246,KEEP,,875,460,RGB
Organic/Organic/yard_trimmings/compostPile_lg.jpg,compostPile_lg.jpg,Organic,.jpg,488710,KEEP,,1000,750,RGB
Organic/Organic/yard_trimmings/composting-grass-clippings.jpg,composting-grass-clippings.jpg,Organic,.jpg,140213,KEEP,,837,444,RGB
Organic/Organic/yard_trimmings/composting-yard-waste.jpg,composting-yard-waste.jpg,Organic,.jpg,255901,KEEP,,875,583,RGB
Organic/Organic/yard_trimmings/curb-it-recycling-st-johns-newfoundland-yard-waste.jpg,curb-it-recycling-st-johns-newfoundland-yard-waste.jpg,Organic,.jpg,281963,KEEP,,1920,1280,RGB
Organic/Organic/yard_trimmings/depositphotos_24939463-stock-photo-garden-waste-recycling-ii.jpg,depositphotos_24939463-stock-photo-garden-waste-recycling-ii.jpg,Organic,.jpg,129461,KEEP,,1024,697,RGB
Organic/Organic/yard_trimmings/depositphotos_29706517-stock-photo-garden-work.jpg,depositphotos_29706517-stock-photo-garden-work.jpg,Organic,.jpg,76956,KEEP,,600,400,RGB
Organic/Organic/yard_trimmings/depositphotos_66088493-stock-photo-garbage-bags-on-green-yard.jpg,depositphotos_66088493-stock-photo-garbage-bags-on-green-yard.jpg,Organic,.jpg,80818,KEEP,,600,398,RGB
Organic/Organic/yard_trimmings/dsc_0103.jpg,dsc_0103.jpg,Organic,.jpg,7308900,KEEP,,6000,4000,RGB
Organic/Organic/yard_trimmings/ed-manicured-shaped-pruning-flooring-woody-plant-landscape-architect-1135582.jpg,ed-manicured-shaped-pruning-flooring-woody-plant-landscape-architect-1135582.jpg,Organic,.jpg,3749496,KEEP,,3776,2520,RGB
Organic/Organic/yard_trimmings/excessive-lawn-clippings.JPG.jpg,excessive-lawn-clippings.JPG.jpg,Organic,.jpg,383808,KEEP,,1600,1200,RGB
Organic/Organic/yard_trimmings/garden-clearance-3.jpg,garden-clearance-3.jpg,Organic,.jpg,47741,KEEP,,500,318,RGB
Organic/Organic/yard_trimmings/garden-waste-Biogreen-640w.jpg,garden-waste-Biogreen-640w.jpg,Organic,.jpg,50995,KEEP,,640,427,RGB
Organic/Organic/yard_trimmings/garden-worker-trimming-trees-with-scissors-yard_732190-2409.jpg,garden-worker-trimming-trees-with-scissors-yard_732190-2409.jpg,Organic,.jpg,69425,KEEP,,626,417,RGB
Organic/Organic/yard_trimmings/garden-worker-trimming-trees-with-scissors-yard_732190-2412.jpg,garden-worker-trimming-trees-with-scissors-yard_732190-2412.jpg,Organic,.jpg,96414,KEEP,,626,417,RGB
Organic/Organic/yard_trimmings/garden-worker-trimming-trees-with-scissors-yard_732190-2450.jpg,garden-worker-trimming-trees-with-scissors-yard_732190-2450.jpg,Organic,.jpg,86709,KEEP,,626,417,RGB
Organic/Organic/yard_trimmings/garden-yard-waste-garden-yard-waste-illustration-108766665.jpg,garden-yard-waste-garden-yard-waste-illustration-108766665.jpg,Organic,.jpg,105119,KEEP,,1600,1690,RGB
Organic/Organic/yard_trimmings/ghows-OH-87fd5305-18d9-4f81-8846-5a19428471c8-76bdaf05.jpeg,ghows-OH-87fd5305-18d9-4f81-8846-5a19428471c8-76bdaf05.jpeg,Organic,.jpeg,86475,KEEP,,700,467,RGB
Organic/Organic/yard_trimmings/grass-clippings-as-mulch_featured.jpg,grass-clippings-as-mulch_featured.jpg,Organic,.jpg,181584,KEEP,,1200,750,RGB
Organic/Organic/yard_trimmings/grass-clippings.jpg.webp,grass-clippings.jpg.webp,Organic,.webp,123246,KEEP,,847,567,RGB
Organic/Organic/yard_trimmings/grass-clippings_0.jpg,grass-clippings_0.jpg,Organic,.jpg,750127,KEEP,,1600,1024,RGB
Organic/Organic/yard_trimmings/grass-mulch.jpg,grass-mulch.jpg,Organic,.jpg,557609,KEEP,,1596,1203,RGB
Organic/Organic/yard_trimmings/grass_mowing722x550-1.jpg,grass_mowing722x550-1.jpg,Organic,.jpg,293744,KEEP,,722,550,RGB
Organic/Organic/yard_trimmings/how-to-use-grass-clippings.jpg,how-to-use-grass-clippings.jpg,Organic,.jpg,76166,KEEP,,650,471,RGB
Organic/Organic/yard_trimmings/iStock-leaves-rack-fall-sized.jpg,iStock-leaves-rack-fall-sized.jpg,Organic,.jpg,874592,KEEP,,1070,490,RGB
Organic/Organic/yard_trimmings/image-asset.jpeg,image-asset.jpeg,Organic,.jpeg,2641940,KEEP,,2500,1613,RGB
Organic/Organic/yard_trimmings/in-gardens-and-squares-full-recirculation-of-mother-natures-products-2R1E55N.jpg,in-gardens-and-squares-full-recirculation-of-mother-natures-products-2R1E55N.jpg,Organic,.jpg,266130,KEEP,,1300,957,RGB
Organic/Organic/yard_trimmings/kid-working-hard-in-her-front-yard-spreading-grass-seed-while-her_t20_WgVx4m.jpg,kid-working-hard-in-her-front-yard-spreading-grass-seed-while-her_t20_WgVx4m.jpg,Organic,.jpg,947273,KEEP,,2048,1232,RGB
Organic/Organic/yard_trimmings/landscape1.jpg,landscape1.jpg,Organic,.jpg,55699,KEEP,,640,360,RGB
Organic/Organic/yard_trimmings/lawn-clippings-.jpg,lawn-clippings-.jpg,Organic,.jpg,88658,KEEP,,700,467,RGB
Organic/Organic/yard_trimmings/lawn-clippings-mulch.jpg,lawn-clippings-mulch.jpg,Organic,.jpg,121831,KEEP,,1200,800,RGB
Organic/Organic/yard_trimmings/lawn-mower-grass-yard-trimmings---getty-images.jpg,lawn-mower-grass-yard-trimmings---getty-images.jpg,Organic,.jpg,257277,KEEP,,1000,666,RGB
Organic/Organic/yard_trimmings/lawn-mower-green-grass.jpg,lawn-mower-green-grass.jpg,Organic,.jpg,601281,KEEP,,1024,512,RGB
Organic/Organic/yard_trimmings/leaf-yard-waste.jpg,leaf-yard-waste.jpg,Organic,.jpg,3306612,KEEP,,3264,2448,RGB
Organic/Organic/yard_trimmings/leaves-branches-clippings-and-yard-waste-in-clear-bags-and-blue-barrels-BAJ6R7.jpg,leaves-branches-clippings-and-yard-waste-in-clear-bags-and-blue-barrels-BAJ6R7.jpg,Organic,.jpg,418353,KEEP,,1300,1055,RGB
Organic/Organic/yard_trimmings/maxresdefault.jpg,maxresdefault.jpg,Organic,.jpg,158245,KEEP,,1280,720,RGB
Organic/Organic/yard_trimmings/maxresdefault2.jpg,maxresdefault2.jpg,Organic,.jpg,225808,KEEP,,1280,720,RGB
Organic/Organic/yard_trimmings/n-a-garden-piled-full-with-foliage-and-greenery-ready-to-be-moved-1710077149.jpg,n-a-garden-piled-full-with-foliage-and-greenery-ready-to-be-moved-1710077149.jpg,Organic,.jpg,2511242,KEEP,,1500,1086,RGB
Organic/Organic/yard_trimmings/paper-sacks-full-or-grass-and-yard-clippings-left-at-the-curb-for-JCR0H8.jpg,paper-sacks-full-or-grass-and-yard-clippings-left-at-the-curb-for-JCR0H8.jpg,Organic,.jpg,286530,KEEP,,1300,1065,RGB
Organic/Organic/yard_trimmings/pile-pruned-debris-shrub-trimmings-piled-neighborhood-sidewalk-yard-garden-trimmings-187559803.jpg,pile-pruned-debris-shrub-trimmings-piled-neighborhood-sidewalk-yard-garden-trimmings-187559803.jpg,Organic,.jpg,145077,KEEP,,800,672,RGB
Organic/Organic/yard_trimmings/r0_0_5600_3733_w5600_h3733_fmax.jpg,r0_0_5600_3733_w5600_h3733_fmax.jpg,Organic,.jpg,3744460,KEEP,,5600,3733,RGB
Organic/Organic/yard_trimmings/raking-feature.jpg,raking-feature.jpg,Organic,.jpg,93429,KEEP,,1000,667,RGB
Organic/Organic/yard_trimmings/raking-up-grass-cuttings-in-spring-during-yard-maintenance-with-a-GT8C20.jpg,raking-up-grass-cuttings-in-spring-during-yard-maintenance-with-a-GT8C20.jpg,Organic,.jpg,284926,KEEP,,1300,956,RGB
Organic/Organic/yard_trimmings/rc_yard_waste_site.jpg,rc_yard_waste_site.jpg,Organic,.jpg,192040,KEEP,,1000,750,RGB
Organic/Organic/yard_trimmings/reusing-garden-waste.jpg,reusing-garden-waste.jpg,Organic,.jpg,223844,KEEP,,800,537,RGB
Organic/Organic/yard_trimmings/round-lidded-plastic-garbage-cans-awaiting-curbside-collection-on-2085653041.jpg,round-lidded-plastic-garbage-cans-awaiting-curbside-collection-on-2085653041.jpg,Organic,.jpg,799639,KEEP,,1500,1225,RGB
Organic/Organic/yard_trimmings/rsz_shutterstock_1129173176.jpg,rsz_shutterstock_1129173176.jpg,Organic,.jpg,94729,KEEP,,1200,800,RGB
Organic/Organic/yard_trimmings/rsz_shutterstock_656785330.jpg,rsz_shutterstock_656785330.jpg,Organic,.jpg,95110,KEEP,,1200,797,RGB
Organic/Organic/yard_trimmings/sidential-lawns-gardens-grass-clippings-leaves-branches-silhouette-210345973.jpg,sidential-lawns-gardens-grass-clippings-leaves-branches-silhouette-210345973.jpg,Organic,.jpg,90824,KEEP,,1600,1690,RGB
Organic/Organic/yard_trimmings/stock-photo-freshly-raked-backyard-with-rake-leaves-and-recycling-yard-waste-paper-bag-31652473.jpg,stock-photo-freshly-raked-backyard-with-rake-leaves-and-recycling-yard-waste-paper-bag-31652473.jpg,Organic,.jpg,1089864,KEEP,,1500,1101,RGB
Organic/Organic/yard_trimmings/stock-photo-row-of-recycling-yard-waste-paper-bags-121844143.jpg,stock-photo-row-of-recycling-yard-waste-paper-bags-121844143.jpg,Organic,.jpg,800292,KEEP,,1500,1278,RGB
Organic/Organic/yard_trimmings/stock-photo-wheelbarrow-full-with-garden-weeds-and-tools-in-a-garden-399197368.jpg,stock-photo-wheelbarrow-full-with-garden-weeds-and-tools-in-a-garden-399197368.jpg,Organic,.jpg,1141344,KEEP,,1500,1105,RGB
Organic/Organic/yard_trimmings/th-black-bag-of-grass-clippings-grass-cuttings-in-a-black-plastic-1558537151.jpg,th-black-bag-of-grass-clippings-grass-cuttings-in-a-black-plastic-1558537151.jpg,Organic,.jpg,2059075,KEEP,,1500,1101,RGB
Organic/Organic/yard_trimmings/trash.jpg,trash.jpg,Organic,.jpg,724072,KEEP,,1430,1078,RGB
Organic/Organic/yard_trimmings/trim-hedges-man-front-house-trimming-electric-edger-44768144.jpg,trim-hedges-man-front-house-trimming-electric-edger-44768144.jpg,Organic,.jpg,101341,KEEP,,800,537,RGB
Organic/Organic/yard_trimmings/ukecwlgg6urz.jpg,ukecwlgg6urz.jpg,Organic,.jpg,2315431,KEEP,,2340,4160,RGB
Organic/Organic/yard_trimmings/ut-medium-brush-and-yard-waste-660x396.jpg__660.0x396.0_q85_crop_subsampling-2_upscale.jpg,ut-medium-brush-and-yard-waste-660x396.jpg__660.0x396.0_q85_crop_subsampling-2_upscale.jpg,Organic,.jpg,64206,KEEP,,660,396,RGB
Organic/Organic/yard_trimmings/wheelbarrow-with-garden-waste-in-a-rural-garden-at-a-half-timbered-EBNYYX.jpg,wheelbarrow-with-garden-waste-in-a-rural-garden-at-a-half-timbered-EBNYYX.jpg,Organic,.jpg,428450,KEEP,,1300,955,RGB
Organic/Organic/yard_trimmings/wn-and-leaf-bags-full-of-yard-waste-sit-on-street-curb-waiting-to-2214986939.jpg,wn-and-leaf-bags-full-of-yard-waste-sit-on-street-curb-waiting-to-2214986939.jpg,Organic,.jpg,426997,KEEP,,1500,1101,RGB
Organic/Organic/yard_trimmings/woman-operating-heavy-duty-leaf-blower-copy.jpg,woman-operating-heavy-duty-leaf-blower-copy.jpg,Organic,.jpg,133622,KEEP,,1000,667,RGB
Organic/Organic/yard_trimmings/yard-clippings-heaped-in-wheelbarrow-BJCHJC.jpg,yard-clippings-heaped-in-wheelbarrow-BJCHJC.jpg,Organic,.jpg,276088,KEEP,,867,1390,RGB
Organic/Organic/yard_trimmings/yard-trimmings.jpg,yard-trimmings.jpg,Organic,.jpg,686461,KEEP,,1000,667,RGB
Organic/Organic/yard_trimmings/yard-waste-540x540.jpg,yard-waste-540x540.jpg,Organic,.jpg,65023,KEEP,,540,540,RGB
Organic/Organic/yard_trimmings/yard-waste-540x5402.jpg,yard-waste-540x5402.jpg,Organic,.jpg,83128,KEEP,,540,540,RGB
Organic/Organic/yard_trimmings/yard-waste-TS_1.jpg,yard-waste-TS_1.jpg,Organic,.jpg,8260789,KEEP,,3600,2410,RGB
Organic/Organic/yard_trimmings/yard-waste-by-street-waiting-to-be-picked-up-FJ0XYB.jpg,yard-waste-by-street-waiting-to-be-picked-up-FJ0XYB.jpg,Organic,.jpg,206323,KEEP,,870,1390,RGB
Organic/Organic/yard_trimmings/yard-waste-disposal-1-1-.png,yard-waste-disposal-1-1-.png,Organic,.png,1103744,KEEP,,800,533,RGBA
Organic/Organic/yard_trimmings/yard-waste-header.png,yard-waste-header.png,Organic,.png,14758450,KEEP,,5230,1936,RGBA
Organic/Organic/yard_trimmings/yard-waste-in-trash.jpg,yard-waste-in-trash.jpg,Organic,.jpg,294516,KEEP,,1600,1200,RGB
Organic/Organic/yard_trimmings/yard-waste-paper-bag-AdobeStock_14631106-600x400.jpg,yard-waste-paper-bag-AdobeStock_14631106-600x400.jpg,Organic,.jpg,76640,KEEP,,600,400,RGB
Organic/Organic/yard_trimmings/yard-waste-pick-up.jpg,yard-waste-pick-up.jpg,Organic,.jpg,172778,KEEP,,1440,420,RGB
Organic/Organic/yard_trimmings/yard-waste-removal_1.jpg,yard-waste-removal_1.jpg,Organic,.jpg,251239,KEEP,,1000,750,RGB
Organic/Organic/yard_trimmings/yard-waste-set-out.jpg,yard-waste-set-out.jpg,Organic,.jpg,38935,KEEP,,500,375,RGB
Organic/Organic/yard_trimmings/yard-waste.png,yard-waste.png,Organic,.png,2348036,KEEP,,2593,1739,RGBA
Organic/Organic/yard_trimmings/yard_waste.jpg,yard_waste.jpg,Organic,.jpg,607877,KEEP,,2000,1004,RGB
Organic/Organic/yard_trimmings/yard_waste_plants1.jpg,yard_waste_plants1.jpg,Organic,.jpg,361799,KEEP,,1800,840,RGB
Organic/Organic/yard_trimmings/yardwaste.jpg,yardwaste.jpg,Organic,.jpg,330948,KEEP,,820,586,RGB
Organic/Organic/yard_trimmings/ypark_002.jpg,ypark_002.jpg,Organic,.jpg,140643,KEEP,,637,650,RGB
Recyclable/Recyclable/cans_all_type/-can-massa-italy-august-condensed-white-background-company-american-76189952.jpg,-can-massa-italy-august-condensed-white-background-company-american-76189952.jpg,Recyclable,.jpg,45370,KEEP,,600,900,RGB
Recyclable/Recyclable/cans_all_type/-can-mock-up-blank-template-juice-soda-beer-jar-blank-isolated-on-2163144491.jpg,-can-mock-up-blank-template-juice-soda-beer-jar-blank-isolated-on-2163144491.jpg,Recyclable,.jpg,223596,KEEP,,1500,1101,RGB
Recyclable/Recyclable/cans_all_type/-drops-mock-up-labels-marks-showing-ice-chips-show-freshness-to-eye-89023184.jpg,-drops-mock-up-labels-marks-showing-ice-chips-show-freshness-to-eye-89023184.jpg,Recyclable,.jpg,157907,KEEP,,1600,1690,RGB
Recyclable/Recyclable/cans_all_type/-metallic-can-drink-beer-soda-water-juice-packaging-empty-mock-up-1376178530.jpg,-metallic-can-drink-beer-soda-water-juice-packaging-empty-mock-up-1376178530.jpg,Recyclable,.jpg,452156,KEEP,,1500,1300,RGB
Recyclable/Recyclable/cans_all_type/-of-soda-drinks-in-aluminum-cans-isolated-on-white-with-clipping-path-brands.jpg,-of-soda-drinks-in-aluminum-cans-isolated-on-white-with-clipping-path-brands.jpg,Recyclable,.jpg,74006,KEEP,,1300,802,RGB
Recyclable/Recyclable/cans_all_type/0-Intro-canned_foods.jpg,0-Intro-canned_foods.jpg,Recyclable,.jpg,195366,KEEP,,780,504,RGB
Recyclable/Recyclable/cans_all_type/012893089_1-b80c05baee89d6658162d41907fc5880-768x994.png,012893089_1-b80c05baee89d6658162d41907fc5880-768x994.png,Recyclable,.png,173156,KEEP,,768,994,P
Recyclable/Recyclable/cans_all_type/01_ref_aerosol_dekxr6_4x3.jpg,01_ref_aerosol_dekxr6_4x3.jpg,Recyclable,.jpg,1235950,KEEP,,3072,2304,RGB
Recyclable/Recyclable/cans_all_type/02-zero-waste-plastic_3x4.jpg,02-zero-waste-plastic_3x4.jpg,Recyclable,.jpg,512030,KEEP,,2305,3072,RGB
Recyclable/Recyclable/cans_all_type/1000_F_562159019_0bLwz2fRtqYGR6QWwwnF7icyENY6lt07.jpg,1000_F_562159019_0bLwz2fRtqYGR6QWwwnF7icyENY6lt07.jpg,Recyclable,.jpg,280100,KEEP,,1000,667,RGB
Recyclable/Recyclable/cans_all_type/12-oz-soda-can.png,12-oz-soda-can.png,Recyclable,.png,63962,KEEP,,600,600,P
Recyclable/Recyclable/cans_all_type/1292760.jpg,1292760.jpg,Recyclable,.jpg,74412,KEEP,,250,386,RGB
Recyclable/Recyclable/cans_all_type/1557087432-8976.jpg,1557087432-8976.jpg,Recyclable,.jpg,51542,KEEP,,620,464,RGB
Recyclable/Recyclable/cans_all_type/1665075294-can-packaging-options-white-text.jpg,1665075294-can-packaging-options-white-text.jpg,Recyclable,.jpg,209852,KEEP,,1920,1000,RGB
Recyclable/Recyclable/cans_all_type/1673984002-51RqVCsy9ML._SL500_.jpg,1673984002-51RqVCsy9ML._SL500_.jpg,Recyclable,.jpg,38279,KEEP,,500,500,RGB
Recyclable/Recyclable/cans_all_type/200114-compostable-packaging-cups-utensils-plates.pla-plastic-waste-pollution-3-salad.jpg,200114-compostable-packaging-cups-utensils-plates.pla-plastic-waste-pollution-3-salad.jpg,Recyclable,.jpg,648573,KEEP,,1200,801,RGB
Recyclable/Recyclable/cans_all_type/20170221152145.png,20170221152145.png,Recyclable,.png,375982,KEEP,,560,400,RGBA
Recyclable/Recyclable/cans_all_type/24957061-a-load-of-aluminum-cans-to-be-compressed-and-baled-for-recycling-in-the-us.jpg,24957061-a-load-of-aluminum-cans-to-be-compressed-and-baled-for-recycling-in-the-us.jpg,Recyclable,.jpg,283352,KEEP,,1300,863,RGB
Recyclable/Recyclable/cans_all_type/2_piece_DI_02.png,2_piece_DI_02.png,Recyclable,.png,58258,KEEP,,220,220,RGBA
Recyclable/Recyclable/cans_all_type/2ed03c267a9e46d6a00350f7d01a56f1.jpg,2ed03c267a9e46d6a00350f7d01a56f1.jpg,Recyclable,.jpg,180353,KEEP,,630,419,RGB
Recyclable/Recyclable/cans_all_type/360_F_141404485_na6RQwOXUQcEvWupbecza08k35l69Ben.jpg,360_F_141404485_na6RQwOXUQcEvWupbecza08k35l69Ben.jpg,Recyclable,.jpg,66236,KEEP,,536,360,RGB
Recyclable/Recyclable/cans_all_type/360_F_211809581_35L09wrZOS8a0ttvlCgYX6YNXE8pwM7q.jpg,360_F_211809581_35L09wrZOS8a0ttvlCgYX6YNXE8pwM7q.jpg,Recyclable,.jpg,77051,KEEP,,540,360,RGB
Recyclable/Recyclable/cans_all_type/360_F_525404454_VwozPoWGiIQk1eaqQVJ0ypygpe2RATMd.jpg,360_F_525404454_VwozPoWGiIQk1eaqQVJ0ypygpe2RATMd.jpg,Recyclable,.jpg,33384,KEEP,,540,360,L
Recyclable/Recyclable/cans_all_type/37-tin-can-crafts-1.jpg.webp,37-tin-can-crafts-1.jpg.webp,Recyclable,.webp,111996,KEEP,,1000,1579,RGB
Recyclable/Recyclable/cans_all_type/3_piece_can_new_03.png,3_piece_can_new_03.png,Recyclable,.png,606978,KEEP,,828,823,RGBA
Recyclable/Recyclable/cans_all_type/3d-illustration-of-blank-aluminum-can-png.png,3d-illustration-of-blank-aluminum-can-png.png,Recyclable,.png,187858,KEEP,,1280,1920,LA
Recyclable/Recyclable/cans_all_type/4-9.png,4-9.png,Recyclable,.png,736859,KEEP,,960,640,RGBA
Recyclable/Recyclable/cans_all_type/4-reasons-why-we-should-recycle-aluminium-cans.jpg,4-reasons-why-we-should-recycle-aluminium-cans.jpg,Recyclable,.jpg,949122,KEEP,,1920,1440,RGB
Recyclable/Recyclable/cans_all_type/47036.png,47036.png,Recyclable,.png,181614,KEEP,,500,500,RGBA
Recyclable/Recyclable/cans_all_type/4f38n5dj.jpg,4f38n5dj.jpg,Recyclable,.jpg,293264,KEEP,,1400,1200,RGB
Recyclable/Recyclable/cans_all_type/500ml-blank-customized-drink-printed-aluminum-can-747.jpg,500ml-blank-customized-drink-printed-aluminum-can-747.jpg,Recyclable,.jpg,75196,KEEP,,496,500,RGB
Recyclable/Recyclable/cans_all_type/51-Awesome-DIY-Tin-Can-Ideas-for-Garden2.jpg,51-Awesome-DIY-Tin-Can-Ideas-for-Garden2.jpg,Recyclable,.jpg,232876,KEEP,,1200,630,RGB
Recyclable/Recyclable/cans_all_type/5222093606_5eb8eb9a4b.jpg,5222093606_5eb8eb9a4b.jpg,Recyclable,.jpg,52391,KEEP,,500,500,RGB
Recyclable/Recyclable/cans_all_type/5330f16806681925702afcbf75ba92b172-10-soups-lede.rsquare.w1200.jpg,5330f16806681925702afcbf75ba92b172-10-soups-lede.rsquare.w1200.jpg,Recyclable,.jpg,78184,KEEP,,799,799,RGB
Recyclable/Recyclable/cans_all_type/596eff58-ab51-4fb7-a35b-94d5158d0ed9-cream-brocolli-soup.jpg,596eff58-ab51-4fb7-a35b-94d5158d0ed9-cream-brocolli-soup.jpg,Recyclable,.jpg,154931,KEEP,,940,625,RGB
Recyclable/Recyclable/cans_all_type/63782947220781457915.3.20-20Recycling20main800.jpg,63782947220781457915.3.20-20Recycling20main800.jpg,Recyclable,.jpg,139584,KEEP,,800,800,RGB
Recyclable/Recyclable/cans_all_type/6396f35dfc97666fdf78c2a7_NOMOQ-productfotografie-20221028-Rotterdam-063.png,6396f35dfc97666fdf78c2a7_NOMOQ-productfotografie-20221028-Rotterdam-063.png,Recyclable,.png,236927,KEEP,,1600,986,P
Recyclable/Recyclable/cans_all_type/64667581ef9a05659f8efc9836c51e9a.jpg,64667581ef9a05659f8efc9836c51e9a.jpg,Recyclable,.jpg,252104,KEEP,,1600,900,RGB
Recyclable/Recyclable/cans_all_type/689FD0DE-90E7-4492-BE26174EC02EF19F_source.jpg,689FD0DE-90E7-4492-BE26174EC02EF19F_source.jpg,Recyclable,.jpg,1084280,KEEP,,2400,1602,RGB
Recyclable/Recyclable/cans_all_type/7.leadville-recycle-TINANDSTEEL-CANS-page-001.jpg,7.leadville-recycle-TINANDSTEEL-CANS-page-001.jpg,Recyclable,.jpg,155832,KEEP,,1338,1713,RGB
Recyclable/Recyclable/cans_all_type/711Ggg6DhAL.jpg,711Ggg6DhAL.jpg,Recyclable,.jpg,252762,KEEP,,2000,2000,RGB
Recyclable/Recyclable/cans_all_type/72645168.jpg,72645168.jpg,Recyclable,.jpg,133964,KEEP,,318,450,RGB
Recyclable/Recyclable/cans_all_type/77f9877872b344e2be60aee8e19b757b_0_0.jpg,77f9877872b344e2be60aee8e19b757b_0_0.jpg,Recyclable,.jpg,118630,KEEP,,749,529,RGB
Recyclable/Recyclable/cans_all_type/78818897.jpg,78818897.jpg,Recyclable,.jpg,61576,KEEP,,450,318,RGB
Recyclable/Recyclable/cans_all_type/81dt8D3rCiL._AC_UF10001000_QL80_.jpg,81dt8D3rCiL._AC_UF10001000_QL80_.jpg,Recyclable,.jpg,108046,KEEP,,1000,1000,RGB
Recyclable/Recyclable/cans_all_type/81kUqWM64rL.jpg,81kUqWM64rL.jpg,Recyclable,.jpg,369070,KEEP,,2560,2560,RGB
Recyclable/Recyclable/cans_all_type/85150095-small.jpg,85150095-small.jpg,Recyclable,.jpg,368127,KEEP,,1600,1635,RGB
Recyclable/Recyclable/cans_all_type/85674784.jpg,85674784.jpg,Recyclable,.jpg,87248,KEEP,,450,319,RGB
Recyclable/Recyclable/cans_all_type/88e4ee48ecbd4b52ba034205595b58f4.jpg,88e4ee48ecbd4b52ba034205595b58f4.jpg,Recyclable,.jpg,8365457,KEEP,,6690,5173,RGB
Recyclable/Recyclable/cans_all_type/94163431.jpg,94163431.jpg,Recyclable,.jpg,36198,KEEP,,600,318,RGB
Recyclable/Recyclable/cans_all_type/AdobeStock_9525053geo-scaled.jpeg,AdobeStock_9525053geo-scaled.jpeg,Recyclable,.jpeg,241876,KEEP,,1600,1200,RGB
Recyclable/Recyclable/cans_all_type/Al-Cans-1024x768.jpg,Al-Cans-1024x768.jpg,Recyclable,.jpg,144640,KEEP,,1024,768,RGB
Recyclable/Recyclable/cans_all_type/Alum20Cans_JPG.jpg,Alum20Cans_JPG.jpg,Recyclable,.jpg,100440,KEEP,,524,390,RGB
Recyclable/Recyclable/cans_all_type/Aluminium_cans.jpg,Aluminium_cans.jpg,Recyclable,.jpg,145440,KEEP,,530,504,RGB
Recyclable/Recyclable/cans_all_type/Bales-of-Crushed-Aluminum-Cans-Awaiting-Recycling-E28093-Photo-West-Boylston-MA-2.jpg,Bales-of-Crushed-Aluminum-Cans-Awaiting-Recycling-E28093-Photo-West-Boylston-MA-2.jpg,Recyclable,.jpg,131847,KEEP,,640,426,RGB
Recyclable/Recyclable/cans_all_type/Beer-and-soda-cans-found-to-have-traces-of-bisphenol-A.png,Beer-and-soda-cans-found-to-have-traces-of-bisphenol-A.png,Recyclable,.png,324100,KEEP,,830,400,RGB
Recyclable/Recyclable/cans_all_type/Blog_02.21.2017.jpg,Blog_02.21.2017.jpg,Recyclable,.jpg,300635,KEEP,,900,450,RGB
Recyclable/Recyclable/cans_all_type/CAN-BODY-03-longfit.png,CAN-BODY-03-longfit.png,Recyclable,.png,30933,KEEP,,727,727,P
Recyclable/Recyclable/cans_all_type/Campbells-1-1-e1668679527809.jpg,Campbells-1-1-e1668679527809.jpg,Recyclable,.jpg,80539,KEEP,,1000,402,RGB
Recyclable/Recyclable/cans_all_type/Campbells-WarholCans-scaled.jpg,Campbells-WarholCans-scaled.jpg,Recyclable,.jpg,1121001,KEEP,,4445,1590,RGB
Recyclable/Recyclable/cans_all_type/Can-do-attitude-beWater-plans-ASEAN-expansion-in-bid-to-reduce-plastic-waste-problem.jpg,Can-do-attitude-beWater-plans-ASEAN-expansion-in-bid-to-reduce-plastic-waste-problem.jpg,Recyclable,.jpg,57596,KEEP,,640,406,RGB
Recyclable/Recyclable/cans_all_type/Can28Easy_Open_Can29.JPG.jpg,Can28Easy_Open_Can29.JPG.jpg,Recyclable,.jpg,129384,KEEP,,1200,1600,RGB
Recyclable/Recyclable/cans_all_type/Canned-Foods.jpeg,Canned-Foods.jpeg,Recyclable,.jpeg,267428,KEEP,,854,1280,RGB
Recyclable/Recyclable/cans_all_type/Canned20Food20Blog2028129.png,Canned20Food20Blog2028129.png,Recyclable,.png,232583,KEEP,,730,400,RGBA
Recyclable/Recyclable/cans_all_type/Cans.png,Cans.png,Recyclable,.png,52157,KEEP,,404,329,RGBA
Recyclable/Recyclable/cans_all_type/Drinking_can_ring-pull_tab.jpg,Drinking_can_ring-pull_tab.jpg,Recyclable,.jpg,302924,KEEP,,800,532,RGB
Recyclable/Recyclable/cans_all_type/EWG-report-reveals-brands-using-BPA-in-canned-food.jpg,EWG-report-reveals-brands-using-BPA-in-canned-food.jpg,Recyclable,.jpg,80360,KEEP,,749,1123,RGB
Recyclable/Recyclable/cans_all_type/Empty_tin_can2009-01-19.jpg,Empty_tin_can2009-01-19.jpg,Recyclable,.jpg,1407767,KEEP,,2592,3872,RGB
Recyclable/Recyclable/cans_all_type/Examples-of-aluminum-items-that-are-recyclable-1.png,Examples-of-aluminum-items-that-are-recyclable-1.png,Recyclable,.png,1046911,KEEP,,1640,924,RGBA
Recyclable/Recyclable/cans_all_type/Experimental-treatments-soup-example.png,Experimental-treatments-soup-example.png,Recyclable,.png,237696,KEEP,,850,508,RGBA
Recyclable/Recyclable/cans_all_type/FAY2IG7KP2MDA7F.jpg,FAY2IG7KP2MDA7F.jpg,Recyclable,.jpg,1274133,KEEP,,3600,3000,RGB
Recyclable/Recyclable/cans_all_type/FBMH7EYKP2MD9M8.jpg,FBMH7EYKP2MD9M8.jpg,Recyclable,.jpg,1915520,KEEP,,4500,3000,RGB
Recyclable/Recyclable/cans_all_type/Feature-Crops-2400-x-1350-58.png,Feature-Crops-2400-x-1350-58.png,Recyclable,.png,5046173,KEEP,,2400,1350,RGB
Recyclable/Recyclable/cans_all_type/Figure-1_can-coatings-2.png,Figure-1_can-coatings-2.png,Recyclable,.png,77589,KEEP,,1249,439,RGB
Recyclable/Recyclable/cans_all_type/HFB_Hunger_Blog_00230228_header_cans-scaled.jpg,HFB_Hunger_Blog_00230228_header_cans-scaled.jpg,Recyclable,.jpg,468988,KEEP,,2560,1440,RGB
Recyclable/Recyclable/cans_all_type/How-Much-Energy-Does-Recycling-One-Aluminum-Can-Save.jpg,How-Much-Energy-Does-Recycling-One-Aluminum-Can-Save.jpg,Recyclable,.jpg,30405,KEEP,,685,400,RGB
Recyclable/Recyclable/cans_all_type/IMG_0800.jpeg,IMG_0800.jpeg,Recyclable,.jpeg,1508942,KEEP,,2500,3333,RGB
Recyclable/Recyclable/cans_all_type/IMG_20131004_104155_216.jpg,IMG_20131004_104155_216.jpg,Recyclable,.jpg,849827,KEEP,,2208,1836,RGB
Recyclable/Recyclable/cans_all_type/LzEyLzAzL2RyZWFtc3RpbWV4eGwxNzcyNDAwOSAtIGFsdW1pbnVtIGNhbnMuanBn.1V4x5MynmFA.jpg,LzEyLzAzL2RyZWFtc3RpbWV4eGwxNzcyNDAwOSAtIGFsdW1pbnVtIGNhbnMuanBn.1V4x5MynmFA.jpg,Recyclable,.jpg,69890,KEEP,,736,414,RGB
Recyclable/Recyclable/cans_all_type/MPE20-20Can20Logistics20benefits.jpg,MPE20-20Can20Logistics20benefits.jpg,Recyclable,.jpg,721322,KEEP,,1528,800,RGB
Recyclable/Recyclable/cans_all_type/Made-in-China-Low-Price-No-Impurity-Waste-Beverage-Cans-Waste-Aluminum-Cans-Ubc.jpg,Made-in-China-Low-Price-No-Impurity-Waste-Beverage-Cans-Waste-Aluminum-Cans-Ubc.jpg,Recyclable,.jpg,90444,KEEP,,549,550,RGB
Recyclable/Recyclable/cans_all_type/NUNVBKEABUI6VBGCA6JNQWIZCE.jpg,NUNVBKEABUI6VBGCA6JNQWIZCE.jpg,Recyclable,.jpg,5032762,KEEP,,5000,3316,RGB
Recyclable/Recyclable/cans_all_type/New-RepBan_CannedFood_2007.jpg,New-RepBan_CannedFood_2007.jpg,Recyclable,.jpg,170648,KEEP,,1280,720,RGB
Recyclable/Recyclable/cans_all_type/RauTZ.png,RauTZ.png,Recyclable,.png,324806,KEEP,,500,375,RGBA
Recyclable/Recyclable/cans_all_type/Recycling-saves-money.jpg,Recycling-saves-money.jpg,Recyclable,.jpg,112978,KEEP,,1429,952,RGB
Recyclable/Recyclable/cans_all_type/Screen-Shot-2019-06-27-at-2.59.36-PM-e1561681171942.png,Screen-Shot-2019-06-27-at-2.59.36-PM-e1561681171942.png,Recyclable,.png,1092485,KEEP,,2269,1452,RGBA
Recyclable/Recyclable/cans_all_type/Screenshot-2023-02-15-100305.png,Screenshot-2023-02-15-100305.png,Recyclable,.png,457973,KEEP,,504,374,RGBA
Recyclable/Recyclable/cans_all_type/Soup-Cans.jpg,Soup-Cans.jpg,Recyclable,.jpg,176056,KEEP,,1111,575,RGB
Recyclable/Recyclable/cans_all_type/Tin-Can-Crafts_Vertical_v1.jpg.webp,Tin-Can-Crafts_Vertical_v1.jpg.webp,Recyclable,.webp,87870,KEEP,,600,1200,RGB
Recyclable/Recyclable/cans_all_type/Tin-can-crafts-3.jpg,Tin-can-crafts-3.jpg,Recyclable,.jpg,173854,KEEP,,720,720,RGB
Recyclable/Recyclable/cans_all_type/Tomato-Bisque-ERA-scaled.jpg,Tomato-Bisque-ERA-scaled.jpg,Recyclable,.jpg,657685,KEEP,,2560,1920,RGB
Recyclable/Recyclable/cans_all_type/Which-metals-to-recycle.jpg,Which-metals-to-recycle.jpg,Recyclable,.jpg,894806,KEEP,,1500,720,RGB
Recyclable/Recyclable/cans_all_type/Yes-I-Can-water-cans-1.jpg,Yes-I-Can-water-cans-1.jpg,Recyclable,.jpg,95524,KEEP,,1024,962,RGB
Recyclable/Recyclable/cans_all_type/ZWB_ANZ_BoxThumbnail_AluminiumCans_bfe1ab62-ced7-47d4-9b8f-251c863db01d_720x.png,ZWB_ANZ_BoxThumbnail_AluminiumCans_bfe1ab62-ced7-47d4-9b8f-251c863db01d_720x.png,Recyclable,.png,340292,KEEP,,720,721,RGBA
Recyclable/Recyclable/cans_all_type/_66324968_heinz2_comp_624.jpg,_66324968_heinz2_comp_624.jpg,Recyclable,.jpg,52451,KEEP,,640,370,RGB
Recyclable/Recyclable/cans_all_type/a-silver-tin-can-isolated-on-a-white-background-clipping-path-DNC3X5.jpg,a-silver-tin-can-isolated-on-a-white-background-clipping-path-DNC3X5.jpg,Recyclable,.jpg,125195,KEEP,,1270,1390,RGB
Recyclable/Recyclable/cans_all_type/aero-landing_0005_Full-can.png,aero-landing_0005_Full-can.png,Recyclable,.png,588777,KEEP,,1413,1545,P
Recyclable/Recyclable/cans_all_type/alum-metal.png,alum-metal.png,Recyclable,.png,146174,KEEP,,650,661,RGBA
Recyclable/Recyclable/cans_all_type/aluminium-cans-2-piece-for-beer-and-beverages-two-piece-beer-cans.jpg,aluminium-cans-2-piece-for-beer-and-beverages-two-piece-beer-cans.jpg,Recyclable,.jpg,79575,KEEP,,500,343,RGB
Recyclable/Recyclable/cans_all_type/aluminium-cans-278.jpg,aluminium-cans-278.jpg,Recyclable,.jpg,31495,KEEP,,450,338,RGB
Recyclable/Recyclable/cans_all_type/aluminium-cans-middle-east.jpg,aluminium-cans-middle-east.jpg,Recyclable,.jpg,66156,KEEP,,500,330,RGB
Recyclable/Recyclable/cans_all_type/aluminium-cans-silver-can-branding-design-vector-18026625-1.jpg,aluminium-cans-silver-can-branding-design-vector-18026625-1.jpg,Recyclable,.jpg,81879,KEEP,,1000,1080,RGB
Recyclable/Recyclable/cans_all_type/aluminium-drink-cans-waste-recycle-close-up-view-turin-italy-october-164013257.jpg,aluminium-drink-cans-waste-recycle-close-up-view-turin-italy-october-164013257.jpg,Recyclable,.jpg,334214,KEEP,,1200,1690,RGB
Recyclable/Recyclable/cans_all_type/aluminium-steel-cans.png,aluminium-steel-cans.png,Recyclable,.png,614242,KEEP,,1500,905,P
Recyclable/Recyclable/cans_all_type/aluminium05.png,aluminium05.png,Recyclable,.png,241068,KEEP,,540,450,RGBA
Recyclable/Recyclable/cans_all_type/aluminum-alloy-soft-drink-cans-tin-cans-collected-for-recycling-at-DC9YBC.jpg,aluminum-alloy-soft-drink-cans-tin-cans-collected-for-recycling-at-DC9YBC.jpg,Recyclable,.jpg,366882,KEEP,,1300,955,RGB
Recyclable/Recyclable/cans_all_type/aluminum-beer-cans-with-keys-stock-image_csp9896786.jpg,aluminum-beer-cans-with-keys-stock-image_csp9896786.jpg,Recyclable,.jpg,42156,KEEP,,357,254,RGB
Recyclable/Recyclable/cans_all_type/aluminum-can-recycling.jpg,aluminum-can-recycling.jpg,Recyclable,.jpg,356932,KEEP,,630,422,RGB
Recyclable/Recyclable/cans_all_type/aluminum-can-sculptures-noah-deledda-thumbnail.jpg,aluminum-can-sculptures-noah-deledda-thumbnail.jpg,Recyclable,.jpg,91223,KEEP,,1200,628,RGB
Recyclable/Recyclable/cans_all_type/aluminum-cans-at-the-bottom-of-a-recycling-bin-EKXJ4B.jpg,aluminum-cans-at-the-bottom-of-a-recycling-bin-EKXJ4B.jpg,Recyclable,.jpg,289166,KEEP,,1300,956,RGB
Recyclable/Recyclable/cans_all_type/aluminum-cans-collected-for-recycling-center-AP5B7K.jpg,aluminum-cans-collected-for-recycling-center-AP5B7K.jpg,Recyclable,.jpg,388003,KEEP,,1300,955,RGB
Recyclable/Recyclable/cans_all_type/aluminum-cans-e1453526631407.jpg,aluminum-cans-e1453526631407.jpg,Recyclable,.jpg,81662,KEEP,,510,383,RGB
Recyclable/Recyclable/cans_all_type/aluminum-cans-for-recycling.jpg,aluminum-cans-for-recycling.jpg,Recyclable,.jpg,269282,KEEP,,1024,448,RGB
Recyclable/Recyclable/cans_all_type/aluminum-cans-iStock-1148755120.jpg,aluminum-cans-iStock-1148755120.jpg,Recyclable,.jpg,379683,KEEP,,1920,1080,RGB
Recyclable/Recyclable/cans_all_type/aluminum-cans-in-recycling-bin-C3W0CR.jpg,aluminum-cans-in-recycling-bin-C3W0CR.jpg,Recyclable,.jpg,354808,KEEP,,1300,954,RGB
Recyclable/Recyclable/cans_all_type/aluminum-cans-in-recycling-kon-tum-vietnam-KJJ5CJ.jpg,aluminum-cans-in-recycling-kon-tum-vietnam-KJJ5CJ.jpg,Recyclable,.jpg,351839,KEEP,,1300,956,RGB
Recyclable/Recyclable/cans_all_type/aluminum-cans-in-recycling-kon-tum-vietnam-usage-worldwide-PC54WW.jpg,aluminum-cans-in-recycling-kon-tum-vietnam-usage-worldwide-PC54WW.jpg,Recyclable,.jpg,267690,KEEP,,1300,956,RGB
Recyclable/Recyclable/cans_all_type/aluminum-cans-p4bj2zq8ghz8sr6olvxa68f6em8uc1rra8lni6kazw-fbe6b699.jpg,aluminum-cans-p4bj2zq8ghz8sr6olvxa68f6em8uc1rra8lni6kazw-fbe6b699.jpg,Recyclable,.jpg,460086,KEEP,,500,350,RGBA
Recyclable/Recyclable/cans_all_type/aluminum-cans.jpg,aluminum-cans.jpg,Recyclable,.jpg,46650,KEEP,,728,489,RGB
Recyclable/Recyclable/cans_all_type/aluminum-recycling.jpg,aluminum-recycling.jpg,Recyclable,.jpg,82403,KEEP,,800,400,RGB
Recyclable/Recyclable/cans_all_type/aluminum-recycling2.png,aluminum-recycling2.png,Recyclable,.png,502921,KEEP,,478,320,RGBA
Recyclable/Recyclable/cans_all_type/aluminum_materials_picture_ff_web_area.jpg,aluminum_materials_picture_ff_web_area.jpg,Recyclable,.jpg,163844,KEEP,,640,427,RGB
Recyclable/Recyclable/cans_all_type/andy-warhol-campbells-soup-can-p6n2ahitn7by8xzm9ejbqveo3bossv8zcpihwi57pw.jpg,andy-warhol-campbells-soup-can-p6n2ahitn7by8xzm9ejbqveo3bossv8zcpihwi57pw.jpg,Recyclable,.jpg,62701,KEEP,,800,418,RGB
Recyclable/Recyclable/cans_all_type/april-11-2020-halifax-canada-campbells-heinz-and-no-name-brand-canned-soups-2BK87NC.jpg,april-11-2020-halifax-canada-campbells-heinz-and-no-name-brand-canned-soups-2BK87NC.jpg,Recyclable,.jpg,103521,KEEP,,1300,956,RGB
Recyclable/Recyclable/cans_all_type/assorted-cans-campbell-s-brand-soup-shopping-cart-assorted-cans-campbell-s-brand-soup-151033750.jpg,assorted-cans-campbell-s-brand-soup-shopping-cart-assorted-cans-campbell-s-brand-soup-151033750.jpg,Recyclable,.jpg,88080,KEEP,,600,900,RGB
Recyclable/Recyclable/cans_all_type/b7objects_household001.jpg,b7objects_household001.jpg,Recyclable,.jpg,906551,KEEP,,2048,1536,RGB
Recyclable/Recyclable/cans_all_type/bd81ae39b970475bae9524c6018794aa_0_0.jpg,bd81ae39b970475bae9524c6018794aa_0_0.jpg,Recyclable,.jpg,235368,KEEP,,1000,600,RGB
Recyclable/Recyclable/cans_all_type/beer-5215845_1280.jpg,beer-5215845_1280.jpg,Recyclable,.jpg,112078,KEEP,,1280,853,RGB
Recyclable/Recyclable/cans_all_type/beer-can-scrap.jpg,beer-can-scrap.jpg,Recyclable,.jpg,198541,KEEP,,1024,512,RGB
Recyclable/Recyclable/cans_all_type/best-progresso-soup-flavors.jpg,best-progresso-soup-flavors.jpg,Recyclable,.jpg,377137,KEEP,,1200,879,RGB
Recyclable/Recyclable/cans_all_type/bev-can-by-size.png,bev-can-by-size.png,Recyclable,.png,569934,KEEP,,1570,1570,P
Recyclable/Recyclable/cans_all_type/bev20can.jpg,bev20can.jpg,Recyclable,.jpg,87148,KEEP,,480,480,RGB
Recyclable/Recyclable/cans_all_type/beverage-can-architecture.jpg,beverage-can-architecture.jpg,Recyclable,.jpg,46999,KEEP,,400,509,RGB
Recyclable/Recyclable/cans_all_type/beverage20drink20cans.jpg,beverage20drink20cans.jpg,Recyclable,.jpg,81505,KEEP,,500,331,RGB
Recyclable/Recyclable/cans_all_type/big-tin-can-with-copy-space-isolated-on-white-background-HE441H.jpg,big-tin-can-with-copy-space-isolated-on-white-background-HE441H.jpg,Recyclable,.jpg,96436,KEEP,,1044,1390,RGB
Recyclable/Recyclable/cans_all_type/c0469750-800px-wm.jpg,c0469750-800px-wm.jpg,Recyclable,.jpg,243096,KEEP,,800,533,RGB
Recyclable/Recyclable/cans_all_type/can-1957735_1920.jpg,can-1957735_1920.jpg,Recyclable,.jpg,406161,KEEP,,1600,1026,RGB
Recyclable/Recyclable/cans_all_type/can-lifecycle.png,can-lifecycle.png,Recyclable,.png,363956,KEEP,,1360,500,P
Recyclable/Recyclable/cans_all_type/can-shortages.jpg,can-shortages.jpg,Recyclable,.jpg,44598,KEEP,,640,480,RGB
Recyclable/Recyclable/cans_all_type/can-sizes.jpg,can-sizes.jpg,Recyclable,.jpg,106684,KEEP,,1000,441,RGB
Recyclable/Recyclable/cans_all_type/canned-food-961779-1.jpg,canned-food-961779-1.jpg,Recyclable,.jpg,97209,KEEP,,1050,700,RGB
Recyclable/Recyclable/cans_all_type/canned-food-fish-1200x628-facebook-1200x628.jpg,canned-food-fish-1200x628-facebook-1200x628.jpg,Recyclable,.jpg,147402,KEEP,,1200,628,RGB
Recyclable/Recyclable/cans_all_type/canned-food_0.jpg,canned-food_0.jpg,Recyclable,.jpg,72984,KEEP,,1000,450,RGB
Recyclable/Recyclable/cans_all_type/canned-food_wide-e18ed729392a8ac2763dff282529fe7bc0e834b9-s1400-c100.jpg,canned-food_wide-e18ed729392a8ac2763dff282529fe7bc0e834b9-s1400-c100.jpg,Recyclable,.jpg,622286,KEEP,,1000,561,RGB
Recyclable/Recyclable/cans_all_type/canned-pumpkin-can-1296x728-body.jpg,canned-pumpkin-can-1296x728-body.jpg,Recyclable,.jpg,146907,KEEP,,1296,728,RGB
Recyclable/Recyclable/cans_all_type/cd28515cb9fbaf5589376da505766a8f.png,cd28515cb9fbaf5589376da505766a8f.png,Recyclable,.png,821347,KEEP,,1110,350,RGBA
Recyclable/Recyclable/cans_all_type/coca-cola-07.jpg,coca-cola-07.jpg,Recyclable,.jpg,112771,KEEP,,407,308,RGB
Recyclable/Recyclable/cans_all_type/collected-tin-cans-vietnam-AF9KEP.jpg,collected-tin-cans-vietnam-AF9KEP.jpg,Recyclable,.jpg,296551,KEEP,,1300,944,RGB
Recyclable/Recyclable/cans_all_type/crumpled-aluminum-can-2022-06-02-17-14-48-utc-scaled.jpg,crumpled-aluminum-can-2022-06-02-17-14-48-utc-scaled.jpg,Recyclable,.jpg,260285,KEEP,,2048,1366,RGB
Recyclable/Recyclable/cans_all_type/crumpled-aluminum-can-empty-can-aluminum-can-isolated-white-background_38335-161.jpg,crumpled-aluminum-can-empty-can-aluminum-can-isolated-white-background_38335-161.jpg,Recyclable,.jpg,58630,KEEP,,626,417,RGB
Recyclable/Recyclable/cans_all_type/crushed-aluminium-drinks-cans-in-a-recycling-basket-2A927XT.jpg,crushed-aluminium-drinks-cans-in-a-recycling-basket-2A927XT.jpg,Recyclable,.jpg,262394,KEEP,,866,1390,RGB
Recyclable/Recyclable/cans_all_type/crushed-tin-can-isolated-2BY4XX9.jpg,crushed-tin-can-isolated-2BY4XX9.jpg,Recyclable,.jpg,78269,KEEP,,974,1390,RGB
Recyclable/Recyclable/cans_all_type/depositphotos_151711104-stock-photo-canned-food-3d-render.jpg,depositphotos_151711104-stock-photo-canned-food-3d-render.jpg,Recyclable,.jpg,34028,KEEP,,600,600,RGB
Recyclable/Recyclable/cans_all_type/depositphotos_437224758-stock-photo-recycle-empty-cans-tin-food.jpg,depositphotos_437224758-stock-photo-recycle-empty-cans-tin-food.jpg,Recyclable,.jpg,85970,KEEP,,600,400,RGB
Recyclable/Recyclable/cans_all_type/depositphotos_524542642-stock-photo-tin-can-preserve-food-template.jpg,depositphotos_524542642-stock-photo-tin-can-preserve-food-template.jpg,Recyclable,.jpg,73369,KEEP,,1524,1700,L
Recyclable/Recyclable/cans_all_type/depositphotos_537407962-stock-photo-ukraine-chernivtsi-november-pile-garbage.jpg,depositphotos_537407962-stock-photo-ukraine-chernivtsi-november-pile-garbage.jpg,Recyclable,.jpg,86354,KEEP,,600,401,RGB
Recyclable/Recyclable/cans_all_type/depositphotos_76684561-stock-photo-ho-chi-minh-city-vietnam.jpg,depositphotos_76684561-stock-photo-ho-chi-minh-city-vietnam.jpg,Recyclable,.jpg,72332,KEEP,,600,400,RGB
Recyclable/Recyclable/cans_all_type/di-steel-2-new-6.png,di-steel-2-new-6.png,Recyclable,.png,233493,KEEP,,480,480,RGBA
Recyclable/Recyclable/cans_all_type/different-types-canned-food-illustration-600w-604738256.jpg,different-types-canned-food-illustration-600w-604738256.jpg,Recyclable,.jpg,69198,KEEP,,600,423,RGB
Recyclable/Recyclable/cans_all_type/dreamstimexxl1772400920-20aluminum20cans.jpg,dreamstimexxl1772400920-20aluminum20cans.jpg,Recyclable,.jpg,69890,KEEP,,736,414,RGB
Recyclable/Recyclable/cans_all_type/eaw-thailand-may-empty-recycling-close-up-view-waste-disposal-site-151705209.jpg,eaw-thailand-may-empty-recycling-close-up-view-waste-disposal-site-151705209.jpg,Recyclable,.jpg,372605,KEEP,,1600,1290,RGB
Recyclable/Recyclable/cans_all_type/empty-aluminium-drinks-cans-recycling-rostov-don-russia-172776163.jpg,empty-aluminium-drinks-cans-recycling-rostov-don-russia-172776163.jpg,Recyclable,.jpg,191458,KEEP,,1600,1157,RGB
Recyclable/Recyclable/cans_all_type/empty-beverage-cans.jpeg,empty-beverage-cans.jpeg,Recyclable,.jpeg,51197,KEEP,,917,1122,RGB
Recyclable/Recyclable/cans_all_type/empty-food-cans-recycling-19652090.jpg,empty-food-cans-recycling-19652090.jpg,Recyclable,.jpg,299625,KEEP,,1600,1153,RGB
Recyclable/Recyclable/cans_all_type/empty-metal-cans-23939723.jpg,empty-metal-cans-23939723.jpg,Recyclable,.jpg,104552,KEEP,,1600,1290,RGB
Recyclable/Recyclable/cans_all_type/empty-tin-can-isolated-on-a-white-background-metallic-food-container-2BWM655.jpg,empty-tin-can-isolated-on-a-white-background-metallic-food-container-2BWM655.jpg,Recyclable,.jpg,85238,KEEP,,866,1390,RGB
Recyclable/Recyclable/cans_all_type/empty-tin-cans-17610861.jpg,empty-tin-cans-17610861.jpg,Recyclable,.jpg,70135,KEEP,,600,900,RGB
Recyclable/Recyclable/cans_all_type/empty-tin-cans-8572637.jpg,empty-tin-cans-8572637.jpg,Recyclable,.jpg,77308,KEEP,,1600,1157,RGB
Recyclable/Recyclable/cans_all_type/empty-used-aluminium-cans-ready-recycling-close-up-172409365.jpg,empty-used-aluminium-cans-ready-recycling-close-up-172409365.jpg,Recyclable,.jpg,64798,KEEP,,601,900,RGB
Recyclable/Recyclable/cans_all_type/evgeny-karchevsky-k1tUxfs8JYY-unsplash-2.jpg,evgeny-karchevsky-k1tUxfs8JYY-unsplash-2.jpg,Recyclable,.jpg,407166,KEEP,,1440,810,RGB
Recyclable/Recyclable/cans_all_type/f2682342b94143bdbaac90802452fa81_0_0.jpg,f2682342b94143bdbaac90802452fa81_0_0.jpg,Recyclable,.jpg,333960,KEEP,,1300,866,RGB
Recyclable/Recyclable/cans_all_type/family-size-cans-display-supermarket-company-was-founded-now-sells-157288625.jpg,family-size-cans-display-supermarket-company-was-founded-now-sells-157288625.jpg,Recyclable,.jpg,71647,KEEP,,800,534,RGB
Recyclable/Recyclable/cans_all_type/food-can.jpg,food-can.jpg,Recyclable,.jpg,133074,KEEP,,600,400,RGB
Recyclable/Recyclable/cans_all_type/food-tin-can-on-white-CYBBCA.jpg,food-tin-can-on-white-CYBBCA.jpg,Recyclable,.jpg,70763,KEEP,,975,1390,RGB
Recyclable/Recyclable/cans_all_type/food-tin-can_01.jpg,food-tin-can_01.jpg,Recyclable,.jpg,70579,KEEP,,800,600,RGB
Recyclable/Recyclable/cans_all_type/fss-empty-cans.jpg,fss-empty-cans.jpg,Recyclable,.jpg,130666,KEEP,,480,640,RGB
Recyclable/Recyclable/cans_all_type/g-eco-friendly-concept-recyclable-metal-waste-and-zero-waste-concept-2K0FCNX.jpg,g-eco-friendly-concept-recyclable-metal-waste-and-zero-waste-concept-2K0FCNX.jpg,Recyclable,.jpg,96393,KEEP,,1300,989,RGB
Recyclable/Recyclable/cans_all_type/garbage-tin-can-icon-cartoon-style-vector-27372731.jpg,garbage-tin-can-icon-cartoon-style-vector-27372731.jpg,Recyclable,.jpg,87446,KEEP,,1000,1080,RGB
Recyclable/Recyclable/cans_all_type/gh-052720-best-healthy-canned-soups-1590698072.png,gh-052720-best-healthy-canned-soups-1590698072.png,Recyclable,.png,1641507,KEEP,,2000,1000,RGBA
Recyclable/Recyclable/cans_all_type/ghows-PJ-3530caa6-cb6f-4a83-e053-0100007f7d97-e82199ad.jpeg,ghows-PJ-3530caa6-cb6f-4a83-e053-0100007f7d97-e82199ad.jpeg,Recyclable,.jpeg,57178,KEEP,,700,658,RGB
Recyclable/Recyclable/cans_all_type/haultail-What-is-the-effect-of-aluminum-beverage-cans-on-the-environment.jpg,haultail-What-is-the-effect-of-aluminum-beverage-cans-on-the-environment.jpg,Recyclable,.jpg,62826,KEEP,,500,334,RGB
Recyclable/Recyclable/cans_all_type/healthy-canned-soups-amy-s-black-bean.jpg,healthy-canned-soups-amy-s-black-bean.jpg,Recyclable,.jpg,223724,KEEP,,728,524,RGB
Recyclable/Recyclable/cans_all_type/healthy-canned-soups-campbell-s-chunky-heart-healthy-clam-chowder.jpg,healthy-canned-soups-campbell-s-chunky-heart-healthy-clam-chowder.jpg,Recyclable,.jpg,261656,KEEP,,728,524,RGB
Recyclable/Recyclable/cans_all_type/healthy-canned-soups-campbells-98-percent-fat-free-broccoli-cheese.jpg,healthy-canned-soups-campbells-98-percent-fat-free-broccoli-cheese.jpg,Recyclable,.jpg,212845,KEEP,,728,524,RGB
Recyclable/Recyclable/cans_all_type/hed-crushed-discarded-empty-soft-drink-or-soda-aluminum-beverage-cans-R3DYM6.jpg,hed-crushed-discarded-empty-soft-drink-or-soda-aluminum-beverage-cans-R3DYM6.jpg,Recyclable,.jpg,151383,KEEP,,1300,957,RGB
Recyclable/Recyclable/cans_all_type/how-to-recycle-aluminum-cans.png,how-to-recycle-aluminum-cans.png,Recyclable,.png,431644,KEEP,,600,600,RGBA
Recyclable/Recyclable/cans_all_type/hpm_0000_0002_0_img0010.jpg,hpm_0000_0002_0_img0010.jpg,Recyclable,.jpg,40013,KEEP,,519,423,L
Recyclable/Recyclable/cans_all_type/iStock-882176684-recycle-cans.jpg,iStock-882176684-recycle-cans.jpg,Recyclable,.jpg,189764,KEEP,,724,483,RGB
Recyclable/Recyclable/cans_all_type/image28.jpg,image28.jpg,Recyclable,.jpg,225948,KEEP,,1200,900,RGB
Recyclable/Recyclable/cans_all_type/image29.jpg,image29.jpg,Recyclable,.jpg,75574,KEEP,,670,325,RGB
Recyclable/Recyclable/cans_all_type/imageedit_8_7934311890.jpg,imageedit_8_7934311890.jpg,Recyclable,.jpg,494086,KEEP,,1043,552,RGB
Recyclable/Recyclable/cans_all_type/img_171534713499.jpg,img_171534713499.jpg,Recyclable,.jpg,576655,KEEP,,1365,969,RGB
Recyclable/Recyclable/cans_all_type/img_kaitori02.jpg,img_kaitori02.jpg,Recyclable,.jpg,118119,KEEP,,600,450,RGB
Recyclable/Recyclable/cans_all_type/imgbin-beer-recycling-bottle-beverage-can-waste-container-n16Eb9uEgizMUQNdZ2pyKAidT.jpg,imgbin-beer-recycling-bottle-beverage-can-waste-container-n16Eb9uEgizMUQNdZ2pyKAidT.jpg,Recyclable,.jpg,95695,KEEP,,728,1044,RGB
Recyclable/Recyclable/cans_all_type/ith-water-drops-metallic-cans-for-beer-soda-lemonade-juice-energy-1271352472.jpg,ith-water-drops-metallic-cans-for-beer-soda-lemonade-juice-energy-1271352472.jpg,Recyclable,.jpg,512448,KEEP,,1500,1516,RGB
Recyclable/Recyclable/cans_all_type/l-intro-1653069533.jpg,l-intro-1653069533.jpg,Recyclable,.jpg,336738,KEEP,,1600,900,RGB
Recyclable/Recyclable/cans_all_type/maxres2.jpg,maxres2.jpg,Recyclable,.jpg,38256,KEEP,,1280,720,RGB
Recyclable/Recyclable/cans_all_type/maxresdefault.jpg,maxresdefault.jpg,Recyclable,.jpg,217572,KEEP,,1280,720,RGB
Recyclable/Recyclable/cans_all_type/maxresdefault2.jpg,maxresdefault2.jpg,Recyclable,.jpg,175707,KEEP,,1280,720,RGB
Recyclable/Recyclable/cans_all_type/mbers_target_to_achieve_70_per_cent_aluminium_can_recycling_rate_by_2030_0_0.png,mbers_target_to_achieve_70_per_cent_aluminium_can_recycling_rate_by_2030_0_0.png,Recyclable,.png,471969,KEEP,,850,567,RGBA
Recyclable/Recyclable/cans_all_type/metal-aluminum-cans-non-biodegradable-600w-2016354857.jpg,metal-aluminum-cans-non-biodegradable-600w-2016354857.jpg,Recyclable,.jpg,57322,KEEP,,600,420,RGB
Recyclable/Recyclable/cans_all_type/metal-aluminum-cans-non-biodegradable-600w-2016354890.jpg,metal-aluminum-cans-non-biodegradable-600w-2016354890.jpg,Recyclable,.jpg,75338,KEEP,,600,420,RGB
Recyclable/Recyclable/cans_all_type/metal-cans-for-recycling.jpg,metal-cans-for-recycling.jpg,Recyclable,.jpg,87287,KEEP,,1200,630,RGB
Recyclable/Recyclable/cans_all_type/metal-tin-can-isolated-food-lying-its-side-composition-over-white-background-74439654.jpg,metal-tin-can-isolated-food-lying-its-side-composition-over-white-background-74439654.jpg,Recyclable,.jpg,96904,KEEP,,1600,1690,RGB
Recyclable/Recyclable/cans_all_type/ns-to-be-used-for-storage-of-products-are-being-displayed-in-the-expo-RXCE9N.jpg,ns-to-be-used-for-storage-of-products-are-being-displayed-in-the-expo-RXCE9N.jpg,Recyclable,.jpg,172840,KEEP,,1300,821,RGB
Recyclable/Recyclable/cans_all_type/old-canned-soup.jpg,old-canned-soup.jpg,Recyclable,.jpg,52912,KEEP,,600,610,RGB
Recyclable/Recyclable/cans_all_type/p0c972tq.jpg,p0c972tq.jpg,Recyclable,.jpg,166659,KEEP,,1280,720,RGB
Recyclable/Recyclable/cans_all_type/paint_cats.png,paint_cats.png,Recyclable,.png,1840392,KEEP,,1378,668,RGBA
Recyclable/Recyclable/cans_all_type/pixnio-198357.jpeg,pixnio-198357.jpeg,Recyclable,.jpeg,400212,KEEP,,960,412,RGB
Recyclable/Recyclable/cans_all_type/plastic-can-c.jpg,plastic-can-c.jpg,Recyclable,.jpg,62508,KEEP,,845,440,RGB
Recyclable/Recyclable/cans_all_type/plastic-waste-and-other-recylable-items-1080x675.jpg,plastic-waste-and-other-recylable-items-1080x675.jpg,Recyclable,.jpg,201331,KEEP,,1080,675,RGB
Recyclable/Recyclable/cans_all_type/png-clipart-aluminum-can-recycling-bin-rubbish-bins-waste-paper-baskets-others-recycling-waste.png,png-clipart-aluminum-can-recycling-bin-rubbish-bins-waste-paper-baskets-others-recycling-waste.png,Recyclable,.png,133237,KEEP,,900,600,P
Recyclable/Recyclable/cans_all_type/png-transparent-fizzy-drinks-aluminum-can-sprite-coca-cola-jarritos-sprite-recycling-waste-cola.png,png-transparent-fizzy-drinks-aluminum-can-sprite-coca-cola-jarritos-sprite-recycling-waste-cola.png,Recyclable,.png,53920,KEEP,,920,698,P
Recyclable/Recyclable/cans_all_type/pngtree-aluminum-cans-crushed-for-recycling-waste-reuse-material-photo-image_902933.jpg,pngtree-aluminum-cans-crushed-for-recycling-waste-reuse-material-photo-image_902933.jpg,Recyclable,.jpg,436922,KEEP,,960,640,RGB
Recyclable/Recyclable/cans_all_type/pouqoxmmx1.jpg,pouqoxmmx1.jpg,Recyclable,.jpg,112642,KEEP,,1024,576,RGB
Recyclable/Recyclable/cans_all_type/preston-england-close-up-on-crushed-food-cans-drinks-cans-and-sweets-EY997A.jpg,preston-england-close-up-on-crushed-food-cans-drinks-cans-and-sweets-EY997A.jpg,Recyclable,.jpg,384700,KEEP,,1300,950,RGB
Recyclable/Recyclable/cans_all_type/product-roundup_cannedfood.jpg,product-roundup_cannedfood.jpg,Recyclable,.jpg,207222,KEEP,,1280,960,RGB
Recyclable/Recyclable/cans_all_type/pty-aluminum-cans-the-concept-of-processed-waste-background-texture-of-piles.jpg,pty-aluminum-cans-the-concept-of-processed-waste-background-texture-of-piles.jpg,Recyclable,.jpg,32432,KEEP,,450,298,RGB
Recyclable/Recyclable/cans_all_type/qad-blog-aluminum-cans.png,qad-blog-aluminum-cans.png,Recyclable,.png,746405,KEEP,,1024,512,RGBA
Recyclable/Recyclable/cans_all_type/real.jpg,real.jpg,Recyclable,.jpg,58811,KEEP,,800,209,RGB
Recyclable/Recyclable/cans_all_type/realistic-cans-blue-with-water-drops-for-mock-up-soda-can-mock-up-free-png.png,realistic-cans-blue-with-water-drops-for-mock-up-soda-can-mock-up-free-png.png,Recyclable,.png,1100887,KEEP,,1152,1920,RGBA
Recyclable/Recyclable/cans_all_type/recycle-aluminum-metal-crushed-can-waste-background-photo.jpg,recycle-aluminum-metal-crushed-can-waste-background-photo.jpg,Recyclable,.jpg,612282,KEEP,,2940,1960,RGB
Recyclable/Recyclable/cans_all_type/recycle-aluminum-metal-crushed-can-waste-background-photo2.jpg,recycle-aluminum-metal-crushed-can-waste-background-photo2.jpg,Recyclable,.jpg,174235,KEEP,,1470,980,RGB
Recyclable/Recyclable/cans_all_type/recycle-aluminum-metal-crushed-can-waste-background_293060-10750.jpg,recycle-aluminum-metal-crushed-can-waste-background_293060-10750.jpg,Recyclable,.jpg,115187,KEEP,,626,417,RGB
Recyclable/Recyclable/cans_all_type/recycle-aluminum-metal-crushed-can-waste-background_293060-14712.jpg,recycle-aluminum-metal-crushed-can-waste-background_293060-14712.jpg,Recyclable,.jpg,112497,KEEP,,626,417,RGB
Recyclable/Recyclable/cans_all_type/recycle-aluminum-metal-crushed-can-waste-background_293060-5186.jpg,recycle-aluminum-metal-crushed-can-waste-background_293060-5186.jpg,Recyclable,.jpg,122818,KEEP,,626,417,RGB
Recyclable/Recyclable/cans_all_type/recycle-aluminum-metal-crushed-can-waste-background_293060-6927.jpg,recycle-aluminum-metal-crushed-can-waste-background_293060-6927.jpg,Recyclable,.jpg,76331,KEEP,,626,417,RGB
Recyclable/Recyclable/cans_all_type/recycling-21075023.jpg,recycling-21075023.jpg,Recyclable,.jpg,91097,KEEP,,1600,1153,RGB
Recyclable/Recyclable/cans_all_type/recycling-bin-full-of-tin-cans-at-the-recycle-collection-center-in-sitka-alaska-usa-2PF5DKJ.jpg,recycling-bin-full-of-tin-cans-at-the-recycle-collection-center-in-sitka-alaska-usa-2PF5DKJ.jpg,Recyclable,.jpg,191114,KEEP,,1300,960,RGB
Recyclable/Recyclable/cans_all_type/recycling-process-soda-cans-after-rinse.jpg,recycling-process-soda-cans-after-rinse.jpg,Recyclable,.jpg,738293,KEEP,,600,791,RGB
Recyclable/Recyclable/cans_all_type/recycling-symbol-waste-container-tin-can-png-favpng-ASUEjMd8dZew90LXEgfZTWLhh.jpg,recycling-symbol-waste-container-tin-can-png-favpng-ASUEjMd8dZew90LXEgfZTWLhh.jpg,Recyclable,.jpg,81141,KEEP,,820,867,RGB
Recyclable/Recyclable/cans_all_type/recycling-used-aluminum-cans-22651321.jpg,recycling-used-aluminum-cans-22651321.jpg,Recyclable,.jpg,432460,KEEP,,1600,1155,RGB
Recyclable/Recyclable/cans_all_type/red-aluminium-can-vector-3885470.jpg,red-aluminium-can-vector-3885470.jpg,Recyclable,.jpg,69588,KEEP,,1000,1080,RGB
Recyclable/Recyclable/cans_all_type/republic-february-26-2017-energy-drinks-cans-from-czech-supermarkets-ostrava.jpg,republic-february-26-2017-energy-drinks-cans-from-czech-supermarkets-ostrava.jpg,Recyclable,.jpg,51122,KEEP,,450,300,RGB
Recyclable/Recyclable/cans_all_type/rice-Easy-Operation-Pop-Top-Can-for-Electronic-Industry-Aluminum-Scrap-Metal.jpg,rice-Easy-Operation-Pop-Top-Can-for-Electronic-Industry-Aluminum-Scrap-Metal.jpg,Recyclable,.jpg,230351,KEEP,,1400,700,RGB
Recyclable/Recyclable/cans_all_type/sheet-alu-cans-garbage.jpg,sheet-alu-cans-garbage.jpg,Recyclable,.jpg,170157,KEEP,,910,683,RGB
Recyclable/Recyclable/cans_all_type/shutterstock-dC3A5ser.jpg,shutterstock-dC3A5ser.jpg,Recyclable,.jpg,185455,KEEP,,900,280,RGB
Recyclable/Recyclable/cans_all_type/shutterstock_1059823553-scaled.jpg,shutterstock_1059823553-scaled.jpg,Recyclable,.jpg,488478,KEEP,,2560,1707,RGB
Recyclable/Recyclable/cans_all_type/sjb-4359-451.jpg,sjb-4359-451.jpg,Recyclable,.jpg,253653,KEEP,,1050,788,RGB
Recyclable/Recyclable/cans_all_type/soda-can-mockup-realistic-transparent-free-png.png,soda-can-mockup-realistic-transparent-free-png.png,Recyclable,.png,7821034,KEEP,,1920,1920,RGBA
Recyclable/Recyclable/cans_all_type/soda-can-white-aluminum-2J8MroE-600.jpg,soda-can-white-aluminum-2J8MroE-600.jpg,Recyclable,.jpg,61179,KEEP,,600,600,RGB
Recyclable/Recyclable/cans_all_type/soda_can_1500394689-e1501261207105.jpg,soda_can_1500394689-e1501261207105.jpg,Recyclable,.jpg,74336,KEEP,,1000,666,RGB
Recyclable/Recyclable/cans_all_type/soup-can-drawing-1.jpg,soup-can-drawing-1.jpg,Recyclable,.jpg,52796,KEEP,,500,650,RGB
Recyclable/Recyclable/cans_all_type/soup-can-generic-tin-copy-space-isolated-white-background-30738763.jpg,soup-can-generic-tin-copy-space-isolated-white-background-30738763.jpg,Recyclable,.jpg,50575,KEEP,,1148,1690,RGB
Recyclable/Recyclable/cans_all_type/soup-cans-paintings-campbell-s-andy-warhol-as-seen-museumsquartier-vienna-austria-56224494.jpg,soup-cans-paintings-campbell-s-andy-warhol-as-seen-museumsquartier-vienna-austria-56224494.jpg,Recyclable,.jpg,62496,KEEP,,800,534,RGB
Recyclable/Recyclable/cans_all_type/steel-can-header-inset.jpg,steel-can-header-inset.jpg,Recyclable,.jpg,75013,KEEP,,900,300,RGB
Recyclable/Recyclable/cans_all_type/steel-food-cans-3-piece-tinplate-cans-for-food-three-piece.jpg,steel-food-cans-3-piece-tinplate-cans-for-food-three-piece.jpg,Recyclable,.jpg,93457,KEEP,,500,409,RGB
Recyclable/Recyclable/cans_all_type/steel-food-tin-can-on-white-background-BEG7A4.jpg,steel-food-tin-can-on-white-background-BEG7A4.jpg,Recyclable,.jpg,109015,KEEP,,919,1390,RGB
Recyclable/Recyclable/cans_all_type/steel-soup-can-opened-CC8AXM.jpg,steel-soup-can-opened-CC8AXM.jpg,Recyclable,.jpg,100048,KEEP,,866,1390,RGB
Recyclable/Recyclable/cans_all_type/stock-photo-recycle-aluminum-metal-crushed-can-waste-background-2163017067.jpg,stock-photo-recycle-aluminum-metal-crushed-can-waste-background-2163017067.jpg,Recyclable,.jpg,397776,KEEP,,1500,1101,RGB
Recyclable/Recyclable/cans_all_type/stocking-up-food-covid19.jpg,stocking-up-food-covid19.jpg,Recyclable,.jpg,283052,KEEP,,1280,720,RGB
Recyclable/Recyclable/cans_all_type/sz3rxrno.jpg,sz3rxrno.jpg,Recyclable,.jpg,427089,KEEP,,1400,1200,RGB
Recyclable/Recyclable/cans_all_type/three-aluminum-cans-without-label_1308-40588.jpg,three-aluminum-cans-without-label_1308-40588.jpg,Recyclable,.jpg,30565,KEEP,,626,354,RGB
Recyclable/Recyclable/cans_all_type/three-food-cans-on-white-background-DEENN6.jpg,three-food-cans-on-white-background-DEENN6.jpg,Recyclable,.jpg,111731,KEEP,,863,1390,RGB
Recyclable/Recyclable/cans_all_type/tin-can-crafts-ft.jpg,tin-can-crafts-ft.jpg,Recyclable,.jpg,142272,KEEP,,1200,800,RGB
Recyclable/Recyclable/cans_all_type/tin-can-isolated-on-white-background-food-supplies-2E25PN9.jpg,tin-can-isolated-on-white-background-food-supplies-2E25PN9.jpg,Recyclable,.jpg,118531,KEEP,,1300,956,RGB
Recyclable/Recyclable/cans_all_type/tin-can-projects.jpg,tin-can-projects.jpg,Recyclable,.jpg,182342,KEEP,,1000,523,RGB
Recyclable/Recyclable/cans_all_type/tin_can_collage.jpg,tin_can_collage.jpg,Recyclable,.jpg,148716,KEEP,,725,1015,RGB
Recyclable/Recyclable/cans_all_type/ubcs.jpg,ubcs.jpg,Recyclable,.jpg,299862,KEEP,,520,390,RGB
Recyclable/Recyclable/cans_all_type/up-photo-such-as-gumbo-soup-green-olives-original-decoration-store-215048708.jpg,up-photo-such-as-gumbo-soup-green-olives-original-decoration-store-215048708.jpg,Recyclable,.jpg,216903,KEEP,,1600,1157,RGB
Recyclable/Recyclable/cans_all_type/used-aluminum-cans-1510558761-3447499.jpeg,used-aluminum-cans-1510558761-3447499.jpeg,Recyclable,.jpeg,99285,KEEP,,450,341,RGB
Recyclable/Recyclable/cans_all_type/used-beverage-cans-aluminum-scrap-ubc--500x500.jpg,used-beverage-cans-aluminum-scrap-ubc--500x500.jpg,Recyclable,.jpg,84743,KEEP,,500,450,RGB
Recyclable/Recyclable/cans_all_type/used-can-scrap-500x500.png,used-can-scrap-500x500.png,Recyclable,.png,89262,KEEP,,500,500,RGB
Recyclable/Recyclable/cans_all_type/used-cans-recycling-klang-malaysia-may-separated-various-drinks-71794871.jpg,used-cans-recycling-klang-malaysia-may-separated-various-drinks-71794871.jpg,Recyclable,.jpg,323442,KEEP,,1600,1290,RGB
Recyclable/Recyclable/cans_all_type/used-food-cans-at-recycling-center-germany-europe-S1TE9M.jpg,used-food-cans-at-recycling-center-germany-europe-S1TE9M.jpg,Recyclable,.jpg,253647,KEEP,,1300,1060,RGB
Recyclable/Recyclable/cans_all_type/utensil.jpg,utensil.jpg,Recyclable,.jpg,76612,KEEP,,787,562,RGB
Recyclable/Recyclable/cans_all_type/uuk754zo.jpg,uuk754zo.jpg,Recyclable,.jpg,379186,KEEP,,1400,1200,RGB
Recyclable/Recyclable/cans_all_type/various-household-metal-waste-cans-600w-1586734066.jpg,various-household-metal-waste-cans-600w-1586734066.jpg,Recyclable,.jpg,95584,KEEP,,600,420,RGB
Recyclable/Recyclable/cans_all_type/warhol-campbell-cans-dec-2018-embed01.png,warhol-campbell-cans-dec-2018-embed01.png,Recyclable,.png,5334757,KEEP,,1559,2000,RGBA
Recyclable/Recyclable/cans_all_type/website2.0.png,website2.0.png,Recyclable,.png,705685,KEEP,,4000,3000,RGBA
Recyclable/Recyclable/cans_all_type/white-background-metal-waste-recycling-empty-crumpled-aluminum-can-120063176.jpg,white-background-metal-waste-recycling-empty-crumpled-aluminum-can-120063176.jpg,Recyclable,.jpg,64596,KEEP,,1412,1690,RGB
Recyclable/Recyclable/cans_all_type/yiu1pc0sap.jpg,yiu1pc0sap.jpg,Recyclable,.jpg,61965,KEEP,,1024,576,RGB
Recyclable/Recyclable/glass_containers/-1117Wx1400H-464161823-clear-MODEL.jpg,-1117Wx1400H-464161823-clear-MODEL.jpg,Recyclable,.jpg,115708,KEEP,,1117,1400,RGB
Recyclable/Recyclable/glass_containers/-grass-recycling-garbage-disposal-environment-ecology-concept-used-237382994.jpg,-grass-recycling-garbage-disposal-environment-ecology-concept-used-237382994.jpg,Recyclable,.jpg,220497,KEEP,,1600,1120,RGB
Recyclable/Recyclable/glass_containers/-home-decor-lights-garden-planters-edging-organizing-DIY-apieceofrainbow-320.jpg,-home-decor-lights-garden-planters-edging-organizing-DIY-apieceofrainbow-320.jpg,Recyclable,.jpg,37416,KEEP,,320,320,RGB
Recyclable/Recyclable/glass_containers/-jar-transparency-and-translucency-glass-jar-empty-clear-glass-jar-glass-lid.png,-jar-transparency-and-translucency-glass-jar-empty-clear-glass-jar-glass-lid.png,Recyclable,.png,88042,KEEP,,900,1012,P
Recyclable/Recyclable/glass_containers/-recycle-storage-container-reduce-reuse-recycle-waste-sorting-bin-1549390778.jpg,-recycle-storage-container-reduce-reuse-recycle-waste-sorting-bin-1549390778.jpg,Recyclable,.jpg,1320919,KEEP,,1500,1038,RGB
Recyclable/Recyclable/glass_containers/0025.807V_1.jpg,0025.807V_1.jpg,Recyclable,.jpg,247212,KEEP,,1500,1500,RGB
Recyclable/Recyclable/glass_containers/09706-cover-bottlescxd.jpg,09706-cover-bottlescxd.jpg,Recyclable,.jpg,2655755,KEEP,,2000,1333,CMYK
Recyclable/Recyclable/glass_containers/09928-cover-opener.jpg,09928-cover-opener.jpg,Recyclable,.jpg,819111,KEEP,,2400,1602,RGB
Recyclable/Recyclable/glass_containers/1-Glass-Jar-Dry-Goods-Food-Storage-Post-Thumbnail-Copyright-Your-Family-Ark-LLC-950x667.jpg,1-Glass-Jar-Dry-Goods-Food-Storage-Post-Thumbnail-Copyright-Your-Family-Ark-LLC-950x667.jpg,Recyclable,.jpg,123148,KEEP,,950,667,RGB
Recyclable/Recyclable/glass_containers/1.jpg,1.jpg,Recyclable,.jpg,68446,KEEP,,1000,1000,RGB
Recyclable/Recyclable/glass_containers/1000006360930-1000006360929_01-750-1.jpg,1000006360930-1000006360929_01-750-1.jpg,Recyclable,.jpg,145424,KEEP,,750,750,RGB
Recyclable/Recyclable/glass_containers/100ml-clear-acrylic-jar-cap-with-foam-liner-plastic-jars-314.webp,100ml-clear-acrylic-jar-cap-with-foam-liner-plastic-jars-314.webp,Recyclable,.webp,101362,KEEP,,800,800,RGBA
Recyclable/Recyclable/glass_containers/18-How-to-Clean-and-Sanitize-Glass-Bottles-For-Reuse-XX-steps-1024x538.jpg,18-How-to-Clean-and-Sanitize-Glass-Bottles-For-Reuse-XX-steps-1024x538.jpg,Recyclable,.jpg,53682,KEEP,,1024,538,RGB
Recyclable/Recyclable/glass_containers/19-Innovative-Simple-and-Beautiful-DIY-Glass-Bottle-Decor-Ideas.jpg,19-Innovative-Simple-and-Beautiful-DIY-Glass-Bottle-Decor-Ideas.jpg,Recyclable,.jpg,36408,KEEP,,600,350,RGB
Recyclable/Recyclable/glass_containers/25-25ml-small-mini-glass-bottles-jars-with-cork-stoppers-3pcs-original-imafd49zby3yrj7u.jpeg,25-25ml-small-mini-glass-bottles-jars-with-cork-stoppers-3pcs-original-imafd49zby3yrj7u.jpeg,Recyclable,.jpeg,92932,KEEP,,850,844,RGB
Recyclable/Recyclable/glass_containers/2_2c8ffcc9-71e4-485a-8a6d-413968b9a11e.jpg,2_2c8ffcc9-71e4-485a-8a6d-413968b9a11e.jpg,Recyclable,.jpg,93475,KEEP,,1500,1500,RGB
Recyclable/Recyclable/glass_containers/30-ml-Lug-Cap-Glass-Jars.jpg,30-ml-Lug-Cap-Glass-Jars.jpg,Recyclable,.jpg,125061,KEEP,,500,500,RGB
Recyclable/Recyclable/glass_containers/32.5_19d4770e-dc7a-4951-82bb-bf0030a411f7.jpg,32.5_19d4770e-dc7a-4951-82bb-bf0030a411f7.jpg,Recyclable,.jpg,299163,KEEP,,2563,2563,RGB
Recyclable/Recyclable/glass_containers/431275_l.jpg,431275_l.jpg,Recyclable,.jpg,491275,KEEP,,900,1200,RGB
Recyclable/Recyclable/glass_containers/44084530822_acb18d4ea4_c-1200x900.jpg,44084530822_acb18d4ea4_c-1200x900.jpg,Recyclable,.jpg,200094,KEEP,,1200,900,RGB
Recyclable/Recyclable/glass_containers/48252.jpg,48252.jpg,Recyclable,.jpg,43363,KEEP,,1500,1500,RGB
Recyclable/Recyclable/glass_containers/5-5-ml-small-mini-tall-clear-glass-bottles-jars-combo-of-10-pcs-original-imafd3nqa4ss5gbr.jpeg,5-5-ml-small-mini-tall-clear-glass-bottles-jars-combo-of-10-pcs-original-imafd3nqa4ss5gbr.jpeg,Recyclable,.jpeg,102320,KEEP,,850,460,RGB
Recyclable/Recyclable/glass_containers/500-GM-SQ-FANCY-scaled-e1674476779127.jpg,500-GM-SQ-FANCY-scaled-e1674476779127.jpg,Recyclable,.jpg,194910,KEEP,,1708,1824,RGB
Recyclable/Recyclable/glass_containers/51Jl-pF7VZL.jpg,51Jl-pF7VZL.jpg,Recyclable,.jpg,51378,KEEP,,1024,1024,RGB
Recyclable/Recyclable/glass_containers/51KO9Np8h0L.jpg,51KO9Np8h0L.jpg,Recyclable,.jpg,44235,KEEP,,1000,1000,RGB
Recyclable/Recyclable/glass_containers/51P3TEvdWuL._AC_UF8941000_QL80_.jpg,51P3TEvdWuL._AC_UF8941000_QL80_.jpg,Recyclable,.jpg,70000,KEEP,,894,892,RGB
Recyclable/Recyclable/glass_containers/61APfOjOwNL.jpg,61APfOjOwNL.jpg,Recyclable,.jpg,83725,KEEP,,1500,1500,RGB
Recyclable/Recyclable/glass_containers/61UB8QC4wL.jpg,61UB8QC4wL.jpg,Recyclable,.jpg,105565,KEEP,,1000,1000,RGB
Recyclable/Recyclable/glass_containers/61ft4NGHGL.jpg,61ft4NGHGL.jpg,Recyclable,.jpg,100122,KEEP,,1000,1000,RGB
Recyclable/Recyclable/glass_containers/61yOCnlgOLL._SL1500_-1.jpg,61yOCnlgOLL._SL1500_-1.jpg,Recyclable,.jpg,177495,KEEP,,1250,1250,RGB
Recyclable/Recyclable/glass_containers/634e4f17051e7764aa233984-25ml-empty-seal-jars-glass-bottle-with.jpg,634e4f17051e7764aa233984-25ml-empty-seal-jars-glass-bottle-with.jpg,Recyclable,.jpg,46591,KEEP,,771,681,RGB
Recyclable/Recyclable/glass_containers/66dafa_2842aed6c4954075bf0d58dcb5ed5cecmv2.jpg,66dafa_2842aed6c4954075bf0d58dcb5ed5cecmv2.jpg,Recyclable,.jpg,141095,KEEP,,1000,750,RGB
Recyclable/Recyclable/glass_containers/71EBQt8XvtL._AC_UF10001000_QL80_.jpg,71EBQt8XvtL._AC_UF10001000_QL80_.jpg,Recyclable,.jpg,90764,KEEP,,932,1000,RGB
Recyclable/Recyclable/glass_containers/800px-Beer_bottles_2018_G1.jpg,800px-Beer_bottles_2018_G1.jpg,Recyclable,.jpg,90832,KEEP,,800,600,RGB
Recyclable/Recyclable/glass_containers/811bBLcwdXL._SL1500_-1.jpg,811bBLcwdXL._SL1500_-1.jpg,Recyclable,.jpg,232332,KEEP,,1296,1500,RGB
Recyclable/Recyclable/glass_containers/81B-xzZbOvL.jpg,81B-xzZbOvL.jpg,Recyclable,.jpg,263243,KEEP,,1500,1162,RGB
Recyclable/Recyclable/glass_containers/81KUXai6eQL._SL1500_.jpg,81KUXai6eQL._SL1500_.jpg,Recyclable,.jpg,154213,KEEP,,1500,1039,RGB
Recyclable/Recyclable/glass_containers/81ua-8FccoL._SL1500_.jpg,81ua-8FccoL._SL1500_.jpg,Recyclable,.jpg,160091,KEEP,,1467,1500,RGB
Recyclable/Recyclable/glass_containers/Best-out-of-waste-ideas-to-decorate-your-home.jpg,Best-out-of-waste-ideas-to-decorate-your-home.jpg,Recyclable,.jpg,113825,KEEP,,1200,700,RGB
Recyclable/Recyclable/glass_containers/Bottle-9.jpg,Bottle-9.jpg,Recyclable,.jpg,106977,KEEP,,400,400,RGB
Recyclable/Recyclable/glass_containers/China-Kitchen-Storage-Glass-Mason-Jar-in-Bulk-Amber-Spice-Food-Glass-Jar-with-Lid.webp,China-Kitchen-Storage-Glass-Mason-Jar-in-Bulk-Amber-Spice-Food-Glass-Jar-with-Lid.webp,Recyclable,.webp,195972,KEEP,,800,800,RGB
Recyclable/Recyclable/glass_containers/Cocacolacollection.JPG.jpg,Cocacolacollection.JPG.jpg,Recyclable,.jpg,547813,KEEP,,1280,960,RGB
Recyclable/Recyclable/glass_containers/Containers.jpg,Containers.jpg,Recyclable,.jpg,80980,KEEP,,1500,1100,RGB
Recyclable/Recyclable/glass_containers/DIYlabeljarszerowastespicesReusableNation.jpg,DIYlabeljarszerowastespicesReusableNation.jpg,Recyclable,.jpg,205161,KEEP,,1072,1608,RGB
Recyclable/Recyclable/glass_containers/DSC0662_600x.jpg,DSC0662_600x.jpg,Recyclable,.jpg,53979,KEEP,,600,600,RGB
Recyclable/Recyclable/glass_containers/DSC07050.jpg,DSC07050.jpg,Recyclable,.jpg,462524,KEEP,,3517,4096,RGB
Recyclable/Recyclable/glass_containers/ESTAL-WILD-GLASS-1024x576.jpg,ESTAL-WILD-GLASS-1024x576.jpg,Recyclable,.jpg,92854,KEEP,,1024,576,RGB
Recyclable/Recyclable/glass_containers/FMCNJR900-02-1.jpg,FMCNJR900-02-1.jpg,Recyclable,.jpg,30904,KEEP,,500,500,RGB
Recyclable/Recyclable/glass_containers/Fotografie-2015_10_130287_LR.jpeg,Fotografie-2015_10_130287_LR.jpeg,Recyclable,.jpeg,80375,KEEP,,1200,800,RGB
Recyclable/Recyclable/glass_containers/GHJ_2005_2400x.jpg,GHJ_2005_2400x.jpg,Recyclable,.jpg,97724,KEEP,,2400,3200,RGB
Recyclable/Recyclable/glass_containers/Glass-Bottle-Jars-1.jpg,Glass-Bottle-Jars-1.jpg,Recyclable,.jpg,84903,KEEP,,589,352,RGB
Recyclable/Recyclable/glass_containers/Glass-Jars-on-the-Counter.jpg,Glass-Jars-on-the-Counter.jpg,Recyclable,.jpg,95022,KEEP,,750,750,RGB
Recyclable/Recyclable/glass_containers/Glass-Seed-Jars-Zero-Waste-Chef-1024x436.jpg,Glass-Seed-Jars-Zero-Waste-Chef-1024x436.jpg,Recyclable,.jpg,101423,KEEP,,1024,436,RGB
Recyclable/Recyclable/glass_containers/GlassBottleCandles_LuisVillalobos_BuyNothingReston-700x400.jpg,GlassBottleCandles_LuisVillalobos_BuyNothingReston-700x400.jpg,Recyclable,.jpg,61769,KEEP,,700,400,RGB
Recyclable/Recyclable/glass_containers/HOW-TO-RE-USE-GLASS-JARS-AND-BOTTLES.jpg,HOW-TO-RE-USE-GLASS-JARS-AND-BOTTLES.jpg,Recyclable,.jpg,225603,KEEP,,1000,1500,RGB
Recyclable/Recyclable/glass_containers/Header-Image-1-1200x838.png,Header-Image-1-1200x838.png,Recyclable,.png,438423,KEEP,,1200,838,RGBA
Recyclable/Recyclable/glass_containers/Industrial-glass-bottle-and-jar-scheme.png,Industrial-glass-bottle-and-jar-scheme.png,Recyclable,.png,41205,KEEP,,706,773,RGBA
Recyclable/Recyclable/glass_containers/Kavi-Recycled-Vodka-Jars-Set-of-Four-4_800x.jpg,Kavi-Recycled-Vodka-Jars-Set-of-Four-4_800x.jpg,Recyclable,.jpg,77434,KEEP,,800,800,RGB
Recyclable/Recyclable/glass_containers/Kavi-Recycled-Vodka-Jars-Set-of-Four.jpg,Kavi-Recycled-Vodka-Jars-Set-of-Four.jpg,Recyclable,.jpg,126866,KEEP,,800,800,RGB
Recyclable/Recyclable/glass_containers/Kavi-Recycled-Vodka-Jars-Set-of-Two-2_800x.jpg,Kavi-Recycled-Vodka-Jars-Set-of-Two-2_800x.jpg,Recyclable,.jpg,97589,KEEP,,800,800,RGB
Recyclable/Recyclable/glass_containers/Kavi-Transparent-Wine-Bottle-Jar-Set-of-Two.jpg,Kavi-Transparent-Wine-Bottle-Jar-Set-of-Two.jpg,Recyclable,.jpg,98865,KEEP,,800,800,RGB
Recyclable/Recyclable/glass_containers/MHC-C-072-06.jpg,MHC-C-072-06.jpg,Recyclable,.jpg,155695,KEEP,,800,800,RGB
Recyclable/Recyclable/glass_containers/MP000000008225078_1348Wx2000H_202011202358181.jpeg,MP000000008225078_1348Wx2000H_202011202358181.jpeg,Recyclable,.jpeg,86668,KEEP,,1080,1440,RGB
Recyclable/Recyclable/glass_containers/Real-Cycled4-1024x678.jpg,Real-Cycled4-1024x678.jpg,Recyclable,.jpg,44973,KEEP,,1024,678,RGB
Recyclable/Recyclable/glass_containers/Screenshot2023-01-22at4.00.14PM.png,Screenshot2023-01-22at4.00.14PM.png,Recyclable,.png,194653,KEEP,,1000,1080,RGBA
Recyclable/Recyclable/glass_containers/SiONEER_glass_recycling_blog.jpg,SiONEER_glass_recycling_blog.jpg,Recyclable,.jpg,14884674,KEEP,,5000,3337,RGB
Recyclable/Recyclable/glass_containers/Types-of-Packaging-Glass-Bottles-Feature-Image.jpg,Types-of-Packaging-Glass-Bottles-Feature-Image.jpg,Recyclable,.jpg,185896,KEEP,,1200,628,RGB
Recyclable/Recyclable/glass_containers/WG-10026_20_3_800x.jpg,WG-10026_20_3_800x.jpg,Recyclable,.jpg,119210,KEEP,,800,1067,RGB
Recyclable/Recyclable/glass_containers/Webp.net-gifmaker.gif,Webp.net-gifmaker.gif,Recyclable,.gif,1169505,KEEP,,1024,768,P
Recyclable/Recyclable/glass_containers/XCRn60a5zd9b8KJQ3L2dA0xFNKxXe1Etv4u4o34D.jpeg,XCRn60a5zd9b8KJQ3L2dA0xFNKxXe1Etv4u4o34D.jpeg,Recyclable,.jpeg,351490,KEEP,,3305,3306,RGB
Recyclable/Recyclable/glass_containers/YPVkEC63mOKaXzB568IAM1F76mvlZQNocPWa9zjj.jpeg,YPVkEC63mOKaXzB568IAM1F76mvlZQNocPWa9zjj.jpeg,Recyclable,.jpeg,77171,KEEP,,800,800,RGB
Recyclable/Recyclable/glass_containers/abrablast_66e1dfa948.jpg,abrablast_66e1dfa948.jpg,Recyclable,.jpg,106999,KEEP,,870,653,RGB
Recyclable/Recyclable/glass_containers/ae518d0b2da51b3a5332f05eb5f78517.png,ae518d0b2da51b3a5332f05eb5f78517.png,Recyclable,.png,500002,KEEP,,576,1024,RGBA
Recyclable/Recyclable/glass_containers/b0c06540025-494V_1.jpg,b0c06540025-494V_1.jpg,Recyclable,.jpg,57265,KEEP,,1200,1200,RGB
Recyclable/Recyclable/glass_containers/bff67913df873d7923e53a51e5139edb.webp,bff67913df873d7923e53a51e5139edb.webp,Recyclable,.webp,169760,KEEP,,1920,1080,RGB
Recyclable/Recyclable/glass_containers/can-glass-be-recycled-683x1024.jpg,can-glass-be-recycled-683x1024.jpg,Recyclable,.jpg,64557,KEEP,,683,1024,RGB
Recyclable/Recyclable/glass_containers/can-you-recycled-glass.jpg,can-you-recycled-glass.jpg,Recyclable,.jpg,114198,KEEP,,1920,533,RGB
Recyclable/Recyclable/glass_containers/clean-glass-jars-for-reuse-or-recycling-HJBJ76.jpg,clean-glass-jars-for-reuse-or-recycling-HJBJ76.jpg,Recyclable,.jpg,106381,KEEP,,1300,920,RGB
Recyclable/Recyclable/glass_containers/cold-end.jpg,cold-end.jpg,Recyclable,.jpg,333784,KEEP,,1259,839,RGB
Recyclable/Recyclable/glass_containers/ecor-lights-garden-planters-edging-organizing-DIY-apieceofrainbow-1-625x1024.jpg,ecor-lights-garden-planters-edging-organizing-DIY-apieceofrainbow-1-625x1024.jpg,Recyclable,.jpg,150212,KEEP,,625,1024,RGB
Recyclable/Recyclable/glass_containers/ecor-lights-garden-planters-edging-organizing-DIY-apieceofrainbow-2-546x1024.jpg,ecor-lights-garden-planters-edging-organizing-DIY-apieceofrainbow-2-546x1024.jpg,Recyclable,.jpg,89628,KEEP,,546,1024,RGB
Recyclable/Recyclable/glass_containers/empty-glass-jar-vector-5062356.jpg,empty-glass-jar-vector-5062356.jpg,Recyclable,.jpg,65177,KEEP,,1000,1080,RGB
Recyclable/Recyclable/glass_containers/etics-cartoon-style-clip-art-for-mobile-app-isolated-rgb-illustration-vector.jpg,etics-cartoon-style-clip-art-for-mobile-app-isolated-rgb-illustration-vector.jpg,Recyclable,.jpg,85325,KEEP,,1920,1920,RGB
Recyclable/Recyclable/glass_containers/euro-pic.jpg,euro-pic.jpg,Recyclable,.jpg,174883,KEEP,,1246,1410,RGB
Recyclable/Recyclable/glass_containers/fdfgfgfgfg-removebg-preview_2.png,fdfgfgfgfg-removebg-preview_2.png,Recyclable,.png,346850,KEEP,,1080,1080,RGBA
Recyclable/Recyclable/glass_containers/for-zero-waste-shopping-and-storage-on-grey-background-no-plastic-1388959436.jpg,for-zero-waste-shopping-and-storage-on-grey-background-no-plastic-1388959436.jpg,Recyclable,.jpg,1541398,KEEP,,1500,1101,RGB
Recyclable/Recyclable/glass_containers/glass-bottle-or-jar.jpg,glass-bottle-or-jar.jpg,Recyclable,.jpg,2925371,KEEP,,2734,3545,RGB
Recyclable/Recyclable/glass_containers/glass-bottles-and-jars-for-recycling-M3RBBE.jpg,glass-bottles-and-jars-for-recycling-M3RBBE.jpg,Recyclable,.jpg,212568,KEEP,,1300,956,RGB
Recyclable/Recyclable/glass_containers/glass-jar-uses.jpg,glass-jar-uses.jpg,Recyclable,.jpg,81411,KEEP,,1200,800,RGB
Recyclable/Recyclable/glass_containers/glass-recycling-header.jpg,glass-recycling-header.jpg,Recyclable,.jpg,48703,KEEP,,900,300,RGB
Recyclable/Recyclable/glass_containers/glass-recycling.jpg,glass-recycling.jpg,Recyclable,.jpg,310746,KEEP,,1600,900,RGB
Recyclable/Recyclable/glass_containers/glass_bottles_materials_ff.jpg,glass_bottles_materials_ff.jpg,Recyclable,.jpg,5206851,KEEP,,4815,3613,RGB
Recyclable/Recyclable/glass_containers/header-spice-jar-992x556.jpg,header-spice-jar-992x556.jpg,Recyclable,.jpg,84212,KEEP,,992,556,RGB
Recyclable/Recyclable/glass_containers/home-glass-packaging-food-beverages-1024x666.jpg,home-glass-packaging-food-beverages-1024x666.jpg,Recyclable,.jpg,130826,KEEP,,1024,666,RGB
Recyclable/Recyclable/glass_containers/home-glass-packaging-material-1024x666.jpg,home-glass-packaging-material-1024x666.jpg,Recyclable,.jpg,120021,KEEP,,1024,666,RGB
Recyclable/Recyclable/glass_containers/how-to-reuse-glass-bottles-and-jars-og.jpg,how-to-reuse-glass-bottles-and-jars-og.jpg,Recyclable,.jpg,89571,KEEP,,1200,630,RGB
Recyclable/Recyclable/glass_containers/how-to-reuse-glass-bottles-and-jars.jpg,how-to-reuse-glass-bottles-and-jars.jpg,Recyclable,.jpg,89278,KEEP,,688,329,RGB
Recyclable/Recyclable/glass_containers/il_500x500.4386032401_rgev.jpg,il_500x500.4386032401_rgev.jpg,Recyclable,.jpg,31961,KEEP,,500,500,RGB
Recyclable/Recyclable/glass_containers/il_570xN.2449419144_cwa3.jpg,il_570xN.2449419144_cwa3.jpg,Recyclable,.jpg,102590,KEEP,,570,580,RGB
Recyclable/Recyclable/glass_containers/il_570xN.3673597270_eliu.jpg,il_570xN.3673597270_eliu.jpg,Recyclable,.jpg,58392,KEEP,,570,504,RGB
Recyclable/Recyclable/glass_containers/image-removebg-preview_9fe2e65d-5a31-414e-81c5-4401ae93aecb.png,image-removebg-preview_9fe2e65d-5a31-414e-81c5-4401ae93aecb.png,Recyclable,.png,36472,KEEP,,305,500,RGBA
Recyclable/Recyclable/glass_containers/india-circus-by-krsnaa-mehta-grey-floral-galore-glass-bottle-24122002sd00156-1.jpg,india-circus-by-krsnaa-mehta-grey-floral-galore-glass-bottle-24122002sd00156-1.jpg,Recyclable,.jpg,79064,KEEP,,1200,1083,RGB
Recyclable/Recyclable/glass_containers/ing-Glass-Cans-Recycled-Clear-Glass-Jar-for-Honey-Sauce-Jam-Candy-Packaging.webp,ing-Glass-Cans-Recycled-Clear-Glass-Jar-for-Honey-Sauce-Jam-Candy-Packaging.webp,Recyclable,.webp,49274,KEEP,,750,750,RGB
Recyclable/Recyclable/glass_containers/jam-1106592_960_720.jpg,jam-1106592_960_720.jpg,Recyclable,.jpg,197136,KEEP,,960,639,RGB
Recyclable/Recyclable/glass_containers/jar-825x510.jpg,jar-825x510.jpg,Recyclable,.jpg,79613,KEEP,,825,510,RGB
Recyclable/Recyclable/glass_containers/jar.Cosmeticpetbottle_emptycontainers_acrylicshanjar_acrylicjar_50gmjarglass.jpg,jar.Cosmeticpetbottle_emptycontainers_acrylicshanjar_acrylicjar_50gmjarglass.jpg,Recyclable,.jpg,243632,KEEP,,3000,3000,RGB
Recyclable/Recyclable/glass_containers/jar2.jpg,jar2.jpg,Recyclable,.jpg,48421,KEEP,,500,500,RGB
Recyclable/Recyclable/glass_containers/korken-bottle-shaped-jar-with-lid-clear-glass__1152252_pe885219_s5.jpg,korken-bottle-shaped-jar-with-lid-clear-glass__1152252_pe885219_s5.jpg,Recyclable,.jpg,73977,KEEP,,1400,1400,RGB
Recyclable/Recyclable/glass_containers/korken-bottle-shaped-jar-with-lid-clear-glass__1152258_pe885224_s5.jpg,korken-bottle-shaped-jar-with-lid-clear-glass__1152258_pe885224_s5.jpg,Recyclable,.jpg,50967,KEEP,,1400,1400,RGB
Recyclable/Recyclable/glass_containers/korken-jar-with-lid-clear-glass__0171898_pe306756_s5.jpg,korken-jar-with-lid-clear-glass__0171898_pe306756_s5.jpg,Recyclable,.jpg,265844,KEEP,,1400,1400,RGB
Recyclable/Recyclable/glass_containers/korken-jar-with-lid-clear-glass__0713739_pe729738_s5.jpg,korken-jar-with-lid-clear-glass__0713739_pe729738_s5.jpg,Recyclable,.jpg,178503,KEEP,,1400,1400,RGB
Recyclable/Recyclable/glass_containers/korken-jar-with-lid-clear-glass__1059754_pe849771_s5.jpg,korken-jar-with-lid-clear-glass__1059754_pe849771_s5.jpg,Recyclable,.jpg,274620,KEEP,,1400,1400,RGB
Recyclable/Recyclable/glass_containers/korken-jar-with-lid-clear-glass__1060982_ph168838_s5.jpg,korken-jar-with-lid-clear-glass__1060982_ph168838_s5.jpg,Recyclable,.jpg,145161,KEEP,,1400,933,RGB
Recyclable/Recyclable/glass_containers/late-illustration-jar-glass-canning-close-container-empty-bottle_80590-11487.jpg,late-illustration-jar-glass-canning-close-container-empty-bottle_80590-11487.jpg,Recyclable,.jpg,29976,KEEP,,626,503,RGB
Recyclable/Recyclable/glass_containers/masonjarbackyard-1627317672.jpg,masonjarbackyard-1627317672.jpg,Recyclable,.jpg,545630,KEEP,,3264,1581,RGB
Recyclable/Recyclable/glass_containers/maxresdefault.jpg,maxresdefault.jpg,Recyclable,.jpg,143298,KEEP,,1280,720,RGB
Recyclable/Recyclable/glass_containers/maxresdefault2.jpg,maxresdefault2.jpg,Recyclable,.jpg,45100,KEEP,,1280,720,RGB
Recyclable/Recyclable/glass_containers/maxresdefault3.jpg,maxresdefault3.jpg,Recyclable,.jpg,146131,KEEP,,1280,720,RGB
Recyclable/Recyclable/glass_containers/my-borosil-storage-jars-1-2l-x-2-endura-airtight-glass-jar-set-of-2-1-2-l-30021285871754.jpg,my-borosil-storage-jars-1-2l-x-2-endura-airtight-glass-jar-set-of-2-1-2-l-30021285871754.jpg,Recyclable,.jpg,234524,KEEP,,1000,1000,RGB
Recyclable/Recyclable/glass_containers/my-borosil-storage-jars-12-pc-set-endura-airtight-glass-jar-set-of-12-29569577058442.jpg,my-borosil-storage-jars-12-pc-set-endura-airtight-glass-jar-set-of-12-29569577058442.jpg,Recyclable,.jpg,143478,KEEP,,1000,1000,RGB
Recyclable/Recyclable/glass_containers/my-borosil-storage-jars-600-ml-classic-jar-with-wooden-lid-31556757061770.jpg,my-borosil-storage-jars-600-ml-classic-jar-with-wooden-lid-31556757061770.jpg,Recyclable,.jpg,141472,KEEP,,1000,1000,RGB
Recyclable/Recyclable/glass_containers/my-borosil-storage-jars-750-ml-1l-1-3l-endura-airtight-glass-jar-set-of-3-30021303861386.jpg,my-borosil-storage-jars-750-ml-1l-1-3l-endura-airtight-glass-jar-set-of-3-30021303861386.jpg,Recyclable,.jpg,61737,KEEP,,1000,1000,RGB
Recyclable/Recyclable/glass_containers/pearl_green.jpg,pearl_green.jpg,Recyclable,.jpg,140630,KEEP,,1440,1080,RGB
Recyclable/Recyclable/glass_containers/pile-of-glass-bottles-to-be-recycled-MD11M2.jpg,pile-of-glass-bottles-to-be-recycled-MD11M2.jpg,Recyclable,.jpg,272663,KEEP,,863,1390,RGB
Recyclable/Recyclable/glass_containers/pr_473.jpg,pr_473.jpg,Recyclable,.jpg,195863,KEEP,,2001,2001,RGB
Recyclable/Recyclable/glass_containers/pros-and-cons-glass-vs-plastic.png,pros-and-cons-glass-vs-plastic.png,Recyclable,.png,712307,KEEP,,1000,714,RGB
Recyclable/Recyclable/glass_containers/recycled-crafts-decorating-glass-jars.jpg,recycled-crafts-decorating-glass-jars.jpg,Recyclable,.jpg,39501,KEEP,,735,729,RGB
Recyclable/Recyclable/glass_containers/recycled-glass-jars-c.jpg,recycled-glass-jars-c.jpg,Recyclable,.jpg,62249,KEEP,,558,501,RGB
Recyclable/Recyclable/glass_containers/recycled-glass.jpg,recycled-glass.jpg,Recyclable,.jpg,38495,KEEP,,728,489,RGB
Recyclable/Recyclable/glass_containers/repurposed-glass-jars-on-a-counter-upcycling.jpg,repurposed-glass-jars-on-a-counter-upcycling.jpg,Recyclable,.jpg,108509,KEEP,,750,751,RGB
Recyclable/Recyclable/glass_containers/rsemptyemptycontainerforcosmeticsemptylipbalmcontainercreamjarsemptycosmetic.jpg,rsemptyemptycontainerforcosmeticsemptylipbalmcontainercreamjarsemptycosmetic.jpg,Recyclable,.jpg,167844,KEEP,,3000,3000,RGB
Recyclable/Recyclable/glass_containers/s-glass-jar-watercolor-vector-clipart-set-hand-drawn-illustration_530505-480.jpg,s-glass-jar-watercolor-vector-clipart-set-hand-drawn-illustration_530505-480.jpg,Recyclable,.jpg,41728,KEEP,,626,626,RGB
Recyclable/Recyclable/glass_containers/smetics-in-recycling-glass-bottle-jar-tube-for-skin-care-cleanser-2258699621.jpg,smetics-in-recycling-glass-bottle-jar-tube-for-skin-care-cleanser-2258699621.jpg,Recyclable,.jpg,272027,KEEP,,1500,1600,RGB
Recyclable/Recyclable/glass_containers/soogo-clear-glass-cube-jar-1-l-set-of-2-product-images-o493624711-p599004984-1-202303030341.jpg,soogo-clear-glass-cube-jar-1-l-set-of-2-product-images-o493624711-p599004984-1-202303030341.jpg,Recyclable,.jpg,50429,KEEP,,1000,1000,RGB
Recyclable/Recyclable/glass_containers/soogo-clear-glass-cube-jar-580-ml-set-of-3-product-images-o492867151-p597681808-1-202301181840.jpg,soogo-clear-glass-cube-jar-580-ml-set-of-3-product-images-o492867151-p597681808-1-202301181840.jpg,Recyclable,.jpg,70435,KEEP,,1000,1000,RGB
Recyclable/Recyclable/glass_containers/the-face-it-collection-cropped-1628584986.jpg,the-face-it-collection-cropped-1628584986.jpg,Recyclable,.jpg,110848,KEEP,,1064,665,RGB
Recyclable/Recyclable/glass_containers/tles-wooden-grating-laid-meadow-recycled-glass-containers-close-up-158084825.jpg,tles-wooden-grating-laid-meadow-recycled-glass-containers-close-up-158084825.jpg,Recyclable,.jpg,272471,KEEP,,1200,1690,RGB
Recyclable/Recyclable/glass_containers/tles-wooden-grating-laid-meadow-recycled-glass-containers-close-up-158084979.jpg,tles-wooden-grating-laid-meadow-recycled-glass-containers-close-up-158084979.jpg,Recyclable,.jpg,231269,KEEP,,1600,1290,RGB
Recyclable/Recyclable/glass_containers/ttles-and-jars-glass-waste-empty-bottles-isolated-on-white-background-vector.jpg,ttles-and-jars-glass-waste-empty-bottles-isolated-on-white-background-vector.jpg,Recyclable,.jpg,68441,KEEP,,1920,738,RGB
Recyclable/Recyclable/glass_containers/types-glass-you-can-recycle.png,types-glass-you-can-recycle.png,Recyclable,.png,194817,KEEP,,1224,477,P
Recyclable/Recyclable/glass_containers/zero-waste-home.jpg.webp,zero-waste-home.jpg.webp,Recyclable,.webp,46158,KEEP,,1000,691,RGB
Recyclable/Recyclable/paper_products/-an-HSM-baling-press-expands-the-capacity-boundaries-at-Alber-GmbH.--520x293.jpg,-an-HSM-baling-press-expands-the-capacity-boundaries-at-Alber-GmbH.--520x293.jpg,Recyclable,.jpg,48388,KEEP,,520,293,RGB
Recyclable/Recyclable/paper_products/-garbage-and-reusable-waste-management-old-paper-products-to-be-reused-waste.jpg,-garbage-and-reusable-waste-management-old-paper-products-to-be-reused-waste.jpg,Recyclable,.jpg,72622,KEEP,,861,1300,RGB
Recyclable/Recyclable/paper_products/-paper-garbage-stuff-for-recycle-on-white-background-eco-friendly-2094399346.jpg,-paper-garbage-stuff-for-recycle-on-white-background-eco-friendly-2094399346.jpg,Recyclable,.jpg,309038,KEEP,,1500,1180,RGB
Recyclable/Recyclable/paper_products/007490085_1-8e6d461c5712bdb1ad0c6f6948f82b11.png,007490085_1-8e6d461c5712bdb1ad0c6f6948f82b11.png,Recyclable,.png,122540,KEEP,,791,1024,P
Recyclable/Recyclable/paper_products/04mag-cardboard-copy-videoSixteenByNine3000-v2.jpg,04mag-cardboard-copy-videoSixteenByNine3000-v2.jpg,Recyclable,.jpg,666175,KEEP,,3000,1688,RGB
Recyclable/Recyclable/paper_products/0688695001594027525-kraft-paper-scrap-o.jpeg.webp,0688695001594027525-kraft-paper-scrap-o.jpeg.webp,Recyclable,.webp,111298,KEEP,,640,640,RGB
Recyclable/Recyclable/paper_products/1-rule.png,1-rule.png,Recyclable,.png,91402,KEEP,,926,424,RGB
Recyclable/Recyclable/paper_products/1000_F_253622625_mRkOKr6jfOmiHINdIBQHZWCBNOZhdxsG.jpg,1000_F_253622625_mRkOKr6jfOmiHINdIBQHZWCBNOZhdxsG.jpg,Recyclable,.jpg,176547,KEEP,,1000,1000,RGB
Recyclable/Recyclable/paper_products/1200px-Various_products_made_from_paper.JPG.jpg,1200px-Various_products_made_from_paper.JPG.jpg,Recyclable,.jpg,163608,KEEP,,1200,900,RGB
Recyclable/Recyclable/paper_products/1250ml-kraft-paper-food-box-500x500.jpeg,1250ml-kraft-paper-food-box-500x500.jpeg,Recyclable,.jpeg,32599,KEEP,,500,500,RGB
Recyclable/Recyclable/paper_products/13.20WEB-IMAGES-Paper-216x216.jpg,13.20WEB-IMAGES-Paper-216x216.jpg,Recyclable,.jpg,257689,KEEP,,900,900,RGB
Recyclable/Recyclable/paper_products/1610468941921.jpg,1610468941921.jpg,Recyclable,.jpg,126355,KEEP,,1280,853,RGB
Recyclable/Recyclable/paper_products/17d7bd040219620f734f78e70bb24438.jpg,17d7bd040219620f734f78e70bb24438.jpg,Recyclable,.jpg,133420,KEEP,,1080,2065,RGB
Recyclable/Recyclable/paper_products/18772787060_a6b88b52cb_z.jpg,18772787060_a6b88b52cb_z.jpg,Recyclable,.jpg,123032,KEEP,,640,409,RGB
Recyclable/Recyclable/paper_products/20200117122035-shopping-bags-4243556.jpeg,20200117122035-shopping-bags-4243556.jpeg,Recyclable,.jpeg,141477,KEEP,,2000,1333,RGB
Recyclable/Recyclable/paper_products/2021WhereRecycledPaperGoes_logotitle.png,2021WhereRecycledPaperGoes_logotitle.png,Recyclable,.png,79424,KEEP,,600,600,RGB
Recyclable/Recyclable/paper_products/20cardboard20boxes20on20white20background.20each20one20is20shot20separately.jpeg,20cardboard20boxes20on20white20background.20each20one20is20shot20separately.jpeg,Recyclable,.jpeg,409812,KEEP,,1000,878,RGB
Recyclable/Recyclable/paper_products/251911498.jpg,251911498.jpg,Recyclable,.jpg,251943,KEEP,,1500,1620,RGB
Recyclable/Recyclable/paper_products/41806500.jpg,41806500.jpg,Recyclable,.jpg,49664,KEEP,,450,468,RGB
Recyclable/Recyclable/paper_products/45349554-cartons-waiting-to-be-picked-up-by-the-garbage-trucks-recycling-of-waste-paper.jpg,45349554-cartons-waiting-to-be-picked-up-by-the-garbage-trucks-recycling-of-waste-paper.jpg,Recyclable,.jpg,99716,KEEP,,1300,866,RGB
Recyclable/Recyclable/paper_products/51DLHKxostL._SR6002C315_PIWhiteStrip2CBottomLeft2C02C35_SCLZZZZZZZ_FMpng_BG2552C2552C255.jpg,51DLHKxostL._SR6002C315_PIWhiteStrip2CBottomLeft2C02C35_SCLZZZZZZZ_FMpng_BG2552C2552C255.jpg,Recyclable,.jpg,218796,KEEP,,600,350,RGB
Recyclable/Recyclable/paper_products/51yELALi6L._SL500_.jpg,51yELALi6L._SL500_.jpg,Recyclable,.jpg,50353,KEEP,,500,500,RGB
Recyclable/Recyclable/paper_products/5cc8f28751a9ad23a663a94e_paper-blog.jpg,5cc8f28751a9ad23a663a94e_paper-blog.jpg,Recyclable,.jpg,84290,KEEP,,800,660,RGB
Recyclable/Recyclable/paper_products/800px-Box.agr.jpg,800px-Box.agr.jpg,Recyclable,.jpg,67167,KEEP,,800,632,RGB
Recyclable/Recyclable/paper_products/96223146-cardboard-boxes-for-the-waste-paper-collection.jpg,96223146-cardboard-boxes-for-the-waste-paper-collection.jpg,Recyclable,.jpg,65476,KEEP,,866,1300,RGB
Recyclable/Recyclable/paper_products/AccesstoRecyclingSnackable-Icons-60.jpeg,AccesstoRecyclingSnackable-Icons-60.jpeg,Recyclable,.jpeg,78156,KEEP,,600,300,RGB
Recyclable/Recyclable/paper_products/Banner-focused-on-plus-products-eng-2-1024x506-1-1024x506.png,Banner-focused-on-plus-products-eng-2-1024x506-1-1024x506.png,Recyclable,.png,77771,KEEP,,1024,506,P
Recyclable/Recyclable/paper_products/Blog_4_28_21.jpg,Blog_4_28_21.jpg,Recyclable,.jpg,251357,KEEP,,2113,1309,RGB
Recyclable/Recyclable/paper_products/Box.agr.jpg,Box.agr.jpg,Recyclable,.jpg,393855,KEEP,,1442,1140,RGB
Recyclable/Recyclable/paper_products/Corrugated20Packaging20Teaser20Image20Complete.jpg,Corrugated20Packaging20Teaser20Image20Complete.jpg,Recyclable,.jpg,133153,KEEP,,640,640,RGB
Recyclable/Recyclable/paper_products/Is-paper-biodegradable-hero-1230x615-c-default.jpg,Is-paper-biodegradable-hero-1230x615-c-default.jpg,Recyclable,.jpg,72912,KEEP,,1230,615,RGB
Recyclable/Recyclable/paper_products/Overiew-papermaking-process-lumber-industry.jpg,Overiew-papermaking-process-lumber-industry.jpg,Recyclable,.jpg,400895,KEEP,,1920,1080,RGB
Recyclable/Recyclable/paper_products/Paper-and-cardboard-recycling-blog-banner.jpg,Paper-and-cardboard-recycling-blog-banner.jpg,Recyclable,.jpg,524443,KEEP,,960,640,RGB
Recyclable/Recyclable/paper_products/Paper-scaled.png,Paper-scaled.png,Recyclable,.png,2590162,KEEP,,2560,1077,RGBA
Recyclable/Recyclable/paper_products/Paper_bowl.jpg,Paper_bowl.jpg,Recyclable,.jpg,486001,KEEP,,900,764,RGB
Recyclable/Recyclable/paper_products/Recycled_Paper_Towels_2_600x600.png,Recycled_Paper_Towels_2_600x600.png,Recyclable,.png,120793,KEEP,,600,200,RGBA
Recyclable/Recyclable/paper_products/SHEYN-Shipping-Box-04-2.jpg,SHEYN-Shipping-Box-04-2.jpg,Recyclable,.jpg,245518,KEEP,,2048,1365,RGB
Recyclable/Recyclable/paper_products/Tech_English_LG_Grade8-term2_p123.png,Tech_English_LG_Grade8-term2_p123.png,Recyclable,.png,364325,KEEP,,722,800,RGB
Recyclable/Recyclable/paper_products/Tech_English_LG_Grade8-term2_p124.png,Tech_English_LG_Grade8-term2_p124.png,Recyclable,.png,682811,KEEP,,719,800,RGB
Recyclable/Recyclable/paper_products/Top-Cardboard-Box-Manufacturers.jpg,Top-Cardboard-Box-Manufacturers.jpg,Recyclable,.jpg,117383,KEEP,,1000,665,RGB
Recyclable/Recyclable/paper_products/Untitled-design-28.png,Untitled-design-28.png,Recyclable,.png,54535,KEEP,,750,375,P
Recyclable/Recyclable/paper_products/WPC26RS_Section20Photo201_Eng.jpg,WPC26RS_Section20Photo201_Eng.jpg,Recyclable,.jpg,54987,KEEP,,1187,474,RGB
Recyclable/Recyclable/paper_products/WhatPaperProductsRecyclable_greyoverlay.png,WhatPaperProductsRecyclable_greyoverlay.png,Recyclable,.png,243916,KEEP,,500,400,RGBA
Recyclable/Recyclable/paper_products/a731cae2796caebdfadd16d9b8454e3b.jpg,a731cae2796caebdfadd16d9b8454e3b.jpg,Recyclable,.jpg,212256,KEEP,,1280,720,RGB
Recyclable/Recyclable/paper_products/ade-from-recycled-paper-new-life-for-paper-examples-of-used-paper-1802026453.jpg,ade-from-recycled-paper-new-life-for-paper-examples-of-used-paper-1802026453.jpg,Recyclable,.jpg,755944,KEEP,,1500,1600,RGB
Recyclable/Recyclable/paper_products/art-attachment-background-boat-40906.jpeg,art-attachment-background-boat-40906.jpeg,Recyclable,.jpeg,173309,KEEP,,1280,720,RGB
Recyclable/Recyclable/paper_products/best-crafts-using-newspaper.jpg,best-crafts-using-newspaper.jpg,Recyclable,.jpg,122546,KEEP,,1200,798,RGB
Recyclable/Recyclable/paper_products/bigstock-Recyclable-Materials-A-Select-364185454-1-825x510.jpg,bigstock-Recyclable-Materials-A-Select-364185454-1-825x510.jpg,Recyclable,.jpg,59215,KEEP,,825,510,RGB
Recyclable/Recyclable/paper_products/boxed20packed20goods-min.jpg,boxed20packed20goods-min.jpg,Recyclable,.jpg,273439,KEEP,,2880,2000,RGB
Recyclable/Recyclable/paper_products/bundles-of-cardboard-and-paper-for-recycling-ANDB1P.jpg,bundles-of-cardboard-and-paper-for-recycling-ANDB1P.jpg,Recyclable,.jpg,187065,KEEP,,1300,920,RGB
Recyclable/Recyclable/paper_products/cardboard-box-packing-peanuts-GettyImages-177495280-MLedit.jpg,cardboard-box-packing-peanuts-GettyImages-177495280-MLedit.jpg,Recyclable,.jpg,210612,KEEP,,2400,1600,RGB
Recyclable/Recyclable/paper_products/cardboard-min.jpeg,cardboard-min.jpeg,Recyclable,.jpeg,118152,KEEP,,1920,1276,RGB
Recyclable/Recyclable/paper_products/cardboard-recycling-1.jpg,cardboard-recycling-1.jpg,Recyclable,.jpg,69301,KEEP,,728,489,RGB
Recyclable/Recyclable/paper_products/cardboard-to-recycle.jpg,cardboard-to-recycle.jpg,Recyclable,.jpg,118402,KEEP,,1000,497,RGB
Recyclable/Recyclable/paper_products/cardboard-waste-paper-500x500.jpg,cardboard-waste-paper-500x500.jpg,Recyclable,.jpg,46561,KEEP,,500,333,RGB
Recyclable/Recyclable/paper_products/cardboard-waste-paper-scrap-645.jpg,cardboard-waste-paper-scrap-645.jpg,Recyclable,.jpg,82263,KEEP,,500,408,RGB
Recyclable/Recyclable/paper_products/cardboard_bales.png,cardboard_bales.png,Recyclable,.png,2369569,KEEP,,1500,1000,RGB
Recyclable/Recyclable/paper_products/cheap-shipping-boxes-1.jpg,cheap-shipping-boxes-1.jpg,Recyclable,.jpg,92670,KEEP,,1848,782,RGB
Recyclable/Recyclable/paper_products/composting-paper.jpg,composting-paper.jpg,Recyclable,.jpg,37938,KEEP,,500,334,RGB
Recyclable/Recyclable/paper_products/corrugated-vs-cardboard.jpg,corrugated-vs-cardboard.jpg,Recyclable,.jpg,224982,KEEP,,724,483,RGB
Recyclable/Recyclable/paper_products/csm_Honig_Grasskarton_KarlKnauer_bd119781e6.jpg,csm_Honig_Grasskarton_KarlKnauer_bd119781e6.jpg,Recyclable,.jpg,96756,KEEP,,770,434,RGB
Recyclable/Recyclable/paper_products/csm_Sperli_Tuetenverpackung_KarlKnauer_5af44b4933.jpg,csm_Sperli_Tuetenverpackung_KarlKnauer_5af44b4933.jpg,Recyclable,.jpg,123504,KEEP,,770,434,RGB
Recyclable/Recyclable/paper_products/d820hero20newspaper20-20second20try.png,d820hero20newspaper20-20second20try.png,Recyclable,.png,1738686,KEEP,,1280,720,RGBA
Recyclable/Recyclable/paper_products/garbage_recycle_recycling_sign-colored-background-top-view_1669975379.jpg,garbage_recycle_recycling_sign-colored-background-top-view_1669975379.jpg,Recyclable,.jpg,74165,KEEP,,1200,800,RGB
Recyclable/Recyclable/paper_products/gift-box-rose-and-pocket-watch-on-brown-old-newspaper-KH0GXK.jpg,gift-box-rose-and-pocket-watch-on-brown-old-newspaper-KH0GXK.jpg,Recyclable,.jpg,270362,KEEP,,1300,953,RGB
Recyclable/Recyclable/paper_products/glass-containers-recycling-bin.jpg,glass-containers-recycling-bin.jpg,Recyclable,.jpg,192827,KEEP,,1597,1600,RGB
Recyclable/Recyclable/paper_products/how-is-paper-recycled-and-reused-in-paper-products-reel-talk-193723_1024x1024.jpg,how-is-paper-recycled-and-reused-in-paper-products-reel-talk-193723_1024x1024.jpg,Recyclable,.jpg,141598,KEEP,,1000,668,RGB
Recyclable/Recyclable/paper_products/how-to-dispose-of-used-cardboard-boxes-01.jpg,how-to-dispose-of-used-cardboard-boxes-01.jpg,Recyclable,.jpg,362794,KEEP,,5925,2325,RGB
Recyclable/Recyclable/paper_products/hq720.jpg,hq720.jpg,Recyclable,.jpg,172811,KEEP,,1280,720,RGB
Recyclable/Recyclable/paper_products/image29.jpg,image29.jpg,Recyclable,.jpg,162948,KEEP,,1450,664,RGB
Recyclable/Recyclable/paper_products/image32.jpg,image32.jpg,Recyclable,.jpg,162948,KEEP,,1450,664,RGB
Recyclable/Recyclable/paper_products/img_5e755845b44fd.jpg,img_5e755845b44fd.jpg,Recyclable,.jpg,120466,KEEP,,600,900,RGB
Recyclable/Recyclable/paper_products/maxresdefault.jpg,maxresdefault.jpg,Recyclable,.jpg,154713,KEEP,,1280,720,RGB
Recyclable/Recyclable/paper_products/maxresdefault2.jpg,maxresdefault2.jpg,Recyclable,.jpg,192223,KEEP,,1280,720,RGB
Recyclable/Recyclable/paper_products/maxresdefault3.jpg,maxresdefault3.jpg,Recyclable,.jpg,154713,KEEP,,1280,720,RGB
Recyclable/Recyclable/paper_products/maxresdefault4.jpg,maxresdefault4.jpg,Recyclable,.jpg,147213,KEEP,,1280,720,RGB
Recyclable/Recyclable/paper_products/media2F14d2F14d799bf-bb7d-4c4f-ab41-23cb516d7c292Fimage.png,media2F14d2F14d799bf-bb7d-4c4f-ab41-23cb516d7c292Fimage.png,Recyclable,.png,67864,KEEP,,700,247,RGB
Recyclable/Recyclable/paper_products/media2F31f2F31f4b7e5-1e39-42c4-a183-9d791928ee472FphpAWnYQQ.png,media2F31f2F31f4b7e5-1e39-42c4-a183-9d791928ee472FphpAWnYQQ.png,Recyclable,.png,62653,KEEP,,676,744,RGBA
Recyclable/Recyclable/paper_products/mixed-paper-waste-cardboard-confidential-documents.jpg,mixed-paper-waste-cardboard-confidential-documents.jpg,Recyclable,.jpg,51784,KEEP,,850,380,RGB
Recyclable/Recyclable/paper_products/mobile-artwork_1.png,mobile-artwork_1.png,Recyclable,.png,3256625,KEEP,,1080,1920,RGB
Recyclable/Recyclable/paper_products/newspaper-bundles-for-paper-recycling.jpg,newspaper-bundles-for-paper-recycling.jpg,Recyclable,.jpg,202127,KEEP,,980,654,RGB
Recyclable/Recyclable/paper_products/nts-stacks-packs-pile-on-the-desk-in-the-office-waste-paper-paper-2087508244.jpg,nts-stacks-packs-pile-on-the-desk-in-the-office-waste-paper-paper-2087508244.jpg,Recyclable,.jpg,433072,KEEP,,1500,1098,RGB
Recyclable/Recyclable/paper_products/og-large-recycling-symbol.png,og-large-recycling-symbol.png,Recyclable,.png,55426,KEEP,,1200,630,P
Recyclable/Recyclable/paper_products/old-newspapers-in-cardboard-box-BMD6CC.jpg,old-newspapers-in-cardboard-box-BMD6CC.jpg,Recyclable,.jpg,83097,KEEP,,1300,956,RGB
Recyclable/Recyclable/paper_products/open-box-newspaper-and-cup-inside-BFGY45.jpg,open-box-newspaper-and-cup-inside-BFGY45.jpg,Recyclable,.jpg,138007,KEEP,,866,1390,RGB
Recyclable/Recyclable/paper_products/or-recycling-urban-scene-environmental-conservation-concept-hong-kong-MPHXY8.jpg,or-recycling-urban-scene-environmental-conservation-concept-hong-kong-MPHXY8.jpg,Recyclable,.jpg,272833,KEEP,,1300,956,RGB
Recyclable/Recyclable/paper_products/paper-mailers1.jpg,paper-mailers1.jpg,Recyclable,.jpg,819066,KEEP,,2300,1294,RGB
Recyclable/Recyclable/paper_products/paper-recycling-at-plant-600x500.jpg,paper-recycling-at-plant-600x500.jpg,Recyclable,.jpg,87105,KEEP,,600,500,RGB
Recyclable/Recyclable/paper_products/paper-recycling-business.jpg,paper-recycling-business.jpg,Recyclable,.jpg,99561,KEEP,,960,540,RGB
Recyclable/Recyclable/paper_products/paper-recycling-example-20200122.jpg,paper-recycling-example-20200122.jpg,Recyclable,.jpg,107759,KEEP,,1200,630,RGB
Recyclable/Recyclable/paper_products/paper-recycling-paper-recycling-waste-cardboard-png-favpng-99SFN2yLMarC3zFexdVbAmz2h.jpg,paper-recycling-paper-recycling-waste-cardboard-png-favpng-99SFN2yLMarC3zFexdVbAmz2h.jpg,Recyclable,.jpg,79593,KEEP,,820,547,RGB
Recyclable/Recyclable/paper_products/paper_and_paperboard_ff_materials_0.jpg,paper_and_paperboard_ff_materials_0.jpg,Recyclable,.jpg,38008,KEEP,,640,427,RGB
Recyclable/Recyclable/paper_products/paper_handout_en_0.jpg,paper_handout_en_0.jpg,Recyclable,.jpg,732467,KEEP,,1755,1241,RGB
Recyclable/Recyclable/paper_products/personal_waste_diversion-_EXAMPLE__75883.1625001758.jpg,personal_waste_diversion-_EXAMPLE__75883.1625001758.jpg,Recyclable,.jpg,187703,KEEP,,1280,1280,RGB
Recyclable/Recyclable/paper_products/perspectives20on20paper20and20forest20products20in202022_1124440215_thumb_1536x1536.jpg,perspectives20on20paper20and20forest20products20in202022_1124440215_thumb_1536x1536.jpg,Recyclable,.jpg,529461,KEEP,,1536,1536,RGB
Recyclable/Recyclable/paper_products/pier-altpapier-recycling-kp-1200_2e246d1781_96dc71c25a342a411d0d25f0af585045.jpg,pier-altpapier-recycling-kp-1200_2e246d1781_96dc71c25a342a411d0d25f0af585045.jpg,Recyclable,.jpg,134833,KEEP,,1200,545,RGB
Recyclable/Recyclable/paper_products/plus-envelopes-carton-kraft-material403x-1024x682.png,plus-envelopes-carton-kraft-material403x-1024x682.png,Recyclable,.png,222362,KEEP,,1024,682,P
Recyclable/Recyclable/paper_products/recyclablesbecome.jpg,recyclablesbecome.jpg,Recyclable,.jpg,44417,KEEP,,613,762,RGB
Recyclable/Recyclable/paper_products/recycling-paper-card-dumpster.jpg,recycling-paper-card-dumpster.jpg,Recyclable,.jpg,33892,KEEP,,300,400,RGB
Recyclable/Recyclable/paper_products/segregated-paper-wastes-ready-to-recycling-DWRB4B.jpg,segregated-paper-wastes-ready-to-recycling-DWRB4B.jpg,Recyclable,.jpg,173423,KEEP,,1300,956,RGB
Recyclable/Recyclable/paper_products/shipping-damages.jpeg,shipping-damages.jpeg,Recyclable,.jpeg,767877,KEEP,,1600,900,RGB
Recyclable/Recyclable/paper_products/shutterstock_1135406513_600x600.jpg,shutterstock_1135406513_600x600.jpg,Recyclable,.jpg,41127,KEEP,,600,450,RGB
Recyclable/Recyclable/paper_products/shutterstock_689934028-min.jpg,shutterstock_689934028-min.jpg,Recyclable,.jpg,40347,KEEP,,1000,444,RGB
Recyclable/Recyclable/paper_products/slide_14.jpg,slide_14.jpg,Recyclable,.jpg,125617,KEEP,,960,720,RGB
Recyclable/Recyclable/paper_products/small-business-packaging-ideas.png,small-business-packaging-ideas.png,Recyclable,.png,893633,KEEP,,1848,782,RGBA
Recyclable/Recyclable/paper_products/sourcepaperfinal.jpg,sourcepaperfinal.jpg,Recyclable,.jpg,60080,KEEP,,600,387,RGB
Recyclable/Recyclable/paper_products/spotify402x.png,spotify402x.png,Recyclable,.png,74056,KEEP,,720,482,P
Recyclable/Recyclable/paper_products/stack-of-newspapers-for-recycling.jpg,stack-of-newspapers-for-recycling.jpg,Recyclable,.jpg,38157,KEEP,,728,489,RGB
Recyclable/Recyclable/paper_products/stack-of-newspapers-outdoors.jpg,stack-of-newspapers-outdoors.jpg,Recyclable,.jpg,43879,KEEP,,990,660,RGB
Recyclable/Recyclable/paper_products/stack-of-paper-and-cardboard-for-recycling-2CRNY2N.jpg,stack-of-paper-and-cardboard-for-recycling-2CRNY2N.jpg,Recyclable,.jpg,77925,KEEP,,1300,878,RGB
Recyclable/Recyclable/paper_products/stock-vector-paper-waste-items-paper-packaging-flat-design-illustrations-2291614661.jpg,stock-vector-paper-waste-items-paper-packaging-flat-design-illustrations-2291614661.jpg,Recyclable,.jpg,220283,KEEP,,1500,1600,RGB
Recyclable/Recyclable/paper_products/ted-on-white-background-newspapers-boxes-notebooks-hand-fan-paper-2317157379.jpg,ted-on-white-background-newspapers-boxes-notebooks-hand-fan-paper-2317157379.jpg,Recyclable,.jpg,190707,KEEP,,1500,1003,RGB
Recyclable/Recyclable/paper_products/the-drive-toward-sustainability-5050-1536x1536.jpg,the-drive-toward-sustainability-5050-1536x1536.jpg,Recyclable,.jpg,82147,KEEP,,1536,1536,RGB
Recyclable/Recyclable/paper_products/vere-raw-material-shortage-user-industries-voice-concern-over-surging-prices.jpg,vere-raw-material-shortage-user-industries-voice-concern-over-surging-prices.jpg,Recyclable,.jpg,56477,KEEP,,1200,900,RGB
Recyclable/Recyclable/paper_products/w-newspaper-box-used-for-the-distribution-of-free-circulation-papers-7744258.jpg,w-newspaper-box-used-for-the-distribution-of-free-circulation-papers-7744258.jpg,Recyclable,.jpg,294084,KEEP,,1001,1600,RGB
Recyclable/Recyclable/paper_products/waste-paper-products-carboard-box-13515875.jpg,waste-paper-products-carboard-box-13515875.jpg,Recyclable,.jpg,58882,KEEP,,1600,1157,RGB
Recyclable/Recyclable/paper_products/waste-paper-products-in-cardboard-box-BJ8JDP.jpg,waste-paper-products-in-cardboard-box-BJ8JDP.jpg,Recyclable,.jpg,80116,KEEP,,1300,956,RGB
Recyclable/Recyclable/paper_products/waste-paper-products-in-cardboard-box-BKEM99.jpg,waste-paper-products-in-cardboard-box-BKEM99.jpg,Recyclable,.jpg,62167,KEEP,,866,1390,RGB
Recyclable/Recyclable/paper_products/waste-paper-recycling-concept-with-cardboard-newspapers-bag-realistic_1284-33137.jpg,waste-paper-recycling-concept-with-cardboard-newspapers-bag-realistic_1284-33137.jpg,Recyclable,.jpg,47315,KEEP,,581,626,RGB
Recyclable/Recyclable/paper_products/waste-paper-skip-half-full-for-recycling-france-S3FCJW.jpg,waste-paper-skip-half-full-for-recycling-france-S3FCJW.jpg,Recyclable,.jpg,435502,KEEP,,1300,1390,RGB
Recyclable/Recyclable/paper_products/woman-sitting-on-the-floor-throwing-packing-material-in-the-air-ER92W8.jpg,woman-sitting-on-the-floor-throwing-packing-material-in-the-air-ER92W8.jpg,Recyclable,.jpg,129937,KEEP,,866,1390,RGB
Recyclable/Recyclable/plastic_bottles/-1x-1.jpg,-1x-1.jpg,Recyclable,.jpg,1255669,KEEP,,2000,1333,RGB
Recyclable/Recyclable/plastic_bottles/-drawing-plastic-waste-fresh-soda-drink-liquid-vector-illustration-244100830.jpg,-drawing-plastic-waste-fresh-soda-drink-liquid-vector-illustration-244100830.jpg,Recyclable,.jpg,94245,KEEP,,1600,1690,RGB
Recyclable/Recyclable/plastic_bottles/01-waterbottlesun_20190719_0023_2x3.jpg,01-waterbottlesun_20190719_0023_2x3.jpg,Recyclable,.jpg,767591,KEEP,,2048,3072,RGB
Recyclable/Recyclable/plastic_bottles/01_bottle_mm9070_190418_2400-2_16x9.jpg,01_bottle_mm9070_190418_2400-2_16x9.jpg,Recyclable,.jpg,1435095,KEEP,,3072,1728,RGB
Recyclable/Recyclable/plastic_bottles/01_bottle_mm9070_190418_2400-2_2x3.jpg,01_bottle_mm9070_190418_2400-2_2x3.jpg,Recyclable,.jpg,1803067,KEEP,,2048,3072,RGB
Recyclable/Recyclable/plastic_bottles/02_bottle_mm9070_190418_2431-1-gif.gif,02_bottle_mm9070_190418_2431-1-gif.gif,Recyclable,.gif,12606173,KEEP,,2113,3072,P
Recyclable/Recyclable/plastic_bottles/02_bottle_mm9070_190418_2431-1-gif_3x4.gif,02_bottle_mm9070_190418_2431-1-gif_3x4.gif,Recyclable,.gif,14096549,KEEP,,2304,3072,P
Recyclable/Recyclable/plastic_bottles/072822sprite.jpg,072822sprite.jpg,Recyclable,.jpg,302505,KEEP,,1280,720,RGB
Recyclable/Recyclable/plastic_bottles/1.5.jpg,1.5.jpg,Recyclable,.jpg,33176,KEEP,,600,580,RGB
Recyclable/Recyclable/plastic_bottles/102178025-Premium_Platic_Bottles.jpg,102178025-Premium_Platic_Bottles.jpg,Recyclable,.jpg,478507,KEEP,,3870,2575,RGB
Recyclable/Recyclable/plastic_bottles/15537477-three-soda-water-bottles-isolated-on-white-background.jpg,15537477-three-soda-water-bottles-isolated-on-white-background.jpg,Recyclable,.jpg,39846,KEEP,,1300,1112,RGB
Recyclable/Recyclable/plastic_bottles/1574672891_p_5170256_1028237.jpeg,1574672891_p_5170256_1028237.jpeg,Recyclable,.jpeg,38324,KEEP,,400,600,RGB
Recyclable/Recyclable/plastic_bottles/1600x960_205472-untitled-design-2021-10-26t214840301.jpg,1600x960_205472-untitled-design-2021-10-26t214840301.jpg,Recyclable,.jpg,31167,KEEP,,1600,960,RGB
Recyclable/Recyclable/plastic_bottles/210205135323-20210205-coca-cola-13-2-ounce.jpg,210205135323-20210205-coca-cola-13-2-ounce.jpg,Recyclable,.jpg,35092,KEEP,,800,450,RGB
Recyclable/Recyclable/plastic_bottles/220728-coke-bottles-mjf-0712-f4d231.jpg,220728-coke-bottles-mjf-0712-f4d231.jpg,Recyclable,.jpg,132356,KEEP,,1500,887,RGB
Recyclable/Recyclable/plastic_bottles/230316091950-01-plastic-water-bottle-industry-climate.jpg,230316091950-01-plastic-water-bottle-industry-climate.jpg,Recyclable,.jpg,133596,KEEP,,800,529,RGB
Recyclable/Recyclable/plastic_bottles/250ml-soda-pet-bottle.jpg,250ml-soda-pet-bottle.jpg,Recyclable,.jpg,68540,KEEP,,1000,1000,RGB
Recyclable/Recyclable/plastic_bottles/360_F_231374564_5AGJByMj7j82L1BBMkxtTIntwrykx7Ys.jpg,360_F_231374564_5AGJByMj7j82L1BBMkxtTIntwrykx7Ys.jpg,Recyclable,.jpg,54992,KEEP,,649,360,RGB
Recyclable/Recyclable/plastic_bottles/360_F_271992081_U3HO92OxojSCTyZhRnX9op5AyCCz0zYL.jpg,360_F_271992081_U3HO92OxojSCTyZhRnX9op5AyCCz0zYL.jpg,Recyclable,.jpg,78260,KEEP,,540,360,RGB
Recyclable/Recyclable/plastic_bottles/4212d915183728270996d833a9ec3a2d--soda-bottle-crafts-soda-bottles.jpg,4212d915183728270996d833a9ec3a2d--soda-bottle-crafts-soda-bottles.jpg,Recyclable,.jpg,91466,KEEP,,735,801,RGB
Recyclable/Recyclable/plastic_bottles/4212d915183728270996d833a9ec3a2d.jpg,4212d915183728270996d833a9ec3a2d.jpg,Recyclable,.jpg,138695,KEEP,,940,1024,RGB
Recyclable/Recyclable/plastic_bottles/51BtdZcVlML._AC_UF10001000_QL80_.jpg,51BtdZcVlML._AC_UF10001000_QL80_.jpg,Recyclable,.jpg,55461,KEEP,,1000,905,RGB
Recyclable/Recyclable/plastic_bottles/5Different-types-of-PET-Source_-Hasiru-Dala-Innovations-1024x682.jpeg,5Different-types-of-PET-Source_-Hasiru-Dala-Innovations-1024x682.jpeg,Recyclable,.jpeg,50361,KEEP,,1024,682,RGB
Recyclable/Recyclable/plastic_bottles/60_ways_to_reuse_plastic_bottles.jpeg,60_ways_to_reuse_plastic_bottles.jpeg,Recyclable,.jpeg,88532,KEEP,,2250,1500,RGB
Recyclable/Recyclable/plastic_bottles/61355355.jpg,61355355.jpg,Recyclable,.jpg,53240,KEEP,,450,424,RGB
Recyclable/Recyclable/plastic_bottles/61vXqdLDGL.jpg,61vXqdLDGL.jpg,Recyclable,.jpg,120284,KEEP,,1600,1600,RGB
Recyclable/Recyclable/plastic_bottles/7-ways-to-upcycle-plastic-bottles-in-the-garden-pest-traps.jpg,7-ways-to-upcycle-plastic-bottles-in-the-garden-pest-traps.jpg,Recyclable,.jpg,176546,KEEP,,822,500,RGB
Recyclable/Recyclable/plastic_bottles/71MgpJ3gFZL.jpg,71MgpJ3gFZL.jpg,Recyclable,.jpg,210438,KEEP,,1656,1500,RGB
Recyclable/Recyclable/plastic_bottles/750-soda-extra-punch-plastic-bottle-kinley-original-imafcvvq3gqyzxrf.jpeg,750-soda-extra-punch-plastic-bottle-kinley-original-imafcvvq3gqyzxrf.jpeg,Recyclable,.jpeg,51783,KEEP,,279,1000,RGB
Recyclable/Recyclable/plastic_bottles/Aluminium_Plastics_Wood-Mackenzie-1200x675.png,Aluminium_Plastics_Wood-Mackenzie-1200x675.png,Recyclable,.png,295603,KEEP,,1200,675,RGBA
Recyclable/Recyclable/plastic_bottles/Antifreeze.jpg,Antifreeze.jpg,Recyclable,.jpg,639596,KEEP,,1024,1280,RGB
Recyclable/Recyclable/plastic_bottles/Black_and_white_Coke_Zero.jpg,Black_and_white_Coke_Zero.jpg,Recyclable,.jpg,256879,KEEP,,724,1026,RGB
Recyclable/Recyclable/plastic_bottles/Bottled-water-packaging-uses-59-less-PET-plastic-than-other-beverages.jpg,Bottled-water-packaging-uses-59-less-PET-plastic-than-other-beverages.jpg,Recyclable,.jpg,313333,KEEP,,724,483,RGB
Recyclable/Recyclable/plastic_bottles/CSD_ogolnie.jpg,CSD_ogolnie.jpg,Recyclable,.jpg,363214,KEEP,,2000,1349,RGB
Recyclable/Recyclable/plastic_bottles/Dasani_web_3.6303e0c91079d.png,Dasani_web_3.6303e0c91079d.png,Recyclable,.png,5304864,KEEP,,1920,1487,RGBA
Recyclable/Recyclable/plastic_bottles/F7GECBQH3Z3V3FE.jpg,F7GECBQH3Z3V3FE.jpg,Recyclable,.jpg,106824,KEEP,,640,425,RGB
Recyclable/Recyclable/plastic_bottles/Featured-Image-Coca-Cola-Update-e1680790895392.jpg,Featured-Image-Coca-Cola-Update-e1680790895392.jpg,Recyclable,.jpg,105948,KEEP,,1440,810,RGB
Recyclable/Recyclable/plastic_bottles/GettyImages-1250476314.jpg,GettyImages-1250476314.jpg,Recyclable,.jpg,490747,KEEP,,2400,1600,RGB
Recyclable/Recyclable/plastic_bottles/H9436b5a8afeb4b8685783aec367a9022q.jpg,H9436b5a8afeb4b8685783aec367a9022q.jpg,Recyclable,.jpg,61037,KEEP,,810,810,RGB
Recyclable/Recyclable/plastic_bottles/How-Much-Money-Is-There-In-Plastic-Bottles.png,How-Much-Money-Is-There-In-Plastic-Bottles.png,Recyclable,.png,1248423,KEEP,,1004,590,RGBA
Recyclable/Recyclable/plastic_bottles/How-To-Make-A-Soda-Bottle-cloche-Garden-Gate-Magazine.jpg,How-To-Make-A-Soda-Bottle-cloche-Garden-Gate-Magazine.jpg,Recyclable,.jpg,154288,KEEP,,570,750,RGB
Recyclable/Recyclable/plastic_bottles/IMG_2192.jpg,IMG_2192.jpg,Recyclable,.jpg,2400127,KEEP,,2448,3264,RGB
Recyclable/Recyclable/plastic_bottles/Numbers_Behind_Water_Bottles2_099693d4-be78-45e8-bc4c-007319ffe0ac_1024x1024.jpg,Numbers_Behind_Water_Bottles2_099693d4-be78-45e8-bc4c-007319ffe0ac_1024x1024.jpg,Recyclable,.jpg,134743,KEEP,,1024,683,RGB
Recyclable/Recyclable/plastic_bottles/PETE-Plastic-Bottle-Food-Storage-Post-Thumbnail-Copyright-Your-Family-Ark-LLC-950x666.jpg,PETE-Plastic-Bottle-Food-Storage-Post-Thumbnail-Copyright-Your-Family-Ark-LLC-950x666.jpg,Recyclable,.jpg,136683,KEEP,,950,666,RGB
Recyclable/Recyclable/plastic_bottles/Pic1Waste-sorters-aggregators.jpeg,Pic1Waste-sorters-aggregators.jpeg,Recyclable,.jpeg,84386,KEEP,,1232,924,RGB
Recyclable/Recyclable/plastic_bottles/Polyethylene-Terephthalate-Water-Bottles.jpg,Polyethylene-Terephthalate-Water-Bottles.jpg,Recyclable,.jpg,166228,KEEP,,1000,662,RGB
Recyclable/Recyclable/plastic_bottles/Reusable-Bottles-scaled.jpg,Reusable-Bottles-scaled.jpg,Recyclable,.jpg,281423,KEEP,,2560,1703,RGB
Recyclable/Recyclable/plastic_bottles/SKINBOTTLE_P2_570x428.jpg,SKINBOTTLE_P2_570x428.jpg,Recyclable,.jpg,174876,KEEP,,570,428,CMYK
Recyclable/Recyclable/plastic_bottles/Screenshot-2021-11-01-at-22.49.21.png,Screenshot-2021-11-01-at-22.49.21.png,Recyclable,.png,1406748,KEEP,,2048,638,RGBA
Recyclable/Recyclable/plastic_bottles/SodaBottle1.jpg,SodaBottle1.jpg,Recyclable,.jpg,397022,KEEP,,1000,750,RGB
Recyclable/Recyclable/plastic_bottles/SodaBottle2.jpg,SodaBottle2.jpg,Recyclable,.jpg,362692,KEEP,,1000,750,RGB
Recyclable/Recyclable/plastic_bottles/The-journey-to-100-recycled-plastic-bottles-rPET-in-the-UK.jpg,The-journey-to-100-recycled-plastic-bottles-rPET-in-the-UK.jpg,Recyclable,.jpg,768034,KEEP,,1865,1381,RGB
Recyclable/Recyclable/plastic_bottles/WEBDasani-Sprite-Fesca-Seagrams--Mello-Yellow.png,WEBDasani-Sprite-Fesca-Seagrams--Mello-Yellow.png,Recyclable,.png,979220,KEEP,,1170,626,RGB
Recyclable/Recyclable/plastic_bottles/_106025465_gettyimages-997802542.jpg,_106025465_gettyimages-997802542.jpg,Recyclable,.jpg,203479,KEEP,,976,549,RGB
Recyclable/Recyclable/plastic_bottles/_116927274_adez_paper_bottle.jpg,_116927274_adez_paper_bottle.jpg,Recyclable,.jpg,42174,KEEP,,976,549,RGB
Recyclable/Recyclable/plastic_bottles/a-discarded-old-bottle-of-coca-cola-in-water-closeup-2F3417K.jpg,a-discarded-old-bottle-of-coca-cola-in-water-closeup-2F3417K.jpg,Recyclable,.jpg,269888,KEEP,,1300,956,RGB
Recyclable/Recyclable/plastic_bottles/aaede33392224d85fc52e77638a88bda.jpg,aaede33392224d85fc52e77638a88bda.jpg,Recyclable,.jpg,145554,KEEP,,700,1000,RGB
Recyclable/Recyclable/plastic_bottles/botella-plastico.jpg,botella-plastico.jpg,Recyclable,.jpg,51053,KEEP,,920,720,RGB
Recyclable/Recyclable/plastic_bottles/bottle-1300161_640.png,bottle-1300161_640.png,Recyclable,.png,86878,KEEP,,320,640,RGBA
Recyclable/Recyclable/plastic_bottles/bottle-crafts-720x405.jpg,bottle-crafts-720x405.jpg,Recyclable,.jpg,55437,KEEP,,720,405,RGB
Recyclable/Recyclable/plastic_bottles/bottleHistory.jpg,bottleHistory.jpg,Recyclable,.jpg,64694,KEEP,,2400,1350,RGB
Recyclable/Recyclable/plastic_bottles/bottles-to-fabric.jpg,bottles-to-fabric.jpg,Recyclable,.jpg,81567,KEEP,,1000,500,RGB
Recyclable/Recyclable/plastic_bottles/bottles-with-soft-drink_1339-1839.jpg,bottles-with-soft-drink_1339-1839.jpg,Recyclable,.jpg,37840,KEEP,,626,505,RGB
Recyclable/Recyclable/plastic_bottles/bottles3-kEpF--621x414LiveMint.JPG.jpg,bottles3-kEpF--621x414LiveMint.JPG.jpg,Recyclable,.jpg,40149,KEEP,,621,414,RGB
Recyclable/Recyclable/plastic_bottles/cfa2b386ae46a3e284981022398039a2--cola-packaging.jpg,cfa2b386ae46a3e284981022398039a2--cola-packaging.jpg,Recyclable,.jpg,35948,KEEP,,736,389,RGB
Recyclable/Recyclable/plastic_bottles/coca-cola-bottles.jpg,coca-cola-bottles.jpg,Recyclable,.jpg,1092605,KEEP,,1600,900,RGB
Recyclable/Recyclable/plastic_bottles/coca-cola-recycled-plastic-news_dezeen_2364_sq.jpg,coca-cola-recycled-plastic-news_dezeen_2364_sq.jpg,Recyclable,.jpg,714511,KEEP,,2364,2364,RGB
Recyclable/Recyclable/plastic_bottles/coke-rpet-portfolio-lineup.jpg,coke-rpet-portfolio-lineup.jpg,Recyclable,.jpg,85900,KEEP,,1440,480,RGB
Recyclable/Recyclable/plastic_bottles/ctor-set-illustration-container-water-bottle-plastic-with-liquid_102902-4326.jpg,ctor-set-illustration-container-water-bottle-plastic-with-liquid_102902-4326.jpg,Recyclable,.jpg,36724,KEEP,,626,521,RGB
Recyclable/Recyclable/plastic_bottles/d-water-drinks-in-bottles-plastic-beverage-bottles-icon-set-flat-icon-vector.jpg,d-water-drinks-in-bottles-plastic-beverage-bottles-icon-set-flat-icon-vector.jpg,Recyclable,.jpg,142416,KEEP,,1920,960,RGB
Recyclable/Recyclable/plastic_bottles/ded-sea-waste-environment-contamination-neat-vector-illustration_81894-10608.jpg,ded-sea-waste-environment-contamination-neat-vector-illustration_81894-10608.jpg,Recyclable,.jpg,39466,KEEP,,626,397,RGB
Recyclable/Recyclable/plastic_bottles/depositphotos_17414663-stock-photo-little-bottle-of-soda.jpg,depositphotos_17414663-stock-photo-little-bottle-of-soda.jpg,Recyclable,.jpg,44656,KEEP,,559,1023,RGB
Recyclable/Recyclable/plastic_bottles/depositphotos_32383859-stock-photo-set-of-water-bottles.jpg,depositphotos_32383859-stock-photo-set-of-water-bottles.jpg,Recyclable,.jpg,119428,KEEP,,1023,1023,RGB
Recyclable/Recyclable/plastic_bottles/depositphotos_9379122-stock-photo-closeup-asssorted-soda-bottles.jpg,depositphotos_9379122-stock-photo-closeup-asssorted-soda-bottles.jpg,Recyclable,.jpg,44324,KEEP,,600,398,RGB
Recyclable/Recyclable/plastic_bottles/detail-of-empty-water-bottle-collection-R166YG.jpg,detail-of-empty-water-bottle-collection-R166YG.jpg,Recyclable,.jpg,226412,KEEP,,1300,957,RGB
Recyclable/Recyclable/plastic_bottles/drink-6537028_640.jpg,drink-6537028_640.jpg,Recyclable,.jpg,49866,KEEP,,640,427,RGB
Recyclable/Recyclable/plastic_bottles/drinks-cans-plastic-bottles-illustrations-set_74855-16864.jpg,drinks-cans-plastic-bottles-illustrations-set_74855-16864.jpg,Recyclable,.jpg,60431,KEEP,,626,626,RGB
Recyclable/Recyclable/plastic_bottles/drip-feeder-338x600.jpg,drip-feeder-338x600.jpg,Recyclable,.jpg,58788,KEEP,,338,600,RGB
Recyclable/Recyclable/plastic_bottles/drip-feeder-e1517492065644.jpg,drip-feeder-e1517492065644.jpg,Recyclable,.jpg,303779,KEEP,,900,1600,RGB
Recyclable/Recyclable/plastic_bottles/empty-glass-soda-water-bottles-in-crate-anand-charotar-gujarat-india-ET0G95.jpg,empty-glass-soda-water-bottles-in-crate-anand-charotar-gujarat-india-ET0G95.jpg,Recyclable,.jpg,210304,KEEP,,866,1390,RGB
Recyclable/Recyclable/plastic_bottles/empty-plastic-soda-bottle-200ml.jpeg,empty-plastic-soda-bottle-200ml.jpeg,Recyclable,.jpeg,224445,KEEP,,1600,1600,RGB
Recyclable/Recyclable/plastic_bottles/f4a7287c01c992ec201abd897da29b00.jpg,f4a7287c01c992ec201abd897da29b00.jpg,Recyclable,.jpg,125027,KEEP,,600,1093,RGB
Recyclable/Recyclable/plastic_bottles/facts-about-plastic-bottles1.jpg,facts-about-plastic-bottles1.jpg,Recyclable,.jpg,85074,KEEP,,550,432,RGB
Recyclable/Recyclable/plastic_bottles/facts-about-plastic-bottles2.jpg,facts-about-plastic-bottles2.jpg,Recyclable,.jpg,77670,KEEP,,550,526,RGB
Recyclable/Recyclable/plastic_bottles/ft-grass-environmental-concept-bucharest-romania-coca-cola-plastic-185142975.jpg,ft-grass-environmental-concept-bucharest-romania-coca-cola-plastic-185142975.jpg,Recyclable,.jpg,99115,KEEP,,800,601,RGB
Recyclable/Recyclable/plastic_bottles/ht-p-make-a-soda-shorter.jpg,ht-p-make-a-soda-shorter.jpg,Recyclable,.jpg,88783,KEEP,,423,600,RGB
Recyclable/Recyclable/plastic_bottles/img_5e7545baa3fe4.jpg,img_5e7545baa3fe4.jpg,Recyclable,.jpg,73881,KEEP,,1200,1800,RGB
Recyclable/Recyclable/plastic_bottles/le-soda-lemon-orange-and-water-drinks-in-bottles-plastic-beverage-1296536842.jpg,le-soda-lemon-orange-and-water-drinks-in-bottles-plastic-beverage-1296536842.jpg,Recyclable,.jpg,334992,KEEP,,1500,1038,RGB
Recyclable/Recyclable/plastic_bottles/lemonade-plastic-bottles-citrus-orange-lemon-soda-water_101087-176.jpg,lemonade-plastic-bottles-citrus-orange-lemon-soda-water_101087-176.jpg,Recyclable,.jpg,56700,KEEP,,626,626,RGB
Recyclable/Recyclable/plastic_bottles/linder-with-tap-and-pump-containers-for-clean-water-and-beverages-2175350909.jpg,linder-with-tap-and-pump-containers-for-clean-water-and-beverages-2175350909.jpg,Recyclable,.jpg,225532,KEEP,,1500,1366,RGB
Recyclable/Recyclable/plastic_bottles/maxresdefault.jpg,maxresdefault.jpg,Recyclable,.jpg,113303,KEEP,,1280,720,RGB
Recyclable/Recyclable/plastic_bottles/maxresdefault2.jpg,maxresdefault2.jpg,Recyclable,.jpg,91560,KEEP,,1280,720,RGB
Recyclable/Recyclable/plastic_bottles/maxresdefault3.jpg,maxresdefault3.jpg,Recyclable,.jpg,72485,KEEP,,1280,720,RGB
Recyclable/Recyclable/plastic_bottles/minium-vs-carton-carbon-footprint-p6s8ct2sc0qlo3sipt9k1m2zjocwp37mfzvcpsjmh4.png,minium-vs-carton-carbon-footprint-p6s8ct2sc0qlo3sipt9k1m2zjocwp37mfzvcpsjmh4.png,Recyclable,.png,126230,KEEP,,1140,500,RGBA
Recyclable/Recyclable/plastic_bottles/mysoda-bottle-0.5l-white-2pcs-crop.jpg,mysoda-bottle-0.5l-white-2pcs-crop.jpg,Recyclable,.jpg,88731,KEEP,,800,812,RGB
Recyclable/Recyclable/plastic_bottles/nick-fewings--2lJGRIY5P0-unsplash.jpg,nick-fewings--2lJGRIY5P0-unsplash.jpg,Recyclable,.jpg,401133,KEEP,,1440,960,RGB
Recyclable/Recyclable/plastic_bottles/pet-bottle-recycling.jpg,pet-bottle-recycling.jpg,Recyclable,.jpg,63169,KEEP,,660,357,RGB
Recyclable/Recyclable/plastic_bottles/pet-plastic-soda-bottles-category.png,pet-plastic-soda-bottles-category.png,Recyclable,.png,81748,KEEP,,800,1000,RGB
Recyclable/Recyclable/plastic_bottles/pexels-photo-802221.jpeg,pexels-photo-802221.jpeg,Recyclable,.jpeg,726891,KEEP,,3256,2166,RGB
Recyclable/Recyclable/plastic_bottles/plass.jpg,plass.jpg,Recyclable,.jpg,45094,KEEP,,628,628,RGB
Recyclable/Recyclable/plastic_bottles/plastic-bottle-ocean-1200x600.jpg,plastic-bottle-ocean-1200x600.jpg,Recyclable,.jpg,74427,KEEP,,1200,600,RGB
Recyclable/Recyclable/plastic_bottles/plastic-bottles-mineral-water-soda-can_101087-305.jpg,plastic-bottles-mineral-water-soda-can_101087-305.jpg,Recyclable,.jpg,45065,KEEP,,626,626,RGB
Recyclable/Recyclable/plastic_bottles/plastic-bottles-of-assorted-carbonated-soft-drinks-in-variety-of-colors-MG89G6.jpg,plastic-bottles-of-assorted-carbonated-soft-drinks-in-variety-of-colors-MG89G6.jpg,Recyclable,.jpg,286593,KEEP,,1039,1390,RGB
Recyclable/Recyclable/plastic_bottles/plastic-bottles-of-assorted-carbonated-soft-drinks-in-variety-of-colors-T39G53.jpg,plastic-bottles-of-assorted-carbonated-soft-drinks-in-variety-of-colors-T39G53.jpg,Recyclable,.jpg,124901,KEEP,,1300,809,RGB
Recyclable/Recyclable/plastic_bottles/plastic-bottles.jpg,plastic-bottles.jpg,Recyclable,.jpg,182988,KEEP,,1280,853,RGB
Recyclable/Recyclable/plastic_bottles/plastic-soda-bottle.jpg,plastic-soda-bottle.jpg,Recyclable,.jpg,250108,KEEP,,1500,1539,RGB
Recyclable/Recyclable/plastic_bottles/plastic-water-bottles-environmental-impacts.jpg,plastic-water-bottles-environmental-impacts.jpg,Recyclable,.jpg,70865,KEEP,,1920,533,RGB
Recyclable/Recyclable/plastic_bottles/plastic-water-bottles-facts.jpg,plastic-water-bottles-facts.jpg,Recyclable,.jpg,94041,KEEP,,1000,667,RGB
Recyclable/Recyclable/plastic_bottles/ple-soft-drink-bottles-without-and-with-drops-on-white-background-2080245079.jpg,ple-soft-drink-bottles-without-and-with-drops-on-white-background-2080245079.jpg,Recyclable,.jpg,423575,KEEP,,1500,1600,RGB
Recyclable/Recyclable/plastic_bottles/png-clipart-plastic-bag-plastic-bottle-water-bottles-water-dam-photography-recycling.png,png-clipart-plastic-bag-plastic-bottle-water-bottles-water-dam-photography-recycling.png,Recyclable,.png,31506,KEEP,,900,560,P
Recyclable/Recyclable/plastic_bottles/roud-empty-plastic-soda-bottle-groud-garbage-pollution-environment-177143555.jpg,roud-empty-plastic-soda-bottle-groud-garbage-pollution-environment-177143555.jpg,Recyclable,.jpg,403418,KEEP,,1600,1290,RGB
Recyclable/Recyclable/plastic_bottles/scenes-in-bottles.png,scenes-in-bottles.png,Recyclable,.png,157805,KEEP,,479,458,RGB
Recyclable/Recyclable/plastic_bottles/set-of-plastic-bottle-of-water-and-sweet-soda-cola-vector-21591062.jpg,set-of-plastic-bottle-of-water-and-sweet-soda-cola-vector-21591062.jpg,Recyclable,.jpg,124182,KEEP,,1000,780,RGB
Recyclable/Recyclable/plastic_bottles/shutterstock-large-file.jpg,shutterstock-large-file.jpg,Recyclable,.jpg,112723,KEEP,,780,517,RGB
Recyclable/Recyclable/plastic_bottles/soda-bottle-2308606.jpg,soda-bottle-2308606.jpg,Recyclable,.jpg,58598,KEEP,,1200,1690,RGB
Recyclable/Recyclable/plastic_bottles/soda-bottle-watering-can.jpg,soda-bottle-watering-can.jpg,Recyclable,.jpg,107156,KEEP,,954,1600,RGB
Recyclable/Recyclable/plastic_bottles/soda-drink-bottles-soft-drinks-in-plastic-bottle-vector-30704743.jpg,soda-drink-bottles-soft-drinks-in-plastic-bottle-vector-30704743.jpg,Recyclable,.jpg,166939,KEEP,,1000,862,RGB
Recyclable/Recyclable/plastic_bottles/soda-plastic-bottle-21860919.jpg,soda-plastic-bottle-21860919.jpg,Recyclable,.jpg,108007,KEEP,,1067,1690,RGB
Recyclable/Recyclable/plastic_bottles/sprite_custom-69f1695b46d4430dda05de4503fc55028693fe4c.jpg,sprite_custom-69f1695b46d4430dda05de4503fc55028693fe4c.jpg,Recyclable,.jpg,582872,KEEP,,4800,2696,RGB
Recyclable/Recyclable/plastic_bottles/stock-photo-bottle-empty-isolated-on-white-background-2132182071.jpg,stock-photo-bottle-empty-isolated-on-white-background-2132182071.jpg,Recyclable,.jpg,170818,KEEP,,1500,826,RGB
Recyclable/Recyclable/plastic_bottles/t-water-fizzy-beverage-illustration-vinnitsa-ukraine-may-17-2022-free-vector.jpg,t-water-fizzy-beverage-illustration-vinnitsa-ukraine-may-17-2022-free-vector.jpg,Recyclable,.jpg,151619,KEEP,,1920,1280,RGB
Recyclable/Recyclable/plastic_bottles/tanvi-sharma--4bD2p5.jpg,tanvi-sharma--4bD2p5.jpg,Recyclable,.jpg,495978,KEEP,,1680,1260,RGB
Recyclable/Recyclable/plastic_bottles/terrarium-cut-bottle.jpg,terrarium-cut-bottle.jpg,Recyclable,.jpg,770044,KEEP,,4932,3288,RGB
Recyclable/Recyclable/plastic_bottles/upcycle-plastic-bottles-in-the-garden-pv2.jpg,upcycle-plastic-bottles-in-the-garden-pv2.jpg,Recyclable,.jpg,165165,KEEP,,822,462,RGB
Recyclable/Recyclable/plastic_bottles/veragepepsiplastic-bottlelogopromotion-throwbackmade-with-real-sugar-2J30PJ3.jpg,veragepepsiplastic-bottlelogopromotion-throwbackmade-with-real-sugar-2J30PJ3.jpg,Recyclable,.jpg,127571,KEEP,,866,1390,RGB
Recyclable/Recyclable/plastic_bottles/water-bottle-reuse-feat.jpg,water-bottle-reuse-feat.jpg,Recyclable,.jpg,85210,KEEP,,690,350,RGB
Recyclable/Recyclable/plastic_bottles/water-bottles-plastic-bottle-collection-260nw-1953297745.jpg,water-bottles-plastic-bottle-collection-260nw-1953297745.jpg,Recyclable,.jpg,43887,KEEP,,1040,280,RGB
Recyclable/Recyclable/plastic_bottles/zk2uCsZ0-plastic-bottles.jpg,zk2uCsZ0-plastic-bottles.jpg,Recyclable,.jpg,546327,KEEP,,745,500,RGB
